rows,dtype,null_percent,select_percent,aggregates,status,mode,median_ns,min_ns,max_ns,stdev_ns
1000,float32,0,1,1,ok,cpu,65369.0,63258.0,68849.0,1904.8112642414083
1000,float32,0,1,1,ok,gpu_fresh_handle,93198.0,86829.0,99668.0,4188.857356413674
1000,float32,0,1,1,ok,gpu_reused_handle,60949.0,59059.0,72198.0,4528.870746454931
1000,float32,0,1,1,ok,kernel_interval,12256.0,11552.0,13279.0,610.2704318578773
1000,float32,0,1,1,ok,context_init,185041541.0,185041541.0,185041541.0,0
1000,float32,0,1,1,ok,first_query,510760.0,510760.0,510760.0,0
1000,float32,0,1,2,ok,cpu,65409.0,63019.0,72428.0,3066.042392463117
1000,float32,0,1,2,ok,gpu_fresh_handle,107088.0,101088.0,110668.0,3165.526624358704
1000,float32,0,1,2,ok,gpu_reused_handle,75078.0,74418.0,77818.0,1164.6968745230706
1000,float32,0,1,2,ok,kernel_interval,20864.0,19614.0,27231.0,2603.929448243284
1000,float32,0,1,2,ok,context_init,187391783.0,187391783.0,187391783.0,0
1000,float32,0,1,2,ok,first_query,538739.0,538739.0,538739.0,0
1000,float32,0,1,4,ok,cpu,87579.0,83389.0,90808.0,3021.438919266306
1000,float32,0,1,4,ok,gpu_fresh_handle,158067.0,146147.0,169987.0,8134.79446282332
1000,float32,0,1,4,ok,gpu_reused_handle,119747.0,116747.0,316173.0,74209.20487475161
1000,float32,0,1,4,ok,kernel_interval,37118.0,33790.0,39422.0,1847.0931989789485
1000,float32,0,1,4,ok,context_init,190707826.0,190707826.0,190707826.0,0
1000,float32,0,1,4,ok,first_query,574438.0,574438.0,574438.0,0
1000,float32,0,50,1,ok,cpu,65429.0,61769.0,269885.0,77316.63155892817
1000,float32,0,50,1,ok,gpu_fresh_handle,86578.0,77938.0,91228.0,4623.652442037777
1000,float32,0,50,1,ok,gpu_reused_handle,54249.0,53599.0,56159.0,822.4122474537357
1000,float32,0,50,1,ok,kernel_interval,10879.0,10271.0,12415.0,824.2783568211709
1000,float32,0,50,1,ok,context_init,186463986.0,186463986.0,186463986.0,0
1000,float32,0,50,1,ok,first_query,505480.0,505480.0,505480.0,0
1000,float32,0,50,2,ok,cpu,70968.0,69039.0,79098.0,3432.0627283644703
1000,float32,0,50,2,ok,gpu_fresh_handle,109278.0,101398.0,112318.0,3692.133484405279
1000,float32,0,50,2,ok,gpu_reused_handle,75328.0,74959.0,78378.0,1194.8055430547206
1000,float32,0,50,2,ok,kernel_interval,21216.0,17312.0,23711.0,2194.8595030423335
1000,float32,0,50,2,ok,context_init,187738920.0,187738920.0,187738920.0,0
1000,float32,0,50,2,ok,first_query,528969.0,528969.0,528969.0,0
1000,float32,0,50,4,ok,cpu,95078.0,91809.0,99998.0,3177.9303912182486
1000,float32,0,50,4,ok,gpu_fresh_handle,157177.0,148787.0,166836.0,5921.318289512419
1000,float32,0,50,4,ok,gpu_reused_handle,120697.0,117808.0,321604.0,75983.14056169993
1000,float32,0,50,4,ok,kernel_interval,39325.0,35934.0,41469.0,1871.9445072157555
1000,float32,0,50,4,ok,context_init,186382818.0,186382818.0,186382818.0,0
1000,float32,0,50,4,ok,first_query,568838.0,568838.0,568838.0,0
1000,float32,0,99,1,ok,cpu,69109.0,68188.0,75798.0,2743.6162788761635
1000,float32,0,99,1,ok,gpu_fresh_handle,85778.0,81288.0,90628.0,2828.9557470995583
1000,float32,0,99,1,ok,gpu_reused_handle,53559.0,52149.0,67149.0,5279.219368699992
1000,float32,0,99,1,ok,kernel_interval,10623.0,9887.0,12256.0,902.5662355327777
1000,float32,0,99,1,ok,context_init,189632155.0,189632155.0,189632155.0,0
1000,float32,0,99,1,ok,first_query,513149.0,513149.0,513149.0,0
1000,float32,0,99,2,ok,cpu,78318.0,73948.0,82368.0,3005.6187303749875
1000,float32,0,99,2,ok,gpu_fresh_handle,108838.0,103998.0,126998.0,8569.12869938751
1000,float32,0,99,2,ok,gpu_reused_handle,77328.0,76358.0,79998.0,1225.5701297180601
1000,float32,0,99,2,ok,kernel_interval,20896.0,19070.0,23615.0,1422.8562655380733
1000,float32,0,99,2,ok,context_init,188850630.0,188850630.0,188850630.0,0
1000,float32,0,99,2,ok,first_query,553988.0,553988.0,553988.0,0
1000,float32,0,99,4,ok,cpu,102698.0,99728.0,109968.0,4286.853619192164
1000,float32,0,99,4,ok,gpu_fresh_handle,154947.0,150077.0,158267.0,2708.5350108060084
1000,float32,0,99,4,ok,gpu_reused_handle,117717.0,116817.0,127218.0,3716.749962765088
1000,float32,0,99,4,ok,kernel_interval,37886.0,35743.0,40573.0,1569.7791625090515
1000,float32,0,99,4,ok,context_init,189033108.0,189033108.0,189033108.0,0
1000,float32,0,99,4,ok,first_query,595848.0,595848.0,595848.0,0
1000,float32,10,1,1,ok,cpu,61899.0,58479.0,68748.0,3972.1328383771715
1000,float32,10,1,1,ok,gpu_fresh_handle,89568.0,81969.0,98208.0,5351.29915245332
1000,float32,10,1,1,ok,gpu_reused_handle,56968.0,56369.0,58709.0,753.8480016049717
1000,float32,10,1,1,ok,kernel_interval,11392.0,10239.0,12223.0,689.8691732426346
1000,float32,10,1,1,ok,context_init,189806664.0,189806664.0,189806664.0,0
1000,float32,10,1,1,ok,first_query,497440.0,497440.0,497440.0,0
1000,float32,10,1,2,ok,cpu,70668.0,67868.0,85398.0,6211.946002892905
1000,float32,10,1,2,ok,gpu_fresh_handle,111878.0,104098.0,123128.0,6482.370469570673
1000,float32,10,1,2,ok,gpu_reused_handle,78028.0,77078.0,80359.0,1093.1129641445812
1000,float32,10,1,2,ok,kernel_interval,20927.0,18848.0,21694.0,1145.1550737158452
1000,float32,10,1,2,ok,context_init,191827514.0,191827514.0,191827514.0,0
1000,float32,10,1,2,ok,first_query,543319.0,543319.0,543319.0,0
1000,float32,10,1,4,ok,cpu,88128.0,84248.0,91609.0,2961.8192285919718
1000,float32,10,1,4,ok,gpu_fresh_handle,161227.0,151807.0,165856.0,4476.487329315678
1000,float32,10,1,4,ok,gpu_reused_handle,124798.0,122668.0,130667.0,3068.253466279038
1000,float32,10,1,4,ok,kernel_interval,38174.0,36734.0,39390.0,889.9194452576138
1000,float32,10,1,4,ok,context_init,190722149.0,190722149.0,190722149.0,0
1000,float32,10,1,4,ok,first_query,581728.0,581728.0,581728.0,0
1000,float32,10,50,1,ok,cpu,66569.0,64019.0,72398.0,2922.3651950660333
1000,float32,10,50,1,ok,gpu_fresh_handle,86568.0,79469.0,91398.0,3661.0962773984725
1000,float32,10,50,1,ok,gpu_reused_handle,56389.0,55589.0,64649.0,3200.6375852915544
1000,float32,10,50,1,ok,kernel_interval,10912.0,10208.0,12703.0,1045.5035241679575
1000,float32,10,50,1,ok,context_init,189679360.0,189679360.0,189679360.0,0
1000,float32,10,50,1,ok,first_query,502509.0,502509.0,502509.0,0
1000,float32,10,50,2,ok,cpu,72978.0,70978.0,83449.0,4908.416459802198
1000,float32,10,50,2,ok,gpu_fresh_handle,112388.0,107938.0,115418.0,2213.1253488051257
1000,float32,10,50,2,ok,gpu_reused_handle,80248.0,77819.0,81808.0,1415.5494474214731
1000,float32,10,50,2,ok,kernel_interval,20862.0,18367.0,22558.0,1499.1327175276726
1000,float32,10,50,2,ok,context_init,186132632.0,186132632.0,186132632.0,0
1000,float32,10,50,2,ok,first_query,522380.0,522380.0,522380.0,0
1000,float32,10,50,4,ok,cpu,97138.0,95168.0,108118.0,4532.066295274365
1000,float32,10,50,4,ok,gpu_fresh_handle,160357.0,153257.0,170746.0,5950.732908042264
1000,float32,10,50,4,ok,gpu_reused_handle,123907.0,121998.0,132107.0,3322.1757428930014
1000,float32,10,50,4,ok,kernel_interval,40222.0,38334.0,49053.0,3567.600300588885
1000,float32,10,50,4,ok,context_init,190694903.0,190694903.0,190694903.0,0
1000,float32,10,50,4,ok,first_query,615958.0,615958.0,615958.0,0
1000,float32,10,99,1,ok,cpu,73748.0,71098.0,79818.0,3023.6880271804307
1000,float32,10,99,1,ok,gpu_fresh_handle,89208.0,80838.0,297864.0,79670.53154233437
1000,float32,10,99,1,ok,gpu_reused_handle,57749.0,56679.0,59829.0,1002.8317762359604
1000,float32,10,99,1,ok,kernel_interval,11839.0,9792.0,12703.0,1105.9680095261517
1000,float32,10,99,1,ok,context_init,187655515.0,187655515.0,187655515.0,0
1000,float32,10,99,1,ok,first_query,495630.0,495630.0,495630.0,0
1000,float32,10,99,2,ok,cpu,79918.0,78028.0,87388.0,3548.109375830619
1000,float32,10,99,2,ok,gpu_fresh_handle,111628.0,104098.0,114398.0,3827.434799295364
1000,float32,10,99,2,ok,gpu_reused_handle,78728.0,76269.0,87188.0,3538.825625758326
1000,float32,10,99,2,ok,kernel_interval,19135.0,17791.0,21951.0,1586.069565519327
1000,float32,10,99,2,ok,context_init,190485257.0,190485257.0,190485257.0,0
1000,float32,10,99,2,ok,first_query,536410.0,536410.0,536410.0,0
1000,float32,10,99,4,ok,cpu,106708.0,103738.0,307044.0,75605.2857011491
1000,float32,10,99,4,ok,gpu_fresh_handle,158267.0,153527.0,163917.0,3231.142360277701
1000,float32,10,99,4,ok,gpu_reused_handle,121417.0,120947.0,129047.0,2890.038605772792
1000,float32,10,99,4,ok,kernel_interval,39006.0,35806.0,47773.0,3909.1557242185268
1000,float32,10,99,4,ok,context_init,188125959.0,188125959.0,188125959.0,0
1000,float32,10,99,4,ok,first_query,566729.0,566729.0,566729.0,0
1000,float32,50,1,1,ok,cpu,58979.0,55469.0,65079.0,3944.668994502641
1000,float32,50,1,1,ok,gpu_fresh_handle,87119.0,80038.0,98848.0,6162.2846528586415
1000,float32,50,1,1,ok,gpu_reused_handle,56588.0,55099.0,57559.0,826.9615929355342
1000,float32,50,1,1,ok,kernel_interval,10912.0,9664.0,12319.0,1105.183070376858
1000,float32,50,1,1,ok,context_init,186623618.0,186623618.0,186623618.0,0
1000,float32,50,1,1,ok,first_query,493810.0,493810.0,493810.0,0
1000,float32,50,1,2,ok,cpu,65419.0,63798.0,265265.0,75359.69732777152
1000,float32,50,1,2,ok,gpu_fresh_handle,110228.0,107778.0,115507.0,2361.7296224427996
1000,float32,50,1,2,ok,gpu_reused_handle,78138.0,76429.0,86078.0,3216.8170085764386
1000,float32,50,1,2,ok,kernel_interval,20958.0,18463.0,24927.0,2124.383361511445
1000,float32,50,1,2,ok,context_init,187726008.0,187726008.0,187726008.0,0
1000,float32,50,1,2,ok,first_query,527789.0,527789.0,527789.0,0
1000,float32,50,1,4,ok,cpu,88268.0,83538.0,93538.0,3378.8398614796483
1000,float32,50,1,4,ok,gpu_fresh_handle,159557.0,156207.0,163407.0,2347.6389861994985
1000,float32,50,1,4,ok,gpu_reused_handle,123158.0,122028.0,132937.0,3877.0553136061785
1000,float32,50,1,4,ok,kernel_interval,38334.0,37344.0,40285.0,1136.1863110130016
1000,float32,50,1,4,ok,context_init,193025802.0,193025802.0,193025802.0,0
1000,float32,50,1,4,ok,first_query,595108.0,595108.0,595108.0,0
1000,float32,50,50,1,ok,cpu,64609.0,62289.0,71968.0,3763.8844233558702
1000,float32,50,50,1,ok,gpu_fresh_handle,88098.0,81339.0,92428.0,3786.7365205662877
1000,float32,50,50,1,ok,gpu_reused_handle,56589.0,55739.0,58139.0,810.0574053732241
1000,float32,50,50,1,ok,kernel_interval,11231.0,10111.0,13055.0,1172.8225213844876
1000,float32,50,50,1,ok,context_init,189265939.0,189265939.0,189265939.0,0
1000,float32,50,50,1,ok,first_query,491360.0,491360.0,491360.0,0
1000,float32,50,50,2,ok,cpu,114528.0,110268.0,120978.0,3688.375561912627
1000,float32,50,50,2,ok,gpu_fresh_handle,166327.0,161266.0,204816.0,15383.009452299111
1000,float32,50,50,2,ok,gpu_reused_handle,118197.0,114187.0,387752.0,101605.10539174036
1000,float32,50,50,2,ok,kernel_interval,27296.0,26783.0,30143.0,1362.7827972134637
1000,float32,50,50,2,ok,context_init,203748529.0,203748529.0,203748529.0,0
1000,float32,50,50,2,ok,first_query,880942.0,880942.0,880942.0,0
1000,float32,50,50,4,ok,cpu,91878.0,87778.0,97248.0,3251.0144936765873
1000,float32,50,50,4,ok,gpu_fresh_handle,159757.0,151536.0,169766.0,6150.859932136474
1000,float32,50,50,4,ok,gpu_reused_handle,124097.0,122478.0,129028.0,2378.5454038330313
1000,float32,50,50,4,ok,kernel_interval,39006.0,37759.0,46014.0,2873.095509989845
1000,float32,50,50,4,ok,context_init,187856940.0,187856940.0,187856940.0,0
1000,float32,50,50,4,ok,first_query,577129.0,577129.0,577129.0,0
1000,float32,50,99,1,ok,cpu,70748.0,66278.0,73998.0,3017.014576096866
1000,float32,50,99,1,ok,gpu_fresh_handle,86868.0,81488.0,91688.0,3974.204520583782
1000,float32,50,99,1,ok,gpu_reused_handle,57149.0,55948.0,257825.0,75935.20043180928
1000,float32,50,99,1,ok,kernel_interval,10239.0,10015.0,11967.0,821.6927070151619
1000,float32,50,99,1,ok,context_init,189559405.0,189559405.0,189559405.0,0
1000,float32,50,99,1,ok,first_query,496780.0,496780.0,496780.0,0
1000,float32,50,99,2,ok,cpu,76159.0,73639.0,83669.0,3450.643797764066
1000,float32,50,99,2,ok,gpu_fresh_handle,112098.0,107398.0,115527.0,2566.0961270640923
1000,float32,50,99,2,ok,gpu_reused_handle,79478.0,78109.0,94398.0,5787.894863625371
1000,float32,50,99,2,ok,kernel_interval,20478.0,18750.0,22335.0,1216.5820583758025
1000,float32,50,99,2,ok,context_init,187918821.0,187918821.0,187918821.0,0
1000,float32,50,99,2,ok,first_query,529339.0,529339.0,529339.0,0
1000,float32,50,99,4,ok,cpu,104898.0,97928.0,148177.0,18835.122289665833
1000,float32,50,99,4,ok,gpu_fresh_handle,168907.0,154917.0,206786.0,18492.966534282576
1000,float32,50,99,4,ok,gpu_reused_handle,125148.0,123237.0,152046.0,12015.242644637843
1000,float32,50,99,4,ok,kernel_interval,44381.0,38205.0,57760.0,7081.177955544913
1000,float32,50,99,4,ok,context_init,194154096.0,194154096.0,194154096.0,0
1000,float32,50,99,4,ok,first_query,710816.0,710816.0,710816.0,0
1000,float64,0,1,1,ok,cpu,55889.0,53979.0,63359.0,3310.487972950154
1000,float64,0,1,1,ok,gpu_fresh_handle,86698.0,79158.0,90588.0,3646.980486192196
1000,float64,0,1,1,ok,gpu_reused_handle,54949.0,54629.0,63089.0,3087.136907510628
1000,float64,0,1,1,ok,kernel_interval,10719.0,10271.0,12959.0,1037.6986900967793
1000,float64,0,1,1,ok,context_init,190726246.0,190726246.0,190726246.0,0
1000,float64,0,1,1,ok,first_query,524599.0,524599.0,524599.0,0
1000,float64,0,1,2,ok,cpu,63879.0,62609.0,265524.0,76055.03748476839
1000,float64,0,1,2,ok,gpu_fresh_handle,110657.0,108338.0,290774.0,68102.74025568526
1000,float64,0,1,2,ok,gpu_reused_handle,75828.0,74709.0,82308.0,2678.5834475920824
1000,float64,0,1,2,ok,kernel_interval,20606.0,14016.0,21694.0,2633.1905235537615
1000,float64,0,1,2,ok,context_init,191343196.0,191343196.0,191343196.0,0
1000,float64,0,1,2,ok,first_query,533009.0,533009.0,533009.0,0
1000,float64,0,1,4,ok,cpu,79429.0,78138.0,90738.0,4775.268045331268
1000,float64,0,1,4,ok,gpu_fresh_handle,159656.0,149857.0,354863.0,74340.17374622585
1000,float64,0,1,4,ok,gpu_reused_handle,121867.0,119467.0,125118.0,2146.917125288525
1000,float64,0,1,4,ok,kernel_interval,40094.0,38493.0,41982.0,1193.7490563446781
1000,float64,0,1,4,ok,context_init,189568791.0,189568791.0,189568791.0,0
1000,float64,0,1,4,ok,first_query,680376.0,680376.0,680376.0,0
1000,float64,0,50,1,ok,cpu,58269.0,56729.0,65359.0,3110.293708378833
1000,float64,0,50,1,ok,gpu_fresh_handle,85788.0,78468.0,91259.0,3937.7706770153472
1000,float64,0,50,1,ok,gpu_reused_handle,54649.0,54029.0,63568.0,3393.29566589628
1000,float64,0,50,1,ok,kernel_interval,10400.0,9792.0,11935.0,879.2890526415293
1000,float64,0,50,1,ok,context_init,189198592.0,189198592.0,189198592.0,0
1000,float64,0,50,1,ok,first_query,508390.0,508390.0,508390.0,0
1000,float64,0,50,2,ok,cpu,66058.0,64438.0,72369.0,3395.3643818763085
1000,float64,0,50,2,ok,gpu_fresh_handle,110378.0,102248.0,114908.0,4550.48506048688
1000,float64,0,50,2,ok,gpu_reused_handle,76359.0,75138.0,78409.0,1085.9763217623906
1000,float64,0,50,2,ok,kernel_interval,20126.0,18654.0,22111.0,1297.7644697893447
1000,float64,0,50,2,ok,context_init,196973606.0,196973606.0,196973606.0,0
1000,float64,0,50,2,ok,first_query,606838.0,606838.0,606838.0,0
1000,float64,0,50,4,ok,cpu,82678.0,80338.0,89088.0,3463.3822994842703
1000,float64,0,50,4,ok,gpu_fresh_handle,155697.0,147207.0,363792.0,79484.20612058126
1000,float64,0,50,4,ok,gpu_reused_handle,118508.0,116858.0,127628.0,4316.531378648503
1000,float64,0,50,4,ok,kernel_interval,37791.0,36829.0,39455.0,946.3955178414975
1000,float64,0,50,4,ok,context_init,189373769.0,189373769.0,189373769.0,0
1000,float64,0,50,4,ok,first_query,582479.0,582479.0,582479.0,0
1000,float64,0,99,1,ok,cpu,59119.0,56609.0,65548.0,3182.2335372681696
1000,float64,0,99,1,ok,gpu_fresh_handle,86329.0,78528.0,92498.0,4681.597234562865
1000,float64,0,99,1,ok,gpu_reused_handle,54469.0,51579.0,56229.0,1442.2716869742742
1000,float64,0,99,1,ok,kernel_interval,10816.0,9759.0,11967.0,755.2495015051711
1000,float64,0,99,1,ok,context_init,187985780.0,187985780.0,187985780.0,0
1000,float64,0,99,1,ok,first_query,515319.0,515319.0,515319.0,0
1000,float64,0,99,2,ok,cpu,66329.0,62529.0,71959.0,3403.278076600069
1000,float64,0,99,2,ok,gpu_fresh_handle,108107.0,100418.0,111497.0,3884.750987913542
1000,float64,0,99,2,ok,gpu_reused_handle,75459.0,74358.0,82858.0,2927.3044320834206
1000,float64,0,99,2,ok,kernel_interval,20510.0,18270.0,22495.0,1504.4792486185409
1000,float64,0,99,2,ok,context_init,190442790.0,190442790.0,190442790.0,0
1000,float64,0,99,2,ok,first_query,692986.0,692986.0,692986.0,0
1000,float64,0,99,4,ok,cpu,90568.0,82929.0,128507.0,17630.193010044688
1000,float64,0,99,4,ok,gpu_fresh_handle,159057.0,148157.0,213066.0,21633.677576320453
1000,float64,0,99,4,ok,gpu_reused_handle,120937.0,118247.0,162097.0,18999.461437229264
1000,float64,0,99,4,ok,kernel_interval,39038.0,37440.0,46912.0,3166.6284308468557
1000,float64,0,99,4,ok,context_init,196616457.0,196616457.0,196616457.0,0
1000,float64,0,99,4,ok,first_query,717476.0,717476.0,717476.0,0
1000,float64,10,1,1,ok,cpu,80369.0,72888.0,83918.0,3919.914023595537
1000,float64,10,1,1,ok,gpu_fresh_handle,115698.0,91648.0,124538.0,10932.269979503886
1000,float64,10,1,1,ok,gpu_reused_handle,78578.0,70239.0,88838.0,6112.536282879948
1000,float64,10,1,1,ok,kernel_interval,13344.0,11199.0,17440.0,2262.7134679616943
1000,float64,10,1,1,ok,context_init,202397863.0,202397863.0,202397863.0,0
1000,float64,10,1,1,ok,first_query,670586.0,670586.0,670586.0,0
1000,float64,10,1,2,ok,cpu,64199.0,63769.0,80548.0,6159.038715965496
1000,float64,10,1,2,ok,gpu_fresh_handle,114508.0,105098.0,306133.0,72799.46082773912
1000,float64,10,1,2,ok,gpu_reused_handle,78488.0,77149.0,87678.0,4011.8225047381907
1000,float64,10,1,2,ok,kernel_interval,20382.0,19327.0,21887.0,987.2099453462147
1000,float64,10,1,2,ok,context_init,198604819.0,198604819.0,198604819.0,0
1000,float64,10,1,2,ok,first_query,560809.0,560809.0,560809.0,0
1000,float64,10,1,4,ok,cpu,81469.0,79649.0,87898.0,2953.8008202507976
1000,float64,10,1,4,ok,gpu_fresh_handle,161167.0,155667.0,163866.0,2746.2702412718304
1000,float64,10,1,4,ok,gpu_reused_handle,124148.0,123308.0,132627.0,3304.3966094252296
1000,float64,10,1,4,ok,kernel_interval,40030.0,39262.0,41950.0,943.978888989125
1000,float64,10,1,4,ok,context_init,190243701.0,190243701.0,190243701.0,0
1000,float64,10,1,4,ok,first_query,597868.0,597868.0,597868.0,0
1000,float64,10,50,1,ok,cpu,60389.0,58989.0,68228.0,3480.7389951533214
1000,float64,10,50,1,ok,gpu_fresh_handle,90099.0,82768.0,98098.0,5241.3986955501
1000,float64,10,50,1,ok,gpu_reused_handle,58249.0,57019.0,60989.0,1302.2014327394097
1000,float64,10,50,1,ok,kernel_interval,11455.0,10400.0,12831.0,911.7787430020927
1000,float64,10,50,1,ok,context_init,187296910.0,187296910.0,187296910.0,0
1000,float64,10,50,1,ok,first_query,521430.0,521430.0,521430.0,0
1000,float64,10,50,2,ok,cpu,68088.0,66169.0,75389.0,3775.9641783510706
1000,float64,10,50,2,ok,gpu_fresh_handle,112028.0,106228.0,115007.0,3202.3606248248448
1000,float64,10,50,2,ok,gpu_reused_handle,79058.0,78588.0,83499.0,1737.4420579581654
1000,float64,10,50,2,ok,kernel_interval,19488.0,18304.0,21728.0,1345.6815762883523
1000,float64,10,50,2,ok,context_init,189282750.0,189282750.0,189282750.0,0
1000,float64,10,50,2,ok,first_query,544659.0,544659.0,544659.0,0
1000,float64,10,50,4,ok,cpu,84338.0,82488.0,284925.0,75644.68974941806
1000,float64,10,50,4,ok,gpu_fresh_handle,159637.0,155637.0,167687.0,3669.426794473491
1000,float64,10,50,4,ok,gpu_reused_handle,123368.0,122277.0,134827.0,4483.977958613683
1000,float64,10,50,4,ok,kernel_interval,38654.0,37372.0,40383.0,1111.906299580868
1000,float64,10,50,4,ok,context_init,189103907.0,189103907.0,189103907.0,0
1000,float64,10,50,4,ok,first_query,586768.0,586768.0,586768.0,0
1000,float64,10,99,1,ok,cpu,73478.0,70289.0,76169.0,1962.823707000174
1000,float64,10,99,1,ok,gpu_fresh_handle,100378.0,91668.0,104288.0,4288.114248655674
1000,float64,10,99,1,ok,gpu_reused_handle,67258.0,65758.0,72029.0,2052.607354654307
1000,float64,10,99,1,ok,kernel_interval,12480.0,11424.0,13472.0,695.7154248548413
1000,float64,10,99,1,ok,context_init,191615517.0,191615517.0,191615517.0,0
1000,float64,10,99,1,ok,first_query,516559.0,516559.0,516559.0,0
1000,float64,10,99,2,ok,cpu,73188.0,69289.0,81358.0,4655.791043216527
1000,float64,10,99,2,ok,gpu_fresh_handle,112108.0,105058.0,115618.0,3409.4024263442275
1000,float64,10,99,2,ok,gpu_reused_handle,79368.0,78299.0,92398.0,5117.528030490614
1000,float64,10,99,2,ok,kernel_interval,20734.0,19231.0,22175.0,1124.1679674530933
1000,float64,10,99,2,ok,context_init,188241115.0,188241115.0,188241115.0,0
1000,float64,10,99,2,ok,first_query,572809.0,572809.0,572809.0,0
1000,float64,10,99,4,ok,cpu,97678.0,89189.0,105628.0,5973.153123610279
1000,float64,10,99,4,ok,gpu_fresh_handle,162227.0,154287.0,363743.0,76432.21652082134
1000,float64,10,99,4,ok,gpu_reused_handle,123048.0,121948.0,215616.0,34661.80415989692
1000,float64,10,99,4,ok,kernel_interval,39742.0,36605.0,219519.0,68017.26470886778
1000,float64,10,99,4,ok,context_init,188681289.0,188681289.0,188681289.0,0
1000,float64,10,99,4,ok,first_query,630887.0,630887.0,630887.0,0
1000,float64,50,1,1,ok,cpu,56779.0,53539.0,68309.0,5552.541910392632
1000,float64,50,1,1,ok,gpu_fresh_handle,88479.0,81018.0,96298.0,4957.794325244702
1000,float64,50,1,1,ok,gpu_reused_handle,57028.0,55689.0,59709.0,1372.7806851510584
1000,float64,50,1,1,ok,kernel_interval,10495.0,10239.0,14112.0,1438.36319011113
1000,float64,50,1,1,ok,context_init,186988412.0,186988412.0,186988412.0,0
1000,float64,50,1,1,ok,first_query,664667.0,664667.0,664667.0,0
1000,float64,50,1,2,ok,cpu,65788.0,64129.0,73889.0,3392.3432904115116
1000,float64,50,1,2,ok,gpu_fresh_handle,112507.0,105298.0,116307.0,3725.3092233429174
1000,float64,50,1,2,ok,gpu_reused_handle,78918.0,78508.0,86578.0,2924.433164449708
1000,float64,50,1,2,ok,kernel_interval,20895.0,19647.0,21822.0,860.7844152421729
1000,float64,50,1,2,ok,context_init,187761560.0,187761560.0,187761560.0,0
1000,float64,50,1,2,ok,first_query,694066.0,694066.0,694066.0,0
1000,float64,50,1,4,ok,cpu,80248.0,77508.0,85808.0,2982.4835687888103
1000,float64,50,1,4,ok,gpu_fresh_handle,159457.0,152157.0,171577.0,6482.568799333736
1000,float64,50,1,4,ok,gpu_reused_handle,122567.0,122248.0,125397.0,1189.2265593753823
1000,float64,50,1,4,ok,kernel_interval,38813.0,37917.0,39933.0,760.5698364979222
1000,float64,50,1,4,ok,context_init,190937066.0,190937066.0,190937066.0,0
1000,float64,50,1,4,ok,first_query,607838.0,607838.0,607838.0,0
1000,float64,50,50,1,ok,cpu,58769.0,55878.0,65749.0,3204.639679619298
1000,float64,50,50,1,ok,gpu_fresh_handle,89558.0,81549.0,96808.0,5035.1324047470025
1000,float64,50,50,1,ok,gpu_reused_handle,57599.0,55839.0,69719.0,4698.633539962139
1000,float64,50,50,1,ok,kernel_interval,10751.0,9631.0,11904.0,915.966468506665
1000,float64,50,50,1,ok,context_init,188990265.0,188990265.0,188990265.0,0
1000,float64,50,50,1,ok,first_query,525579.0,525579.0,525579.0,0
1000,float64,50,50,2,ok,cpu,86089.0,84938.0,97268.0,4904.354848111062
1000,float64,50,50,2,ok,gpu_fresh_handle,140588.0,134597.0,151457.0,5367.66617282196
1000,float64,50,50,2,ok,gpu_reused_handle,101728.0,99498.0,105878.0,2179.019001643586
1000,float64,50,50,2,ok,kernel_interval,24766.0,23168.0,39232.0,5568.343645320479
1000,float64,50,50,2,ok,context_init,189127556.0,189127556.0,189127556.0,0
1000,float64,50,50,2,ok,first_query,710246.0,710246.0,710246.0,0
1000,float64,50,50,4,ok,cpu,160537.0,142927.0,529969.0,140421.18139928687
1000,float64,50,50,4,ok,gpu_fresh_handle,246675.0,229306.0,251995.0,8534.69488672699
1000,float64,50,50,4,ok,gpu_reused_handle,186826.0,178857.0,198656.0,6836.715777260864
1000,float64,50,50,4,ok,kernel_interval,53022.0,51262.0,67582.0,5801.364749124205
1000,float64,50,50,4,ok,context_init,229674775.0,229674775.0,229674775.0,0
1000,float64,50,50,4,ok,first_query,1053159.0,1053159.0,1053159.0,0
1000,float64,50,99,1,ok,cpu,62589.0,61029.0,69949.0,3274.3997123427794
1000,float64,50,99,1,ok,gpu_fresh_handle,89418.0,84229.0,93428.0,2970.9711655730803
1000,float64,50,99,1,ok,gpu_reused_handle,57119.0,56029.0,66708.0,3723.0164165761125
1000,float64,50,99,1,ok,kernel_interval,10879.0,10528.0,12319.0,799.1282750597678
1000,float64,50,99,1,ok,context_init,187680318.0,187680318.0,187680318.0,0
1000,float64,50,99,1,ok,first_query,564239.0,564239.0,564239.0,0
1000,float64,50,99,2,ok,cpu,71469.0,68778.0,82299.0,5104.081256816988
1000,float64,50,99,2,ok,gpu_fresh_handle,114178.0,105718.0,122798.0,5257.254398402631
1000,float64,50,99,2,ok,gpu_reused_handle,81218.0,79679.0,85869.0,2112.208458327106
1000,float64,50,99,2,ok,kernel_interval,21088.0,18591.0,23807.0,1633.725089073026
1000,float64,50,99,2,ok,context_init,188885724.0,188885724.0,188885724.0,0
1000,float64,50,99,2,ok,first_query,527279.0,527279.0,527279.0,0
1000,float64,50,99,4,ok,cpu,86318.0,83269.0,98158.0,4983.610629329091
1000,float64,50,99,4,ok,gpu_fresh_handle,160757.0,155917.0,174476.0,5973.303488977315
1000,float64,50,99,4,ok,gpu_reused_handle,126827.0,119797.0,132377.0,4441.400170688346
1000,float64,50,99,4,ok,kernel_interval,42175.0,39741.0,42559.0,1302.1777546717287
1000,float64,50,99,4,ok,context_init,190745836.0,190745836.0,190745836.0,0
1000,float64,50,99,4,ok,first_query,593528.0,593528.0,593528.0,0
10000,float32,0,1,1,ok,cpu,65669.0,62048.0,271444.0,77935.32840943005
10000,float32,0,1,1,ok,gpu_fresh_handle,89668.0,83549.0,104328.0,6702.63865240861
10000,float32,0,1,1,ok,gpu_reused_handle,58309.0,56749.0,81738.0,9029.977516715142
10000,float32,0,1,1,ok,kernel_interval,11680.0,10335.0,13376.0,1134.3933348249354
10000,float32,0,1,1,ok,context_init,189097403.0,189097403.0,189097403.0,0
10000,float32,0,1,1,ok,first_query,521510.0,521510.0,521510.0,0
10000,float32,0,1,2,ok,cpu,73259.0,68898.0,76748.0,2796.9199556110357
10000,float32,0,1,2,ok,gpu_fresh_handle,114088.0,106428.0,124907.0,6294.699936114055
10000,float32,0,1,2,ok,gpu_reused_handle,80569.0,77999.0,84828.0,2298.075965423498
10000,float32,0,1,2,ok,kernel_interval,20830.0,20191.0,22143.0,619.9138957107173
10000,float32,0,1,2,ok,context_init,187659631.0,187659631.0,187659631.0,0
10000,float32,0,1,2,ok,first_query,547639.0,547639.0,547639.0,0
10000,float32,0,1,4,ok,cpu,92558.0,88348.0,99278.0,4226.537268937101
10000,float32,0,1,4,ok,gpu_fresh_handle,159586.0,151877.0,163427.0,3763.681790354708
10000,float32,0,1,4,ok,gpu_reused_handle,122677.0,121747.0,128167.0,2199.3272347957422
10000,float32,0,1,4,ok,kernel_interval,39453.0,36318.0,46142.0,3299.442528670563
10000,float32,0,1,4,ok,context_init,187246559.0,187246559.0,187246559.0,0
10000,float32,0,1,4,ok,first_query,593758.0,593758.0,593758.0,0
10000,float32,0,50,1,ok,cpu,113847.0,105698.0,308524.0,74549.19259088176
10000,float32,0,50,1,ok,gpu_fresh_handle,88658.0,79929.0,93318.0,4639.4633105051935
10000,float32,0,50,1,ok,gpu_reused_handle,56909.0,54049.0,58358.0,1346.3885556766825
10000,float32,0,50,1,ok,kernel_interval,11680.0,10591.0,12543.0,792.2762264814079
10000,float32,0,50,1,ok,context_init,185959798.0,185959798.0,185959798.0,0
10000,float32,0,50,1,ok,first_query,499670.0,499670.0,499670.0,0
10000,float32,0,50,2,ok,cpu,116777.0,114898.0,317754.0,75790.11308745702
10000,float32,0,50,2,ok,gpu_fresh_handle,113218.0,105058.0,119137.0,5117.5637107253815
10000,float32,0,50,2,ok,gpu_reused_handle,78808.0,77829.0,85039.0,2450.2937141727084
10000,float32,0,50,2,ok,kernel_interval,20960.0,19999.0,26142.0,2221.138500430632
10000,float32,0,50,2,ok,context_init,191048397.0,191048397.0,191048397.0,0
10000,float32,0,50,2,ok,first_query,530039.0,530039.0,530039.0,0
10000,float32,0,50,4,ok,cpu,314474.0,261965.0,361552.0,33244.40294746371
10000,float32,0,50,4,ok,gpu_fresh_handle,237555.0,203206.0,245096.0,16263.143396737825
10000,float32,0,50,4,ok,gpu_reused_handle,180387.0,157216.0,197326.0,12078.384325097539
10000,float32,0,50,4,ok,kernel_interval,51839.0,45376.0,55103.0,3981.5323025426374
10000,float32,0,50,4,ok,context_init,222795385.0,222795385.0,222795385.0,0
10000,float32,0,50,4,ok,first_query,1008280.0,1008280.0,1008280.0,0
10000,float32,0,99,1,ok,cpu,162086.0,156487.0,370102.0,79049.67560278006
10000,float32,0,99,1,ok,gpu_fresh_handle,89299.0,82028.0,94308.0,3927.631577620769
10000,float32,0,99,1,ok,gpu_reused_handle,56309.0,54069.0,58479.0,1358.5985951918037
10000,float32,0,99,1,ok,kernel_interval,11040.0,9983.0,13439.0,1118.1891185134582
10000,float32,0,99,1,ok,context_init,189123848.0,189123848.0,189123848.0,0
10000,float32,0,99,1,ok,first_query,497910.0,497910.0,497910.0,0
10000,float32,0,99,2,ok,cpu,159127.0,157837.0,374182.0,80683.96763593242
10000,float32,0,99,2,ok,gpu_fresh_handle,111398.0,106547.0,121907.0,4784.665311477611
10000,float32,0,99,2,ok,gpu_reused_handle,78948.0,77539.0,83649.0,2077.7190561263274
10000,float32,0,99,2,ok,kernel_interval,20862.0,19423.0,22400.0,1160.9103365565359
10000,float32,0,99,2,ok,context_init,186037760.0,186037760.0,186037760.0,0
10000,float32,0,99,2,ok,first_query,530239.0,530239.0,530239.0,0
10000,float32,0,99,4,ok,cpu,266155.0,261735.0,275005.0,4466.459463921859
10000,float32,0,99,4,ok,gpu_fresh_handle,156046.0,151417.0,165517.0,4858.798920760249
10000,float32,0,99,4,ok,gpu_reused_handle,120938.0,120187.0,128748.0,3590.7438279686894
10000,float32,0,99,4,ok,kernel_interval,38046.0,36829.0,41437.0,1639.1107345142975
10000,float32,0,99,4,ok,context_init,190256219.0,190256219.0,190256219.0,0
10000,float32,0,99,4,ok,first_query,577799.0,577799.0,577799.0,0
10000,float32,10,1,1,ok,cpu,64199.0,61839.0,71499.0,3968.5963693549315
10000,float32,10,1,1,ok,gpu_fresh_handle,90948.0,84759.0,99328.0,4982.194797476309
10000,float32,10,1,1,ok,gpu_reused_handle,60728.0,60009.0,67979.0,2838.784238433938
10000,float32,10,1,1,ok,kernel_interval,11552.0,10367.0,12703.0,882.4288451012164
10000,float32,10,1,1,ok,context_init,190087722.0,190087722.0,190087722.0,0
10000,float32,10,1,1,ok,first_query,541320.0,541320.0,541320.0,0
10000,float32,10,1,2,ok,cpu,73719.0,70778.0,80298.0,3153.8948407749212
10000,float32,10,1,2,ok,gpu_fresh_handle,115658.0,107528.0,127637.0,8176.444113019628
10000,float32,10,1,2,ok,gpu_reused_handle,82238.0,80899.0,85368.0,1513.6149570135854
10000,float32,10,1,2,ok,kernel_interval,20608.0,19199.0,22015.0,842.0792576654981
10000,float32,10,1,2,ok,context_init,190307259.0,190307259.0,190307259.0,0
10000,float32,10,1,2,ok,first_query,530549.0,530549.0,530549.0,0
10000,float32,10,1,4,ok,cpu,92368.0,89788.0,111978.0,7731.652321402432
10000,float32,10,1,4,ok,gpu_fresh_handle,170157.0,156286.0,367843.0,96219.47403846114
10000,float32,10,1,4,ok,gpu_reused_handle,128657.0,125898.0,150027.0,8332.522155757551
10000,float32,10,1,4,ok,kernel_interval,40734.0,37407.0,163422.0,46600.814899884885
10000,float32,10,1,4,ok,context_init,193561546.0,193561546.0,193561546.0,0
10000,float32,10,1,4,ok,first_query,597378.0,597378.0,597378.0,0
10000,float32,10,50,1,ok,cpu,130487.0,126778.0,140787.0,4768.977453540848
10000,float32,10,50,1,ok,gpu_fresh_handle,91428.0,87748.0,94858.0,2279.0160784238196
10000,float32,10,50,1,ok,gpu_reused_handle,62029.0,59048.0,66739.0,3134.758082866242
10000,float32,10,50,1,ok,kernel_interval,11168.0,10495.0,11904.0,463.0930174998786
10000,float32,10,50,1,ok,context_init,191878670.0,191878670.0,191878670.0,0
10000,float32,10,50,1,ok,first_query,523830.0,523830.0,523830.0,0
10000,float32,10,50,2,ok,cpu,138667.0,134667.0,146457.0,4566.787450609851
10000,float32,10,50,2,ok,gpu_fresh_handle,117468.0,108248.0,121757.0,4252.978356959027
10000,float32,10,50,2,ok,gpu_reused_handle,84178.0,82888.0,87419.0,1500.2084775758588
10000,float32,10,50,2,ok,kernel_interval,20350.0,18816.0,23774.0,1693.3548976879624
10000,float32,10,50,2,ok,context_init,190228705.0,190228705.0,190228705.0,0
10000,float32,10,50,2,ok,first_query,545359.0,545359.0,545359.0,0
10000,float32,10,50,4,ok,cpu,199306.0,195416.0,208346.0,5397.734092499679
10000,float32,10,50,4,ok,gpu_fresh_handle,165046.0,153247.0,359143.0,91348.61083417379
10000,float32,10,50,4,ok,gpu_reused_handle,124098.0,122028.0,153406.0,11219.297051657619
10000,float32,10,50,4,ok,kernel_interval,37503.0,35005.0,46846.0,4123.253182806485
10000,float32,10,50,4,ok,context_init,193278445.0,193278445.0,193278445.0,0
10000,float32,10,50,4,ok,first_query,781184.0,781184.0,781184.0,0
10000,float32,10,99,1,ok,cpu,194926.0,190517.0,198206.0,2911.9237300320574
10000,float32,10,99,1,ok,gpu_fresh_handle,91698.0,85979.0,99888.0,4306.513201231473
10000,float32,10,99,1,ok,gpu_reused_handle,61019.0,59288.0,261825.0,76127.82633051809
10000,float32,10,99,1,ok,kernel_interval,11487.0,10111.0,12384.0,953.3013564400694
10000,float32,10,99,1,ok,context_init,186621218.0,186621218.0,186621218.0,0
10000,float32,10,99,1,ok,first_query,490390.0,490390.0,490390.0,0
10000,float32,10,99,2,ok,cpu,199606.0,196106.0,220616.0,10497.395556812675
10000,float32,10,99,2,ok,gpu_fresh_handle,114667.0,108218.0,129147.0,6925.252053174671
10000,float32,10,99,2,ok,gpu_reused_handle,83298.0,78529.0,293185.0,79488.8962575157
10000,float32,10,99,2,ok,kernel_interval,19807.0,18654.0,21087.0,764.8050794312296
10000,float32,10,99,2,ok,context_init,191829877.0,191829877.0,191829877.0,0
10000,float32,10,99,2,ok,first_query,538909.0,538909.0,538909.0,0
10000,float32,10,99,4,ok,cpu,305624.0,303724.0,375933.0,26273.824393074094
10000,float32,10,99,4,ok,gpu_fresh_handle,160417.0,152467.0,162876.0,3782.8600480135588
10000,float32,10,99,4,ok,gpu_reused_handle,125387.0,123438.0,131487.0,2823.9720084947558
10000,float32,10,99,4,ok,kernel_interval,38014.0,30621.0,40319.0,3067.367135322595
10000,float32,10,99,4,ok,context_init,186878046.0,186878046.0,186878046.0,0
10000,float32,10,99,4,ok,first_query,567808.0,567808.0,567808.0,0
10000,float32,50,1,1,ok,cpu,65369.0,63389.0,73648.0,4181.407572303169
10000,float32,50,1,1,ok,gpu_fresh_handle,92658.0,85269.0,289214.0,74537.1366836693
10000,float32,50,1,1,ok,gpu_reused_handle,60309.0,59239.0,69818.0,4069.8290884905487
10000,float32,50,1,1,ok,kernel_interval,11487.0,9631.0,12256.0,1125.8609827065472
10000,float32,50,1,1,ok,context_init,187586822.0,187586822.0,187586822.0,0
10000,float32,50,1,1,ok,first_query,515220.0,515220.0,515220.0,0
10000,float32,50,1,2,ok,cpu,74509.0,72018.0,81499.0,3513.4179939198807
10000,float32,50,1,2,ok,gpu_fresh_handle,115628.0,107778.0,132607.0,9169.055946627273
10000,float32,50,1,2,ok,gpu_reused_handle,81168.0,77819.0,85438.0,2278.494312771777
10000,float32,50,1,2,ok,kernel_interval,19967.0,18591.0,21759.0,1199.9492648004907
10000,float32,50,1,2,ok,context_init,187680742.0,187680742.0,187680742.0,0
10000,float32,50,1,2,ok,first_query,538889.0,538889.0,538889.0,0
10000,float32,50,1,4,ok,cpu,88338.0,85448.0,110747.0,8896.88171696771
10000,float32,50,1,4,ok,gpu_fresh_handle,164106.0,160627.0,168356.0,2760.10554491085
10000,float32,50,1,4,ok,gpu_reused_handle,125078.0,122718.0,130077.0,2289.6860358697963
10000,float32,50,1,4,ok,kernel_interval,36669.0,35711.0,43199.0,2669.3782047510613
10000,float32,50,1,4,ok,context_init,191901688.0,191901688.0,191901688.0,0
10000,float32,50,1,4,ok,first_query,642718.0,642718.0,642718.0,0
10000,float32,50,50,1,ok,cpu,104878.0,102238.0,112707.0,3761.631377347815
10000,float32,50,50,1,ok,gpu_fresh_handle,91518.0,83848.0,100918.0,6346.567126070147
10000,float32,50,50,1,ok,gpu_reused_handle,60439.0,59199.0,61889.0,972.0204779343949
10000,float32,50,50,1,ok,kernel_interval,11296.0,9759.0,12543.0,1043.1988807326745
10000,float32,50,50,1,ok,context_init,187501809.0,187501809.0,187501809.0,0
10000,float32,50,50,1,ok,first_query,502910.0,502910.0,502910.0,0
10000,float32,50,50,2,ok,cpu,110028.0,107927.0,122997.0,5734.248595272178
10000,float32,50,50,2,ok,gpu_fresh_handle,113297.0,106958.0,129708.0,7249.8569608221205
10000,float32,50,50,2,ok,gpu_reused_handle,84908.0,81679.0,87919.0,2289.270688606807
10000,float32,50,50,2,ok,kernel_interval,20447.0,18654.0,21983.0,1102.8063336433145
10000,float32,50,50,2,ok,context_init,190018229.0,190018229.0,190018229.0,0
10000,float32,50,50,2,ok,first_query,537499.0,537499.0,537499.0,0
10000,float32,50,50,4,ok,cpu,162627.0,156486.0,167307.0,3776.8728876576993
10000,float32,50,50,4,ok,gpu_fresh_handle,159537.0,153577.0,166177.0,4441.655096920516
10000,float32,50,50,4,ok,gpu_reused_handle,126017.0,124737.0,135838.0,4478.713170841226
10000,float32,50,50,4,ok,kernel_interval,38109.0,35584.0,38940.0,1177.218735996396
10000,float32,50,50,4,ok,context_init,185778033.0,185778033.0,185778033.0,0
10000,float32,50,50,4,ok,first_query,582719.0,582719.0,582719.0,0
10000,float32,50,99,1,ok,cpu,144287.0,142477.0,154617.0,4618.785657765572
10000,float32,50,99,1,ok,gpu_fresh_handle,90908.0,82188.0,92388.0,3481.30669911936
10000,float32,50,99,1,ok,gpu_reused_handle,59139.0,57939.0,67409.0,3259.5033217902856
10000,float32,50,99,1,ok,kernel_interval,11136.0,9696.0,19711.0,3502.583142006292
10000,float32,50,99,1,ok,context_init,185952193.0,185952193.0,185952193.0,0
10000,float32,50,99,1,ok,first_query,492490.0,492490.0,492490.0,0
10000,float32,50,99,2,ok,cpu,154777.0,150307.0,159797.0,4244.7569900716235
10000,float32,50,99,2,ok,gpu_fresh_handle,113807.0,106157.0,129488.0,7452.63065092103
10000,float32,50,99,2,ok,gpu_reused_handle,81159.0,80929.0,88608.0,2903.3302963190063
10000,float32,50,99,2,ok,kernel_interval,19199.0,18784.0,22143.0,1194.5925984160776
10000,float32,50,99,2,ok,context_init,186392564.0,186392564.0,186392564.0,0
10000,float32,50,99,2,ok,first_query,531369.0,531369.0,531369.0,0
10000,float32,50,99,4,ok,cpu,232885.0,223856.0,240615.0,6297.664930069603
10000,float32,50,99,4,ok,gpu_fresh_handle,165176.0,159317.0,176347.0,5259.910487197794
10000,float32,50,99,4,ok,gpu_reused_handle,128938.0,127338.0,132198.0,1645.4448667530035
10000,float32,50,99,4,ok,kernel_interval,39968.0,37535.0,41119.0,1150.8988412789122
10000,float32,50,99,4,ok,context_init,190763198.0,190763198.0,190763198.0,0
10000,float32,50,99,4,ok,first_query,595568.0,595568.0,595568.0,0
10000,float64,0,1,1,ok,cpu,59849.0,56029.0,64169.0,2879.5229019504504
10000,float64,0,1,1,ok,gpu_fresh_handle,89879.0,83838.0,290334.0,76288.37788474542
10000,float64,0,1,1,ok,gpu_reused_handle,58359.0,57199.0,64909.0,3328.5707142856377
10000,float64,0,1,1,ok,kernel_interval,11264.0,8511.0,12128.0,1470.590001455522
10000,float64,0,1,1,ok,context_init,188835519.0,188835519.0,188835519.0,0
10000,float64,0,1,1,ok,first_query,501440.0,501440.0,501440.0,0
10000,float64,0,1,2,ok,cpu,69279.0,67268.0,74779.0,3128.4319516637206
10000,float64,0,1,2,ok,gpu_fresh_handle,117758.0,113258.0,124408.0,3519.3115736434806
10000,float64,0,1,2,ok,gpu_reused_handle,82689.0,81449.0,85389.0,1465.755712772019
10000,float64,0,1,2,ok,kernel_interval,21183.0,18719.0,28063.0,3249.1265492949537
10000,float64,0,1,2,ok,context_init,187413617.0,187413617.0,187413617.0,0
10000,float64,0,1,2,ok,first_query,545619.0,545619.0,545619.0,0
10000,float64,0,1,4,ok,cpu,83928.0,81459.0,283805.0,75419.90681005974
10000,float64,0,1,4,ok,gpu_fresh_handle,162737.0,155667.0,260465.0,37527.321223850966
10000,float64,0,1,4,ok,gpu_reused_handle,125858.0,124278.0,148067.0,8500.83311043268
10000,float64,0,1,4,ok,kernel_interval,39613.0,36509.0,240061.0,76046.00864389048
10000,float64,0,1,4,ok,context_init,186907930.0,186907930.0,186907930.0,0
10000,float64,0,1,4,ok,first_query,611258.0,611258.0,611258.0,0
10000,float64,0,50,1,ok,cpu,71878.0,68398.0,81669.0,4475.294323920415
10000,float64,0,50,1,ok,gpu_fresh_handle,92088.0,83278.0,98678.0,5105.60710908908
10000,float64,0,50,1,ok,gpu_reused_handle,58579.0,57879.0,63849.0,2157.3225579517816
10000,float64,0,50,1,ok,kernel_interval,9887.0,9023.0,12608.0,1568.5995725638902
10000,float64,0,50,1,ok,context_init,186560227.0,186560227.0,186560227.0,0
10000,float64,0,50,1,ok,first_query,514840.0,514840.0,514840.0,0
10000,float64,0,50,2,ok,cpu,81699.0,76138.0,85318.0,3276.620180845471
10000,float64,0,50,2,ok,gpu_fresh_handle,114778.0,105558.0,127037.0,6731.666976738696
10000,float64,0,50,2,ok,gpu_reused_handle,80789.0,80189.0,84059.0,1334.7513768845636
10000,float64,0,50,2,ok,kernel_interval,20894.0,18048.0,22942.0,1854.6261720614314
10000,float64,0,50,2,ok,context_init,189045897.0,189045897.0,189045897.0,0
10000,float64,0,50,2,ok,first_query,557069.0,557069.0,557069.0,0
10000,float64,0,50,4,ok,cpu,108057.0,103588.0,129118.0,8949.129574593115
10000,float64,0,50,4,ok,gpu_fresh_handle,162537.0,152947.0,170357.0,5703.01153944542
10000,float64,0,50,4,ok,gpu_reused_handle,123048.0,117987.0,133677.0,4848.914095419912
10000,float64,0,50,4,ok,kernel_interval,37151.0,35709.0,39197.0,1437.2691533069299
10000,float64,0,50,4,ok,context_init,189686958.0,189686958.0,189686958.0,0
10000,float64,0,50,4,ok,first_query,594908.0,594908.0,594908.0,0
10000,float64,0,99,1,ok,cpu,82249.0,81249.0,138607.0,21214.447865501832
10000,float64,0,99,1,ok,gpu_fresh_handle,90909.0,90398.0,101148.0,3897.952484501135
10000,float64,0,99,1,ok,gpu_reused_handle,58899.0,58479.0,66518.0,2970.484688685381
10000,float64,0,99,1,ok,kernel_interval,10080.0,8864.0,12256.0,1522.1479028317972
10000,float64,0,99,1,ok,context_init,189518211.0,189518211.0,189518211.0,0
10000,float64,0,99,1,ok,first_query,585438.0,585438.0,585438.0,0
10000,float64,0,99,2,ok,cpu,89388.0,85838.0,327804.0,89723.53674004863
10000,float64,0,99,2,ok,gpu_fresh_handle,114478.0,107428.0,122457.0,4557.429272235453
10000,float64,0,99,2,ok,gpu_reused_handle,82538.0,80248.0,87908.0,3016.7224409471755
10000,float64,0,99,2,ok,kernel_interval,20223.0,18750.0,23934.0,1991.2843187488918
10000,float64,0,99,2,ok,context_init,189948825.0,189948825.0,189948825.0,0
10000,float64,0,99,2,ok,first_query,563628.0,563628.0,563628.0,0
10000,float64,0,99,4,ok,cpu,130508.0,122667.0,131817.0,3881.074501438266
10000,float64,0,99,4,ok,gpu_fresh_handle,161156.0,153807.0,173677.0,6643.205426097656
10000,float64,0,99,4,ok,gpu_reused_handle,123937.0,116528.0,131897.0,4478.756502593528
10000,float64,0,99,4,ok,kernel_interval,37118.0,36159.0,40639.0,1491.055937758141
10000,float64,0,99,4,ok,context_init,187343337.0,187343337.0,187343337.0,0
10000,float64,0,99,4,ok,first_query,597738.0,597738.0,597738.0,0
10000,float64,10,1,1,ok,cpu,64818.0,57679.0,68769.0,4476.422657605492
10000,float64,10,1,1,ok,gpu_fresh_handle,95008.0,87339.0,149737.0,21070.5995123424
10000,float64,10,1,1,ok,gpu_reused_handle,62949.0,61968.0,65358.0,1173.4555401726582
10000,float64,10,1,1,ok,kernel_interval,10367.0,8864.0,12128.0,1060.0464949371662
10000,float64,10,1,1,ok,context_init,189769210.0,189769210.0,189769210.0,0
10000,float64,10,1,1,ok,first_query,522989.0,522989.0,522989.0,0
10000,float64,10,1,2,ok,cpu,71199.0,67068.0,78218.0,3769.897030297727
10000,float64,10,1,2,ok,gpu_fresh_handle,116547.0,108988.0,123498.0,5261.443016801343
10000,float64,10,1,2,ok,gpu_reused_handle,84049.0,82649.0,278314.0,73275.16319489227
10000,float64,10,1,2,ok,kernel_interval,20640.0,17951.0,28192.0,3828.5652229871525
10000,float64,10,1,2,ok,context_init,188436708.0,188436708.0,188436708.0,0
10000,float64,10,1,2,ok,first_query,540810.0,540810.0,540810.0,0
10000,float64,10,1,4,ok,cpu,88299.0,83498.0,293435.0,77675.0295605872
10000,float64,10,1,4,ok,gpu_fresh_handle,168717.0,166546.0,178777.0,4320.270080843161
10000,float64,10,1,4,ok,gpu_reused_handle,128678.0,128078.0,131987.0,1425.0098746525032
10000,float64,10,1,4,ok,kernel_interval,38333.0,37278.0,39774.0,832.7693615424438
10000,float64,10,1,4,ok,context_init,187558646.0,187558646.0,187558646.0,0
10000,float64,10,1,4,ok,first_query,582389.0,582389.0,582389.0,0
10000,float64,10,50,1,ok,cpu,97858.0,90768.0,107898.0,5541.111286169435
10000,float64,10,50,1,ok,gpu_fresh_handle,93448.0,86658.0,100348.0,4225.864425517831
10000,float64,10,50,1,ok,gpu_reused_handle,62719.0,62118.0,65939.0,1524.3645514489917
10000,float64,10,50,1,ok,kernel_interval,10080.0,8063.000000000001,12160.0,1490.4021509071204
10000,float64,10,50,1,ok,context_init,186586606.0,186586606.0,186586606.0,0
10000,float64,10,50,1,ok,first_query,517749.0,517749.0,517749.0,0
10000,float64,10,50,2,ok,cpu,101118.0,100228.0,154627.0,19754.056814210282
10000,float64,10,50,2,ok,gpu_fresh_handle,118187.0,115998.0,325064.0,77225.5379644892
10000,float64,10,50,2,ok,gpu_reused_handle,85138.0,83979.0,111308.0,10051.66319571045
10000,float64,10,50,2,ok,kernel_interval,21887.0,18526.0,23296.0,1661.7436052303044
10000,float64,10,50,2,ok,context_init,187058388.0,187058388.0,187058388.0,0
10000,float64,10,50,2,ok,first_query,541160.0,541160.0,541160.0,0
10000,float64,10,50,4,ok,cpu,127467.0,123328.0,156186.0,11514.371771213326
10000,float64,10,50,4,ok,gpu_fresh_handle,162787.0,156497.0,379982.0,82092.3490373871
10000,float64,10,50,4,ok,gpu_reused_handle,129957.0,125477.0,133608.0,2895.7244755147613
10000,float64,10,50,4,ok,kernel_interval,38973.0,37437.0,39487.0,795.494904356491
10000,float64,10,50,4,ok,context_init,188596998.0,188596998.0,188596998.0,0
10000,float64,10,50,4,ok,first_query,703316.0,703316.0,703316.0,0
10000,float64,10,99,1,ok,cpu,126097.0,120418.0,155837.0,12063.318377864123
10000,float64,10,99,1,ok,gpu_fresh_handle,96098.0,86618.0,146257.0,20010.220837171713
10000,float64,10,99,1,ok,gpu_reused_handle,63299.0,62389.0,109928.0,17497.51468474472
10000,float64,10,99,1,ok,kernel_interval,10080.0,6912.0,18112.0,3709.4531813680983
10000,float64,10,99,1,ok,context_init,189838276.0,189838276.0,189838276.0,0
10000,float64,10,99,1,ok,first_query,517759.0,517759.0,517759.0,0
10000,float64,10,99,2,ok,cpu,135108.0,128958.0,138977.0,3898.746294216471
10000,float64,10,99,2,ok,gpu_fresh_handle,117938.0,111328.0,169736.0,20092.78545363271
10000,float64,10,99,2,ok,gpu_reused_handle,84378.0,82949.0,305414.0,83532.18888719314
10000,float64,10,99,2,ok,kernel_interval,20254.0,19870.0,21568.0,675.8221800500625
10000,float64,10,99,2,ok,context_init,193858278.0,193858278.0,193858278.0,0
10000,float64,10,99,2,ok,first_query,549869.0,549869.0,549869.0,0
10000,float64,10,99,4,ok,cpu,170127.0,167937.0,181696.0,5351.228853085545
10000,float64,10,99,4,ok,gpu_fresh_handle,168497.0,160527.0,176757.0,5338.771594932409
10000,float64,10,99,4,ok,gpu_reused_handle,129067.0,128257.0,129967.0,656.2737524046182
10000,float64,10,99,4,ok,kernel_interval,38815.0,37788.0,45213.0,2570.828660179437
10000,float64,10,99,4,ok,context_init,190463075.0,190463075.0,190463075.0,0
10000,float64,10,99,4,ok,first_query,600938.0,600938.0,600938.0,0
10000,float64,50,1,1,ok,cpu,62539.0,61279.0,69029.0,3176.0090260157217
10000,float64,50,1,1,ok,gpu_fresh_handle,93648.0,90179.0,99948.0,2977.1463086078156
10000,float64,50,1,1,ok,gpu_reused_handle,63238.0,62258.0,68909.0,2351.2989925530424
10000,float64,50,1,1,ok,kernel_interval,10111.0,8927.0,11136.0,1057.6136210490915
10000,float64,50,1,1,ok,context_init,187900828.0,187900828.0,187900828.0,0
10000,float64,50,1,1,ok,first_query,515010.0,515010.0,515010.0,0
10000,float64,50,1,2,ok,cpu,70639.0,67959.0,77519.0,3317.1634827708704
10000,float64,50,1,2,ok,gpu_fresh_handle,119018.0,110428.0,127347.0,5837.9636697673795
10000,float64,50,1,2,ok,gpu_reused_handle,85928.0,84839.0,87929.0,1024.82346911902
10000,float64,50,1,2,ok,kernel_interval,21376.0,18207.0,23104.0,1732.729610978558
10000,float64,50,1,2,ok,context_init,189906478.0,189906478.0,189906478.0,0
10000,float64,50,1,2,ok,first_query,545999.0,545999.0,545999.0,0
10000,float64,50,1,4,ok,cpu,86118.0,84828.0,91448.0,3030.15703663468
10000,float64,50,1,4,ok,gpu_fresh_handle,164557.0,160156.0,172237.0,4272.766545504323
10000,float64,50,1,4,ok,gpu_reused_handle,129128.0,126797.0,134537.0,2808.693273528084
10000,float64,50,1,4,ok,kernel_interval,38653.0,35070.0,40351.0,1903.0001751620168
10000,float64,50,1,4,ok,context_init,187127953.0,187127953.0,187127953.0,0
10000,float64,50,1,4,ok,first_query,581409.0,581409.0,581409.0,0
10000,float64,50,50,1,ok,cpu,85008.0,81709.0,91718.0,3923.071901311158
10000,float64,50,50,1,ok,gpu_fresh_handle,94408.0,87068.0,105868.0,5887.738239037854
10000,float64,50,50,1,ok,gpu_reused_handle,63229.0,62619.0,65888.0,1108.3783950739326
10000,float64,50,50,1,ok,kernel_interval,10111.0,10111.0,12319.0,1103.259996124041
10000,float64,50,50,1,ok,context_init,188707366.0,188707366.0,188707366.0,0
10000,float64,50,50,1,ok,first_query,524419.0,524419.0,524419.0,0
10000,float64,50,50,2,ok,cpu,88518.0,86948.0,96078.0,3241.1620711449423
10000,float64,50,50,2,ok,gpu_fresh_handle,116598.0,115578.0,314794.0,74694.18146683181
10000,float64,50,50,2,ok,gpu_reused_handle,85178.0,83068.0,91168.0,2860.659056597839
10000,float64,50,50,2,ok,kernel_interval,20128.0,17023.0,22112.0,1683.82351184666
10000,float64,50,50,2,ok,context_init,188466590.0,188466590.0,188466590.0,0
10000,float64,50,50,2,ok,first_query,530669.0,530669.0,530669.0,0
10000,float64,50,50,4,ok,cpu,119378.0,114228.0,321574.0,76914.61224352254
10000,float64,50,50,4,ok,gpu_fresh_handle,165707.0,158117.0,227325.0,24099.236930223487
10000,float64,50,50,4,ok,gpu_reused_handle,129877.0,127928.0,136157.0,2821.1814141292953
10000,float64,50,50,4,ok,kernel_interval,40191.0,36734.0,53534.0,6344.163891025395
10000,float64,50,50,4,ok,context_init,187880074.0,187880074.0,187880074.0,0
10000,float64,50,50,4,ok,first_query,708986.0,708986.0,708986.0,0
10000,float64,50,99,1,ok,cpu,103868.0,101698.0,117217.0,5566.6154246287115
10000,float64,50,99,1,ok,gpu_fresh_handle,97938.0,85418.0,145457.0,24901.684751763092
10000,float64,50,99,1,ok,gpu_reused_handle,62599.0,60989.0,238625.0,66341.55854292813
10000,float64,50,99,1,ok,kernel_interval,10111.0,8576.0,12160.0,1288.9958624190124
10000,float64,50,99,1,ok,context_init,186830376.0,186830376.0,186830376.0,0
10000,float64,50,99,1,ok,first_query,515690.0,515690.0,515690.0,0
10000,float64,50,99,2,ok,cpu,115368.0,111848.0,125147.0,5942.946651683987
10000,float64,50,99,2,ok,gpu_fresh_handle,118658.0,113818.0,178557.0,22817.22682118762
10000,float64,50,99,2,ok,gpu_reused_handle,87779.0,84298.0,308534.0,83489.80382144192
10000,float64,50,99,2,ok,kernel_interval,20864.0,19264.0,22560.0,1216.6218060875035
10000,float64,50,99,2,ok,context_init,193293198.0,193293198.0,193293198.0,0
10000,float64,50,99,2,ok,first_query,553979.0,553979.0,553979.0,0
10000,float64,50,99,4,ok,cpu,145867.0,139027.0,150817.0,4150.781911422289
10000,float64,50,99,4,ok,gpu_fresh_handle,165597.0,159467.0,212526.0,22541.655584188808
10000,float64,50,99,4,ok,gpu_reused_handle,127548.0,124228.0,362003.0,87834.54007014172
10000,float64,50,99,4,ok,kernel_interval,39198.0,32604.0,342432.0,115032.625319743
10000,float64,50,99,4,ok,context_init,191324260.0,191324260.0,191324260.0,0
10000,float64,50,99,4,ok,first_query,589659.0,589659.0,589659.0,0
100000,float32,0,1,1,ok,cpu,113268.0,110538.0,129148.0,6635.972900286237
100000,float32,0,1,1,ok,gpu_fresh_handle,129178.0,123157.0,139347.0,5260.67642762701
100000,float32,0,1,1,ok,gpu_reused_handle,102658.0,99068.0,109388.0,3912.256077897716
100000,float32,0,1,1,ok,kernel_interval,15519.0,8608.0,16736.0,3577.2511260809774
100000,float32,0,1,1,ok,context_init,186926477.0,186926477.0,186926477.0,0
100000,float32,0,1,1,ok,first_query,528600.0,528600.0,528600.0,0
100000,float32,0,1,2,ok,cpu,128217.0,119528.0,134117.0,6017.371068118417
100000,float32,0,1,2,ok,gpu_fresh_handle,156617.0,150427.0,214956.0,23242.33735992103
100000,float32,0,1,2,ok,gpu_reused_handle,123068.0,122217.0,268845.0,54444.57607512432
100000,float32,0,1,2,ok,kernel_interval,26398.0,19390.0,37311.0,5967.961724312342
100000,float32,0,1,2,ok,context_init,187733981.0,187733981.0,187733981.0,0
100000,float32,0,1,2,ok,first_query,544499.0,544499.0,544499.0,0
100000,float32,0,1,4,ok,cpu,158727.0,155427.0,161797.0,2544.092157285562
100000,float32,0,1,4,ok,gpu_fresh_handle,206146.0,200166.0,210525.0,3395.575573623782
100000,float32,0,1,4,ok,gpu_reused_handle,172216.0,168567.0,178497.0,3757.0167116248726
100000,float32,0,1,4,ok,kernel_interval,46079.0,42976.0,53567.0,3512.5823562621003
100000,float32,0,1,4,ok,context_init,191704105.0,191704105.0,191704105.0,0
100000,float32,0,1,4,ok,first_query,712006.0,712006.0,712006.0,0
100000,float32,0,50,1,ok,cpu,575969.0,565959.0,585599.0,6873.288403391092
100000,float32,0,50,1,ok,gpu_fresh_handle,130618.0,127128.0,137227.0,3249.206459898727
100000,float32,0,50,1,ok,gpu_reused_handle,102257.0,100548.0,111178.0,4343.317653372274
100000,float32,0,50,1,ok,kernel_interval,9312.0,8736.0,17311.0,3921.877909029465
100000,float32,0,50,1,ok,context_init,191173806.0,191173806.0,191173806.0,0
100000,float32,0,50,1,ok,first_query,526299.0,526299.0,526299.0,0
100000,float32,0,50,2,ok,cpu,582619.0,573699.0,588568.0,4815.889355634563
100000,float32,0,50,2,ok,gpu_fresh_handle,158037.0,150047.0,159367.0,3882.85118609165
100000,float32,0,50,2,ok,gpu_reused_handle,126357.0,123077.0,133627.0,3674.3858897326863
100000,float32,0,50,2,ok,kernel_interval,27615.0,20095.0,30944.0,4238.828836454936
100000,float32,0,50,2,ok,context_init,190274496.0,190274496.0,190274496.0,0
100000,float32,0,50,2,ok,first_query,554209.0,554209.0,554209.0,0
100000,float32,0,50,4,ok,cpu,1063099.0,1056350.0,1293275.0,87761.70108961458
100000,float32,0,50,4,ok,gpu_fresh_handle,207946.0,201796.0,253156.0,17995.49268963918
100000,float32,0,50,4,ok,gpu_reused_handle,171026.0,168847.0,200696.0,11318.615925818425
100000,float32,0,50,4,ok,kernel_interval,51487.0,45471.0,274333.0,84948.61507769887
100000,float32,0,50,4,ok,context_init,190187708.0,190187708.0,190187708.0,0
100000,float32,0,50,4,ok,first_query,609828.0,609828.0,609828.0,0
100000,float32,0,99,1,ok,cpu,1026790.0,1018630.0,1039450.0,6849.332859413946
100000,float32,0,99,1,ok,gpu_fresh_handle,132397.0,124727.0,137327.0,5225.335455169134
100000,float32,0,99,1,ok,gpu_reused_handle,101738.0,100888.0,109418.0,3470.0665562438285
100000,float32,0,99,1,ok,kernel_interval,9983.0,9088.0,18303.0,4031.33217967177
100000,float32,0,99,1,ok,context_init,186678348.0,186678348.0,186678348.0,0
100000,float32,0,99,1,ok,first_query,521419.0,521419.0,521419.0,0
100000,float32,0,99,2,ok,cpu,1059920.0,1049059.0,1359383.0,114867.98063988813
100000,float32,0,99,2,ok,gpu_fresh_handle,159377.0,152587.0,166196.0,4601.940403372308
100000,float32,0,99,2,ok,gpu_reused_handle,128927.0,125278.0,133987.0,3410.702099205354
100000,float32,0,99,2,ok,kernel_interval,29183.0,21248.0,31038.0,3844.5487567277833
100000,float32,0,99,2,ok,context_init,191906437.0,191906437.0,191906437.0,0
100000,float32,0,99,2,ok,first_query,558899.0,558899.0,558899.0,0
100000,float32,0,99,4,ok,cpu,2022080.0,1981121.0,2275085.0,103169.44890624864
100000,float32,0,99,4,ok,gpu_fresh_handle,230685.0,210436.0,272535.0,24597.461304351058
100000,float32,0,99,4,ok,gpu_reused_handle,179907.0,178827.0,181537.0,1034.7457704788212
100000,float32,0,99,4,ok,kernel_interval,46334.0,44542.0,52157.0,2538.2769371216787
100000,float32,0,99,4,ok,context_init,189178271.0,189178271.0,189178271.0,0
100000,float32,0,99,4,ok,first_query,611468.0,611468.0,611468.0,0
100000,float32,10,1,1,ok,cpu,134577.0,132217.0,148797.0,6102.457604074264
100000,float32,10,1,1,ok,gpu_fresh_handle,130277.0,125328.0,178796.0,18835.011651304118
100000,float32,10,1,1,ok,gpu_reused_handle,101438.0,99738.0,313574.0,89657.75270783363
100000,float32,10,1,1,ok,kernel_interval,8736.0,6719.0,8736.0,795.3791249341111
100000,float32,10,1,1,ok,context_init,185800171.0,185800171.0,185800171.0,0
100000,float32,10,1,1,ok,first_query,524270.0,524270.0,524270.0,0
100000,float32,10,1,2,ok,cpu,150617.0,141447.0,153267.0,4648.291544827442
100000,float32,10,1,2,ok,gpu_fresh_handle,157637.0,151367.0,162087.0,3159.999570524383
100000,float32,10,1,2,ok,gpu_reused_handle,127318.0,126007.0,137208.0,3936.051774485261
100000,float32,10,1,2,ok,kernel_interval,20480.0,19520.0,20959.0,440.8721334981812
100000,float32,10,1,2,ok,context_init,191602926.0,191602926.0,191602926.0,0
100000,float32,10,1,2,ok,first_query,562499.0,562499.0,562499.0,0
100000,float32,10,1,4,ok,cpu,255155.0,181446.0,798095.0,210273.51811696525
100000,float32,10,1,4,ok,gpu_fresh_handle,266025.0,233625.0,447541.0,74982.7876614106
100000,float32,10,1,4,ok,gpu_reused_handle,217315.0,172297.0,451821.0,93690.03005021144
100000,float32,10,1,4,ok,kernel_interval,46142.0,40829.0,162302.0,44345.21427553211
100000,float32,10,1,4,ok,context_init,193012509.0,193012509.0,193012509.0,0
100000,float32,10,1,4,ok,first_query,1292844.0,1292844.0,1292844.0,0
100000,float32,10,50,1,ok,cpu,799384.0,787964.0,999220.0,75813.22540610042
100000,float32,10,50,1,ok,gpu_fresh_handle,130477.0,128178.0,138058.0,3403.2842401197727
100000,float32,10,50,1,ok,gpu_reused_handle,102108.0,101168.0,103088.0,660.5228808985167
100000,float32,10,50,1,ok,kernel_interval,8736.0,7712.0,8736.0,387.0356203614487
100000,float32,10,50,1,ok,context_init,190482272.0,190482272.0,190482272.0,0
100000,float32,10,50,1,ok,first_query,523800.0,523800.0,523800.0,0
100000,float32,10,50,2,ok,cpu,803114.0,788275.0,1067679.0,101966.94723361515
100000,float32,10,50,2,ok,gpu_fresh_handle,157267.0,152797.0,172166.0,7011.160952706899
100000,float32,10,50,2,ok,gpu_reused_handle,127917.0,126268.0,339713.0,79913.90653637677
100000,float32,10,50,2,ok,kernel_interval,20032.0,19199.0,21183.0,618.5748212817989
100000,float32,10,50,2,ok,context_init,192473473.0,192473473.0,192473473.0,0
100000,float32,10,50,2,ok,first_query,567449.0,567449.0,567449.0,0
100000,float32,10,50,4,ok,cpu,1320014.0,1283705.0,1567199.0,99775.75977112257
100000,float32,10,50,4,ok,gpu_fresh_handle,209735.0,203357.0,297354.0,32990.10643828728
100000,float32,10,50,4,ok,gpu_reused_handle,175187.0,172657.0,180147.0,2382.0594630937085
100000,float32,10,50,4,ok,kernel_interval,43389.0,42429.0,44254.0,745.7271619030649
100000,float32,10,50,4,ok,context_init,186636700.0,186636700.0,186636700.0,0
100000,float32,10,50,4,ok,first_query,598299.0,598299.0,598299.0,0
100000,float32,10,99,1,ok,cpu,1435612.0,1424242.0,1463701.0,15525.3111693377
100000,float32,10,99,1,ok,gpu_fresh_handle,131048.0,126837.0,134048.0,2722.6071713568613
100000,float32,10,99,1,ok,gpu_reused_handle,103188.0,102158.0,307834.0,77329.35421454193
100000,float32,10,99,1,ok,kernel_interval,8736.0,7712.0,9759.0,608.4060752334352
100000,float32,10,99,1,ok,context_init,187027282.0,187027282.0,187027282.0,0
100000,float32,10,99,1,ok,first_query,531400.0,531400.0,531400.0,0
100000,float32,10,99,2,ok,cpu,1942462.0,1714336.0,2231657.0,158243.33128068785
100000,float32,10,99,2,ok,gpu_fresh_handle,210706.0,184887.0,356303.0,62988.47912836729
100000,float32,10,99,2,ok,gpu_reused_handle,150538.0,132767.0,172797.0,13171.499186103449
100000,float32,10,99,2,ok,kernel_interval,22303.0,21023.0,144734.0,46151.94778637398
100000,float32,10,99,2,ok,context_init,214644923.0,214644923.0,214644923.0,0
100000,float32,10,99,2,ok,first_query,884883.0,884883.0,884883.0,0
100000,float32,10,99,4,ok,cpu,3317125.0,2818475.0,3687628.0,285354.7244155697
100000,float32,10,99,4,ok,gpu_fresh_handle,277274.0,238016.0,422732.0,70863.7143829115
100000,float32,10,99,4,ok,gpu_reused_handle,201816.0,199597.0,239905.0,14633.095784491237
100000,float32,10,99,4,ok,kernel_interval,47039.0,44957.0,49726.0,1737.1453457845582
100000,float32,10,99,4,ok,context_init,209696782.0,209696782.0,209696782.0,0
100000,float32,10,99,4,ok,first_query,941842.0,941842.0,941842.0,0
100000,float32,50,1,1,ok,cpu,128187.0,126648.0,351403.0,83990.1420380477
100000,float32,50,1,1,ok,gpu_fresh_handle,132137.0,128048.0,134737.0,2231.3914727725173
100000,float32,50,1,1,ok,gpu_reused_handle,104308.0,101878.0,111418.0,3161.0109895712917
100000,float32,50,1,1,ok,kernel_interval,8736.0,7040.0,8736.0,691.3848077452616
100000,float32,50,1,1,ok,context_init,214056537.0,214056537.0,214056537.0,0
100000,float32,50,1,1,ok,first_query,574959.0,574959.0,574959.0,0
100000,float32,50,1,2,ok,cpu,135208.0,132087.0,141847.0,3455.010130231169
100000,float32,50,1,2,ok,gpu_fresh_handle,153937.0,149697.0,162877.0,4712.528893431697
100000,float32,50,1,2,ok,gpu_reused_handle,126577.0,123487.0,131108.0,2315.0467032211764
100000,float32,50,1,2,ok,kernel_interval,20063.0,19487.0,20736.0,451.7465576857807
100000,float32,50,1,2,ok,context_init,186256513.0,186256513.0,186256513.0,0
100000,float32,50,1,2,ok,first_query,560759.0,560759.0,560759.0,0
100000,float32,50,1,4,ok,cpu,168377.0,166597.0,177257.0,4618.121928106397
100000,float32,50,1,4,ok,gpu_fresh_handle,209226.0,205196.0,218266.0,4211.831408012886
100000,float32,50,1,4,ok,gpu_reused_handle,172736.0,168546.0,414292.0,91496.97073439878
100000,float32,50,1,4,ok,kernel_interval,43007.0,41277.0,43968.0,831.2123389248696
100000,float32,50,1,4,ok,context_init,188787503.0,188787503.0,188787503.0,0
100000,float32,50,1,4,ok,first_query,607048.0,607048.0,607048.0,0
100000,float32,50,50,1,ok,cpu,551299.0,541549.0,570439.0,10084.68759107211
100000,float32,50,50,1,ok,gpu_fresh_handle,133497.0,127068.0,234585.0,38974.29945367539
100000,float32,50,50,1,ok,gpu_reused_handle,102678.0,101538.0,109907.0,2834.828566245232
100000,float32,50,50,1,ok,kernel_interval,8736.0,8736.0,9759.0,386.6576558884395
100000,float32,50,50,1,ok,context_init,187140608.0,187140608.0,187140608.0,0
100000,float32,50,50,1,ok,first_query,519940.0,519940.0,519940.0,0
100000,float32,50,50,2,ok,cpu,560609.0,554819.0,570248.0,5670.18166753563
100000,float32,50,50,2,ok,gpu_fresh_handle,156677.0,150477.0,161007.0,3500.179587229367
100000,float32,50,50,2,ok,gpu_reused_handle,126027.0,124778.0,329724.0,76823.68610594497
100000,float32,50,50,2,ok,kernel_interval,20032.0,19103.0,21504.0,763.7882404112256
100000,float32,50,50,2,ok,context_init,190296217.0,190296217.0,190296217.0,0
100000,float32,50,50,2,ok,first_query,555119.0,555119.0,555119.0,0
100000,float32,50,50,4,ok,cpu,843153.0,840983.0,863583.0,7990.250741044482
100000,float32,50,50,4,ok,gpu_fresh_handle,209106.0,201256.0,213906.0,3792.1755283867383
100000,float32,50,50,4,ok,gpu_reused_handle,174876.0,172366.0,179276.0,2415.767708006633
100000,float32,50,50,4,ok,kernel_interval,43486.0,42271.0,45696.0,1118.8473235135048
100000,float32,50,50,4,ok,context_init,191210649.0,191210649.0,191210649.0,0
100000,float32,50,50,4,ok,first_query,606258.0,606258.0,606258.0,0
100000,float32,50,99,1,ok,cpu,973810.0,967401.0,1238896.0,100765.45931801944
100000,float32,50,99,1,ok,gpu_fresh_handle,132387.0,127757.0,141987.0,5273.813985379173
100000,float32,50,99,1,ok,gpu_reused_handle,105568.0,101318.0,109908.0,3091.8533508006394
100000,float32,50,99,1,ok,kernel_interval,8736.0,8736.0,9759.0,392.2897981266983
100000,float32,50,99,1,ok,context_init,189783660.0,189783660.0,189783660.0,0
100000,float32,50,99,1,ok,first_query,520950.0,520950.0,520950.0,0
100000,float32,50,99,2,ok,cpu,980621.0,976651.0,1005651.0,10196.013459984764
100000,float32,50,99,2,ok,gpu_fresh_handle,161097.0,156997.0,164447.0,2348.110689367903
100000,float32,50,99,2,ok,gpu_reused_handle,129247.0,127838.0,134507.0,2393.6384239817644
100000,float32,50,99,2,ok,kernel_interval,20512.0,19712.0,20927.0,408.7596802406962
100000,float32,50,99,2,ok,context_init,191245382.0,191245382.0,191245382.0,0
100000,float32,50,99,2,ok,first_query,589139.0,589139.0,589139.0,0
100000,float32,50,99,4,ok,cpu,1544860.0,1526950.0,1777775.0,89433.50023048517
100000,float32,50,99,4,ok,gpu_fresh_handle,212406.0,203556.0,286925.0,29008.797978248895
100000,float32,50,99,4,ok,gpu_reused_handle,174467.0,173607.0,175986.0,892.0222077098861
100000,float32,50,99,4,ok,kernel_interval,43997.0,43518.0,47039.0,1247.051303026845
100000,float32,50,99,4,ok,context_init,188990687.0,188990687.0,188990687.0,0
100000,float32,50,99,4,ok,first_query,612658.0,612658.0,612658.0,0
100000,float64,0,1,1,ok,cpu,104408.0,101478.0,110588.0,3845.16928229744
100000,float64,0,1,1,ok,gpu_fresh_handle,171237.0,150677.0,180436.0,11272.73701500766
100000,float64,0,1,1,ok,gpu_reused_handle,141787.0,129557.0,149157.0,5797.05054316417
100000,float64,0,1,1,ok,kernel_interval,11264.0,10944.0,17759.0,3341.9228425734614
100000,float64,0,1,1,ok,context_init,188016277.0,188016277.0,188016277.0,0
100000,float64,0,1,1,ok,first_query,563519.0,563519.0,563519.0,0
100000,float64,0,1,2,ok,cpu,116198.0,114108.0,330724.0,80973.83249426646
100000,float64,0,1,2,ok,gpu_fresh_handle,199786.0,179476.0,231996.0,17461.955653308
100000,float64,0,1,2,ok,gpu_reused_handle,154197.0,152807.0,171977.0,7931.51880009059
100000,float64,0,1,2,ok,kernel_interval,25695.0,23935.0,30591.0,2605.5449206132166
100000,float64,0,1,2,ok,context_init,191571028.0,191571028.0,191571028.0,0
100000,float64,0,1,2,ok,first_query,606568.0,606568.0,606568.0,0
100000,float64,0,1,4,ok,cpu,144348.0,142197.0,155987.0,5513.102717293464
100000,float64,0,1,4,ok,gpu_fresh_handle,255435.0,233065.0,265805.0,12430.780102325878
100000,float64,0,1,4,ok,gpu_reused_handle,216996.0,200437.0,412782.0,76041.27206859131
100000,float64,0,1,4,ok,kernel_interval,52414.0,48446.0,250332.0,74749.02250738483
100000,float64,0,1,4,ok,context_init,190934323.0,190934323.0,190934323.0,0
100000,float64,0,1,4,ok,first_query,649018.0,649018.0,649018.0,0
100000,float64,0,50,1,ok,cpu,230885.0,220635.0,237115.0,6667.611837760775
100000,float64,0,50,1,ok,gpu_fresh_handle,169257.0,147697.0,176917.0,12431.391524607985
100000,float64,0,50,1,ok,gpu_reused_handle,140958.0,129628.0,150117.0,8275.474335419722
100000,float64,0,50,1,ok,kernel_interval,12095.0,11583.0,17343.0,2036.7081166384526
100000,float64,0,50,1,ok,context_init,186985130.0,186985130.0,186985130.0,0
100000,float64,0,50,1,ok,first_query,576218.0,576218.0,576218.0,0
100000,float64,0,50,2,ok,cpu,245345.0,234625.0,505110.0,98202.75892254758
100000,float64,0,50,2,ok,gpu_fresh_handle,198576.0,176386.0,201166.0,9142.885146906518
100000,float64,0,50,2,ok,gpu_reused_handle,167127.0,152927.0,173767.0,6763.366465923678
100000,float64,0,50,2,ok,kernel_interval,25247.0,23327.0,30399.0,3050.3491291201094
100000,float64,0,50,2,ok,context_init,189227707.0,189227707.0,189227707.0,0
100000,float64,0,50,2,ok,first_query,601658.0,601658.0,601658.0,0
100000,float64,0,50,4,ok,cpu,359323.0,352263.0,633148.0,103744.9253320029
100000,float64,0,50,4,ok,gpu_fresh_handle,257135.0,234866.0,267915.0,12038.073238093972
100000,float64,0,50,4,ok,gpu_reused_handle,224855.0,203046.0,240885.0,11978.662012889738
100000,float64,0,50,4,ok,kernel_interval,50814.0,47485.0,58271.0,4364.97196849124
100000,float64,0,50,4,ok,context_init,190728801.0,190728801.0,190728801.0,0
100000,float64,0,50,4,ok,first_query,663387.0,663387.0,663387.0,0
100000,float64,0,99,1,ok,cpu,336594.0,327543.0,591069.0,97304.23234958928
100000,float64,0,99,1,ok,gpu_fresh_handle,168917.0,151047.0,180806.0,9776.642706934095
100000,float64,0,99,1,ok,gpu_reused_handle,148427.0,128918.0,155027.0,8413.867416637959
100000,float64,0,99,1,ok,kernel_interval,11872.0,11231.0,17664.0,2859.7039307292935
100000,float64,0,99,1,ok,context_init,188022073.0,188022073.0,188022073.0,0
100000,float64,0,99,1,ok,first_query,633618.0,633618.0,633618.0,0
100000,float64,0,99,2,ok,cpu,345183.0,342063.0,378743.0,13177.85311115007
100000,float64,0,99,2,ok,gpu_fresh_handle,195796.0,178656.0,207486.0,9689.609734634507
100000,float64,0,99,2,ok,gpu_reused_handle,171757.0,152227.0,175826.0,9849.282146914251
100000,float64,0,99,2,ok,kernel_interval,24607.0,23071.0,30078.0,2895.740895407138
100000,float64,0,99,2,ok,context_init,190135985.0,190135985.0,190135985.0,0
100000,float64,0,99,2,ok,first_query,755535.0,755535.0,755535.0,0
100000,float64,0,99,4,ok,cpu,565589.0,560560.0,585278.0,9550.839820964138
100000,float64,0,99,4,ok,gpu_fresh_handle,259745.0,248956.0,308104.0,20009.22805797841
100000,float64,0,99,4,ok,gpu_reused_handle,223066.0,202616.0,230246.0,9411.816787320886
100000,float64,0,99,4,ok,kernel_interval,53918.0,48415.0,258845.0,78168.89187278433
100000,float64,0,99,4,ok,context_init,185213731.0,185213731.0,185213731.0,0
100000,float64,0,99,4,ok,first_query,660487.0,660487.0,660487.0,0
100000,float64,10,1,1,ok,cpu,129168.0,126138.0,135657.0,3617.7977121052922
100000,float64,10,1,1,ok,gpu_fresh_handle,175716.0,149657.0,180466.0,13002.268913722786
100000,float64,10,1,1,ok,gpu_reused_handle,137198.0,128337.0,149007.0,7845.471107891603
100000,float64,10,1,1,ok,kernel_interval,9759.0,8736.0,11392.0,1134.1159342769822
100000,float64,10,1,1,ok,context_init,187426259.0,187426259.0,187426259.0,0
100000,float64,10,1,1,ok,first_query,556709.0,556709.0,556709.0,0
100000,float64,10,1,2,ok,cpu,138607.0,133797.0,147357.0,4791.528213320633
100000,float64,10,1,2,ok,gpu_fresh_handle,189657.0,181336.0,210716.0,12134.850100119942
100000,float64,10,1,2,ok,gpu_reused_handle,158167.0,156107.0,171887.0,6583.561418592596
100000,float64,10,1,2,ok,kernel_interval,23455.0,22175.0,24736.0,895.091695222977
100000,float64,10,1,2,ok,context_init,185743753.0,185743753.0,185743753.0,0
100000,float64,10,1,2,ok,first_query,583758.0,583758.0,583758.0,0
100000,float64,10,1,4,ok,cpu,161037.0,159966.0,171726.0,4451.380871894324
100000,float64,10,1,4,ok,gpu_fresh_handle,248135.0,235045.0,262065.0,10442.641519498882
100000,float64,10,1,4,ok,gpu_reused_handle,211936.0,205966.0,220165.0,6062.885699071029
100000,float64,10,1,4,ok,kernel_interval,48349.0,46143.0,50430.0,1802.1368533203126
100000,float64,10,1,4,ok,context_init,188993880.0,188993880.0,188993880.0,0
100000,float64,10,1,4,ok,first_query,673837.0,673837.0,673837.0,0
100000,float64,10,50,1,ok,cpu,438532.0,427562.0,501190.0,24991.820741042076
100000,float64,10,50,1,ok,gpu_fresh_handle,173527.0,153067.0,190806.0,12367.77713407285
100000,float64,10,50,1,ok,gpu_reused_handle,147717.0,137467.0,228805.0,31390.02748599352
100000,float64,10,50,1,ok,kernel_interval,10784.0,9119.0,10816.0,690.9727098187639
100000,float64,10,50,1,ok,context_init,188750897.0,188750897.0,188750897.0,0
100000,float64,10,50,1,ok,first_query,635208.0,635208.0,635208.0,0
100000,float64,10,50,2,ok,cpu,459401.0,450861.0,538280.0,32380.360008587217
100000,float64,10,50,2,ok,gpu_fresh_handle,197966.0,182816.0,210636.0,9429.371538922815
100000,float64,10,50,2,ok,gpu_reused_handle,169387.0,158507.0,173596.0,5902.928954179885
100000,float64,10,50,2,ok,kernel_interval,23327.0,21887.0,24799.0,881.4587206389623
100000,float64,10,50,2,ok,context_init,187176728.0,187176728.0,187176728.0,0
100000,float64,10,50,2,ok,first_query,606918.0,606918.0,606918.0,0
100000,float64,10,50,4,ok,cpu,591339.0,577139.0,881623.0,110550.03556265715
100000,float64,10,50,4,ok,gpu_fresh_handle,257765.0,237215.0,312924.0,25148.010407906833
100000,float64,10,50,4,ok,gpu_reused_handle,221036.0,200937.0,227556.0,8677.83563371157
100000,float64,10,50,4,ok,kernel_interval,48637.0,47903.0,49695.0,619.5834237999102
100000,float64,10,50,4,ok,context_init,190639731.0,190639731.0,190639731.0,0
100000,float64,10,50,4,ok,first_query,737876.0,737876.0,737876.0,0
100000,float64,10,99,1,ok,cpu,743316.0,739505.0,1147878.0,152406.96158390565
100000,float64,10,99,1,ok,gpu_fresh_handle,185367.0,166346.0,192046.0,9540.939845888199
100000,float64,10,99,1,ok,gpu_reused_handle,149307.0,137388.0,153117.0,5203.266341352095
100000,float64,10,99,1,ok,kernel_interval,10784.0,10784.0,11807.0,386.6576558884395
100000,float64,10,99,1,ok,context_init,186208830.0,186208830.0,186208830.0,0
100000,float64,10,99,1,ok,first_query,552349.0,552349.0,552349.0,0
100000,float64,10,99,2,ok,cpu,755156.0,744706.0,1004430.0,105021.27731990676
100000,float64,10,99,2,ok,gpu_fresh_handle,207846.0,197616.0,217465.0,7606.761199905052
100000,float64,10,99,2,ok,gpu_reused_handle,170727.0,157037.0,174786.0,5651.6345844534635
100000,float64,10,99,2,ok,kernel_interval,24319.0,23327.0,24608.0,445.74501572941796
100000,float64,10,99,2,ok,context_init,186017964.0,186017964.0,186017964.0,0
100000,float64,10,99,2,ok,first_query,594588.0,594588.0,594588.0,0
100000,float64,10,99,4,ok,cpu,1002451.0,992261.0,1244805.0,100654.90621590849
100000,float64,10,99,4,ok,gpu_fresh_handle,261535.0,258375.0,279405.0,7137.6553206350945
100000,float64,10,99,4,ok,gpu_reused_handle,221395.0,212866.0,237035.0,8630.329754225308
100000,float64,10,99,4,ok,kernel_interval,50911.0,48288.0,52735.0,1623.0864044130478
100000,float64,10,99,4,ok,context_init,187516078.0,187516078.0,187516078.0,0
100000,float64,10,99,4,ok,first_query,644328.0,644328.0,644328.0,0
100000,float64,50,1,1,ok,cpu,128708.0,123577.0,135527.0,4447.798738595039
100000,float64,50,1,1,ok,gpu_fresh_handle,170696.0,153547.0,178667.0,11201.358703725356
100000,float64,50,1,1,ok,gpu_reused_handle,145547.0,133977.0,153497.0,8040.733835854015
100000,float64,50,1,1,ok,kernel_interval,10784.0,8736.0,10784.0,805.8000165467029
100000,float64,50,1,1,ok,context_init,187462548.0,187462548.0,187462548.0,0
100000,float64,50,1,1,ok,first_query,636897.0,636897.0,636897.0,0
100000,float64,50,1,2,ok,cpu,132938.0,128568.0,339153.0,77175.2886171659
100000,float64,50,1,2,ok,gpu_fresh_handle,201346.0,179626.0,208966.0,11390.906774390578
100000,float64,50,1,2,ok,gpu_reused_handle,169567.0,157307.0,174006.0,7015.251429496138
100000,float64,50,1,2,ok,kernel_interval,23007.0,22751.0,24128.0,674.497802601525
100000,float64,50,1,2,ok,context_init,189049667.0,189049667.0,189049667.0,0
100000,float64,50,1,2,ok,first_query,622598.0,622598.0,622598.0,0
100000,float64,50,1,4,ok,cpu,159997.0,154197.0,173367.0,6173.88432180646
100000,float64,50,1,4,ok,gpu_fresh_handle,249265.0,231386.0,271505.0,15741.664465451458
100000,float64,50,1,4,ok,gpu_reused_handle,223446.0,204896.0,425981.0,79484.55338797416
100000,float64,50,1,4,ok,kernel_interval,48638.0,45437.0,51293.0,1966.4079652285498
100000,float64,50,1,4,ok,context_init,186050198.0,186050198.0,186050198.0,0
100000,float64,50,1,4,ok,first_query,662578.0,662578.0,662578.0,0
100000,float64,50,50,1,ok,cpu,349893.0,341594.0,353293.0,4718.427578073421
100000,float64,50,50,1,ok,gpu_fresh_handle,171817.0,156447.0,181627.0,10138.216770503297
100000,float64,50,50,1,ok,gpu_reused_handle,143427.0,131637.0,159997.0,8366.864918918469
100000,float64,50,50,1,ok,kernel_interval,10784.0,10784.0,11168.0,143.61854237627435
100000,float64,50,50,1,ok,context_init,188400903.0,188400903.0,188400903.0,0
100000,float64,50,50,1,ok,first_query,597299.0,597299.0,597299.0,0
100000,float64,50,50,2,ok,cpu,359523.0,351043.0,561799.0,77074.7750681734
100000,float64,50,50,2,ok,gpu_fresh_handle,211016.0,197686.0,354333.0,56236.19417751728
100000,float64,50,50,2,ok,gpu_reused_handle,169197.0,155977.0,174656.0,7010.075147345325
100000,float64,50,50,2,ok,kernel_interval,23615.0,22751.0,24736.0,770.7264971008415
100000,float64,50,50,2,ok,context_init,186216037.0,186216037.0,186216037.0,0
100000,float64,50,50,2,ok,first_query,589969.0,589969.0,589969.0,0
100000,float64,50,50,4,ok,cpu,441791.0,432831.0,682947.0,91567.7965306373
100000,float64,50,50,4,ok,gpu_fresh_handle,256995.0,231265.0,270474.0,15540.244758138693
100000,float64,50,50,4,ok,gpu_reused_handle,221756.0,212826.0,226585.0,5309.548025782914
100000,float64,50,50,4,ok,kernel_interval,48797.0,47743.0,51647.0,1240.8994625635376
100000,float64,50,50,4,ok,context_init,187051392.0,187051392.0,187051392.0,0
100000,float64,50,50,4,ok,first_query,642688.0,642688.0,642688.0,0
100000,float64,50,99,1,ok,cpu,565488.0,557080.0,609468.0,18290.875008359457
100000,float64,50,99,1,ok,gpu_fresh_handle,176747.0,155487.0,180776.0,10428.025871248525
100000,float64,50,99,1,ok,gpu_reused_handle,145407.0,132718.0,148618.0,6372.286817596512
100000,float64,50,99,1,ok,kernel_interval,10784.0,10784.0,11807.0,386.6576558884395
100000,float64,50,99,1,ok,context_init,186627420.0,186627420.0,186627420.0,0
100000,float64,50,99,1,ok,first_query,563189.0,563189.0,563189.0,0
100000,float64,50,99,2,ok,cpu,584438.0,574319.0,867113.0,107239.75649050523
100000,float64,50,99,2,ok,gpu_fresh_handle,198076.0,183776.0,214605.0,10447.043767314775
100000,float64,50,99,2,ok,gpu_reused_handle,172137.0,165667.0,184366.0,6475.872344251979
100000,float64,50,99,2,ok,kernel_interval,23680.0,23007.0,24416.0,538.653568322597
100000,float64,50,99,2,ok,context_init,189760923.0,189760923.0,189760923.0,0
100000,float64,50,99,2,ok,first_query,596708.0,596708.0,596708.0,0
100000,float64,50,99,4,ok,cpu,720716.0,713446.0,784415.0,25454.60230161401
100000,float64,50,99,4,ok,gpu_fresh_handle,258945.0,250225.0,269845.0,7629.155542110429
100000,float64,50,99,4,ok,gpu_reused_handle,222006.0,203686.0,224646.0,7769.773800102671
100000,float64,50,99,4,ok,kernel_interval,49247.0,46814.0,52000.0,2035.7031896105277
100000,float64,50,99,4,ok,context_init,189204193.0,189204193.0,189204193.0,0
100000,float64,50,99,4,ok,first_query,692336.0,692336.0,692336.0,0
250000,float32,0,1,1,ok,cpu,193857.0,193346.0,206566.0,5205.985588952485
250000,float32,0,1,1,ok,gpu_fresh_handle,193466.0,173387.0,203686.0,10835.558053618342
250000,float32,0,1,1,ok,gpu_reused_handle,165367.0,152197.0,170377.0,7945.244759333364
250000,float32,0,1,1,ok,kernel_interval,16480.0,15072.0,20447.0,1745.9299745953376
250000,float32,0,1,1,ok,context_init,187521157.0,187521157.0,187521157.0,0
250000,float32,0,1,1,ok,first_query,581699.0,581699.0,581699.0,0
250000,float32,0,1,2,ok,cpu,214916.0,208346.0,218616.0,3390.568522351658
250000,float32,0,1,2,ok,gpu_fresh_handle,228776.0,216416.0,441062.0,81606.55542499838
250000,float32,0,1,2,ok,gpu_reused_handle,184007.0,183436.0,204696.0,10120.540341776412
250000,float32,0,1,2,ok,kernel_interval,34943.0,31358.999999999996,37471.0,2343.4477449547144
250000,float32,0,1,2,ok,context_init,186657535.0,186657535.0,186657535.0,0
250000,float32,0,1,2,ok,first_query,633228.0,633228.0,633228.0,0
250000,float32,0,1,4,ok,cpu,275075.0,270395.0,278945.0,3210.608553796972
250000,float32,0,1,4,ok,gpu_fresh_handle,298944.0,278235.0,308364.0,13436.603464665714
250000,float32,0,1,4,ok,gpu_reused_handle,260095.0,247095.0,272205.0,9661.647752102863
250000,float32,0,1,4,ok,kernel_interval,65566.0,63486.0,68319.0,1833.047163812733
250000,float32,0,1,4,ok,context_init,188752085.0,188752085.0,188752085.0,0
250000,float32,0,1,4,ok,first_query,696496.0,696496.0,696496.0,0
250000,float32,0,50,1,ok,cpu,1345764.0,1334064.0,1395273.0,20176.69483882451
250000,float32,0,50,1,ok,gpu_fresh_handle,195386.0,189067.0,248425.0,20580.439432580035
250000,float32,0,50,1,ok,gpu_reused_handle,165357.0,152767.0,586478.0,159580.0932078876
250000,float32,0,50,1,ok,kernel_interval,15680.0,15168.0,20800.0,1969.6397301706388
250000,float32,0,50,1,ok,context_init,187020081.0,187020081.0,187020081.0,0
250000,float32,0,50,1,ok,first_query,570439.0,570439.0,570439.0,0
250000,float32,0,50,2,ok,cpu,1343274.0,1337254.0,1353604.0,5651.817377327992
250000,float32,0,50,2,ok,gpu_fresh_handle,234955.0,219296.0,266195.0,15431.466995041255
250000,float32,0,50,2,ok,gpu_reused_handle,202596.0,182506.0,312744.0,43978.68380412103
250000,float32,0,50,2,ok,kernel_interval,32671.0,31168.0,56799.0,9183.829551886034
250000,float32,0,50,2,ok,context_init,191572813.0,191572813.0,191572813.0,0
250000,float32,0,50,2,ok,first_query,684307.0,684307.0,684307.0,0
250000,float32,0,50,4,ok,cpu,2510751.0,2495251.0,2528942.0,11664.37207707217
250000,float32,0,50,4,ok,gpu_fresh_handle,308134.0,298904.0,319803.0,7386.418853286786
250000,float32,0,50,4,ok,gpu_reused_handle,267755.0,262575.0,272875.0,3991.211177909115
250000,float32,0,50,4,ok,kernel_interval,65436.99999999999,64733.0,96191.0,11598.933801575615
250000,float32,0,50,4,ok,context_init,187136081.0,187136081.0,187136081.0,0
250000,float32,0,50,4,ok,first_query,676867.0,676867.0,676867.0,0
250000,float32,0,99,1,ok,cpu,2498052.0,2482492.0,2606610.0,41749.47085093814
250000,float32,0,99,1,ok,gpu_fresh_handle,200126.0,192917.0,206156.0,5524.38228824424
250000,float32,0,99,1,ok,gpu_reused_handle,165427.0,163557.0,178617.0,5257.599592607873
250000,float32,0,99,1,ok,kernel_interval,16256.0,15072.0,18495.0,1393.1228025041953
250000,float32,0,99,1,ok,context_init,188957556.0,188957556.0,188957556.0,0
250000,float32,0,99,1,ok,first_query,559759.0,559759.0,559759.0,0
250000,float32,0,99,2,ok,cpu,2476023.0,2459623.0,2557611.0,32429.33892253095
250000,float32,0,99,2,ok,gpu_fresh_handle,235615.0,225516.0,243115.0,5548.721015221608
250000,float32,0,99,2,ok,gpu_reused_handle,200006.0,196907.0,201526.0,1879.904822818736
250000,float32,0,99,2,ok,kernel_interval,33376.0,31392.000000000004,63615.00000000001,11563.379449179827
250000,float32,0,99,2,ok,context_init,187675201.0,187675201.0,187675201.0,0
250000,float32,0,99,2,ok,first_query,607118.0,607118.0,607118.0,0
250000,float32,0,99,4,ok,cpu,4871176.0,4778898.0,4898636.0,44464.55923113427
250000,float32,0,99,4,ok,gpu_fresh_handle,318593.0,302685.0,369743.0,27169.98976637205
250000,float32,0,99,4,ok,gpu_reused_handle,271245.0,266214.0,281874.0,5349.429591309802
250000,float32,0,99,4,ok,kernel_interval,68862.0,67550.0,283998.0,81261.9653255533
250000,float32,0,99,4,ok,context_init,190256934.0,190256934.0,190256934.0,0
250000,float32,0,99,4,ok,first_query,679977.0,679977.0,679977.0,0
250000,float32,10,1,1,ok,cpu,252185.0,247226.0,266015.0,7295.98592508563
250000,float32,10,1,1,ok,gpu_fresh_handle,198126.0,175786.0,203376.0,10694.739795138275
250000,float32,10,1,1,ok,gpu_reused_handle,167367.0,157427.0,174346.0,6726.971741394772
250000,float32,10,1,1,ok,kernel_interval,13984.0,12063.0,14303.0,1032.4858121935392
250000,float32,10,1,1,ok,context_init,186574475.0,186574475.0,186574475.0,0
250000,float32,10,1,1,ok,first_query,566228.0,566228.0,566228.0,0
250000,float32,10,1,2,ok,cpu,285145.0,269624.0,495641.0,81123.17544884916
250000,float32,10,1,2,ok,gpu_fresh_handle,233206.0,217286.0,289265.0,28163.98926356306
250000,float32,10,1,2,ok,gpu_reused_handle,203236.0,191056.0,214306.0,7948.786738807855
250000,float32,10,1,2,ok,kernel_interval,29248.0,28127.0,30975.0,1213.2501606762523
250000,float32,10,1,2,ok,context_init,189960163.0,189960163.0,189960163.0,0
250000,float32,10,1,2,ok,first_query,624228.0,624228.0,624228.0,0
250000,float32,10,1,4,ok,cpu,327504.0,321744.0,519690.0,72830.86449177332
250000,float32,10,1,4,ok,gpu_fresh_handle,298004.0,280514.0,406642.0,43119.546135189805
250000,float32,10,1,4,ok,gpu_reused_handle,267865.0,253715.0,465451.0,77342.01366964911
250000,float32,10,1,4,ok,kernel_interval,60735.0,57790.0,63070.0,1866.0474142906853
250000,float32,10,1,4,ok,context_init,186082537.0,186082537.0,186082537.0,0
250000,float32,10,1,4,ok,first_query,685737.0,685737.0,685737.0,0
250000,float32,10,50,1,ok,cpu,1884424.0,1872044.0,2118709.0,89376.2959154799
250000,float32,10,50,1,ok,gpu_fresh_handle,208706.0,192077.0,263815.0,28126.03224095158
250000,float32,10,50,1,ok,gpu_reused_handle,174766.0,166237.0,183067.0,5628.552740481425
250000,float32,10,50,1,ok,kernel_interval,14399.0,12736.0,15552.0,893.3337775407566
250000,float32,10,50,1,ok,context_init,186857084.0,186857084.0,186857084.0,0
250000,float32,10,50,1,ok,first_query,573039.0,573039.0,573039.0,0
250000,float32,10,50,2,ok,cpu,1874414.0,1869344.0,2110009.0,87510.78395451233
250000,float32,10,50,2,ok,gpu_fresh_handle,242375.0,228226.0,293095.0,21237.453915418482
250000,float32,10,50,2,ok,gpu_reused_handle,206136.0,202096.0,209296.0,2782.8223083768753
250000,float32,10,50,2,ok,kernel_interval,31424.0,29918.0,34655.0,1554.8410116242019
250000,float32,10,50,2,ok,context_init,189564644.0,189564644.0,189564644.0,0
250000,float32,10,50,2,ok,first_query,610648.0,610648.0,610648.0,0
250000,float32,10,50,4,ok,cpu,3113160.0,3104640.0,3165789.0,21500.05930778088
250000,float32,10,50,4,ok,gpu_fresh_handle,308054.0,297034.0,319934.0,8503.838357443292
250000,float32,10,50,4,ok,gpu_reused_handle,273275.0,267005.0,276205.0,3756.3856741997797
250000,float32,10,50,4,ok,kernel_interval,66910.0,62909.99999999999,67740.0,1866.3420423511939
250000,float32,10,50,4,ok,context_init,186919885.0,186919885.0,186919885.0,0
250000,float32,10,50,4,ok,first_query,734676.0,734676.0,734676.0,0
250000,float32,10,99,1,ok,cpu,3465524.0,3461723.0,3760878.0,110613.15549504691
250000,float32,10,99,1,ok,gpu_fresh_handle,205056.0,192436.0,256445.0,21279.727143121792
250000,float32,10,99,1,ok,gpu_reused_handle,172467.0,168756.0,176797.0,3253.550390397718
250000,float32,10,99,1,ok,kernel_interval,14783.0,13695.0,16799.0,1104.0414717883434
250000,float32,10,99,1,ok,context_init,189336160.0,189336160.0,189336160.0,0
250000,float32,10,99,1,ok,first_query,633098.0,633098.0,633098.0,0
250000,float32,10,99,2,ok,cpu,3503093.0,3481944.0,4021423.0,196900.2768295957
250000,float32,10,99,2,ok,gpu_fresh_handle,239356.0,233835.0,293264.0,20915.52182789933
250000,float32,10,99,2,ok,gpu_reused_handle,207006.0,202346.0,210016.0,3041.298281671043
250000,float32,10,99,2,ok,kernel_interval,32574.0,30463.0,33375.0,910.4859246839673
250000,float32,10,99,2,ok,context_init,187941527.0,187941527.0,187941527.0,0
250000,float32,10,99,2,ok,first_query,650568.0,650568.0,650568.0,0
250000,float32,10,99,4,ok,cpu,5868277.0,5856828.0,5891417.0,12349.291213514663
250000,float32,10,99,4,ok,gpu_fresh_handle,314114.0,305814.0,368583.0,21683.39345147407
250000,float32,10,99,4,ok,gpu_reused_handle,270045.0,266585.0,276565.0,3626.200293892847
250000,float32,10,99,4,ok,kernel_interval,67070.0,65532.99999999999,67773.0,887.3415083162488
250000,float32,10,99,4,ok,context_init,191503522.0,191503522.0,191503522.0,0
250000,float32,10,99,4,ok,first_query,681727.0,681727.0,681727.0,0
250000,float32,50,1,1,ok,cpu,238395.0,234585.0,435782.0,74326.77758129333
250000,float32,50,1,1,ok,gpu_fresh_handle,197526.0,175366.0,199736.0,9617.389886975325
250000,float32,50,1,1,ok,gpu_reused_handle,161747.0,156977.0,173176.0,7287.98215917005
250000,float32,50,1,1,ok,kernel_interval,12799.0,12095.0,14112.0,813.9827422998013
250000,float32,50,1,1,ok,context_init,191284846.0,191284846.0,191284846.0,0
250000,float32,50,1,1,ok,first_query,606429.0,606429.0,606429.0,0
250000,float32,50,1,2,ok,cpu,257815.0,253596.0,466881.0,79000.40267377786
250000,float32,50,1,2,ok,gpu_fresh_handle,234935.0,211726.0,245085.0,12450.720243079457
250000,float32,50,1,2,ok,gpu_reused_handle,200066.0,190446.0,210196.0,8199.50774654883
250000,float32,50,1,2,ok,kernel_interval,30239.0,28895.0,30751.0,768.0617224701473
250000,float32,50,1,2,ok,context_init,187411422.0,187411422.0,187411422.0,0
250000,float32,50,1,2,ok,first_query,638747.0,638747.0,638747.0,0
250000,float32,50,1,4,ok,cpu,297504.0,294644.0,315054.0,8050.053534279254
250000,float32,50,1,4,ok,gpu_fresh_handle,302334.0,277805.0,307634.0,13416.524841013183
250000,float32,50,1,4,ok,gpu_reused_handle,261705.0,249255.0,267865.0,7086.256315673923
250000,float32,50,1,4,ok,kernel_interval,61375.0,58431.0,63741.99999999999,1758.652216627157
250000,float32,50,1,4,ok,context_init,189413674.0,189413674.0,189413674.0,0
250000,float32,50,1,4,ok,first_query,699117.0,699117.0,699117.0,0
250000,float32,50,50,1,ok,cpu,1280865.0,1277696.0,1512521.0,86867.21776065002
250000,float32,50,50,1,ok,gpu_fresh_handle,199676.0,185526.0,242835.0,18373.588385039464
250000,float32,50,50,1,ok,gpu_reused_handle,169497.0,158077.0,286175.0,44726.003863205
250000,float32,50,50,1,ok,kernel_interval,14623.0,14112.0,22719.0,3090.2863867902197
250000,float32,50,50,1,ok,context_init,186473431.0,186473431.0,186473431.0,0
250000,float32,50,50,1,ok,first_query,573079.0,573079.0,573079.0,0
250000,float32,50,50,2,ok,cpu,1291305.0,1280865.0,1306135.0,8838.877595195961
250000,float32,50,50,2,ok,gpu_fresh_handle,232436.0,217416.0,293765.0,24981.66414831181
250000,float32,50,50,2,ok,gpu_reused_handle,202416.0,188426.0,208316.0,6093.649914929007
250000,float32,50,50,2,ok,kernel_interval,32159.0,28446.0,33024.0,1559.6241458090074
250000,float32,50,50,2,ok,context_init,189216772.0,189216772.0,189216772.0,0
250000,float32,50,50,2,ok,first_query,608688.0,608688.0,608688.0,0
250000,float32,50,50,4,ok,cpu,1999941.0,1993872.0,2231297.0,87254.88128411362
250000,float32,50,50,4,ok,gpu_fresh_handle,323024.0,307184.0,364223.0,18147.697264391423
250000,float32,50,50,4,ok,gpu_reused_handle,278934.0,274425.0,283234.0,3305.637075692139
250000,float32,50,50,4,ok,kernel_interval,65789.0,63807.0,67485.0,1356.7942258974172
250000,float32,50,50,4,ok,context_init,189043945.0,189043945.0,189043945.0,0
250000,float32,50,50,4,ok,first_query,881254.0,881254.0,881254.0,0
250000,float32,50,99,1,ok,cpu,2343376.0,2332725.0,2378034.0,15390.992309975152
250000,float32,50,99,1,ok,gpu_fresh_handle,208716.0,199366.0,351943.0,56188.783348127916
250000,float32,50,99,1,ok,gpu_reused_handle,173327.0,167787.0,177537.0,3751.3945724350615
250000,float32,50,99,1,ok,kernel_interval,14560.0,13535.0,16543.0,1006.3252811236392
250000,float32,50,99,1,ok,context_init,186339488.0,186339488.0,186339488.0,0
250000,float32,50,99,1,ok,first_query,639138.0,639138.0,639138.0,0
250000,float32,50,99,2,ok,cpu,2350994.0,2343345.0,2588280.0,116188.57002017596
250000,float32,50,99,2,ok,gpu_fresh_handle,242655.0,232565.0,244196.0,5104.710551003241
250000,float32,50,99,2,ok,gpu_reused_handle,205826.0,202346.0,209406.0,2962.5681667865706
250000,float32,50,99,2,ok,kernel_interval,32159.0,30719.0,32991.0,748.7206230821826
250000,float32,50,99,2,ok,context_init,187504427.0,187504427.0,187504427.0,0
250000,float32,50,99,2,ok,first_query,603908.0,603908.0,603908.0,0
250000,float32,50,99,4,ok,cpu,3694069.0,3675049.0,3703209.0,9625.237399669682
250000,float32,50,99,4,ok,gpu_fresh_handle,313594.0,299934.0,364763.0,21574.716775716453
250000,float32,50,99,4,ok,gpu_reused_handle,271675.0,269205.0,283214.0,4630.499535944362
250000,float32,50,99,4,ok,kernel_interval,67519.0,65503.00000000001,67806.0,988.0006747636004
250000,float32,50,99,4,ok,context_init,187400579.0,187400579.0,187400579.0,0
250000,float32,50,99,4,ok,first_query,677427.0,677427.0,677427.0,0
250000,float64,0,1,1,ok,cpu,186597.0,180817.0,380723.0,73546.75161387063
250000,float64,0,1,1,ok,gpu_fresh_handle,243406.0,234315.0,258935.0,7619.589462131708
250000,float64,0,1,1,ok,gpu_reused_handle,208665.0,207206.0,225236.0,8719.766576168031
250000,float64,0,1,1,ok,kernel_interval,19743.0,17823.0,24992.0,3106.018290198501
250000,float64,0,1,1,ok,context_init,189667568.0,189667568.0,189667568.0,0
250000,float64,0,1,1,ok,first_query,667678.0,667678.0,667678.0,0
250000,float64,0,1,2,ok,cpu,199226.0,193386.0,205456.0,4174.4847586259075
250000,float64,0,1,2,ok,gpu_fresh_handle,281925.0,267535.0,475821.0,74500.56397197848
250000,float64,0,1,2,ok,gpu_reused_handle,238486.0,237335.0,257375.0,9094.489186943298
250000,float64,0,1,2,ok,kernel_interval,37247.0,34527.0,43230.0,3024.8528181431525
250000,float64,0,1,2,ok,context_init,188885233.0,188885233.0,188885233.0,0
250000,float64,0,1,2,ok,first_query,696157.0,696157.0,696157.0,0
250000,float64,0,1,4,ok,cpu,237685.0,235385.0,245266.0,3948.4215411562463
250000,float64,0,1,4,ok,gpu_fresh_handle,347574.0,331884.0,374412.0,16693.286064135114
250000,float64,0,1,4,ok,gpu_reused_handle,307004.0,304824.0,329214.0,11021.519584539192
250000,float64,0,1,4,ok,kernel_interval,72351.0,71100.0,80927.0,3488.8275490007622
250000,float64,0,1,4,ok,context_init,188933375.0,188933375.0,188933375.0,0
250000,float64,0,1,4,ok,first_query,784685.0,784685.0,784685.0,0
250000,float64,0,50,1,ok,cpu,487621.0,477871.0,546499.0,24177.101979824984
250000,float64,0,50,1,ok,gpu_fresh_handle,243606.0,234336.0,261555.0,10272.084999555604
250000,float64,0,50,1,ok,gpu_reused_handle,208136.0,206936.0,231306.0,9692.56080713451
250000,float64,0,50,1,ok,kernel_interval,19743.0,16831.0,26752.0,4500.136913261111
250000,float64,0,50,1,ok,context_init,190636072.0,190636072.0,190636072.0,0
250000,float64,0,50,1,ok,first_query,704877.0,704877.0,704877.0,0
250000,float64,0,50,2,ok,cpu,499601.0,497681.0,537210.0,14940.875151265882
250000,float64,0,50,2,ok,gpu_fresh_handle,279754.0,267054.0,303334.0,13043.71272554968
250000,float64,0,50,2,ok,gpu_reused_handle,240196.0,238426.0,260305.0,9339.870107182842
250000,float64,0,50,2,ok,kernel_interval,38368.0,35550.0,45439.0,3748.692483164408
250000,float64,0,50,2,ok,context_init,188862559.0,188862559.0,188862559.0,0
250000,float64,0,50,2,ok,first_query,726636.0,726636.0,726636.0,0
250000,float64,0,50,4,ok,cpu,795845.0,787945.0,873243.0,29936.480502970986
250000,float64,0,50,4,ok,gpu_fresh_handle,344524.0,340064.0,438942.0,35535.23795909525
250000,float64,0,50,4,ok,gpu_reused_handle,303804.0,302104.0,331634.0,13118.425397309004
250000,float64,0,50,4,ok,kernel_interval,77151.0,72925.0,82495.0,3478.613838599398
250000,float64,0,50,4,ok,context_init,189743933.0,189743933.0,189743933.0,0
250000,float64,0,50,4,ok,first_query,779565.0,779565.0,779565.0,0
250000,float64,0,99,1,ok,cpu,754406.0,745265.0,968791.0,81948.0790663617
250000,float64,0,99,1,ok,gpu_fresh_handle,244765.0,233016.0,292005.0,19655.533240092493
250000,float64,0,99,1,ok,gpu_reused_handle,213196.0,209556.0,233165.0,10353.239435535324
250000,float64,0,99,1,ok,kernel_interval,21536.0,18719.0,27103.0,3811.802061017984
250000,float64,0,99,1,ok,context_init,190281233.0,190281233.0,190281233.0,0
250000,float64,0,99,1,ok,first_query,661488.0,661488.0,661488.0,0
250000,float64,0,99,2,ok,cpu,773146.0,764846.0,987951.0,81665.91537652483
250000,float64,0,99,2,ok,gpu_fresh_handle,276684.0,267205.0,301434.0,12973.186112314967
250000,float64,0,99,2,ok,gpu_reused_handle,241116.0,238305.0,274915.0,15078.222463760994
250000,float64,0,99,2,ok,kernel_interval,39423.0,38239.0,46078.0,3704.201623382111
250000,float64,0,99,2,ok,context_init,190312194.0,190312194.0,190312194.0,0
250000,float64,0,99,2,ok,first_query,747836.0,747836.0,747836.0,0
250000,float64,0,99,4,ok,cpu,1321985.0,1297545.0,1540371.0,84248.42367806115
250000,float64,0,99,4,ok,gpu_fresh_handle,346783.0,336393.0,397653.0,21875.29265110363
250000,float64,0,99,4,ok,gpu_reused_handle,311144.0,304454.0,328383.0,9047.661057922518
250000,float64,0,99,4,ok,kernel_interval,77533.0,73438.0,84863.0,4089.3384434113427
250000,float64,0,99,4,ok,context_init,186227812.0,186227812.0,186227812.0,0
250000,float64,0,99,4,ok,first_query,767645.0,767645.0,767645.0,0
250000,float64,10,1,1,ok,cpu,242105.0,236775.0,250326.0,4693.734050128249
250000,float64,10,1,1,ok,gpu_fresh_handle,253555.0,237595.0,270045.0,12050.312015324194
250000,float64,10,1,1,ok,gpu_reused_handle,212875.0,211166.0,225996.0,5348.734443104943
250000,float64,10,1,1,ok,kernel_interval,16031.0,14848.0,16351.000000000002,702.7306264375663
250000,float64,10,1,1,ok,context_init,189299797.0,189299797.0,189299797.0,0
250000,float64,10,1,1,ok,first_query,659307.0,659307.0,659307.0,0
250000,float64,10,1,2,ok,cpu,256405.0,251695.0,493270.0,89945.15420786264
250000,float64,10,1,2,ok,gpu_fresh_handle,276865.0,264785.0,299465.0,11661.861211005811
250000,float64,10,1,2,ok,gpu_reused_handle,246455.0,244365.0,295035.0,20403.26881257254
250000,float64,10,1,2,ok,kernel_interval,33855.0,30944.0,34719.0,1258.78439093323
250000,float64,10,1,2,ok,context_init,194219782.0,194219782.0,194219782.0,0
250000,float64,10,1,2,ok,first_query,702176.0,702176.0,702176.0,0
250000,float64,10,1,4,ok,cpu,289235.0,287185.0,485011.0,74151.84710540161
250000,float64,10,1,4,ok,gpu_fresh_handle,345673.0,339014.0,365533.0,11479.097618839956
250000,float64,10,1,4,ok,gpu_reused_handle,310124.0,308694.0,326043.0,7518.660889508754
250000,float64,10,1,4,ok,kernel_interval,71391.0,68670.0,72286.0,1197.357924766024
250000,float64,10,1,4,ok,context_init,189691269.0,189691269.0,189691269.0,0
250000,float64,10,1,4,ok,first_query,835134.0,835134.0,835134.0,0
250000,float64,10,50,1,ok,cpu,1037040.0,1026271.0,1254336.0,82879.18608576038
250000,float64,10,50,1,ok,gpu_fresh_handle,265105.0,255375.0,281615.0,9168.835448201176
250000,float64,10,50,1,ok,gpu_reused_handle,225655.0,221376.0,238535.0,6623.793999844874
250000,float64,10,50,1,ok,kernel_interval,18079.0,16160.0,18912.0,1057.174018202256
250000,float64,10,50,1,ok,context_init,190715303.0,190715303.0,190715303.0,0
250000,float64,10,50,1,ok,first_query,740296.0,740296.0,740296.0,0
250000,float64,10,50,2,ok,cpu,1036330.0,1031761.0,1090989.0,26136.56980444942
250000,float64,10,50,2,ok,gpu_fresh_handle,291124.0,274445.0,300134.0,9683.578185577398
250000,float64,10,50,2,ok,gpu_reused_handle,248785.0,245356.0,262875.0,6028.659074628058
250000,float64,10,50,2,ok,kernel_interval,36608.0,34911.0,38335.0,1262.2461083700111
250000,float64,10,50,2,ok,context_init,190618414.0,190618414.0,190618414.0,0
250000,float64,10,50,2,ok,first_query,738456.0,738456.0,738456.0,0
250000,float64,10,50,4,ok,cpu,1369284.0,1339735.0,1421832.0,26321.904038995646
250000,float64,10,50,4,ok,gpu_fresh_handle,370602.0,341944.0,491091.0,50767.634902751255
250000,float64,10,50,4,ok,gpu_reused_handle,314344.0,305575.0,340453.0,11948.745142323125
250000,float64,10,50,4,ok,kernel_interval,73470.0,72991.0,75838.0,1073.4164194401953
250000,float64,10,50,4,ok,context_init,188895780.0,188895780.0,188895780.0,0
250000,float64,10,50,4,ok,first_query,779745.0,779745.0,779745.0,0
250000,float64,10,99,1,ok,cpu,1847114.0,1781266.0,2017442.0,97777.82309715761
250000,float64,10,99,1,ok,gpu_fresh_handle,257335.0,251625.0,311515.0,21331.17989168505
250000,float64,10,99,1,ok,gpu_reused_handle,222946.0,213296.0,238056.0,11146.503024117774
250000,float64,10,99,1,ok,kernel_interval,17184.0,16607.0,18944.0,1057.1366087331426
250000,float64,10,99,1,ok,context_init,187900639.0,187900639.0,187900639.0,0
250000,float64,10,99,1,ok,first_query,668967.0,668967.0,668967.0,0
250000,float64,10,99,2,ok,cpu,1800736.0,1787626.0,1986542.0,70578.22705777644
250000,float64,10,99,2,ok,gpu_fresh_handle,290704.0,283905.0,334603.0,21484.047134693086
250000,float64,10,99,2,ok,gpu_reused_handle,246285.0,240315.0,265175.0,9055.166862336768
250000,float64,10,99,2,ok,kernel_interval,36959.0,35616.0,39391.0,1380.864687691841
250000,float64,10,99,2,ok,context_init,191577201.0,191577201.0,191577201.0,0
250000,float64,10,99,2,ok,first_query,704067.0,704067.0,704067.0,0
250000,float64,10,99,4,ok,cpu,2383824.0,2366925.0,2644230.0,97383.81943946873
250000,float64,10,99,4,ok,gpu_fresh_handle,369333.0,340934.0,376792.0,12500.581485522602
250000,float64,10,99,4,ok,gpu_reused_handle,330764.0,312074.0,373993.0,19174.66784091771
250000,float64,10,99,4,ok,kernel_interval,78365.0,73823.0,80414.0,2314.79296616144
250000,float64,10,99,4,ok,context_init,189311745.0,189311745.0,189311745.0,0
250000,float64,10,99,4,ok,first_query,790065.0,790065.0,790065.0,0
250000,float64,50,1,1,ok,cpu,239735.0,232766.0,242336.0,3209.0145794976643
250000,float64,50,1,1,ok,gpu_fresh_handle,253405.0,239836.0,448412.0,75379.25332609762
250000,float64,50,1,1,ok,gpu_reused_handle,213816.0,212706.0,231005.0,7647.222172291123
250000,float64,50,1,1,ok,kernel_interval,16192.000000000002,14783.0,17023.0,687.3376171867799
250000,float64,50,1,1,ok,context_init,189321405.0,189321405.0,189321405.0,0
250000,float64,50,1,1,ok,first_query,658038.0,658038.0,658038.0,0
250000,float64,50,1,2,ok,cpu,254436.0,243025.0,258556.0,6404.208679417295
250000,float64,50,1,2,ok,gpu_fresh_handle,271915.0,265035.0,298495.0,13498.591060516192
250000,float64,50,1,2,ok,gpu_reused_handle,247505.0,243695.0,266095.0,8537.344853223229
250000,float64,50,1,2,ok,kernel_interval,35231.0,33440.0,36286.0,853.9000443343973
250000,float64,50,1,2,ok,context_init,192555606.0,192555606.0,192555606.0,0
250000,float64,50,1,2,ok,first_query,707467.0,707467.0,707467.0,0
250000,float64,50,1,4,ok,cpu,289304.0,284745.0,294984.0,3501.959757458264
250000,float64,50,1,4,ok,gpu_fresh_handle,353553.0,337123.0,500141.0,57694.802498021556
250000,float64,50,1,4,ok,gpu_reused_handle,310894.0,309464.0,330704.0,9683.8169447304
250000,float64,50,1,4,ok,kernel_interval,70751.0,66784.0,72094.0,1971.5563105613508
250000,float64,50,1,4,ok,context_init,188241787.0,188241787.0,188241787.0,0
250000,float64,50,1,4,ok,first_query,771245.0,771245.0,771245.0,0
250000,float64,50,50,1,ok,cpu,806365.0,798665.0,985472.0,68430.27902840059
250000,float64,50,50,1,ok,gpu_fresh_handle,242295.0,240765.0,269045.0,10989.600393532233
250000,float64,50,50,1,ok,gpu_reused_handle,219526.0,212486.0,230255.0,7261.196159495119
250000,float64,50,50,1,ok,kernel_interval,16863.0,16160.0,18208.0,766.9180747207183
250000,float64,50,50,1,ok,context_init,190716623.0,190716623.0,190716623.0,0
250000,float64,50,50,1,ok,first_query,704086.0,704086.0,704086.0,0
250000,float64,50,50,2,ok,cpu,808024.0,800195.0,1075549.0,101842.90094622628
250000,float64,50,50,2,ok,gpu_fresh_handle,284765.0,276855.0,304174.0,10054.81224517466
250000,float64,50,50,2,ok,gpu_reused_handle,248865.0,245936.0,271905.0,9730.326850576379
250000,float64,50,50,2,ok,kernel_interval,35806.0,34815.0,36767.0,672.8805526207739
250000,float64,50,50,2,ok,context_init,190728124.0,190728124.0,190728124.0,0
250000,float64,50,50,2,ok,first_query,723447.0,723447.0,723447.0,0
250000,float64,50,50,4,ok,cpu,1004281.0,993331.0,1018721.0,7944.125331697272
250000,float64,50,50,4,ok,gpu_fresh_handle,367623.0,352623.0,381963.0,10891.224477488637
250000,float64,50,50,4,ok,gpu_reused_handle,317404.0,316194.0,349144.0,12014.4577588044
250000,float64,50,50,4,ok,kernel_interval,75070.0,72318.0,81598.0,2944.332335990947
250000,float64,50,50,4,ok,context_init,188214792.0,188214792.0,188214792.0,0
250000,float64,50,50,4,ok,first_query,829174.0,829174.0,829174.0,0
250000,float64,50,99,1,ok,cpu,1328634.0,1315695.0,1380284.0,22594.255839756726
250000,float64,50,99,1,ok,gpu_fresh_handle,250536.0,238115.0,379633.0,49425.476003199576
250000,float64,50,99,1,ok,gpu_reused_handle,222666.0,212405.0,339583.0,45154.04510382315
250000,float64,50,99,1,ok,kernel_interval,18208.0,17184.0,19039.0,574.6202887041809
250000,float64,50,99,1,ok,context_init,187252732.0,187252732.0,187252732.0,0
250000,float64,50,99,1,ok,first_query,644918.0,644918.0,644918.0,0
250000,float64,50,99,2,ok,cpu,1354104.0,1344225.0,1364434.0,7328.456450875652
250000,float64,50,99,2,ok,gpu_fresh_handle,284105.0,273525.0,308164.0,12599.09207991176
250000,float64,50,99,2,ok,gpu_reused_handle,245705.0,244606.0,263585.0,7472.039547539882
250000,float64,50,99,2,ok,kernel_interval,37376.0,36192.0,40895.0,1564.0056935714172
250000,float64,50,99,2,ok,context_init,188340912.0,188340912.0,188340912.0,0
250000,float64,50,99,2,ok,first_query,694427.0,694427.0,694427.0,0
250000,float64,50,99,4,ok,cpu,1713238.0,1677869.0,1822386.0,46736.537689885576
250000,float64,50,99,4,ok,gpu_fresh_handle,349904.0,339944.0,376403.0,13367.61766893627
250000,float64,50,99,4,ok,gpu_reused_handle,311384.0,307404.0,339193.0,12704.731936228665
250000,float64,50,99,4,ok,kernel_interval,76732.0,74940.0,79199.0,1738.438612526715
250000,float64,50,99,4,ok,context_init,187547279.0,187547279.0,187547279.0,0
250000,float64,50,99,4,ok,first_query,1011541.0,1011541.0,1011541.0,0
500000,float32,0,1,1,ok,cpu,353983.0,349713.0,565289.0,79962.85011982573
500000,float32,0,1,1,ok,gpu_fresh_handle,235786.0,230136.0,258635.0,10832.599971514555
500000,float32,0,1,1,ok,gpu_reused_handle,210556.0,205606.0,237415.0,11752.614750607223
500000,float32,0,1,1,ok,kernel_interval,16063.0,14944.0,22560.0,3286.7964863765355
500000,float32,0,1,1,ok,context_init,189084290.0,189084290.0,189084290.0,0
500000,float32,0,1,1,ok,first_query,773895.0,773895.0,773895.0,0
500000,float32,0,1,2,ok,cpu,376033.0,368383.0,569969.0,74017.21025641846
500000,float32,0,1,2,ok,gpu_fresh_handle,271144.0,266235.0,286935.0,8366.714218229508
500000,float32,0,1,2,ok,gpu_reused_handle,242026.0,236926.0,261285.0,9917.62453797231
500000,float32,0,1,2,ok,kernel_interval,34783.0,32479.0,39839.0,3053.311286050574
500000,float32,0,1,2,ok,context_init,187123369.0,187123369.0,187123369.0,0
500000,float32,0,1,2,ok,first_query,691757.0,691757.0,691757.0,0
500000,float32,0,1,4,ok,cpu,490031.0,477541.0,687137.0,75120.56167350493
500000,float32,0,1,4,ok,gpu_fresh_handle,336443.0,332004.0,366133.0,13744.626683423114
500000,float32,0,1,4,ok,gpu_reused_handle,302055.0,301045.0,334844.0,12278.122056654072
500000,float32,0,1,4,ok,kernel_interval,69020.0,64957.0,73053.0,3180.90101042067
500000,float32,0,1,4,ok,context_init,188757429.0,188757429.0,188757429.0,0
500000,float32,0,1,4,ok,first_query,770015.0,770015.0,770015.0,0
500000,float32,0,50,1,ok,cpu,2656910.0,2614490.0,2754378.0,65533.957465903564
500000,float32,0,50,1,ok,gpu_fresh_handle,255405.0,232455.0,271974.0,15012.53642793249
500000,float32,0,50,1,ok,gpu_reused_handle,225516.0,206506.0,425021.0,79108.31029821138
500000,float32,0,50,1,ok,kernel_interval,17535.0,15744.000000000002,147712.0,49050.71816619047
500000,float32,0,50,1,ok,context_init,186900174.0,186900174.0,186900174.0,0
500000,float32,0,50,1,ok,first_query,642498.0,642498.0,642498.0,0
500000,float32,0,50,2,ok,cpu,2677999.0,2646780.0,2757748.0,35673.87201139952
500000,float32,0,50,2,ok,gpu_fresh_handle,286455.0,261425.0,303994.0,15219.260394394367
500000,float32,0,50,2,ok,gpu_reused_handle,255655.0,238766.0,261605.0,8304.661923682786
500000,float32,0,50,2,ok,kernel_interval,36542.0,32127.000000000004,74848.0,14954.687791872519
500000,float32,0,50,2,ok,context_init,188029025.0,188029025.0,188029025.0,0
500000,float32,0,50,2,ok,first_query,696697.0,696697.0,696697.0,0
500000,float32,0,50,4,ok,cpu,4992596.0,4967476.0,5096524.0,56464.948702291236
500000,float32,0,50,4,ok,gpu_fresh_handle,365803.0,351824.0,421962.0,22794.85989470099
500000,float32,0,50,4,ok,gpu_reused_handle,323454.0,303134.0,328204.0,8294.468997614069
500000,float32,0,50,4,ok,kernel_interval,71070.0,69920.0,74237.0,1470.0260120795401
500000,float32,0,50,4,ok,context_init,187785150.0,187785150.0,187785150.0,0
500000,float32,0,50,4,ok,first_query,771165.0,771165.0,771165.0,0
500000,float32,0,99,1,ok,cpu,4890788.0,4878427.0,5018025.0,57044.0825398176
500000,float32,0,99,1,ok,gpu_fresh_handle,269105.0,247016.0,318824.0,32222.651077715353
500000,float32,0,99,1,ok,gpu_reused_handle,223096.0,219856.0,230485.0,3372.0514880551923
500000,float32,0,99,1,ok,kernel_interval,17535.0,17279.0,78432.0,22653.828123888172
500000,float32,0,99,1,ok,context_init,188903092.0,188903092.0,188903092.0,0
500000,float32,0,99,1,ok,first_query,662557.0,662557.0,662557.0,0
500000,float32,0,99,2,ok,cpu,4907627.0,4895007.0,5015815.0,42854.533656367814
500000,float32,0,99,2,ok,gpu_fresh_handle,298424.0,284445.0,478701.0,85725.74005402067
500000,float32,0,99,2,ok,gpu_reused_handle,260805.0,255745.0,365124.0,49091.316531638506
500000,float32,0,99,2,ok,kernel_interval,37919.0,36096.0,38719.0,1080.9324457989742
500000,float32,0,99,2,ok,context_init,186736103.0,186736103.0,186736103.0,0
500000,float32,0,99,2,ok,first_query,683577.0,683577.0,683577.0,0
500000,float32,0,99,4,ok,cpu,9466530.0,9427562.0,9554438.0,50530.9526094556
500000,float32,0,99,4,ok,gpu_fresh_handle,363044.0,353354.0,437971.0,36103.498481053444
500000,float32,0,99,4,ok,gpu_reused_handle,328524.0,323363.0,332474.0,3776.982954435357
500000,float32,0,99,4,ok,kernel_interval,77503.0,75742.0,78752.0,1104.979594726484
500000,float32,0,99,4,ok,context_init,184210863.0,184210863.0,184210863.0,0
500000,float32,0,99,4,ok,first_query,773836.0,773836.0,773836.0,0
500000,float32,10,1,1,ok,cpu,467361.0,458241.0,486511.0,9444.952174120765
500000,float32,10,1,1,ok,gpu_fresh_handle,240276.0,230596.0,273085.0,16607.292794202822
500000,float32,10,1,1,ok,gpu_reused_handle,217926.0,212846.0,231266.0,7636.592405741489
500000,float32,10,1,1,ok,kernel_interval,14303.0,14047.0,14399.0,149.40182315455445
500000,float32,10,1,1,ok,context_init,184142174.0,184142174.0,184142174.0,0
500000,float32,10,1,1,ok,first_query,688187.0,688187.0,688187.0,0
500000,float32,10,1,2,ok,cpu,474970.0,472681.0,666057.0,71415.32881138401
500000,float32,10,1,2,ok,gpu_fresh_handle,285034.0,275205.0,373243.0,34749.387773298215
500000,float32,10,1,2,ok,gpu_reused_handle,249346.0,245265.0,340173.0,33866.536033446966
500000,float32,10,1,2,ok,kernel_interval,30655.0,29023.0,31744.0,814.2271240408352
500000,float32,10,1,2,ok,context_init,189551865.0,189551865.0,189551865.0,0
500000,float32,10,1,2,ok,first_query,677657.0,677657.0,677657.0,0
500000,float32,10,1,4,ok,cpu,602629.0,595729.0,814865.0,80491.14051129804
500000,float32,10,1,4,ok,gpu_fresh_handle,364763.0,351554.0,376813.0,9808.552130909124
500000,float32,10,1,4,ok,gpu_reused_handle,317174.0,304754.0,335064.0,10573.958741937216
500000,float32,10,1,4,ok,kernel_interval,64541.0,62014.0,64990.99999999999,1246.6278132473637
500000,float32,10,1,4,ok,context_init,188897388.0,188897388.0,188897388.0,0
500000,float32,10,1,4,ok,first_query,757705.0,757705.0,757705.0,0
500000,float32,10,50,1,ok,cpu,3720850.0,3708190.0,3740699.0,13082.216220430513
500000,float32,10,50,1,ok,gpu_fresh_handle,267524.0,256275.0,324464.0,23168.118041209746
500000,float32,10,50,1,ok,gpu_reused_handle,232485.0,215996.0,236566.0,7299.9232383439685
500000,float32,10,50,1,ok,kernel_interval,15359.0,14560.0,16543.0,801.8456685612741
500000,float32,10,50,1,ok,context_init,187761790.0,187761790.0,187761790.0,0
500000,float32,10,50,1,ok,first_query,676347.0,676347.0,676347.0,0
500000,float32,10,50,2,ok,cpu,3758229.0,3735440.0,3777589.0,14775.039016949531
500000,float32,10,50,2,ok,gpu_fresh_handle,313614.0,276344.0,429072.0,51244.449591661934
500000,float32,10,50,2,ok,gpu_reused_handle,271655.0,241506.0,274385.0,12599.051576172216
500000,float32,10,50,2,ok,kernel_interval,33503.0,32479.0,35294.0,1093.3769880947923
500000,float32,10,50,2,ok,context_init,191275705.0,191275705.0,191275705.0,0
500000,float32,10,50,2,ok,first_query,694927.0,694927.0,694927.0,0
500000,float32,10,50,4,ok,cpu,6198393.0,6157383.0,6749072.0,210956.6958752887
500000,float32,10,50,4,ok,gpu_fresh_handle,382833.0,359213.0,422932.0,21170.479665933748
500000,float32,10,50,4,ok,gpu_reused_handle,335094.0,330283.0,340853.0,4214.944477971323
500000,float32,10,50,4,ok,kernel_interval,68541.0,67551.0,69950.0,1046.7683602402205
500000,float32,10,50,4,ok,context_init,188261202.0,188261202.0,188261202.0,0
500000,float32,10,50,4,ok,first_query,783655.0,783655.0,783655.0,0
500000,float32,10,99,1,ok,cpu,6915400.0,6889250.0,8348503.0,540439.6871185623
500000,float32,10,99,1,ok,gpu_fresh_handle,266315.0,258325.0,321224.0,21837.77596930865
500000,float32,10,99,1,ok,gpu_reused_handle,234475.0,233376.0,247585.0,5015.312343689265
500000,float32,10,99,1,ok,kernel_interval,16575.0,15552.0,16640.0,513.4669275759501
500000,float32,10,99,1,ok,context_init,189460912.0,189460912.0,189460912.0,0
500000,float32,10,99,1,ok,first_query,632118.0,632118.0,632118.0,0
500000,float32,10,99,2,ok,cpu,6973848.0,6955849.0,7013887.0,18187.808897065926
500000,float32,10,99,2,ok,gpu_fresh_handle,302774.0,291724.0,354253.0,26613.891033676024
500000,float32,10,99,2,ok,gpu_reused_handle,269325.0,262865.0,279975.0,5772.910052667587
500000,float32,10,99,2,ok,kernel_interval,35935.0,34975.0,36574.0,645.9749368571655
500000,float32,10,99,2,ok,context_init,188746675.0,188746675.0,188746675.0,0
500000,float32,10,99,2,ok,first_query,720307.0,720307.0,720307.0,0
500000,float32,10,99,4,ok,cpu,11775238.0,11722029.0,11826137.0,38488.473537386424
500000,float32,10,99,4,ok,gpu_fresh_handle,375493.0,364713.0,436352.0,24194.082821455097
500000,float32,10,99,4,ok,gpu_reused_handle,332534.0,326844.0,338263.0,4081.6810029109097
500000,float32,10,99,4,ok,kernel_interval,73759.0,72766.0,75582.0,1031.7655926106656
500000,float32,10,99,4,ok,context_init,187053930.0,187053930.0,187053930.0,0
500000,float32,10,99,4,ok,first_query,807674.0,807674.0,807674.0,0
500000,float32,50,1,1,ok,cpu,433382.0,426172.0,643827.0,79887.3928408279
500000,float32,50,1,1,ok,gpu_fresh_handle,240595.0,231365.0,269375.0,12842.709592086347
500000,float32,50,1,1,ok,gpu_reused_handle,216756.0,214516.0,233666.0,8133.515883002112
500000,float32,50,1,1,ok,kernel_interval,14112.0,12384.0,14303.0,674.8354649556474
500000,float32,50,1,1,ok,context_init,187376884.0,187376884.0,187376884.0,0
500000,float32,50,1,1,ok,first_query,659768.0,659768.0,659768.0,0
500000,float32,50,1,2,ok,cpu,467571.0,458291.0,661968.0,74162.82817043923
500000,float32,50,1,2,ok,gpu_fresh_handle,273365.0,271035.0,294034.0,10212.808475261883
500000,float32,50,1,2,ok,gpu_reused_handle,246655.0,245135.0,266415.0,8318.822561488123
500000,float32,50,1,2,ok,kernel_interval,31039.0,29375.0,32575.0,1151.322696892992
500000,float32,50,1,2,ok,context_init,188241010.0,188241010.0,188241010.0,0
500000,float32,50,1,2,ok,first_query,737856.0,737856.0,737856.0,0
500000,float32,50,1,4,ok,cpu,549769.0,537670.0,565980.0,9378.797912617281
500000,float32,50,1,4,ok,gpu_fresh_handle,341703.0,330574.0,581789.0,90874.80859113923
500000,float32,50,1,4,ok,gpu_reused_handle,311164.0,299515.0,339303.0,12450.219690163436
500000,float32,50,1,4,ok,kernel_interval,61245.0,60317.0,65597.0,2051.336718662575
500000,float32,50,1,4,ok,context_init,189555256.0,189555256.0,189555256.0,0
500000,float32,50,1,4,ok,first_query,763955.0,763955.0,763955.0,0
500000,float32,50,50,1,ok,cpu,2519612.0,2509243.0,2527783.0,6093.711649451971
500000,float32,50,50,1,ok,gpu_fresh_handle,262965.0,241285.0,394123.0,54759.55488836107
500000,float32,50,50,1,ok,gpu_reused_handle,219426.0,210666.0,357313.0,52067.55681072519
500000,float32,50,50,1,ok,kernel_interval,14592.0,14431.0,16095.000000000002,649.2758603684134
500000,float32,50,50,1,ok,context_init,189245214.0,189245214.0,189245214.0,0
500000,float32,50,50,1,ok,first_query,643708.0,643708.0,643708.0,0
500000,float32,50,50,2,ok,cpu,2558012.0,2546393.0,2804797.0,91847.74685833279
500000,float32,50,50,2,ok,gpu_fresh_handle,301635.0,281454.0,361613.0,28046.758868004694
500000,float32,50,50,2,ok,gpu_reused_handle,266155.0,249575.0,397573.0,51767.98897461819
500000,float32,50,50,2,ok,kernel_interval,33119.0,32576.0,33823.0,487.2848975995166
500000,float32,50,50,2,ok,context_init,192347456.0,192347456.0,192347456.0,0
500000,float32,50,50,2,ok,first_query,955822.0,955822.0,955822.0,0
500000,float32,50,50,4,ok,cpu,3925776.0,3921966.0,3933256.0,4110.893443615621
500000,float32,50,50,4,ok,gpu_fresh_handle,372583.0,360933.0,423442.0,21048.901006262266
500000,float32,50,50,4,ok,gpu_reused_handle,333123.0,317784.0,337374.0,6810.891959627189
500000,float32,50,50,4,ok,kernel_interval,68734.0,67680.0,70016.0,778.0814928552211
500000,float32,50,50,4,ok,context_init,187973289.0,187973289.0,187973289.0,0
500000,float32,50,50,4,ok,first_query,809664.0,809664.0,809664.0,0
500000,float32,50,99,1,ok,cpu,4652833.0,4623242.0,4656323.0,14545.803282832376
500000,float32,50,99,1,ok,gpu_fresh_handle,270574.0,260695.0,322064.0,26818.653463942734
500000,float32,50,99,1,ok,gpu_reused_handle,231325.0,218006.0,245486.0,8571.862816381114
500000,float32,50,99,1,ok,kernel_interval,15647.000000000002,15391.0,18624.0,1198.2038541877905
500000,float32,50,99,1,ok,context_init,189127999.0,189127999.0,189127999.0,0
500000,float32,50,99,1,ok,first_query,652758.0,652758.0,652758.0,0
500000,float32,50,99,2,ok,cpu,4645312.0,4621513.0,4729351.0,35447.311317207794
500000,float32,50,99,2,ok,gpu_fresh_handle,302105.0,293225.0,471051.0,63866.16474017403
500000,float32,50,99,2,ok,gpu_reused_handle,266845.0,238956.0,351203.0,35769.650295160776
500000,float32,50,99,2,ok,kernel_interval,35903.0,34655.0,36798.0,775.7185915867515
500000,float32,50,99,2,ok,context_init,189401025.0,189401025.0,189401025.0,0
500000,float32,50,99,2,ok,first_query,729366.0,729366.0,729366.0,0
500000,float32,50,99,4,ok,cpu,7551748.0,7328353.0,8497040.0,458471.04289428296
500000,float32,50,99,4,ok,gpu_fresh_handle,372973.0,368533.0,385183.0,5587.654687322929
500000,float32,50,99,4,ok,gpu_reused_handle,333753.0,329834.0,534410.0,75800.06149168256
500000,float32,50,99,4,ok,kernel_interval,74364.0,72413.0,76989.0,1561.8344677852083
500000,float32,50,99,4,ok,context_init,186189737.0,186189737.0,186189737.0,0
500000,float32,50,99,4,ok,first_query,768625.0,768625.0,768625.0,0
500000,float64,0,1,1,ok,cpu,340253.0,332693.0,549630.0,79394.48370606349
500000,float64,0,1,1,ok,gpu_fresh_handle,354184.0,343474.0,384243.0,13175.29216446632
500000,float64,0,1,1,ok,gpu_reused_handle,332724.0,331134.0,354583.0,8394.894976512016
500000,float64,0,1,1,ok,kernel_interval,23135.0,21152.0,25439.0,1465.618754428768
500000,float64,0,1,1,ok,context_init,188573102.0,188573102.0,188573102.0,0
500000,float64,0,1,1,ok,first_query,848764.0,848764.0,848764.0,0
500000,float64,0,1,2,ok,cpu,356193.0,345013.0,359654.0,5215.44329942564
500000,float64,0,1,2,ok,gpu_fresh_handle,377773.0,372393.0,410402.0,14719.995637615813
500000,float64,0,1,2,ok,gpu_reused_handle,352633.0,349774.0,388953.0,14031.780009610158
500000,float64,0,1,2,ok,kernel_interval,45279.0,44862.0,47134.0,752.8376160836254
500000,float64,0,1,2,ok,context_init,190011348.0,190011348.0,190011348.0,0
500000,float64,0,1,2,ok,first_query,892793.0,892793.0,892793.0,0
500000,float64,0,1,4,ok,cpu,409412.0,406663.0,433281.0,9589.246060040383
500000,float64,0,1,4,ok,gpu_fresh_handle,451652.0,445321.0,498571.0,18310.2542113897
500000,float64,0,1,4,ok,gpu_reused_handle,430332.0,423322.0,456071.0,11518.991839566517
500000,float64,0,1,4,ok,kernel_interval,89887.0,87869.0,92414.0,1457.5744365538378
500000,float64,0,1,4,ok,context_init,190113066.0,190113066.0,190113066.0,0
500000,float64,0,1,4,ok,first_query,996871.0,996871.0,996871.0,0
500000,float64,0,50,1,ok,cpu,915383.0,906043.0,917682.0,4553.76664082028
500000,float64,0,50,1,ok,gpu_fresh_handle,352684.0,340834.0,450931.0,37814.229882665175
500000,float64,0,50,1,ok,gpu_reused_handle,319504.0,315084.0,347604.0,11161.60937363084
500000,float64,0,50,1,ok,kernel_interval,24607.0,23423.0,30559.0,2486.49109235906
500000,float64,0,50,1,ok,context_init,189853853.0,189853853.0,189853853.0,0
500000,float64,0,50,1,ok,first_query,852033.0,852033.0,852033.0,0
500000,float64,0,50,2,ok,cpu,941602.0,930983.0,1232747.0,108834.62761718547
500000,float64,0,50,2,ok,gpu_fresh_handle,392603.0,383493.0,490541.0,40571.447632540796
500000,float64,0,50,2,ok,gpu_reused_handle,365143.0,351813.0,459081.0,37495.64070662082
500000,float64,0,50,2,ok,kernel_interval,50719.0,45983.0,53279.0,2924.832555239783
500000,float64,0,50,2,ok,context_init,190860025.0,190860025.0,190860025.0,0
500000,float64,0,50,2,ok,first_query,962502.0,962502.0,962502.0,0
500000,float64,0,50,4,ok,cpu,1518902.0,1480412.0,1554811.0,25601.81480360514
500000,float64,0,50,4,ok,gpu_fresh_handle,481481.0,458431.0,521001.0,19459.999869084324
500000,float64,0,50,4,ok,gpu_reused_handle,433472.0,425982.0,551550.0,44801.397295386305
500000,float64,0,50,4,ok,kernel_interval,97406.0,94046.0,98014.0,1427.948962006429
500000,float64,0,50,4,ok,context_init,189161679.0,189161679.0,189161679.0,0
500000,float64,0,50,4,ok,first_query,964022.0,964022.0,964022.0,0
500000,float64,0,99,1,ok,cpu,1502161.0,1457102.0,1684709.0,73877.29957552203
500000,float64,0,99,1,ok,gpu_fresh_handle,357573.0,343514.0,430302.0,29465.66129937565
500000,float64,0,99,1,ok,gpu_reused_handle,328744.0,321264.0,371543.0,19615.104013901902
500000,float64,0,99,1,ok,kernel_interval,26303.0,25312.0,77344.0,19122.51169620321
500000,float64,0,99,1,ok,context_init,189375455.0,189375455.0,189375455.0,0
500000,float64,0,99,1,ok,first_query,837684.0,837684.0,837684.0,0
500000,float64,0,99,2,ok,cpu,1480952.0,1470543.0,1698498.0,84792.52446890305
500000,float64,0,99,2,ok,gpu_fresh_handle,398332.0,385173.0,472351.0,32885.27599455561
500000,float64,0,99,2,ok,gpu_reused_handle,367393.0,357043.0,385413.0,9941.176513682396
500000,float64,0,99,2,ok,kernel_interval,51294.0,49183.0,54527.0,2072.127730940671
500000,float64,0,99,2,ok,context_init,189229129.0,189229129.0,189229129.0,0
500000,float64,0,99,2,ok,first_query,888153.0,888153.0,888153.0,0
500000,float64,0,99,4,ok,cpu,2585971.0,2575172.0,2794337.0,78688.35682615313
500000,float64,0,99,4,ok,gpu_fresh_handle,479331.0,465751.0,538700.0,24815.66764786964
500000,float64,0,99,4,ok,gpu_reused_handle,445452.0,437142.0,461141.0,8068.251996914467
500000,float64,0,99,4,ok,kernel_interval,104412.0,100541.0,138781.0,13611.968445172835
500000,float64,0,99,4,ok,context_init,189076083.0,189076083.0,189076083.0,0
500000,float64,0,99,4,ok,first_query,1044880.0,1044880.0,1044880.0,0
500000,float64,10,1,1,ok,cpu,443602.0,434092.0,650868.0,79215.4502291062
500000,float64,10,1,1,ok,gpu_fresh_handle,354523.0,343804.0,464251.0,41420.08577857803
500000,float64,10,1,1,ok,gpu_reused_handle,335023.0,326484.0,357773.0,11348.775864340947
500000,float64,10,1,1,ok,kernel_interval,20447.0,19711.0,20608.0,298.04745547359687
500000,float64,10,1,1,ok,context_init,187876446.0,187876446.0,187876446.0,0
500000,float64,10,1,1,ok,first_query,831605.0,831605.0,831605.0,0
500000,float64,10,1,2,ok,cpu,469141.0,458321.0,671708.0,77673.76961889723
500000,float64,10,1,2,ok,gpu_fresh_handle,382793.0,379843.0,502850.0,45380.816456274726
500000,float64,10,1,2,ok,gpu_reused_handle,363363.0,354813.0,423942.0,27577.90329230995
500000,float64,10,1,2,ok,kernel_interval,43166.0,41792.0,44638.0,914.4116245147035
500000,float64,10,1,2,ok,context_init,185373456.0,185373456.0,185373456.0,0
500000,float64,10,1,2,ok,first_query,877703.0,877703.0,877703.0,0
500000,float64,10,1,4,ok,cpu,535780.0,526250.0,813775.0,105642.96420919267
500000,float64,10,1,4,ok,gpu_fresh_handle,464592.0,454552.0,497221.0,13998.500559158538
500000,float64,10,1,4,ok,gpu_reused_handle,434072.0,425742.0,464691.0,14942.613915210672
500000,float64,10,1,4,ok,kernel_interval,88862.0,86941.0,89791.0,904.5565869792885
500000,float64,10,1,4,ok,context_init,190010368.0,190010368.0,190010368.0,0
500000,float64,10,1,4,ok,first_query,949692.0,949692.0,949692.0,0
500000,float64,10,50,1,ok,cpu,1985783.0,1975693.0,2018122.0,13790.944791351143
500000,float64,10,50,1,ok,gpu_fresh_handle,356233.0,346974.0,383373.0,12342.952380860524
500000,float64,10,50,1,ok,gpu_reused_handle,331234.0,327354.0,356544.0,10351.675900663668
500000,float64,10,50,1,ok,kernel_interval,22655.0,22528.0,24863.0,967.7309248221547
500000,float64,10,50,1,ok,context_init,187497288.0,187497288.0,187497288.0,0
500000,float64,10,50,1,ok,first_query,860424.0,860424.0,860424.0,0
500000,float64,10,50,2,ok,cpu,2039482.0,2013353.0,2089180.0,27751.398306254425
500000,float64,10,50,2,ok,gpu_fresh_handle,406302.0,379153.0,456991.0,27749.092480227
500000,float64,10,50,2,ok,gpu_reused_handle,358243.0,353284.0,558779.0,74831.74655152972
500000,float64,10,50,2,ok,kernel_interval,45728.0,44734.0,48254.0,1356.674049353962
500000,float64,10,50,2,ok,context_init,186028496.0,186028496.0,186028496.0,0
500000,float64,10,50,2,ok,first_query,892114.0,892114.0,892114.0,0
500000,float64,10,50,4,ok,cpu,2620781.0,2618041.0,2773048.0,57035.97916144477
500000,float64,10,50,4,ok,gpu_fresh_handle,475061.0,465492.0,502610.0,12476.617940695918
500000,float64,10,50,4,ok,gpu_reused_handle,443782.0,432282.0,469121.0,13404.283405652375
500000,float64,10,50,4,ok,kernel_interval,95806.0,92893.0,97664.0,1537.367322962956
500000,float64,10,50,4,ok,context_init,191167013.0,191167013.0,191167013.0,0
500000,float64,10,50,4,ok,first_query,985222.0,985222.0,985222.0,0
500000,float64,10,99,1,ok,cpu,3548164.0,3500274.0,3635202.0,42768.869833203724
500000,float64,10,99,1,ok,gpu_fresh_handle,361763.0,353913.0,417022.0,23309.125714437007
500000,float64,10,99,1,ok,gpu_reused_handle,327024.0,323064.0,361243.0,16645.51862471441
500000,float64,10,99,1,ok,kernel_interval,24639.0,23615.0,26367.0,1126.2743681629945
500000,float64,10,99,1,ok,context_init,191863809.0,191863809.0,191863809.0,0
500000,float64,10,99,1,ok,first_query,851963.0,851963.0,851963.0,0
500000,float64,10,99,2,ok,cpu,3518955.0,3501235.0,3599502.0,36442.68300587467
500000,float64,10,99,2,ok,gpu_fresh_handle,406382.0,393103.0,462102.0,23256.457952065495
500000,float64,10,99,2,ok,gpu_reused_handle,374293.0,360963.0,397623.0,16855.65347153236
500000,float64,10,99,2,ok,kernel_interval,49792.0,48158.0,51423.0,1009.7855972338645
500000,float64,10,99,2,ok,context_init,189457676.0,189457676.0,189457676.0,0
500000,float64,10,99,2,ok,first_query,914533.0,914533.0,914533.0,0
500000,float64,10,99,4,ok,cpu,4725512.0,4685693.0,4806179.0,36703.128271371665
500000,float64,10,99,4,ok,gpu_fresh_handle,513380.0,471031.0,688697.0,75902.9140368518
500000,float64,10,99,4,ok,gpu_reused_handle,455582.0,439221.0,545140.0,36488.98743326213
500000,float64,10,99,4,ok,kernel_interval,99646.0,98078.0,102591.0,1555.865782557523
500000,float64,10,99,4,ok,context_init,190367920.0,190367920.0,190367920.0,0
500000,float64,10,99,4,ok,first_query,952882.0,952882.0,952882.0,0
500000,float64,50,1,1,ok,cpu,434622.0,427032.0,447001.0,6180.150233187046
500000,float64,50,1,1,ok,gpu_fresh_handle,356183.0,351923.0,413452.0,22275.383548619207
500000,float64,50,1,1,ok,gpu_reused_handle,330363.0,328344.0,404463.0,27962.246252334422
500000,float64,50,1,1,ok,kernel_interval,20511.0,19519.0,21568.0,626.2756885711261
500000,float64,50,1,1,ok,context_init,185992283.0,185992283.0,185992283.0,0
500000,float64,50,1,1,ok,first_query,832014.0,832014.0,832014.0,0
500000,float64,50,1,2,ok,cpu,457371.0,446872.0,660338.0,78256.08629669766
500000,float64,50,1,2,ok,gpu_fresh_handle,394022.0,378343.0,446301.0,25727.938504020618
500000,float64,50,1,2,ok,gpu_reused_handle,362593.0,352654.0,383493.0,9529.057348572363
500000,float64,50,1,2,ok,kernel_interval,43486.0,41694.0,44255.0,862.1924434392878
500000,float64,50,1,2,ok,context_init,187048644.0,187048644.0,187048644.0,0
500000,float64,50,1,2,ok,first_query,881254.0,881254.0,881254.0,0
500000,float64,50,1,4,ok,cpu,515690.0,505550.0,522450.0,7310.358925459654
500000,float64,50,1,4,ok,gpu_fresh_handle,463992.0,453312.0,499231.0,15656.882261256778
500000,float64,50,1,4,ok,gpu_reused_handle,431132.0,420762.0,466041.0,15015.089462651515
500000,float64,50,1,4,ok,kernel_interval,88735.0,86911.0,89917.0,1091.2900622657571
500000,float64,50,1,4,ok,context_init,188030816.0,188030816.0,188030816.0,0
500000,float64,50,1,4,ok,first_query,943702.0,943702.0,943702.0,0
500000,float64,50,50,1,ok,cpu,1541981.0,1531371.0,1559101.0,10687.877423021084
500000,float64,50,50,1,ok,gpu_fresh_handle,359183.0,340853.0,421012.0,28015.53335035337
500000,float64,50,50,1,ok,gpu_reused_handle,323464.0,321124.0,358133.0,13321.615201297047
500000,float64,50,50,1,ok,kernel_interval,22560.0,21471.0,24607.0,1128.0582136278842
500000,float64,50,50,1,ok,context_init,189746877.0,189746877.0,189746877.0,0
500000,float64,50,50,1,ok,first_query,944432.0,944432.0,944432.0,0
500000,float64,50,50,2,ok,cpu,1580750.0,1559731.0,1781147.0,79426.39749059083
500000,float64,50,50,2,ok,gpu_fresh_handle,400003.0,389593.0,430052.0,13698.308958894646
500000,float64,50,50,2,ok,gpu_reused_handle,367023.0,362163.0,417663.0,21028.672266353726
500000,float64,50,50,2,ok,kernel_interval,46848.0,45567.0,47391.0,784.7190276659235
500000,float64,50,50,2,ok,context_init,186208433.0,186208433.0,186208433.0,0
500000,float64,50,50,2,ok,first_query,876173.0,876173.0,876173.0,0
500000,float64,50,50,4,ok,cpu,1921544.0,1906554.0,1931954.0,8957.245146753974
500000,float64,50,50,4,ok,gpu_fresh_handle,472881.0,459002.0,495891.0,12045.694593426118
500000,float64,50,50,4,ok,gpu_reused_handle,438941.0,435622.0,463862.0,10510.92375760072
500000,float64,50,50,4,ok,kernel_interval,92670.0,91326.0,95773.0,1811.3860123436655
500000,float64,50,50,4,ok,context_init,188911575.0,188911575.0,188911575.0,0
500000,float64,50,50,4,ok,first_query,974112.0,974112.0,974112.0,0
500000,float64,50,99,1,ok,cpu,2637371.0,2609682.0,2878056.0,92942.86223522596
500000,float64,50,99,1,ok,gpu_fresh_handle,380403.0,345493.0,443911.0,33527.852251807715
500000,float64,50,99,1,ok,gpu_reused_handle,322854.0,321474.0,383033.0,24893.141590367723
500000,float64,50,99,1,ok,kernel_interval,24639.0,23520.0,26688.0,1144.4442402527172
500000,float64,50,99,1,ok,context_init,191597675.0,191597675.0,191597675.0,0
500000,float64,50,99,1,ok,first_query,868294.0,868294.0,868294.0,0
500000,float64,50,99,2,ok,cpu,2650750.0,2635731.0,2706120.0,24152.374035929235
500000,float64,50,99,2,ok,gpu_fresh_handle,407032.0,391772.0,495241.0,35283.30101444861
500000,float64,50,99,2,ok,gpu_reused_handle,377593.0,365933.0,400093.0,12507.43607390648
500000,float64,50,99,2,ok,kernel_interval,48830.0,47487.0,51006.0,1090.9666748871323
500000,float64,50,99,2,ok,context_init,190692374.0,190692374.0,190692374.0,0
500000,float64,50,99,2,ok,first_query,873843.0,873843.0,873843.0,0
500000,float64,50,99,4,ok,cpu,3310699.0,3293959.0,3317118.0,8772.911896449043
500000,float64,50,99,4,ok,gpu_fresh_handle,493481.0,469372.0,539290.0,22283.88096381606
500000,float64,50,99,4,ok,gpu_reused_handle,448021.0,441921.0,482141.0,13853.28890982382
500000,float64,50,99,4,ok,kernel_interval,99838.0,97823.0,275390.0,66439.22477902715
500000,float64,50,99,4,ok,context_init,188414906.0,188414906.0,188414906.0,0
500000,float64,50,99,4,ok,first_query,962112.0,962112.0,962112.0,0
1000000,float32,0,1,1,ok,cpu,652088.0,645218.0,668558.0,7853.095840858832
1000000,float32,0,1,1,ok,gpu_fresh_handle,345493.0,336303.0,361793.0,9762.17024563503
1000000,float32,0,1,1,ok,gpu_reused_handle,307165.0,301575.0,350503.0,18864.7953556227
1000000,float32,0,1,1,ok,kernel_interval,16448.0,15328.0,116800.0,37999.40284555861
1000000,float32,0,1,1,ok,context_init,189558517.0,189558517.0,189558517.0,0
1000000,float32,0,1,1,ok,first_query,846434.0,846434.0,846434.0,0
1000000,float32,0,1,2,ok,cpu,715277.0,706086.0,721396.0,6307.898774741154
1000000,float32,0,1,2,ok,gpu_fresh_handle,389563.0,379413.0,412532.0,12736.344723065637
1000000,float32,0,1,2,ok,gpu_reused_handle,359533.0,345724.0,404702.0,23971.431654605625
1000000,float32,0,1,2,ok,kernel_interval,33534.0,32382.0,37278.0,1711.5300589990065
1000000,float32,0,1,2,ok,context_init,186228861.0,186228861.0,186228861.0,0
1000000,float32,0,1,2,ok,first_query,945732.0,945732.0,945732.0,0
1000000,float32,0,1,4,ok,cpu,916573.0,903943.0,926923.0,7562.070587572465
1000000,float32,0,1,4,ok,gpu_fresh_handle,444801.0,432782.0,533760.0,38563.483110567795
1000000,float32,0,1,4,ok,gpu_reused_handle,412212.0,397692.0,437023.0,13595.576654611918
1000000,float32,0,1,4,ok,kernel_interval,66205.0,64606.0,68288.0,1282.2315740628962
1000000,float32,0,1,4,ok,context_init,187274271.0,187274271.0,187274271.0,0
1000000,float32,0,1,4,ok,first_query,1095339.0,1095339.0,1095339.0,0
1000000,float32,0,50,1,ok,cpu,5230913.0,5202453.0,5558957.0,127150.80511476651
1000000,float32,0,50,1,ok,gpu_fresh_handle,378963.0,348363.0,441592.0,31614.060852276296
1000000,float32,0,50,1,ok,gpu_reused_handle,317655.0,314914.0,345714.0,15002.823686607417
1000000,float32,0,50,1,ok,kernel_interval,19392.0,17696.0,21888.0,1518.8000746203124
1000000,float32,0,50,1,ok,context_init,187698505.0,187698505.0,187698505.0,0
1000000,float32,0,50,1,ok,first_query,910463.0,910463.0,910463.0,0
1000000,float32,0,50,2,ok,cpu,5252042.0,5250073.0,5284681.0,12362.985769742565
1000000,float32,0,50,2,ok,gpu_fresh_handle,410413.0,375153.0,467681.0,28305.856530138102
1000000,float32,0,50,2,ok,gpu_reused_handle,366313.0,344554.0,385683.0,14171.206311861151
1000000,float32,0,50,2,ok,kernel_interval,38048.0,37439.0,81087.0,16251.786443928177
1000000,float32,0,50,2,ok,context_init,189627220.0,189627220.0,189627220.0,0
1000000,float32,0,50,2,ok,first_query,893774.0,893774.0,893774.0,0
1000000,float32,0,50,4,ok,cpu,10108612.0,9930066.0,10293599.0,143518.2153174459
1000000,float32,0,50,4,ok,gpu_fresh_handle,532310.0,466251.0,544590.0,34543.412651604755
1000000,float32,0,50,4,ok,gpu_reused_handle,441772.0,409982.0,446671.0,12414.783631584065
1000000,float32,0,50,4,ok,kernel_interval,78975.0,77117.0,82685.0,1946.7984585198433
1000000,float32,0,50,4,ok,context_init,191146674.0,191146674.0,191146674.0,0
1000000,float32,0,50,4,ok,first_query,1034151.0,1034151.0,1034151.0,0
1000000,float32,0,99,1,ok,cpu,9766588.0,9751449.0,9792528.0,15782.635308645837
1000000,float32,0,99,1,ok,gpu_fresh_handle,375783.0,361943.0,440062.0,37783.16472287877
1000000,float32,0,99,1,ok,gpu_reused_handle,342693.0,324564.0,394992.0,21899.054462084277
1000000,float32,0,99,1,ok,kernel_interval,22207.0,21951.0,234911.0,79291.8229441695
1000000,float32,0,99,1,ok,context_init,190106653.0,190106653.0,190106653.0,0
1000000,float32,0,99,1,ok,first_query,906373.0,906373.0,906373.0,0
1000000,float32,0,99,2,ok,cpu,9815478.0,9782048.0,10007964.0,81143.6737037636
1000000,float32,0,99,2,ok,gpu_fresh_handle,411512.0,375863.0,481391.0,40705.65324140523
1000000,float32,0,99,2,ok,gpu_reused_handle,374313.0,356144.0,382703.0,8297.461697353452
1000000,float32,0,99,2,ok,kernel_interval,47136.0,44671.0,50911.0,2419.877820607203
1000000,float32,0,99,2,ok,context_init,189189482.0,189189482.0,189189482.0,0
1000000,float32,0,99,2,ok,first_query,902303.0,902303.0,902303.0,0
1000000,float32,0,99,4,ok,cpu,18885479.0,18856120.0,19229343.0,131251.04458559377
1000000,float32,0,99,4,ok,gpu_fresh_handle,485111.0,476672.0,540620.0,28312.122920856964
1000000,float32,0,99,4,ok,gpu_reused_handle,448211.0,420052.0,453482.0,13279.56576671018
1000000,float32,0,99,4,ok,kernel_interval,89887.0,87647.0,121181.0,14783.285420011474
1000000,float32,0,99,4,ok,context_init,188737383.0,188737383.0,188737383.0,0
1000000,float32,0,99,4,ok,first_query,1220318.0,1220318.0,1220318.0,0
1000000,float32,10,1,1,ok,cpu,893243.0,881844.0,1103559.0,79431.64362279713
1000000,float32,10,1,1,ok,gpu_fresh_handle,366393.0,346153.0,410522.0,23416.17718485195
1000000,float32,10,1,1,ok,gpu_reused_handle,323444.0,315404.0,366833.0,17822.291009001165
1000000,float32,10,1,1,ok,kernel_interval,19807.0,15487.0,23008.0,2717.277401405767
1000000,float32,10,1,1,ok,context_init,186758111.0,186758111.0,186758111.0,0
1000000,float32,10,1,1,ok,first_query,859084.0,859084.0,859084.0,0
1000000,float32,10,1,2,ok,cpu,929123.0,920162.0,937412.0,6459.444196936245
1000000,float32,10,1,2,ok,gpu_fresh_handle,379173.0,369533.0,431412.0,20869.52451485636
1000000,float32,10,1,2,ok,gpu_reused_handle,344394.0,341284.0,376223.0,12162.743984730389
1000000,float32,10,1,2,ok,kernel_interval,36191.0,35423.0,39903.0,1515.1627761053392
1000000,float32,10,1,2,ok,context_init,190104272.0,190104272.0,190104272.0,0
1000000,float32,10,1,2,ok,first_query,955002.0,955002.0,955002.0,0
1000000,float32,10,1,4,ok,cpu,1122889.0,1112119.0,1331695.0,79955.63734495583
1000000,float32,10,1,4,ok,gpu_fresh_handle,442892.0,437112.0,501610.0,22907.50535460875
1000000,float32,10,1,4,ok,gpu_reused_handle,425282.0,406683.0,453822.0,17215.437334527625
1000000,float32,10,1,4,ok,kernel_interval,71357.0,70142.0,73213.0,1220.8240971534253
1000000,float32,10,1,4,ok,context_init,185490976.0,185490976.0,185490976.0,0
1000000,float32,10,1,4,ok,first_query,941513.0,941513.0,941513.0,0
1000000,float32,10,50,1,ok,cpu,7442342.0,7360913.0,7675178.0,123956.33970705746
1000000,float32,10,50,1,ok,gpu_fresh_handle,394032.0,348984.0,568130.0,71761.61537738284
1000000,float32,10,50,1,ok,gpu_reused_handle,352103.0,319604.0,365623.0,17402.91870156651
1000000,float32,10,50,1,ok,kernel_interval,22368.0,18335.0,28095.0,3732.0893548227045
1000000,float32,10,50,1,ok,context_init,189134021.0,189134021.0,189134021.0,0
1000000,float32,10,50,1,ok,first_query,916153.0,916153.0,916153.0,0
1000000,float32,10,50,2,ok,cpu,7410673.0,7370803.0,7832985.0,164197.4445585906
1000000,float32,10,50,2,ok,gpu_fresh_handle,471622.0,408332.0,485691.0,32360.58503208877
1000000,float32,10,50,2,ok,gpu_reused_handle,382723.0,347943.0,445912.0,33662.96954475984
1000000,float32,10,50,2,ok,kernel_interval,42879.0,37758.0,87390.0,17334.296157782534
1000000,float32,10,50,2,ok,context_init,189778450.0,189778450.0,189778450.0,0
1000000,float32,10,50,2,ok,first_query,898183.0,898183.0,898183.0,0
1000000,float32,10,50,4,ok,cpu,12286213.0,12237724.0,12308321.0,23771.04147507054
1000000,float32,10,50,4,ok,gpu_fresh_handle,546700.0,459922.0,556420.0,39372.046059415836
1000000,float32,10,50,4,ok,gpu_reused_handle,454662.0,426912.0,595479.0,56210.89636614697
1000000,float32,10,50,4,ok,kernel_interval,85374.0,78462.0,277086.0,71113.98547570017
1000000,float32,10,50,4,ok,context_init,193496073.0,193496073.0,193496073.0,0
1000000,float32,10,50,4,ok,first_query,1051091.0,1051091.0,1051091.0,0
1000000,float32,10,99,1,ok,cpu,14135798.0,13811444.0,14647588.0,279150.7294780776
1000000,float32,10,99,1,ok,gpu_fresh_handle,436572.0,346124.0,452782.0,40822.196918320005
1000000,float32,10,99,1,ok,gpu_reused_handle,355733.0,324784.0,372713.0,15129.58177120004
1000000,float32,10,99,1,ok,kernel_interval,27295.0,23231.0,57856.0,11868.533070185853
1000000,float32,10,99,1,ok,context_init,188641684.0,188641684.0,188641684.0,0
1000000,float32,10,99,1,ok,first_query,901803.0,901803.0,901803.0,0
1000000,float32,10,99,2,ok,cpu,13898792.0,13889383.0,13925832.0,13393.324005069164
1000000,float32,10,99,2,ok,gpu_fresh_handle,432562.0,416273.0,488561.0,31720.30982404386
1000000,float32,10,99,2,ok,gpu_reused_handle,389483.0,370483.0,393282.0,7927.758540482327
1000000,float32,10,99,2,ok,kernel_interval,48863.0,45087.0,80064.0,11988.416129152103
1000000,float32,10,99,2,ok,context_init,185081542.0,185081542.0,185081542.0,0
1000000,float32,10,99,2,ok,first_query,949493.0,949493.0,949493.0,0
1000000,float32,10,99,4,ok,cpu,23497825.0,23463076.0,24506246.0,381044.01358666964
1000000,float32,10,99,4,ok,gpu_fresh_handle,545289.0,488391.0,562940.0,34833.40932687085
1000000,float32,10,99,4,ok,gpu_reused_handle,454372.0,433942.0,473412.0,13141.608176939018
1000000,float32,10,99,4,ok,kernel_interval,95230.0,87232.0,133629.0,15837.7813666892
1000000,float32,10,99,4,ok,context_init,186138843.0,186138843.0,186138843.0,0
1000000,float32,10,99,4,ok,first_query,1050690.0,1050690.0,1050690.0,0
1000000,float32,50,1,1,ok,cpu,817355.0,808145.0,840225.0,10318.289755390206
1000000,float32,50,1,1,ok,gpu_fresh_handle,357864.0,342434.0,391632.0,17643.93900114684
1000000,float32,50,1,1,ok,gpu_reused_handle,317744.0,315174.0,364644.0,17912.58879351933
1000000,float32,50,1,1,ok,kernel_interval,18912.0,15584.0,24159.0,2576.9114495937997
1000000,float32,50,1,1,ok,context_init,186154885.0,186154885.0,186154885.0,0
1000000,float32,50,1,1,ok,first_query,853264.0,853264.0,853264.0,0
1000000,float32,50,1,2,ok,cpu,860594.0,852514.0,1093999.0,88341.87648076566
1000000,float32,50,1,2,ok,gpu_fresh_handle,379293.0,369313.0,451612.0,34650.8083015733
1000000,float32,50,1,2,ok,gpu_reused_handle,344374.0,342594.0,528020.0,68691.80054867573
1000000,float32,50,1,2,ok,kernel_interval,35870.0,34590.0,39711.0,1740.2573974914774
1000000,float32,50,1,2,ok,context_init,188688679.0,188688679.0,188688679.0,0
1000000,float32,50,1,2,ok,first_query,888794.0,888794.0,888794.0,0
1000000,float32,50,1,4,ok,cpu,1022741.0,1010991.0,1244237.0,84078.37184323638
1000000,float32,50,1,4,ok,gpu_fresh_handle,463131.0,440142.0,512731.0,22842.093062506126
1000000,float32,50,1,4,ok,gpu_reused_handle,415353.0,411772.0,456801.0,16015.8564762134
1000000,float32,50,1,4,ok,kernel_interval,72126.0,68159.0,75165.0,2312.46842964293
1000000,float32,50,1,4,ok,context_init,186816435.0,186816435.0,186816435.0,0
1000000,float32,50,1,4,ok,first_query,1018761.0,1018761.0,1018761.0,0
1000000,float32,50,50,1,ok,cpu,5048127.0,5027387.0,5476909.0,188520.45958197745
1000000,float32,50,50,1,ok,gpu_fresh_handle,382523.0,343354.0,433532.0,28305.00523380475
1000000,float32,50,50,1,ok,gpu_reused_handle,347404.0,313494.0,358114.0,18036.543385186484
1000000,float32,50,50,1,ok,kernel_interval,22975.0,17823.0,64415.0,20952.279754355175
1000000,float32,50,50,1,ok,context_init,191000268.0,191000268.0,191000268.0,0
1000000,float32,50,50,1,ok,first_query,943043.0,943043.0,943043.0,0
1000000,float32,50,50,2,ok,cpu,5079696.0,5063756.0,5100715.0,11960.043810638026
1000000,float32,50,50,2,ok,gpu_fresh_handle,420642.0,371143.0,471991.0,38659.514644799005
1000000,float32,50,50,2,ok,gpu_reused_handle,355264.0,346304.0,392812.0,18441.666543584448
1000000,float32,50,50,2,ok,kernel_interval,40702.0,37695.0,44446.0,2667.2079569681637
1000000,float32,50,50,2,ok,context_init,186569592.0,186569592.0,186569592.0,0
1000000,float32,50,50,2,ok,first_query,902854.0,902854.0,902854.0,0
1000000,float32,50,50,4,ok,cpu,7807686.0,7766496.0,7824545.0,19799.28466240276
1000000,float32,50,50,4,ok,gpu_fresh_handle,503881.0,439232.0,563530.0,45023.44752723957
1000000,float32,50,50,4,ok,gpu_reused_handle,449212.0,417342.0,456441.0,15337.15021800086
1000000,float32,50,50,4,ok,kernel_interval,82656.0,77566.0,88446.0,4554.498022625023
1000000,float32,50,50,4,ok,context_init,191504870.0,191504870.0,191504870.0,0
1000000,float32,50,50,4,ok,first_query,1046770.0,1046770.0,1046770.0,0
1000000,float32,50,99,1,ok,cpu,9205000.0,9146611.0,9302068.0,57970.462774876425
1000000,float32,50,99,1,ok,gpu_fresh_handle,383172.0,352134.0,462242.0,35722.12369040202
1000000,float32,50,99,1,ok,gpu_reused_handle,348884.0,327324.0,371703.0,14553.462940875226
1000000,float32,50,99,1,ok,kernel_interval,27519.0,26623.0,57183.0,13163.633488480587
1000000,float32,50,99,1,ok,context_init,188115316.0,188115316.0,188115316.0,0
1000000,float32,50,99,1,ok,first_query,916734.0,916734.0,916734.0,0
1000000,float32,50,99,2,ok,cpu,9285019.0,9253709.0,9483175.0,104260.48208168213
1000000,float32,50,99,2,ok,gpu_fresh_handle,423892.0,410482.0,482611.0,30588.33101504092
1000000,float32,50,99,2,ok,gpu_reused_handle,381883.0,356803.0,394043.0,12217.719514821787
1000000,float32,50,99,2,ok,kernel_interval,49919.0,43328.0,52416.0,3732.4978869639667
1000000,float32,50,99,2,ok,context_init,186159213.0,186159213.0,186159213.0,0
1000000,float32,50,99,2,ok,first_query,941173.0,941173.0,941173.0,0
1000000,float32,50,99,4,ok,cpu,14633720.0,14603411.0,14691918.0,29252.629801194187
1000000,float32,50,99,4,ok,gpu_fresh_handle,499241.0,483971.0,558030.0,29828.289700822446
1000000,float32,50,99,4,ok,gpu_reused_handle,457662.0,423912.0,467812.0,14835.725101447326
1000000,float32,50,99,4,ok,kernel_interval,95997.0,89791.0,149150.0,20889.747927540688
1000000,float32,50,99,4,ok,context_init,188089409.0,188089409.0,188089409.0,0
1000000,float32,50,99,4,ok,first_query,961662.0,961662.0,961662.0,0
1000000,float64,0,1,1,ok,cpu,633118.0,625868.0,676808.0,17536.312330215187
1000000,float64,0,1,1,ok,gpu_fresh_handle,582639.0,566160.0,606569.0,14140.462636400147
1000000,float64,0,1,1,ok,gpu_reused_handle,544460.0,535080.0,555070.0,7489.889906368705
1000000,float64,0,1,1,ok,kernel_interval,35167.0,33087.0,37087.0,1465.8204593495136
1000000,float64,0,1,1,ok,context_init,186620448.0,186620448.0,186620448.0,0
1000000,float64,0,1,1,ok,first_query,1393104.0,1393104.0,1393104.0,0
1000000,float64,0,1,2,ok,cpu,682917.0,671578.0,697847.0,8498.84780145997
1000000,float64,0,1,2,ok,gpu_fresh_handle,645748.0,629068.0,847894.0,77285.80771180868
1000000,float64,0,1,2,ok,gpu_reused_handle,605029.0,602059.0,631509.0,12039.866719322421
1000000,float64,0,1,2,ok,kernel_interval,65247.0,61728.0,71326.0,3452.3756417036334
1000000,float64,0,1,2,ok,context_init,189666812.0,189666812.0,189666812.0,0
1000000,float64,0,1,2,ok,first_query,1478592.0,1478592.0,1478592.0,0
1000000,float64,0,1,4,ok,cpu,776895.0,767396.0,1020022.0,92097.1269294904
1000000,float64,0,1,4,ok,gpu_fresh_handle,718927.0,697798.0,738287.0,14091.70438844885
1000000,float64,0,1,4,ok,gpu_reused_handle,670897.0,664428.0,715857.0,18289.021303451293
1000000,float64,0,1,4,ok,kernel_interval,127776.0,125663.0,169503.0,15924.610887075445
1000000,float64,0,1,4,ok,context_init,187937467.0,187937467.0,187937467.0,0
1000000,float64,0,1,4,ok,first_query,1494482.0,1494482.0,1494482.0,0
1000000,float64,0,50,1,ok,cpu,1804877.0,1785977.0,1829587.0,16653.67716151601
1000000,float64,0,50,1,ok,gpu_fresh_handle,621129.0,602029.0,671737.0,22681.19790130352
1000000,float64,0,50,1,ok,gpu_reused_handle,566999.0,552980.0,608129.0,19125.637488286065
1000000,float64,0,50,1,ok,kernel_interval,38559.0,33695.0,84448.0,17841.76383150073
1000000,float64,0,50,1,ok,context_init,189105865.0,189105865.0,189105865.0,0
1000000,float64,0,50,1,ok,first_query,1423473.0,1423473.0,1423473.0,0
1000000,float64,0,50,2,ok,cpu,1841746.0,1819316.0,1871925.0,18080.413979405083
1000000,float64,0,50,2,ok,gpu_fresh_handle,644138.0,620669.0,652698.0,12563.690114202685
1000000,float64,0,50,2,ok,gpu_reused_handle,587339.0,578970.0,610429.0,10226.560481692479
1000000,float64,0,50,2,ok,kernel_interval,72223.0,70334.0,76128.0,2494.9077375822176
1000000,float64,0,50,2,ok,context_init,193281740.0,193281740.0,193281740.0,0
1000000,float64,0,50,2,ok,first_query,1396304.0,1396304.0,1396304.0,0
1000000,float64,0,50,4,ok,cpu,2992015.0,2928776.0,3000485.0,24645.828530450766
1000000,float64,0,50,4,ok,gpu_fresh_handle,750806.0,720137.0,785705.0,22069.064741656555
1000000,float64,0,50,4,ok,gpu_reused_handle,701377.0,682697.0,752576.0,22290.941597108773
1000000,float64,0,50,4,ok,kernel_interval,142879.0,140510.0,186589.0,16490.874423089128
1000000,float64,0,50,4,ok,context_init,190575800.0,190575800.0,190575800.0,0
1000000,float64,0,50,4,ok,first_query,1571951.0,1571951.0,1571951.0,0
1000000,float64,0,99,1,ok,cpu,3004374.0,2873387.0,3042224.0,66016.20084999339
1000000,float64,0,99,1,ok,gpu_fresh_handle,582739.0,569860.0,588820.0,6707.224125984644
1000000,float64,0,99,1,ok,gpu_reused_handle,549630.0,547210.0,595309.0,17258.733641399125
1000000,float64,0,99,1,ok,kernel_interval,42784.0,41375.0,88544.0,17058.561461707643
1000000,float64,0,99,1,ok,context_init,187125375.0,187125375.0,187125375.0,0
1000000,float64,0,99,1,ok,first_query,1393465.0,1393465.0,1393465.0,0
1000000,float64,0,99,2,ok,cpu,2964226.0,2938955.0,2980315.0,13636.47438201783
1000000,float64,0,99,2,ok,gpu_fresh_handle,653848.0,630959.0,743676.0,37626.09946946021
1000000,float64,0,99,2,ok,gpu_reused_handle,614548.0,598219.0,632588.0,12346.648544674554
1000000,float64,0,99,2,ok,kernel_interval,79167.0,70208.0,82079.0,4184.6903395705685
1000000,float64,0,99,2,ok,context_init,186946800.0,186946800.0,186946800.0,0
1000000,float64,0,99,2,ok,first_query,1485603.0,1485603.0,1485603.0,0
1000000,float64,0,99,4,ok,cpu,5076677.0,4997138.0,5204444.0,77826.6354745322
1000000,float64,0,99,4,ok,gpu_fresh_handle,750266.0,733346.0,803826.0,29676.689818297265
1000000,float64,0,99,4,ok,gpu_reused_handle,712307.0,704467.0,717007.0,4286.192966124734
1000000,float64,0,99,4,ok,kernel_interval,149725.0,144446.0,255518.00000000003,41506.035331652456
1000000,float64,0,99,4,ok,context_init,186028049.0,186028049.0,186028049.0,0
1000000,float64,0,99,4,ok,first_query,1573330.0,1573330.0,1573330.0,0
1000000,float64,10,1,1,ok,cpu,844244.0,838075.0,1059901.0,81122.56049542158
1000000,float64,10,1,1,ok,gpu_fresh_handle,590569.0,575159.0,655628.0,26732.92565269243
1000000,float64,10,1,1,ok,gpu_reused_handle,546370.0,542550.0,556410.0,5406.084314829692
1000000,float64,10,1,1,ok,kernel_interval,34655.0,30592.0,81376.0,18303.869970712803
1000000,float64,10,1,1,ok,context_init,190294722.0,190294722.0,190294722.0,0
1000000,float64,10,1,1,ok,first_query,1401364.0,1401364.0,1401364.0,0
1000000,float64,10,1,2,ok,cpu,879434.0,872334.0,1098980.0,83500.4744511756
1000000,float64,10,1,2,ok,gpu_fresh_handle,643268.0,632898.0,652008.0,7030.903213670346
1000000,float64,10,1,2,ok,gpu_reused_handle,604979.0,599239.0,633678.0,11770.908374139226
1000000,float64,10,1,2,ok,kernel_interval,66238.0,61151.0,70334.0,3006.536418887228
1000000,float64,10,1,2,ok,context_init,187103891.0,187103891.0,187103891.0,0
1000000,float64,10,1,2,ok,first_query,1395934.0,1395934.0,1395934.0,0
1000000,float64,10,1,4,ok,cpu,1017081.0,994882.0,1024641.0,10393.891443214776
1000000,float64,10,1,4,ok,gpu_fresh_handle,738626.0,727727.0,932653.0,73591.18392721728
1000000,float64,10,1,4,ok,gpu_reused_handle,686577.0,684247.0,724477.0,14308.787281813595
1000000,float64,10,1,4,ok,kernel_interval,129759.00000000001,121245.0,300637.0,64604.762916337604
1000000,float64,10,1,4,ok,context_init,185028310.0,185028310.0,185028310.0,0
1000000,float64,10,1,4,ok,first_query,1540632.0,1540632.0,1540632.0,0
1000000,float64,10,50,1,ok,cpu,3983667.0,3960557.0,4038476.0,25264.10832914288
1000000,float64,10,50,1,ok,gpu_fresh_handle,625388.0,588479.0,642948.0,22135.282924391482
1000000,float64,10,50,1,ok,gpu_reused_handle,577349.0,572469.0,623079.0,17935.924292829048
1000000,float64,10,50,1,ok,kernel_interval,41216.0,34591.0,83775.0,17109.955049897817
1000000,float64,10,50,1,ok,context_init,188090674.0,188090674.0,188090674.0,0
1000000,float64,10,50,1,ok,first_query,1363415.0,1363415.0,1363415.0,0
1000000,float64,10,50,2,ok,cpu,4020876.0,3987737.0,4411739.0,151761.54375281668
1000000,float64,10,50,2,ok,gpu_fresh_handle,662688.0,641148.0,727977.0,37848.32775195025
1000000,float64,10,50,2,ok,gpu_reused_handle,627238.0,619909.0,689737.0,25174.10082283169
1000000,float64,10,50,2,ok,kernel_interval,70463.0,68256.0,76767.0,3098.8435707841845
1000000,float64,10,50,2,ok,context_init,190845246.0,190845246.0,190845246.0,0
1000000,float64,10,50,2,ok,first_query,1430104.0,1430104.0,1430104.0,0
1000000,float64,10,50,4,ok,cpu,5282533.0,5242084.0,5320873.0,24737.252898258143
1000000,float64,10,50,4,ok,gpu_fresh_handle,759906.0,743997.0,851734.0,36442.196386554286
1000000,float64,10,50,4,ok,gpu_reused_handle,716787.0,705817.0,722857.0,6680.191874204698
1000000,float64,10,50,4,ok,kernel_interval,141310.0,133726.0,190302.0,19527.153730370534
1000000,float64,10,50,4,ok,context_init,187029367.0,187029367.0,187029367.0,0
1000000,float64,10,50,4,ok,first_query,1473893.0,1473893.0,1473893.0,0
1000000,float64,10,99,1,ok,cpu,7083500.0,6950843.0,7533612.0,197065.8028509404
1000000,float64,10,99,1,ok,gpu_fresh_handle,648438.0,610919.0,671678.0,24200.116590628237
1000000,float64,10,99,1,ok,gpu_reused_handle,592169.0,573179.0,654978.0,27134.519591770746
1000000,float64,10,99,1,ok,kernel_interval,44128.0,38880.0,94176.0,24610.34929320048
1000000,float64,10,99,1,ok,context_init,189209068.0,189209068.0,189209068.0,0
1000000,float64,10,99,1,ok,first_query,1393994.0,1393994.0,1393994.0,0
1000000,float64,10,99,2,ok,cpu,7052071.0,7020981.0,7088270.0,21592.71352298535
1000000,float64,10,99,2,ok,gpu_fresh_handle,684208.0,648228.0,756166.0,43433.43892999626
1000000,float64,10,99,2,ok,gpu_reused_handle,620908.0,611529.0,651828.0,14864.988467632833
1000000,float64,10,99,2,ok,kernel_interval,76319.0,73630.0,111294.0,13407.132625513004
1000000,float64,10,99,2,ok,context_init,186012690.0,186012690.0,186012690.0,0
1000000,float64,10,99,2,ok,first_query,1350305.0,1350305.0,1350305.0,0
1000000,float64,10,99,4,ok,cpu,9360699.0,9220161.0,9552685.0,110157.06238367107
1000000,float64,10,99,4,ok,gpu_fresh_handle,805765.0,739786.0,881924.0,57521.651834848446
1000000,float64,10,99,4,ok,gpu_reused_handle,716797.0,710587.0,726586.0,5949.403191357376
1000000,float64,10,99,4,ok,kernel_interval,150591.0,145663.0,160637.0,4620.006905787459
1000000,float64,10,99,4,ok,context_init,187218508.0,187218508.0,187218508.0,0
1000000,float64,10,99,4,ok,first_query,1607960.0,1607960.0,1607960.0,0
1000000,float64,50,1,1,ok,cpu,828955.0,822575.0,1047561.0,82187.30937692904
1000000,float64,50,1,1,ok,gpu_fresh_handle,604999.0,595600.0,616809.0,7516.761755284937
1000000,float64,50,1,1,ok,gpu_reused_handle,564550.0,558420.0,573369.0,5178.469327072294
1000000,float64,50,1,1,ok,kernel_interval,34976.0,30303.0,79328.0,17389.618104188597
1000000,float64,50,1,1,ok,context_init,186969244.0,186969244.0,186969244.0,0
1000000,float64,50,1,1,ok,first_query,1321776.0,1321776.0,1321776.0,0
1000000,float64,50,1,2,ok,cpu,2717341.0,2189730.0,8429465.0,2188357.0507312645
1000000,float64,50,1,2,ok,gpu_fresh_handle,2282869.0,1551002.0,5527248.0,1661921.901532881
1000000,float64,50,1,2,ok,gpu_reused_handle,1969944.0,1535172.0,5110646.0,1392133.9411194634
1000000,float64,50,1,2,ok,kernel_interval,99230.0,76608.0,173184.0,37814.46102006605
1000000,float64,50,1,2,ok,context_init,267847413.0,267847413.0,267847413.0,0
1000000,float64,50,1,2,ok,first_query,7916126.0,7916126.0,7916126.0,0
1000000,float64,50,1,4,ok,cpu,2850478.0,2479104.0,6016950.0,1250067.315267557
1000000,float64,50,1,4,ok,gpu_fresh_handle,2692340.0,2073412.0,6709427.0,1848220.358214935
1000000,float64,50,1,4,ok,gpu_reused_handle,2476975.0,2033282.0,5146386.0,1062726.4244224
1000000,float64,50,1,4,ok,kernel_interval,178975.0,165406.0,359870.0,69559.76899246944
1000000,float64,50,1,4,ok,context_init,247197774.0,247197774.0,247197774.0,0
1000000,float64,50,1,4,ok,first_query,9546076.0,9546076.0,9546076.0,0
1000000,float64,50,50,1,ok,cpu,3128463.0,3098593.0,3163972.0,25074.525770571367
1000000,float64,50,50,1,ok,gpu_fresh_handle,619048.0,591139.0,682628.0,30318.532181143724
1000000,float64,50,50,1,ok,gpu_reused_handle,582349.0,570280.0,618798.0,15707.212692627187
1000000,float64,50,50,1,ok,kernel_interval,39776.0,34719.0,41792.0,2690.1760430977642
1000000,float64,50,50,1,ok,context_init,185536986.0,185536986.0,185536986.0,0
1000000,float64,50,50,1,ok,first_query,1388835.0,1388835.0,1388835.0,0
1000000,float64,50,50,2,ok,cpu,3146063.0,3132402.0,3160762.0,11191.609729316571
1000000,float64,50,50,2,ok,gpu_fresh_handle,660818.0,627918.0,692037.0,21505.799546700353
1000000,float64,50,50,2,ok,gpu_reused_handle,617049.0,610748.0,626019.0,4997.317542346856
1000000,float64,50,50,2,ok,kernel_interval,71071.0,66879.0,223839.0,57867.15683561873
1000000,float64,50,50,2,ok,context_init,185298340.0,185298340.0,185298340.0,0
1000000,float64,50,50,2,ok,first_query,1447273.0,1447273.0,1447273.0,0
1000000,float64,50,50,4,ok,cpu,3867669.0,3850120.0,3908829.0,20553.461524012146
1000000,float64,50,50,4,ok,gpu_fresh_handle,750376.0,732657.0,941573.0,73217.85394742643
1000000,float64,50,50,4,ok,gpu_reused_handle,710857.0,707587.0,717176.0,4004.5180614852898
1000000,float64,50,50,4,ok,kernel_interval,141792.0,134366.0,183773.0,16655.05823923714
1000000,float64,50,50,4,ok,context_init,188042523.0,188042523.0,188042523.0,0
1000000,float64,50,50,4,ok,first_query,1523532.0,1523532.0,1523532.0,0
1000000,float64,50,99,1,ok,cpu,5438591.0,5415091.0,5744605.0,118565.63027546831
1000000,float64,50,99,1,ok,gpu_fresh_handle,663868.0,614529.0,719397.0,35733.6091256237
1000000,float64,50,99,1,ok,gpu_reused_handle,595569.0,578469.0,630078.0,16397.192156556794
1000000,float64,50,99,1,ok,kernel_interval,43455.0,38495.0,89887.0,17917.099092898992
1000000,float64,50,99,1,ok,context_init,186984912.0,186984912.0,186984912.0,0
1000000,float64,50,99,1,ok,first_query,1353226.0,1353226.0,1353226.0,0
1000000,float64,50,99,2,ok,cpu,5324373.0,5290883.0,5555029.0,90894.85858658998
1000000,float64,50,99,2,ok,gpu_fresh_handle,668248.0,637759.0,750336.0,36516.66482515046
1000000,float64,50,99,2,ok,gpu_reused_handle,615019.0,602569.0,642018.0,13104.331354101789
1000000,float64,50,99,2,ok,kernel_interval,78367.0,71903.0,126784.00000000001,18941.193422952907
1000000,float64,50,99,2,ok,context_init,188950048.0,188950048.0,188950048.0,0
1000000,float64,50,99,2,ok,first_query,1397694.0,1397694.0,1397694.0,0
1000000,float64,50,99,4,ok,cpu,6653498.0,6627009.0,6690348.0,21942.033854377918
1000000,float64,50,99,4,ok,gpu_fresh_handle,797576.0,750057.0,934023.0,63928.98901571515
1000000,float64,50,99,4,ok,gpu_reused_handle,733836.0,716357.0,899534.0,64729.32186604534
1000000,float64,50,99,4,ok,kernel_interval,150301.0,145791.0,194174.0,17271.070613683947
1000000,float64,50,99,4,ok,context_init,190311303.0,190311303.0,190311303.0,0
1000000,float64,50,99,4,ok,first_query,1558282.0,1558282.0,1558282.0,0
5000000,float32,0,1,1,ok,cpu,3687403.0,3662153.0,3713022.0,15724.328596462356
5000000,float32,0,1,1,ok,gpu_fresh_handle,1594051.0,1552932.0,1630510.0,29991.880666353052
5000000,float32,0,1,1,ok,gpu_reused_handle,1485312.0,1454823.0,1627450.0,57938.79217144343
5000000,float32,0,1,1,ok,kernel_interval,34015.0,25407.0,97695.0,30905.11678162233
5000000,float32,0,1,1,ok,context_init,188156625.0,188156625.0,188156625.0,0
5000000,float32,0,1,1,ok,first_query,2469605.0,2469605.0,2469605.0,0
5000000,float32,0,1,2,ok,cpu,3923558.0,3889169.0,3947068.0,23611.012116020294
5000000,float32,0,1,2,ok,gpu_fresh_handle,1701899.0,1641680.0,1788808.0,44178.4908125684
5000000,float32,0,1,2,ok,gpu_reused_handle,1597070.0,1562141.0,1681119.0,39019.411288302574
5000000,float32,0,1,2,ok,kernel_interval,53758.0,51038.0,129247.0,28574.213519985362
5000000,float32,0,1,2,ok,context_init,189612071.0,189612071.0,189612071.0,0
5000000,float32,0,1,2,ok,first_query,2543064.0,2543064.0,2543064.0,0
5000000,float32,0,1,4,ok,cpu,4961219.0,4915540.0,5104236.0,60319.565625409596
5000000,float32,0,1,4,ok,gpu_fresh_handle,1831127.0,1733868.0,1864296.0,57602.588332221916
5000000,float32,0,1,4,ok,gpu_reused_handle,1708039.0,1674810.0,1744908.0,25904.16733985921
5000000,float32,0,1,4,ok,kernel_interval,110941.0,109981.0,186013.0,35454.441915949385
5000000,float32,0,1,4,ok,context_init,189763318.0,189763318.0,189763318.0,0
5000000,float32,0,1,4,ok,first_query,2571473.0,2571473.0,2571473.0,0
5000000,float32,0,50,1,ok,cpu,26592775.0,26433938.0,27213704.0,316542.9797899263
5000000,float32,0,50,1,ok,gpu_fresh_handle,1704399.0,1576771.0,1729079.0,59551.43119306921
5000000,float32,0,50,1,ok,gpu_reused_handle,1538342.0,1532472.0,1592871.0,21160.893426768343
5000000,float32,0,50,1,ok,kernel_interval,41632.0,38047.0,110592.0,33788.37645516858
5000000,float32,0,50,1,ok,context_init,187058570.0,187058570.0,187058570.0,0
5000000,float32,0,50,1,ok,first_query,2486795.0,2486795.0,2486795.0,0
5000000,float32,0,50,2,ok,cpu,26743193.0,26699634.0,26844431.0,50027.28648257392
5000000,float32,0,50,2,ok,gpu_fresh_handle,1750868.0,1701419.0,1800187.0,31883.3988972019
5000000,float32,0,50,2,ok,gpu_reused_handle,1605411.0,1586021.0,1610531.0,10292.516527856074
5000000,float32,0,50,2,ok,kernel_interval,76000.0,72127.0,161855.0,34852.45855234401
5000000,float32,0,50,2,ok,context_init,186808167.0,186808167.0,186808167.0,0
5000000,float32,0,50,2,ok,first_query,2583573.0,2583573.0,2583573.0,0
5000000,float32,0,50,4,ok,cpu,50416033.0,49980130.0,51224517.0,390173.2945177175
5000000,float32,0,50,4,ok,gpu_fresh_handle,1855277.0,1683289.0,1896846.0,77829.85364333443
5000000,float32,0,50,4,ok,gpu_reused_handle,1693750.0,1644630.0,1737369.0,37960.68894138727
5000000,float32,0,50,4,ok,kernel_interval,147039.0,138976.0,207165.0,28763.102937948952
5000000,float32,0,50,4,ok,context_init,184539991.0,184539991.0,184539991.0,0
5000000,float32,0,50,4,ok,first_query,2632352.0,2632352.0,2632352.0,0
5000000,float32,0,99,1,ok,cpu,49579568.0,49202594.0,50588290.0,460618.56046893744
5000000,float32,0,99,1,ok,gpu_fresh_handle,1688519.0,1570202.0,1698039.0,44758.948036491354
5000000,float32,0,99,1,ok,gpu_reused_handle,1526932.0,1498882.0,1576611.0,25362.60381423988
5000000,float32,0,99,1,ok,kernel_interval,54944.0,49215.0,100767.0,22793.027244145982
5000000,float32,0,99,1,ok,context_init,187139746.0,187139746.0,187139746.0,0
5000000,float32,0,99,1,ok,first_query,2472025.0,2472025.0,2472025.0,0
5000000,float32,0,99,2,ok,cpu,49117419.0,48962891.0,49787685.0,278422.7089162055
5000000,float32,0,99,2,ok,gpu_fresh_handle,1777048.0,1659510.0,1825977.0,65384.469343152996
5000000,float32,0,99,2,ok,gpu_reused_handle,1626011.0,1589491.0,1706259.0,35974.99797941687
5000000,float32,0,99,2,ok,kernel_interval,98719.0,95774.0,149312.0,24591.053249195364
5000000,float32,0,99,2,ok,context_init,186457121.0,186457121.0,186457121.0,0
5000000,float32,0,99,2,ok,first_query,2615942.0,2615942.0,2615942.0,0
5000000,float32,0,99,4,ok,cpu,94408296.0,94326998.0,94481655.0,49191.14893768516
5000000,float32,0,99,4,ok,gpu_fresh_handle,1892796.0,1776558.0,1923256.0,59157.108148355175
5000000,float32,0,99,4,ok,gpu_reused_handle,1732929.0,1725969.0,1765168.0,14497.826957037061
5000000,float32,0,99,4,ok,kernel_interval,196222.0,191230.0,246877.0,25349.21948455594
5000000,float32,0,99,4,ok,context_init,189113916.0,189113916.0,189113916.0,0
5000000,float32,0,99,4,ok,first_query,2692461.0,2692461.0,2692461.0,0
5000000,float32,10,1,1,ok,cpu,4599056.0,4571257.0,4692015.0,42910.967813213756
5000000,float32,10,1,1,ok,gpu_fresh_handle,1690290.0,1640560.0,1792678.0,46193.70863161841
5000000,float32,10,1,1,ok,gpu_reused_handle,1601491.0,1589631.0,1637900.0,16850.533343261897
5000000,float32,10,1,1,ok,kernel_interval,43839.0,42176.0,108896.0,24294.552073997795
5000000,float32,10,1,1,ok,context_init,187918602.0,187918602.0,187918602.0,0
5000000,float32,10,1,1,ok,first_query,2507885.0,2507885.0,2507885.0,0
5000000,float32,10,1,2,ok,cpu,4857892.0,4779124.0,4879382.0,33208.73473163635
5000000,float32,10,1,2,ok,gpu_fresh_handle,1772178.0,1717689.0,1897015.0,65750.90134852036
5000000,float32,10,1,2,ok,gpu_reused_handle,1691710.0,1663160.0,1717879.0,19281.909466302
5000000,float32,10,1,2,ok,kernel_interval,83904.0,79454.0,147616.0,24344.81946749168
5000000,float32,10,1,2,ok,context_init,186344992.0,186344992.0,186344992.0,0
5000000,float32,10,1,2,ok,first_query,2546564.0,2546564.0,2546564.0,0
5000000,float32,10,1,4,ok,cpu,5813355.0,5752835.0,5826485.0,33033.76994690073
5000000,float32,10,1,4,ok,gpu_fresh_handle,1869596.0,1788797.0,1969374.0,67952.23928298043
5000000,float32,10,1,4,ok,gpu_reused_handle,1763368.0,1747569.0,1847397.0,38137.80002769406
5000000,float32,10,1,4,ok,kernel_interval,151485.0,147968.0,156574.0,3310.447675092269
5000000,float32,10,1,4,ok,context_init,187601220.0,187601220.0,187601220.0,0
5000000,float32,10,1,4,ok,first_query,2653162.0,2653162.0,2653162.0,0
5000000,float32,10,50,1,ok,cpu,37077509.0,36911702.0,37246875.0,130625.46436390461
5000000,float32,10,50,1,ok,gpu_fresh_handle,1779518.0,1664650.0,1838506.0,68186.46586313711
5000000,float32,10,50,1,ok,gpu_reused_handle,1619891.0,1596751.0,1764888.0,59625.5183777007
5000000,float32,10,50,1,ok,kernel_interval,53727.0,47200.0,117215.0,30006.90630742958
5000000,float32,10,50,1,ok,context_init,186814836.0,186814836.0,186814836.0,0
5000000,float32,10,50,1,ok,first_query,2492185.0,2492185.0,2492185.0,0
5000000,float32,10,50,2,ok,cpu,37565629.0,37461252.0,37704938.0,82406.05968385485
5000000,float32,10,50,2,ok,gpu_fresh_handle,1839666.0,1710470.0,1966725.0,93780.08790224277
5000000,float32,10,50,2,ok,gpu_reused_handle,1681699.0,1639301.0,1738109.0,39129.89632408107
5000000,float32,10,50,2,ok,kernel_interval,88863.0,82528.0,162240.0,38533.35331829273
5000000,float32,10,50,2,ok,context_init,187767811.0,187767811.0,187767811.0,0
5000000,float32,10,50,2,ok,first_query,2550024.0,2550024.0,2550024.0,0
5000000,float32,10,50,4,ok,cpu,61394920.0,61200834.0,61538058.0,112837.99033528009
5000000,float32,10,50,4,ok,gpu_fresh_handle,1944145.0,1842027.0,1970334.0,46864.834708319366
5000000,float32,10,50,4,ok,gpu_reused_handle,1790758.0,1783838.0,1819877.0,12994.482263088217
5000000,float32,10,50,4,ok,kernel_interval,167358.0,164894.0,235997.0,33354.68301667484
5000000,float32,10,50,4,ok,context_init,186749202.0,186749202.0,186749202.0,0
5000000,float32,10,50,4,ok,first_query,2650842.0,2650842.0,2650842.0,0
5000000,float32,10,99,1,ok,cpu,69537944.0,69501405.0,69699401.0,66333.1452568523
5000000,float32,10,99,1,ok,gpu_fresh_handle,1809387.0,1668880.0,1868137.0,70456.11983558074
5000000,float32,10,99,1,ok,gpu_reused_handle,1616771.0,1590941.0,1670710.0,25405.063870923732
5000000,float32,10,99,1,ok,kernel_interval,60800.0,58207.0,121760.0,29688.26521259424
5000000,float32,10,99,1,ok,context_init,184212572.0,184212572.0,184212572.0,0
5000000,float32,10,99,1,ok,first_query,2516384.0,2516384.0,2516384.0,0
5000000,float32,10,99,2,ok,cpu,69780431.0,69668763.0,70094845.0,138402.05113450484
5000000,float32,10,99,2,ok,gpu_fresh_handle,1879056.0,1704539.0,1911465.0,85043.52141585815
5000000,float32,10,99,2,ok,gpu_reused_handle,1685470.0,1653130.0,1869286.0,72377.04131112559
5000000,float32,10,99,2,ok,kernel_interval,109631.0,107392.0,176320.0,31969.147798344282
5000000,float32,10,99,2,ok,context_init,186404645.0,186404645.0,186404645.0,0
5000000,float32,10,99,2,ok,first_query,2572603.0,2572603.0,2572603.0,0
5000000,float32,10,99,4,ok,cpu,117306186.0,117036211.0,117665799.0,219931.69065568215
5000000,float32,10,99,4,ok,gpu_fresh_handle,1995934.0,1824587.0,2035643.0,92664.79711252144
5000000,float32,10,99,4,ok,gpu_reused_handle,1782698.0,1761028.0,1825177.0,21492.763089889006
5000000,float32,10,99,4,ok,kernel_interval,204606.0,201598.0,272638.0,32780.86943630385
5000000,float32,10,99,4,ok,context_init,187741034.0,187741034.0,187741034.0,0
5000000,float32,10,99,4,ok,first_query,2665692.0,2665692.0,2665692.0,0
5000000,float32,50,1,1,ok,cpu,4357212.0,4348432.0,4369971.0,7526.406642773227
5000000,float32,50,1,1,ok,gpu_fresh_handle,1712379.0,1647031.0,1785278.0,51916.41542215443
5000000,float32,50,1,1,ok,gpu_reused_handle,1612021.0,1595881.0,1629411.0,13903.065734201353
5000000,float32,50,1,1,ok,kernel_interval,51775.0,44927.0,104704.0,20911.86290464953
5000000,float32,50,1,1,ok,context_init,184919909.0,184919909.0,184919909.0,0
5000000,float32,50,1,1,ok,first_query,2487066.0,2487066.0,2487066.0,0
5000000,float32,50,1,2,ok,cpu,4518339.0,4483989.0,4533048.0,19894.28512460419
5000000,float32,50,1,2,ok,gpu_fresh_handle,1750579.0,1670400.0,1835867.0,52111.60127621707
5000000,float32,50,1,2,ok,gpu_reused_handle,1656090.0,1634361.0,1671740.0,13482.652974770775
5000000,float32,50,1,2,ok,kernel_interval,84255.0,80960.0,148927.0,24467.40236762063
5000000,float32,50,1,2,ok,context_init,188022165.0,188022165.0,188022165.0,0
5000000,float32,50,1,2,ok,first_query,2546194.0,2546194.0,2546194.0,0
5000000,float32,50,1,4,ok,cpu,5351724.0,5302075.0,5392714.0,31065.62954916115
5000000,float32,50,1,4,ok,gpu_fresh_handle,1871497.0,1781048.0,1926275.0,52566.38170922553
5000000,float32,50,1,4,ok,gpu_reused_handle,1743138.0,1736729.0,1782209.0,18770.70768257718
5000000,float32,50,1,4,ok,kernel_interval,152735.0,148863.0,300541.0,55531.6968462071
5000000,float32,50,1,4,ok,context_init,188012827.0,188012827.0,188012827.0,0
5000000,float32,50,1,4,ok,first_query,2621323.0,2621323.0,2621323.0,0
5000000,float32,50,50,1,ok,cpu,25553191.0,25358984.0,25759867.0,142822.47496555196
5000000,float32,50,50,1,ok,gpu_fresh_handle,1763189.0,1646310.0,1808577.0,61679.76831104963
5000000,float32,50,50,1,ok,gpu_reused_handle,1616781.0,1598771.0,1722739.0,42964.62324539862
5000000,float32,50,50,1,ok,kernel_interval,52896.0,49727.0,121664.0,32186.719631964155
5000000,float32,50,50,1,ok,context_init,185290027.0,185290027.0,185290027.0,0
5000000,float32,50,50,1,ok,first_query,2506235.0,2506235.0,2506235.0,0
5000000,float32,50,50,2,ok,cpu,26283867.0,25591731.0,26644701.0,375491.3376131015
5000000,float32,50,50,2,ok,gpu_fresh_handle,1821917.0,1730259.0,1858177.0,51839.47153932214
5000000,float32,50,50,2,ok,gpu_reused_handle,1673540.0,1658190.0,1701690.0,15538.656853458211
5000000,float32,50,50,2,ok,kernel_interval,94047.0,87998.0,152447.0,31614.044077035793
5000000,float32,50,50,2,ok,context_init,190311289.0,190311289.0,190311289.0,0
5000000,float32,50,50,2,ok,first_query,2533874.0,2533874.0,2533874.0,0
5000000,float32,50,50,4,ok,cpu,39371203.0,39287084.0,40217678.0,328334.25188655657
5000000,float32,50,50,4,ok,gpu_fresh_handle,1950975.0,1796498.0,2000134.0,78543.15871756962
5000000,float32,50,50,4,ok,gpu_reused_handle,1780958.0,1759188.0,1830677.0,25921.75306847238
5000000,float32,50,50,4,ok,kernel_interval,167582.0,161119.0,235999.0,35105.07450362072
5000000,float32,50,50,4,ok,context_init,186917373.0,186917373.0,186917373.0,0
5000000,float32,50,50,4,ok,first_query,2733141.0,2733141.0,2733141.0,0
5000000,float32,50,99,1,ok,cpu,46526845.0,46115953.0,49487242.0,1188477.8542524367
5000000,float32,50,99,1,ok,gpu_fresh_handle,1818098.0,1697930.0,1864476.0,67431.14575589221
5000000,float32,50,99,1,ok,gpu_reused_handle,1658430.0,1640451.0,1739779.0,34637.989982099134
5000000,float32,50,99,1,ok,kernel_interval,68383.0,60927.0,124095.0,29618.18144798418
5000000,float32,50,99,1,ok,context_init,189422580.0,189422580.0,189422580.0,0
5000000,float32,50,99,1,ok,first_query,2468476.0,2468476.0,2468476.0,0
5000000,float32,50,99,2,ok,cpu,46297810.0,46116354.0,47017968.0,355406.6617696383
5000000,float32,50,99,2,ok,gpu_fresh_handle,1907246.0,1820547.0,1958114.0,42335.74230622451
5000000,float32,50,99,2,ok,gpu_reused_handle,1741829.0,1732679.0,1781099.0,16871.775106315734
5000000,float32,50,99,2,ok,kernel_interval,110238.0,106047.0,184863.0,34421.38531702141
5000000,float32,50,99,2,ok,context_init,188736816.0,188736816.0,188736816.0,0
5000000,float32,50,99,2,ok,first_query,2800620.0,2800620.0,2800620.0,0
5000000,float32,50,99,4,ok,cpu,72944164.0,72624299.0,73928315.0,547774.9897971229
5000000,float32,50,99,4,ok,gpu_fresh_handle,2013694.0,1894576.0,2100083.0,75389.1664094037
5000000,float32,50,99,4,ok,gpu_reused_handle,1850847.0,1819158.0,1867397.0,15339.910928219704
5000000,float32,50,99,4,ok,kernel_interval,206525.0,199871.0,278975.0,34638.5277112062
5000000,float32,50,99,4,ok,context_init,188959406.0,188959406.0,188959406.0,0
5000000,float32,50,99,4,ok,first_query,2748801.0,2748801.0,2748801.0,0
5000000,float64,0,1,1,ok,cpu,4485430.0,4457340.0,4499849.0,14815.94463664705
5000000,float64,0,1,1,ok,gpu_fresh_handle,3297751.0,3221082.0,3388939.0,58115.5655438041
5000000,float64,0,1,1,ok,gpu_reused_handle,3198243.0,3178094.0,3270041.0,33971.47010290224
5000000,float64,0,1,1,ok,kernel_interval,121919.0,115712.0,178335.0,28099.26654694372
5000000,float64,0,1,1,ok,context_init,190394192.0,190394192.0,190394192.0,0
5000000,float64,0,1,1,ok,first_query,4122767.0,4122767.0,4122767.0,0
5000000,float64,0,1,2,ok,cpu,4708686.0,4695426.0,4841763.0,53745.42953591496
5000000,float64,0,1,2,ok,gpu_fresh_handle,3462918.0,3399809.0,3553436.0,64079.526147852666
5000000,float64,0,1,2,ok,gpu_reused_handle,3332270.0,3298351.0,3443839.0,58770.43996124323
5000000,float64,0,1,2,ok,kernel_interval,218431.0,212255.0,278496.0,32609.42635117001
5000000,float64,0,1,2,ok,context_init,193745994.0,193745994.0,193745994.0,0
5000000,float64,0,1,2,ok,first_query,4370291.0,4370291.0,4370291.0,0
5000000,float64,0,1,4,ok,cpu,5165987.0,5130308.0,5399684.0,93538.9050036706
5000000,float64,0,1,4,ok,gpu_fresh_handle,3604236.0,3523337.0,3731723.0,73463.87815985292
5000000,float64,0,1,4,ok,gpu_reused_handle,3483457.0,3464188.0,3591666.0,50934.34779764465
5000000,float64,0,1,4,ok,kernel_interval,408383.0,400447.0,411966.0,3900.078448539453
5000000,float64,0,1,4,ok,context_init,187910571.0,187910571.0,187910571.0,0
5000000,float64,0,1,4,ok,first_query,4409481.0,4409481.0,4409481.0,0
5000000,float64,0,50,1,ok,cpu,10275306.0,10257436.0,10339506.0,29306.93662891822
5000000,float64,0,50,1,ok,gpu_fresh_handle,3251812.0,3208082.0,3343550.0,56303.83036915069
5000000,float64,0,50,1,ok,gpu_reused_handle,3127275.0,3113814.0,3178263.0,21699.33772744053
5000000,float64,0,50,1,ok,kernel_interval,144032.0,135616.0,206783.0,31678.142036817153
5000000,float64,0,50,1,ok,context_init,188142208.0,188142208.0,188142208.0,0
5000000,float64,0,50,1,ok,first_query,4079167.0,4079167.0,4079167.0,0
5000000,float64,0,50,2,ok,cpu,10560202.0,10454564.0,10699319.0,106947.33424915274
5000000,float64,0,50,2,ok,gpu_fresh_handle,3425039.0,3391110.0,3494158.0,40080.65082400971
5000000,float64,0,50,2,ok,gpu_reused_handle,3307871.0,3289142.0,3358450.0,24572.75331008097
5000000,float64,0,50,2,ok,kernel_interval,242623.0,240222.0,302846.0,22482.10952015381
5000000,float64,0,50,2,ok,context_init,186239013.0,186239013.0,186239013.0,0
5000000,float64,0,50,2,ok,first_query,4260534.0,4260534.0,4260534.0,0
5000000,float64,0,50,4,ok,cpu,16035094.0,15848287.0,16107482.0,93111.91015628657
5000000,float64,0,50,4,ok,gpu_fresh_handle,3717523.0,3638855.0,3762063.0,48549.32864966655
5000000,float64,0,50,4,ok,gpu_reused_handle,3544137.0,3517297.0,3599765.0,25361.775534021574
5000000,float64,0,50,4,ok,kernel_interval,525917.0,468030.0,535582.0,33785.44112836319
5000000,float64,0,50,4,ok,context_init,187552012.0,187552012.0,187552012.0,0
5000000,float64,0,50,4,ok,first_query,4533069.0,4533069.0,4533069.0,0
5000000,float64,0,99,1,ok,cpu,15855087.0,15791638.0,16094083.0,102389.18910984416
5000000,float64,0,99,1,ok,gpu_fresh_handle,3304920.0,3208342.0,3405890.0,69345.30226269666
5000000,float64,0,99,1,ok,gpu_reused_handle,3191073.0,3144144.0,3308871.0,68382.34566479163
5000000,float64,0,99,1,ok,kernel_interval,164928.0,159327.0,225247.0,32426.78517022911
5000000,float64,0,99,1,ok,context_init,189434810.0,189434810.0,189434810.0,0
5000000,float64,0,99,1,ok,first_query,4058277.0,4058277.0,4058277.0,0
5000000,float64,0,99,2,ok,cpu,16718092.0,16630874.0,17333421.0,246951.56851631185
5000000,float64,0,99,2,ok,gpu_fresh_handle,3574956.0,3444679.0,3606046.0,58101.564576507706
5000000,float64,0,99,2,ok,gpu_reused_handle,3429409.0,3417089.0,3498137.0,28142.902591696442
5000000,float64,0,99,2,ok,kernel_interval,276415.0,271551.0,340447.0,31517.75887986841
5000000,float64,0,99,2,ok,context_init,191212952.0,191212952.0,191212952.0,0
5000000,float64,0,99,2,ok,first_query,4388772.0,4388772.0,4388772.0,0
5000000,float64,0,99,4,ok,cpu,26529828.0,26260632.0,27626458.0,473182.2419405707
5000000,float64,0,99,4,ok,gpu_fresh_handle,3774373.0,3658515.0,4371602.0,251511.0967607782
5000000,float64,0,99,4,ok,gpu_reused_handle,3704625.0,3590166.0,4279534.0,238319.22385241828
5000000,float64,0,99,4,ok,kernel_interval,526941.0,516669.99999999994,588381.0,29648.537326806672
5000000,float64,0,99,4,ok,context_init,187411011.0,187411011.0,187411011.0,0
5000000,float64,0,99,4,ok,first_query,4521849.0,4521849.0,4521849.0,0
5000000,float64,10,1,1,ok,cpu,5264527.0,5242047.0,5335265.0,33440.3017565845
5000000,float64,10,1,1,ok,gpu_fresh_handle,3335201.0,3174634.0,3391920.0,70202.26955699068
5000000,float64,10,1,1,ok,gpu_reused_handle,3229242.0,3153064.0,3320671.0,58271.520118771405
5000000,float64,10,1,1,ok,kernel_interval,120768.0,116191.0,124991.0,3783.1256792184295
5000000,float64,10,1,1,ok,context_init,186670017.0,186670017.0,186670017.0,0
5000000,float64,10,1,1,ok,first_query,3981269.0,3981269.0,3981269.0,0
5000000,float64,10,1,2,ok,cpu,5492492.0,5485163.0,5538011.0,19814.635564941098
5000000,float64,10,1,2,ok,gpu_fresh_handle,3419269.0,3375560.0,3512488.0,47425.88270986133
5000000,float64,10,1,2,ok,gpu_reused_handle,3322480.0,3299931.0,3567747.0,94771.3417072904
5000000,float64,10,1,2,ok,kernel_interval,273022.0,216159.0,280734.0,22504.026080004525
5000000,float64,10,1,2,ok,context_init,188173863.0,188173863.0,188173863.0,0
5000000,float64,10,1,2,ok,first_query,4095317.0,4095317.0,4095317.0,0
5000000,float64,10,1,4,ok,cpu,5981614.0,5950334.0,6030393.0,27601.594455324324
5000000,float64,10,1,4,ok,gpu_fresh_handle,3629135.0,3592546.0,3914691.0,112012.33371332267
5000000,float64,10,1,4,ok,gpu_reused_handle,3583997.0,3515187.0,3734094.0,83898.8657171183
5000000,float64,10,1,4,ok,kernel_interval,416606.0,409727.0,480893.0,25285.83541187023
5000000,float64,10,1,4,ok,context_init,189747934.0,189747934.0,189747934.0,0
5000000,float64,10,1,4,ok,first_query,4450351.0,4450351.0,4450351.0,0
5000000,float64,10,50,1,ok,cpu,20957937.0,20789171.0,21812062.0,418644.15282307763
5000000,float64,10,50,1,ok,gpu_fresh_handle,3350591.0,3295721.0,3458139.0,69889.08072728358
5000000,float64,10,50,1,ok,gpu_reused_handle,3260202.0,3223783.0,3423879.0,65575.91992855449
5000000,float64,10,50,1,ok,kernel_interval,144927.0,138784.0,204927.0,29310.255177521547
5000000,float64,10,50,1,ok,context_init,185525582.0,185525582.0,185525582.0,0
5000000,float64,10,50,1,ok,first_query,4130936.0,4130936.0,4130936.0,0
5000000,float64,10,50,2,ok,cpu,21049026.0,20982438.0,21425769.0,155388.0762220834
5000000,float64,10,50,2,ok,gpu_fresh_handle,3543537.0,3424080.0,3870872.0,144993.85211958538
5000000,float64,10,50,2,ok,gpu_reused_handle,3433219.0,3326881.0,3567137.0,76586.58094041578
5000000,float64,10,50,2,ok,kernel_interval,248254.0,246271.0,310814.0,30659.10175275385
5000000,float64,10,50,2,ok,context_init,189148140.0,189148140.0,189148140.0,0
5000000,float64,10,50,2,ok,first_query,4134487.0,4134487.0,4134487.0,0
5000000,float64,10,50,4,ok,cpu,27643369.0,27094579.0,28534383.0,476775.54126853525
5000000,float64,10,50,4,ok,gpu_fresh_handle,3875011.0,3750143.0,4406151.0,215194.72094737604
5000000,float64,10,50,4,ok,gpu_reused_handle,3704985.0,3668055.0,3954719.0,97185.46726307826
5000000,float64,10,50,4,ok,kernel_interval,474656.0,471038.0,735552.0,98568.99024275428
5000000,float64,10,50,4,ok,context_init,187840585.0,187840585.0,187840585.0,0
5000000,float64,10,50,4,ok,first_query,4669537.0,4669537.0,4669537.0,0
5000000,float64,10,99,1,ok,cpu,36030690.0,35963852.0,36120730.0,60340.54775427312
5000000,float64,10,99,1,ok,gpu_fresh_handle,3440990.0,3378040.0,3587416.0,69818.20051117794
5000000,float64,10,99,1,ok,gpu_reused_handle,3339781.0,3301041.0,3616436.0,129397.3904745341
5000000,float64,10,99,1,ok,kernel_interval,166528.0,160832.0,224895.0,32098.469832984993
5000000,float64,10,99,1,ok,context_init,189189244.0,189189244.0,189189244.0,0
5000000,float64,10,99,1,ok,first_query,4119547.0,4119547.0,4119547.0,0
5000000,float64,10,99,2,ok,cpu,36404135.0,36176999.0,37393117.0,421427.9950631571
5000000,float64,10,99,2,ok,gpu_fresh_handle,3723624.0,3594146.0,4134407.0,203775.87955433503
5000000,float64,10,99,2,ok,gpu_reused_handle,3547987.0,3477968.0,3873861.0,150458.8645881088
5000000,float64,10,99,2,ok,kernel_interval,279359.0,270239.0,365471.0,40486.36613255193
5000000,float64,10,99,2,ok,context_init,188063586.0,188063586.0,188063586.0,0
5000000,float64,10,99,2,ok,first_query,4315904.0,4315904.0,4315904.0,0
5000000,float64,10,99,4,ok,cpu,47655887.0,47396321.0,47999500.0,182084.19131335398
5000000,float64,10,99,4,ok,gpu_fresh_handle,4006079.0,3883681.0,4272904.0,132267.70430078538
5000000,float64,10,99,4,ok,gpu_reused_handle,3882331.0,3770063.0,4169396.0,147400.0395176661
5000000,float64,10,99,4,ok,kernel_interval,533887.0,525216.0,728414.0,73232.40507095333
5000000,float64,10,99,4,ok,context_init,192719696.0,192719696.0,192719696.0,0
5000000,float64,10,99,4,ok,first_query,4540700.0,4540700.0,4540700.0,0
5000000,float64,50,1,1,ok,cpu,5418575.0,5244347.0,5472063.0,91762.02108845519
5000000,float64,50,1,1,ok,gpu_fresh_handle,3407550.0,3362431.0,3652205.0,101222.31684103396
5000000,float64,50,1,1,ok,gpu_reused_handle,3298041.0,3228373.0,3568977.0,138235.61423164437
5000000,float64,50,1,1,ok,kernel_interval,119231.0,115231.0,125855.0,4340.078910847242
5000000,float64,50,1,1,ok,context_init,186646888.0,186646888.0,186646888.0,0
5000000,float64,50,1,1,ok,first_query,4059298.0,4059298.0,4059298.0,0
5000000,float64,50,1,2,ok,cpu,5499283.0,5472523.0,5544462.0,25022.4901372079
5000000,float64,50,1,2,ok,gpu_fresh_handle,3474498.0,3425070.0,3604176.0,64444.80720334409
5000000,float64,50,1,2,ok,gpu_reused_handle,3372660.0,3354850.0,3623956.0,95795.72741516189
5000000,float64,50,1,2,ok,kernel_interval,219103.0,213535.0,377054.0,60510.96712167143
5000000,float64,50,1,2,ok,context_init,189602716.0,189602716.0,189602716.0,0
5000000,float64,50,1,2,ok,first_query,4145257.0,4145257.0,4145257.0,0
5000000,float64,50,1,4,ok,cpu,5770928.0,5751298.0,5831867.0,28271.892929365797
5000000,float64,50,1,4,ok,gpu_fresh_handle,3625156.0,3584427.0,3690185.0,33230.447190433515
5000000,float64,50,1,4,ok,gpu_reused_handle,3529767.0,3501299.0,4035299.0,191318.2353774788
5000000,float64,50,1,4,ok,kernel_interval,529247.0,403775.0,713021.0,119004.02506458103
5000000,float64,50,1,4,ok,context_init,186460493.0,186460493.0,186460493.0,0
5000000,float64,50,1,4,ok,first_query,4478811.0,4478811.0,4478811.0,0
5000000,float64,50,50,1,ok,cpu,16597547.0,16546658.0,17047589.0,181759.4613368894
5000000,float64,50,50,1,ok,gpu_fresh_handle,3515738.0,3317161.0,3589726.0,99489.16356305439
5000000,float64,50,50,1,ok,gpu_reused_handle,3375560.0,3300931.0,3667205.0,125457.69640267857
5000000,float64,50,50,1,ok,kernel_interval,143296.0,140128.0,204991.0,28956.30513623686
5000000,float64,50,50,1,ok,context_init,194015993.0,194015993.0,194015993.0,0
5000000,float64,50,50,1,ok,first_query,4017049.0,4017049.0,4017049.0,0
5000000,float64,50,50,2,ok,cpu,16947681.0,16897461.0,17101858.0,74876.64923885213
5000000,float64,50,50,2,ok,gpu_fresh_handle,3505948.0,3416739.0,3602116.0,66292.58461655314
5000000,float64,50,50,2,ok,gpu_reused_handle,3427150.0,3349440.0,3659715.0,121131.74723258575
5000000,float64,50,50,2,ok,kernel_interval,249854.0,245983.0,309951.0,32259.709540953198
5000000,float64,50,50,2,ok,context_init,193723470.0,193723470.0,193723470.0,0
5000000,float64,50,50,2,ok,first_query,4131497.0,4131497.0,4131497.0,0
5000000,float64,50,50,4,ok,cpu,20753683.0,20662376.0,20845702.0,69372.22122929116
5000000,float64,50,50,4,ok,gpu_fresh_handle,3815933.0,3762103.0,3907510.0,50521.97392790021
5000000,float64,50,50,4,ok,gpu_reused_handle,3742154.0,3614717.0,3893261.0,101348.690783237
5000000,float64,50,50,4,ok,kernel_interval,482528.0,474976.0,546558.0,24877.246316377426
5000000,float64,50,50,4,ok,context_init,192307507.0,192307507.0,192307507.0,0
5000000,float64,50,50,4,ok,first_query,4388453.0,4388453.0,4388453.0,0
5000000,float64,50,99,1,ok,cpu,27830660.0,27223300.0,28975709.0,583023.5446274875
5000000,float64,50,99,1,ok,gpu_fresh_handle,3402179.0,3303401.0,3661246.0,112370.67048368262
5000000,float64,50,99,1,ok,gpu_reused_handle,3425090.0,3223483.0,4018119.0,313275.7936881693
5000000,float64,50,99,1,ok,kernel_interval,164000.0,157279.0,223424.0,30680.53579186958
5000000,float64,50,99,1,ok,context_init,192686853.0,192686853.0,192686853.0,0
5000000,float64,50,99,1,ok,first_query,4078868.0,4078868.0,4078868.0,0
5000000,float64,50,99,2,ok,cpu,28371180.0,27752611.0,29804394.0,748221.1953319368
5000000,float64,50,99,2,ok,gpu_fresh_handle,3625716.0,3557858.0,3783893.0,82070.10583177101
5000000,float64,50,99,2,ok,gpu_reused_handle,3503418.0,3375671.0,3755674.0,126893.335896541
5000000,float64,50,99,2,ok,kernel_interval,278272.0,270752.0,336575.0,29585.89652182269
5000000,float64,50,99,2,ok,context_init,194544683.0,194544683.0,194544683.0,0
5000000,float64,50,99,2,ok,first_query,4292894.0,4292894.0,4292894.0,0
5000000,float64,50,99,4,ok,cpu,34379726.0,34030981.0,34606331.0,232955.83031532986
5000000,float64,50,99,4,ok,gpu_fresh_handle,3797823.0,3715565.0,3846102.0,45785.40173253396
5000000,float64,50,99,4,ok,gpu_reused_handle,3662695.0,3611656.0,3776643.0,58079.08397013097
5000000,float64,50,99,4,ok,kernel_interval,528157.0,524252.99999999994,591517.0,31183.529256720805
5000000,float64,50,99,4,ok,context_init,188715377.0,188715377.0,188715377.0,0
5000000,float64,50,99,4,ok,first_query,4463642.0,4463642.0,4463642.0,0
10000000,float32,0,1,1,ok,cpu,7407130.0,7365711.0,7454239.0,30416.937527822036
10000000,float32,0,1,1,ok,gpu_fresh_handle,3175284.0,3138384.0,3311912.0,58672.355875253386
10000000,float32,0,1,1,ok,gpu_reused_handle,3089415.0,3063226.0,3219504.0,56345.81716718727
10000000,float32,0,1,1,ok,kernel_interval,60543.0,52607.0,150207.0,47690.318796426196
10000000,float32,0,1,1,ok,context_init,190598636.0,190598636.0,190598636.0,0
10000000,float32,0,1,1,ok,first_query,4057539.0,4057539.0,4057539.0,0
10000000,float32,0,1,2,ok,cpu,7719185.0,7687725.0,7780123.0,29477.489031785724
10000000,float32,0,1,2,ok,gpu_fresh_handle,3261213.0,3177034.0,3408920.0,79977.74614526337
10000000,float32,0,1,2,ok,gpu_reused_handle,3179174.0,3111885.0,3216643.0,34463.14965154465
10000000,float32,0,1,2,ok,kernel_interval,99008.0,93280.0,199198.0,47902.80813222103
10000000,float32,0,1,2,ok,context_init,191592591.0,191592591.0,191592591.0,0
10000000,float32,0,1,2,ok,first_query,4108518.0,4108518.0,4108518.0,0
10000000,float32,0,1,4,ok,cpu,9512223.0,9488843.0,9570052.0,29944.07454381775
10000000,float32,0,1,4,ok,gpu_fresh_handle,3417080.0,3263903.0,3461049.0,79049.038319502
10000000,float32,0,1,4,ok,gpu_reused_handle,3226543.0,3177875.0,3349091.0,53909.69386765948
10000000,float32,0,1,4,ok,kernel_interval,167360.0,165693.0,279006.0,52539.336979883126
10000000,float32,0,1,4,ok,context_init,191632432.0,191632432.0,191632432.0,0
10000000,float32,0,1,4,ok,first_query,4117228.0,4117228.0,4117228.0,0
10000000,float32,0,50,1,ok,cpu,52558908.0,52380211.0,52955850.0,202866.54760657196
10000000,float32,0,50,1,ok,gpu_fresh_handle,3271212.0,3184824.0,3301412.0,47902.68989812775
10000000,float32,0,50,1,ok,gpu_reused_handle,3118805.0,3101576.0,3211614.0,41616.694353405364
10000000,float32,0,50,1,ok,kernel_interval,82847.0,78975.0,160543.0,40930.24725007633
10000000,float32,0,50,1,ok,context_init,187031346.0,187031346.0,187031346.0,0
10000000,float32,0,50,1,ok,first_query,4047858.0,4047858.0,4047858.0,0
10000000,float32,0,50,2,ok,cpu,53079289.0,52969331.0,53468723.0,158037.30588783685
10000000,float32,0,50,2,ok,gpu_fresh_handle,3311262.0,3186514.0,3364901.0,62139.66422503424
10000000,float32,0,50,2,ok,gpu_reused_handle,3165504.0,3132595.0,3307192.0,72574.89950782865
10000000,float32,0,50,2,ok,kernel_interval,124192.0,122751.0,220414.0,45239.652281725466
10000000,float32,0,50,2,ok,context_init,191382913.0,191382913.0,191382913.0,0
10000000,float32,0,50,2,ok,first_query,4162267.0,4162267.0,4162267.0,0
10000000,float32,0,50,4,ok,cpu,99359199.0,99205033.0,100824134.0,568909.790945052
10000000,float32,0,50,4,ok,gpu_fresh_handle,3460089.0,3381921.0,3532248.0,50247.81074122249
10000000,float32,0,50,4,ok,gpu_reused_handle,3291743.0,3266482.0,3566698.0,127403.4322050197
10000000,float32,0,50,4,ok,kernel_interval,309118.0,230878.0,326525.0,46441.091563603964
10000000,float32,0,50,4,ok,context_init,184617115.0,184617115.0,184617115.0,0
10000000,float32,0,50,4,ok,first_query,4465182.0,4465182.0,4465182.0,0
10000000,float32,0,99,1,ok,cpu,97904298.0,97551874.0,98076925.0,168190.95763149695
10000000,float32,0,99,1,ok,gpu_fresh_handle,3294912.0,3183174.0,3347342.0,67535.41178945627
10000000,float32,0,99,1,ok,gpu_reused_handle,3157415.0,3129005.0,3275903.0,56593.869666329796
10000000,float32,0,99,1,ok,kernel_interval,102816.0,94559.0,168768.0,35341.11387807206
10000000,float32,0,99,1,ok,context_init,189401605.0,189401605.0,189401605.0,0
10000000,float32,0,99,1,ok,first_query,4070669.0,4070669.0,4070669.0,0
10000000,float32,0,99,2,ok,cpu,98380802.0,98196635.0,98781384.0,221584.47780323724
10000000,float32,0,99,2,ok,gpu_fresh_handle,3348762.0,3238874.0,3486769.0,78327.22964376224
10000000,float32,0,99,2,ok,gpu_reused_handle,3250573.0,3164535.0,3284463.0,47558.00836322091
10000000,float32,0,99,2,ok,kernel_interval,177919.0,172190.0,322687.0,57707.27711434998
10000000,float32,0,99,2,ok,context_init,186281344.0,186281344.0,186281344.0,0
10000000,float32,0,99,2,ok,first_query,4050799.0,4050799.0,4050799.0,0
10000000,float32,0,99,4,ok,cpu,188396896.0,188211067.0,189079552.0,295675.63915145095
10000000,float32,0,99,4,ok,gpu_fresh_handle,3543488.0,3453770.0,3627236.0,57713.01711836561
10000000,float32,0,99,4,ok,gpu_reused_handle,3402721.0,3349682.0,3459920.0,43598.53284010282
10000000,float32,0,99,4,ok,kernel_interval,340063.0,332126.0,405598.0,33679.065304867414
10000000,float32,0,99,4,ok,context_init,188456591.0,188456591.0,188456591.0,0
10000000,float32,0,99,4,ok,first_query,4249106.0,4249106.0,4249106.0,0
10000000,float32,10,1,1,ok,cpu,9030782.0,9020033.0,9074612.0,23032.95883025432
10000000,float32,10,1,1,ok,gpu_fresh_handle,3374341.0,3306463.0,3578287.0,94989.26274484671
10000000,float32,10,1,1,ok,gpu_reused_handle,3366821.0,3252644.0,3455820.0,69388.09530940208
10000000,float32,10,1,1,ok,kernel_interval,78560.0,69632.0,177407.0,38003.67070178253
10000000,float32,10,1,1,ok,context_init,186876774.0,186876774.0,186876774.0,0
10000000,float32,10,1,1,ok,first_query,4069599.0,4069599.0,4069599.0,0
10000000,float32,10,1,2,ok,cpu,9410546.0,9358216.0,9489085.0,45344.215381583446
10000000,float32,10,1,2,ok,gpu_fresh_handle,3386571.0,3350932.0,3477279.0,51639.798455030694
10000000,float32,10,1,2,ok,gpu_reused_handle,3300393.0,3264104.0,3545028.0,105255.61728477963
10000000,float32,10,1,2,ok,kernel_interval,131680.0,127551.0,238623.0,40607.580210736865
10000000,float32,10,1,2,ok,context_init,200023278.0,200023278.0,200023278.0,0
10000000,float32,10,1,2,ok,first_query,4043689.0,4043689.0,4043689.0,0
10000000,float32,10,1,4,ok,cpu,11418532.0,11385302.0,11529619.0,57614.682747914674
10000000,float32,10,1,4,ok,gpu_fresh_handle,3621997.0,3562918.0,3754534.0,78738.41039676584
10000000,float32,10,1,4,ok,gpu_reused_handle,3542979.0,3496229.0,3655227.0,58476.79298906289
10000000,float32,10,1,4,ok,kernel_interval,246335.0,244606.0,253597.00000000003,3536.268863674051
10000000,float32,10,1,4,ok,context_init,186305468.0,186305468.0,186305468.0,0
10000000,float32,10,1,4,ok,first_query,4244697.0,4244697.0,4244697.0,0
10000000,float32,10,50,1,ok,cpu,78383478.0,74632912.0,81135530.0,2461789.513417115
10000000,float32,10,50,1,ok,gpu_fresh_handle,3866083.0,3473219.0,4818076.0,447984.5782031001
10000000,float32,10,50,1,ok,gpu_reused_handle,3584497.0,3367321.0,4545101.0,413004.1779536169
10000000,float32,10,50,1,ok,kernel_interval,95711.0,80799.0,271519.0,74472.70320952055
10000000,float32,10,50,1,ok,context_init,190927400.0,190927400.0,190927400.0,0
10000000,float32,10,50,1,ok,first_query,4094078.0,4094078.0,4094078.0,0
10000000,float32,10,50,2,ok,cpu,74697464.0,74571835.0,74821641.0,88854.42436715827
10000000,float32,10,50,2,ok,gpu_fresh_handle,3595958.0,3426410.0,3629957.0,78016.94756696564
10000000,float32,10,50,2,ok,gpu_reused_handle,3413250.0,3376401.0,3552328.0,59322.137406504415
10000000,float32,10,50,2,ok,kernel_interval,144480.0,140032.0,253118.99999999997,52701.43272200842
10000000,float32,10,50,2,ok,context_init,188920699.0,188920699.0,188920699.0,0
10000000,float32,10,50,2,ok,first_query,4145698.0,4145698.0,4145698.0,0
10000000,float32,10,50,4,ok,cpu,125208560.0,124956694.0,141475828.0,6113898.077383773
10000000,float32,10,50,4,ok,gpu_fresh_handle,3739555.0,3533159.0,3952541.0,146370.1939270359
10000000,float32,10,50,4,ok,gpu_reused_handle,3560198.0,3483880.0,3819024.0,132198.53888177505
10000000,float32,10,50,4,ok,kernel_interval,269053.0,262430.0,382174.0,54029.27167881182
10000000,float32,10,50,4,ok,context_init,192290716.0,192290716.0,192290716.0,0
10000000,float32,10,50,4,ok,first_query,4283086.0,4283086.0,4283086.0,0
10000000,float32,10,99,1,ok,cpu,140780553.0,138447573.0,142043950.0,1271325.8271568308
10000000,float32,10,99,1,ok,gpu_fresh_handle,3397981.0,3292063.0,3460720.0,54515.66636210881
10000000,float32,10,99,1,ok,gpu_reused_handle,3230734.0,3213294.0,3316583.0,34792.78326443164
10000000,float32,10,99,1,ok,kernel_interval,97216.0,92863.0,189408.0,49873.375191578925
10000000,float32,10,99,1,ok,context_init,189141234.0,189141234.0,189141234.0,0
10000000,float32,10,99,1,ok,first_query,3988261.0,3988261.0,3988261.0,0
10000000,float32,10,99,2,ok,cpu,140420863.0,139372960.0,143558828.0,1686396.8263759727
10000000,float32,10,99,2,ok,gpu_fresh_handle,3505259.0,3380511.0,3568438.0,56801.31647954582
10000000,float32,10,99,2,ok,gpu_reused_handle,3352712.0,3335343.0,3492200.0,64526.54377555835
10000000,float32,10,99,2,ok,kernel_interval,173824.0,169663.0,386399.0,82814.84893193399
10000000,float32,10,99,2,ok,context_init,226148989.0,226148989.0,226148989.0,0
10000000,float32,10,99,2,ok,first_query,4034130.0,4034130.0,4034130.0,0
10000000,float32,10,99,4,ok,cpu,234915557.0,233553703.0,236439549.0,890528.528294427
10000000,float32,10,99,4,ok,gpu_fresh_handle,3719196.0,3583028.0,3767225.0,70754.21322908386
10000000,float32,10,99,4,ok,gpu_reused_handle,3555349.0,3545219.0,3618338.0,25723.997491688202
10000000,float32,10,99,4,ok,kernel_interval,334430.0,331038.0,432188.0,51765.245124596135
10000000,float32,10,99,4,ok,context_init,186791085.0,186791085.0,186791085.0,0
10000000,float32,10,99,4,ok,first_query,4290556.0,4290556.0,4290556.0,0
10000000,float32,50,1,1,ok,cpu,8572672.0,8503894.0,8811508.0,106116.60793988219
10000000,float32,50,1,1,ok,gpu_fresh_handle,3439981.0,3327812.0,3537439.0,78366.10953934955
10000000,float32,50,1,1,ok,gpu_reused_handle,3273193.0,3221305.0,3444171.0,72182.16112823761
10000000,float32,50,1,1,ok,kernel_interval,79296.0,74528.0,174784.0,45045.03429849267
10000000,float32,50,1,1,ok,context_init,190496768.0,190496768.0,190496768.0,0
10000000,float32,50,1,1,ok,first_query,4051080.0,4051080.0,4051080.0,0
10000000,float32,50,1,2,ok,cpu,8844818.0,8793119.0,8920167.0,39982.188273565735
10000000,float32,50,1,2,ok,gpu_fresh_handle,3503649.0,3391152.0,3545759.0,67056.75034057417
10000000,float32,50,1,2,ok,gpu_reused_handle,3364152.0,3320003.0,3478090.0,61166.05679584373
10000000,float32,50,1,2,ok,kernel_interval,136094.0,128288.00000000001,235198.0,38592.63532074481
10000000,float32,50,1,2,ok,context_init,185397958.0,185397958.0,185397958.0,0
10000000,float32,50,1,2,ok,first_query,4177398.0,4177398.0,4177398.0,0
10000000,float32,50,1,4,ok,cpu,10335692.0,10272094.0,10638147.0,124636.5077036878
10000000,float32,50,1,4,ok,gpu_fresh_handle,3568369.0,3524879.0,3703726.0,81035.47533113419
10000000,float32,50,1,4,ok,gpu_reused_handle,3455771.0,3450731.0,3615027.0,59215.33896960917
10000000,float32,50,1,4,ok,kernel_interval,247485.0,243100.0,346879.0,37760.96245431504
10000000,float32,50,1,4,ok,context_init,188496266.0,188496266.0,188496266.0,0
10000000,float32,50,1,4,ok,first_query,4237117.0,4237117.0,4237117.0,0
10000000,float32,50,50,1,ok,cpu,51090762.0,50951735.0,51220559.0,92340.02453587347
10000000,float32,50,50,1,ok,gpu_fresh_handle,3391552.0,3254584.0,3425861.0,63267.206597249475
10000000,float32,50,50,1,ok,gpu_reused_handle,3235644.0,3201765.0,3333413.0,42490.52412961652
10000000,float32,50,50,1,ok,kernel_interval,81600.0,77119.0,191039.0,57456.07556170523
10000000,float32,50,50,1,ok,context_init,186059521.0,186059521.0,186059521.0,0
10000000,float32,50,50,1,ok,first_query,3999581.0,3999581.0,3999581.0,0
10000000,float32,50,50,2,ok,cpu,51624894.0,51122862.0,52431809.0,467070.04594131175
10000000,float32,50,50,2,ok,gpu_fresh_handle,3478211.0,3321783.0,3485670.0,74560.72326123249
10000000,float32,50,50,2,ok,gpu_reused_handle,3308593.0,3255844.0,3440031.0,64169.63828715853
10000000,float32,50,50,2,ok,kernel_interval,144607.0,140863.0,249407.0,51959.06955158711
10000000,float32,50,50,2,ok,context_init,188101929.0,188101929.0,188101929.0,0
10000000,float32,50,50,2,ok,first_query,4249607.0,4249607.0,4249607.0,0
10000000,float32,50,50,4,ok,cpu,78859457.0,78756269.0,78943606.0,60873.610716130905
10000000,float32,50,50,4,ok,gpu_fresh_handle,3650987.0,3504140.0,3680727.0,72280.25716117586
10000000,float32,50,50,4,ok,gpu_reused_handle,3508050.0,3463130.0,3730476.0,106510.8380445501
10000000,float32,50,50,4,ok,kernel_interval,267102.0,263421.0,613949.0,131152.86877242944
10000000,float32,50,50,4,ok,context_init,187012140.0,187012140.0,187012140.0,0
10000000,float32,50,50,4,ok,first_query,4235427.0,4235427.0,4235427.0,0
10000000,float32,50,99,1,ok,cpu,92200090.0,92049253.0,93284902.0,492663.5392963437
10000000,float32,50,99,1,ok,gpu_fresh_handle,3424182.0,3299134.0,3434171.0,53973.41424389286
10000000,float32,50,99,1,ok,gpu_reused_handle,3255054.0,3235324.0,3280324.0,17191.613754275382
10000000,float32,50,99,1,ok,kernel_interval,97216.0,94463.0,189152.0,44150.0746124592
10000000,float32,50,99,1,ok,context_init,193610001.0,193610001.0,193610001.0,0
10000000,float32,50,99,1,ok,first_query,4037460.0,4037460.0,4037460.0,0
10000000,float32,50,99,2,ok,cpu,93392592.0,92852451.0,127728435.0,12701378.692961272
10000000,float32,50,99,2,ok,gpu_fresh_handle,3560849.0,3491840.0,3715907.0,80653.92989982394
10000000,float32,50,99,2,ok,gpu_reused_handle,3455751.0,3413182.0,5627453.0,825000.645210426
10000000,float32,50,99,2,ok,kernel_interval,178751.0,171871.0,288991.0,52769.08116817397
10000000,float32,50,99,2,ok,context_init,187611398.0,187611398.0,187611398.0,0
10000000,float32,50,99,2,ok,first_query,4224167.0,4224167.0,4224167.0,0
10000000,float32,50,99,4,ok,cpu,198093675.0,146861020.0,202102067.0,24004297.559725273
10000000,float32,50,99,4,ok,gpu_fresh_handle,4431735.0,3597989.0,4870927.0,530909.178419884
10000000,float32,50,99,4,ok,gpu_reused_handle,4373395.0,3531839.0,4787109.0,544273.0289621806
10000000,float32,50,99,4,ok,kernel_interval,423359.0,333215.0,446974.0,52281.404698402046
10000000,float32,50,99,4,ok,context_init,187808678.0,187808678.0,187808678.0,0
10000000,float32,50,99,4,ok,first_query,5220561.0,5220561.0,5220561.0,0
10000000,float64,0,1,1,ok,cpu,8872439.0,8834989.0,9175823.0,133846.75061729935
10000000,float64,0,1,1,ok,gpu_fresh_handle,6678056.0,6375051.0,8284718.0,705083.6116557214
10000000,float64,0,1,1,ok,gpu_reused_handle,6584587.0,6209134.0,9655795.0,1326100.851733974
10000000,float64,0,1,1,ok,kernel_interval,262816.0,207328.0,266496.0,21394.70364699771
10000000,float64,0,1,1,ok,context_init,191029450.0,191029450.0,191029450.0,0
10000000,float64,0,1,1,ok,first_query,7168198.0,7168198.0,7168198.0,0
10000000,float64,0,1,2,ok,cpu,9639725.0,9429909.0,10963573.0,553769.0197577652
10000000,float64,0,1,2,ok,gpu_fresh_handle,6867543.0,6668857.0,7373875.0,305753.03058997204
10000000,float64,0,1,2,ok,gpu_reused_handle,7490402.0,6496390.0,7694149.0,478885.0702732039
10000000,float64,0,1,2,ok,kernel_interval,448030.0,385822.0,567935.0,66233.32635643551
10000000,float64,0,1,2,ok,context_init,200290154.0,200290154.0,200290154.0,0
10000000,float64,0,1,2,ok,first_query,8643053.0,8643053.0,8643053.0,0
10000000,float64,0,1,4,ok,cpu,10144517.0,10075328.0,10202006.0,38682.46658740513
10000000,float64,0,1,4,ok,gpu_fresh_handle,6974061.0,6941552.0,7721968.0,314886.3796936467
10000000,float64,0,1,4,ok,gpu_reused_handle,6906072.0,6825463.0,7168218.0,110969.52928533815
10000000,float64,0,1,4,ok,kernel_interval,809246.0,747934.0,811775.0,32138.486758757903
10000000,float64,0,1,4,ok,context_init,187607212.0,187607212.0,187607212.0,0
10000000,float64,0,1,4,ok,first_query,7709738.0,7709738.0,7709738.0,0
10000000,float64,0,50,1,ok,cpu,20696167.0,20546640.0,20880074.0,118964.60322297554
10000000,float64,0,50,1,ok,gpu_fresh_handle,6467040.0,6251974.0,7085909.0,265397.8678912815
10000000,float64,0,50,1,ok,gpu_reused_handle,6288153.0,6256764.0,6375252.0,43526.81219224592
10000000,float64,0,50,1,ok,kernel_interval,306591.0,250975.0,326976.0,33996.909039471444
10000000,float64,0,50,1,ok,context_init,187999158.0,187999158.0,187999158.0,0
10000000,float64,0,50,1,ok,first_query,7214067.0,7214067.0,7214067.0,0
10000000,float64,0,50,2,ok,cpu,21167971.0,20947923.0,22234352.0,440628.4913343882
10000000,float64,0,50,2,ok,gpu_fresh_handle,6788205.0,6619767.0,7150089.0,162411.84436062243
10000000,float64,0,50,2,ok,gpu_reused_handle,6644897.0,6617187.0,7555621.0,341058.86330794095
10000000,float64,0,50,2,ok,kernel_interval,448512.0,444287.0,577215.0,50487.50254883923
10000000,float64,0,50,2,ok,context_init,188822976.0,188822976.0,188822976.0,0
10000000,float64,0,50,2,ok,first_query,7500942.0,7500942.0,7500942.0,0
10000000,float64,0,50,4,ok,cpu,50065279.0,37882916.0,55444408.0,6899168.761922793
10000000,float64,0,50,4,ok,gpu_fresh_handle,9282982.0,7924496.0,10212806.0,832149.2999379893
10000000,float64,0,50,4,ok,gpu_reused_handle,8480796.0,7460423.0,10253886.0,1058995.535432965
10000000,float64,0,50,4,ok,kernel_interval,897213.0,873534.0,949055.0,29920.65711972567
10000000,float64,0,50,4,ok,context_init,188966468.0,188966468.0,188966468.0,0
10000000,float64,0,50,4,ok,first_query,7998494.0,7998494.0,7998494.0,0
10000000,float64,0,99,1,ok,cpu,31777610.0,31393477.0,31850980.0,189607.67812198304
10000000,float64,0,99,1,ok,gpu_fresh_handle,6445050.0,6313993.0,6541969.0,80953.24585098194
10000000,float64,0,99,1,ok,gpu_reused_handle,6311072.0,6256393.0,6460981.0,68139.60027626758
10000000,float64,0,99,1,ok,kernel_interval,293727.0,291200.0,352479.0,28862.738838129953
10000000,float64,0,99,1,ok,context_init,185566107.0,185566107.0,185566107.0,0
10000000,float64,0,99,1,ok,first_query,7332716.0,7332716.0,7332716.0,0
10000000,float64,0,99,2,ok,cpu,32142425.0,31662512.0,33767827.0,710703.2970401992
10000000,float64,0,99,2,ok,gpu_fresh_handle,6612568.0,6524359.0,6648987.0,41795.287060578856
10000000,float64,0,99,2,ok,gpu_reused_handle,6471231.0,6425561.0,6648707.0,81453.36769061704
10000000,float64,0,99,2,ok,kernel_interval,553663.0,500318.99999999994,567328.0,31318.602399942993
10000000,float64,0,99,2,ok,context_init,194120136.0,194120136.0,194120136.0,0
10000000,float64,0,99,2,ok,first_query,7331436.0,7331436.0,7331436.0,0
10000000,float64,0,99,4,ok,cpu,53403555.0,52791215.0,54243671.0,498531.0622996993
10000000,float64,0,99,4,ok,gpu_fresh_handle,7108149.0,6996292.0,7152559.0,51618.61621823772
10000000,float64,0,99,4,ok,gpu_reused_handle,7019571.0,6934882.0,7050410.0,51357.09272664617
10000000,float64,0,99,4,ok,kernel_interval,979680.0,973567.0,1043997.0000000001,32812.74746627775
10000000,float64,0,99,4,ok,context_init,187164147.0,187164147.0,187164147.0,0
10000000,float64,0,99,4,ok,first_query,7859436.0,7859436.0,7859436.0,0
10000000,float64,10,1,1,ok,cpu,10531572.0,10490193.0,10580950.0,32230.61262955128
10000000,float64,10,1,1,ok,gpu_fresh_handle,6465600.0,6376012.0,6656487.0,107059.32344265959
10000000,float64,10,1,1,ok,gpu_reused_handle,6388822.0,6340003.0,6529130.0,76800.3733469968
10000000,float64,10,1,1,ok,kernel_interval,260127.0,208736.0,270336.0,28570.393311125084
10000000,float64,10,1,1,ok,context_init,187859198.0,187859198.0,187859198.0,0
10000000,float64,10,1,1,ok,first_query,7362465.0,7362465.0,7362465.0,0
10000000,float64,10,1,2,ok,cpu,10809677.0,10737978.0,11094272.0,130046.62417818795
10000000,float64,10,1,2,ok,gpu_fresh_handle,6705256.0,6588148.0,6918613.0,99152.5826169901
10000000,float64,10,1,2,ok,gpu_reused_handle,6577728.0,6503460.0,6768115.0,82934.88373761326
10000000,float64,10,1,2,ok,kernel_interval,396030.0,392606.0,399967.0,2716.7592476190835
10000000,float64,10,1,2,ok,context_init,186600761.0,186600761.0,186600761.0,0
10000000,float64,10,1,2,ok,first_query,7492333.0,7492333.0,7492333.0,0
10000000,float64,10,1,4,ok,cpu,11747612.0,11726092.0,11788840.0,25205.467275403338
10000000,float64,10,1,4,ok,gpu_fresh_handle,7083011.0,7020381.0,7111080.0,29029.239402466512
10000000,float64,10,1,4,ok,gpu_reused_handle,6962372.0,6910783.0,7141859.0,80928.71352381086
10000000,float64,10,1,4,ok,kernel_interval,775806.0,772382.0,833470.0,22181.626307975406
10000000,float64,10,1,4,ok,context_init,190765833.0,190765833.0,190765833.0,0
10000000,float64,10,1,4,ok,first_query,7680470.0,7680470.0,7680470.0,0
10000000,float64,10,50,1,ok,cpu,41959261.0,41876642.0,42145288.0,88758.9456240086
10000000,float64,10,50,1,ok,gpu_fresh_handle,6529890.0,6409742.0,6551920.0,58522.38922676964
10000000,float64,10,50,1,ok,gpu_reused_handle,6504781.0,6412481.0,6694538.0,99067.40022664705
10000000,float64,10,50,1,ok,kernel_interval,251871.99999999997,248607.0,316992.0,34829.98546477145
10000000,float64,10,50,1,ok,context_init,189914960.0,189914960.0,189914960.0,0
10000000,float64,10,50,1,ok,first_query,7095870.0,7095870.0,7095870.0,0
10000000,float64,10,50,2,ok,cpu,41670086.0,41565468.0,42216917.0,227775.54403507896
10000000,float64,10,50,2,ok,gpu_fresh_handle,6753226.0,6622848.0,7033061.0,138500.91342177737
10000000,float64,10,50,2,ok,gpu_reused_handle,6651008.0,6555809.0,7072771.0,180398.54175725163
10000000,float64,10,50,2,ok,kernel_interval,462560.0,450270.0,522526.99999999994,32863.38958331537
10000000,float64,10,50,2,ok,context_init,188882310.0,188882310.0,188882310.0,0
10000000,float64,10,50,2,ok,first_query,7341327.0,7341327.0,7341327.0,0
10000000,float64,10,50,4,ok,cpu,53618945.0,53535957.0,54394922.0,299512.7102316122
10000000,float64,10,50,4,ok,gpu_fresh_handle,7193939.0,7107890.0,7711320.0,210161.7759329363
10000000,float64,10,50,4,ok,gpu_reused_handle,7119259.0,7086701.0,7320276.0,78847.07001954269
10000000,float64,10,50,4,ok,kernel_interval,950719.0,888607.0,959264.0,24598.731421994682
10000000,float64,10,50,4,ok,context_init,187036304.0,187036304.0,187036304.0,0
10000000,float64,10,50,4,ok,first_query,7844638.0,7844638.0,7844638.0,0
10000000,float64,10,99,1,ok,cpu,71447347.0,71369058.0,71614003.0,80662.76567672998
10000000,float64,10,99,1,ok,gpu_fresh_handle,6822535.0,6635108.0,6983532.0,125944.5545252808
10000000,float64,10,99,1,ok,gpu_reused_handle,6819355.0,6542020.0,7016152.0,166190.55713547627
10000000,float64,10,99,1,ok,kernel_interval,294207.0,287328.0,358815.0,31875.38988370331
10000000,float64,10,99,1,ok,context_init,186463028.0,186463028.0,186463028.0,0
10000000,float64,10,99,1,ok,first_query,7493903.0,7493903.0,7493903.0,0
10000000,float64,10,99,2,ok,cpu,71782842.0,71697223.0,72209575.0,201463.27176920458
10000000,float64,10,99,2,ok,gpu_fresh_handle,6711877.0,6623968.0,6790656.0,57540.47736117924
10000000,float64,10,99,2,ok,gpu_reused_handle,6598459.0,6517180.0,6671848.0,66220.22457786486
10000000,float64,10,99,2,ok,kernel_interval,514718.0,506656.0,576864.0,31644.14480181278
10000000,float64,10,99,2,ok,context_init,187976566.0,187976566.0,187976566.0,0
10000000,float64,10,99,2,ok,first_query,7396626.0,7396626.0,7396626.0,0
10000000,float64,10,99,4,ok,cpu,95887878.0,94776476.0,97108328.0,733025.146360257
10000000,float64,10,99,4,ok,gpu_fresh_handle,7278188.0,7225678.0,7403306.0,63745.33561236723
10000000,float64,10,99,4,ok,gpu_reused_handle,7233738.0,7155999.0,7421316.0,92743.59432584113
10000000,float64,10,99,4,ok,kernel_interval,1057790.0,997663.0,1192190.0,64994.32284108688
10000000,float64,10,99,4,ok,context_init,191157486.0,191157486.0,191157486.0,0
10000000,float64,10,99,4,ok,first_query,7940347.0,7940347.0,7940347.0,0
10000000,float64,50,1,1,ok,cpu,10074951.0,10056521.0,10093290.0,12597.634350865055
10000000,float64,50,1,1,ok,gpu_fresh_handle,6394572.0,6298344.0,6464141.0,50912.794013741914
10000000,float64,50,1,1,ok,gpu_reused_handle,6272584.0,6176416.0,6343663.0,54464.241696906494
10000000,float64,50,1,1,ok,kernel_interval,209184.0,207775.0,263072.0,24920.264102781515
10000000,float64,50,1,1,ok,context_init,188890917.0,188890917.0,188890917.0,0
10000000,float64,50,1,1,ok,first_query,6961404.0,6961404.0,6961404.0,0
10000000,float64,50,1,2,ok,cpu,10352296.0,10253018.0,10483184.0,74574.42760759214
10000000,float64,50,1,2,ok,gpu_fresh_handle,6586020.0,6512041.0,6855915.0,117064.63278157804
10000000,float64,50,1,2,ok,gpu_reused_handle,6539430.0,6442071.0,6676728.0,79688.95713304561
10000000,float64,50,1,2,ok,kernel_interval,439808.0,390878.0,449663.0,27521.136148508875
10000000,float64,50,1,2,ok,context_init,185524747.0,185524747.0,185524747.0,0
10000000,float64,50,1,2,ok,first_query,7195219.0,7195219.0,7195219.0,0
10000000,float64,50,1,4,ok,cpu,11389339.0,11360829.0,11434628.0,28380.846387425918
10000000,float64,50,1,4,ok,gpu_fresh_handle,7037822.0,6961793.0,7174779.0,71950.44303248888
10000000,float64,50,1,4,ok,gpu_reused_handle,7014632.0,6923794.0,7145430.0,83758.22018706439
10000000,float64,50,1,4,ok,kernel_interval,823037.0,816510.0,831967.0,5127.474979623661
10000000,float64,50,1,4,ok,context_init,189367284.0,189367284.0,189367284.0,0
10000000,float64,50,1,4,ok,first_query,8011165.0,8011165.0,8011165.0,0
10000000,float64,50,50,1,ok,cpu,32495775.0,32352518.0,33709105.0,547360.3782225242
10000000,float64,50,50,1,ok,gpu_fresh_handle,6485022.0,6394523.0,6582360.0,76492.63446676855
10000000,float64,50,50,1,ok,gpu_reused_handle,6378952.0,6344904.0,6532451.0,65922.32461227164
10000000,float64,50,50,1,ok,kernel_interval,259359.0,246656.0,315584.0,31210.73014968074
10000000,float64,50,50,1,ok,context_init,190349999.0,190349999.0,190349999.0,0
10000000,float64,50,50,1,ok,first_query,7086541.0,7086541.0,7086541.0,0
10000000,float64,50,50,2,ok,cpu,33324872.0,33179045.0,34216187.0,352799.24748063844
10000000,float64,50,50,2,ok,gpu_fresh_handle,6863145.0,6737147.0,7739660.0,357417.25082351314
10000000,float64,50,50,2,ok,gpu_reused_handle,6785146.0,6770106.0,7402466.0,231132.60190490942
10000000,float64,50,50,2,ok,kernel_interval,460318.0,456192.0,518656.0,28758.480351765047
10000000,float64,50,50,2,ok,context_init,187836835.0,187836835.0,187836835.0,0
10000000,float64,50,50,2,ok,first_query,7402786.0,7402786.0,7402786.0,0
10000000,float64,50,50,4,ok,cpu,40107339.0,40013840.0,46745759.0,2518023.793927955
10000000,float64,50,50,4,ok,gpu_fresh_handle,7340227.0,7283998.0,7452145.0,60374.600053491435
10000000,float64,50,50,4,ok,gpu_reused_handle,7247639.0,7160900.0,7400917.0,86734.9217067508
10000000,float64,50,50,4,ok,kernel_interval,950334.0,891198.0,1014685.0000000001,40823.1640347674
10000000,float64,50,50,4,ok,context_init,185775381.0,185775381.0,185775381.0,0
10000000,float64,50,50,4,ok,first_query,8123595.0,8123595.0,8123595.0,0
10000000,float64,50,99,1,ok,cpu,54131555.0,53679083.0,55086510.0,555272.006947303
10000000,float64,50,99,1,ok,gpu_fresh_handle,6569931.0,6447533.0,6594290.0,57158.34447017713
10000000,float64,50,99,1,ok,gpu_reused_handle,6455462.0,6343823.0,6518881.0,66627.62255715753
10000000,float64,50,99,1,ok,kernel_interval,297439.0,288159.0,355071.0,33338.44456408219
10000000,float64,50,99,1,ok,context_init,184691012.0,184691012.0,184691012.0,0
10000000,float64,50,99,1,ok,first_query,7154411.0,7154411.0,7154411.0,0
10000000,float64,50,99,2,ok,cpu,55330096.0,54246545.0,55607122.0,583526.2182538322
10000000,float64,50,99,2,ok,gpu_fresh_handle,6752188.0,6683968.0,6802817.0,45108.93155462674
10000000,float64,50,99,2,ok,gpu_reused_handle,6623759.0,6601890.0,6973014.0,136348.14311830405
10000000,float64,50,99,2,ok,kernel_interval,513502.0,505344.0,575327.0,30910.334947577452
10000000,float64,50,99,2,ok,context_init,214310101.0,214310101.0,214310101.0,0
10000000,float64,50,99,2,ok,first_query,9138857.0,9138857.0,9138857.0,0
10000000,float64,50,99,4,ok,cpu,67906628.0,67245659.0,68207503.0,291099.2536322244
10000000,float64,50,99,4,ok,gpu_fresh_handle,7261789.0,7223750.0,7653382.0,150193.70214699098
10000000,float64,50,99,4,ok,gpu_reused_handle,7117391.0,7072602.0,7264248.0,73293.38470570893
10000000,float64,50,99,4,ok,kernel_interval,1001791.0000000001,999292.0,1066110.0,30284.12708003978
10000000,float64,50,99,4,ok,context_init,190610580.0,190610580.0,190610580.0,0
10000000,float64,50,99,4,ok,first_query,7903528.0,7903528.0,7903528.0,0
