rows,dtype,null_percent,select_percent,aggregates,status,mode,median_ns,min_ns,max_ns,stdev_ns
1000,float32,0,1,1,ok,cpu,366614.0,355115.0,391574.0,13232.464203796733
1000,float32,0,1,1,ok,gpu_fresh_handle,96868.0,81489.0,99598.0,7653.340030277474
1000,float32,0,1,1,ok,gpu_reused_handle,54869.0,54699.0,57619.0,1042.8934794713261
1000,float32,0,1,1,ok,kernel_interval,11231.0,9407.0,14336.0,1910.1721438256864
1000,float32,0,1,1,ok,context_init,332574289.0,332574289.0,332574289.0,0
1000,float32,0,1,1,ok,first_query,508412.0,508412.0,508412.0,0
1000,float32,0,1,2,ok,cpu,370684.0,351824.0,412343.0,20142.30419386261
1000,float32,0,1,2,ok,gpu_fresh_handle,117308.0,111148.0,120578.0,3595.6177030750455
1000,float32,0,1,2,ok,gpu_reused_handle,76649.0,75509.0,78479.0,1229.8267977162282
1000,float32,0,1,2,ok,kernel_interval,23007.0,18911.0,24382.0,2083.512167562492
1000,float32,0,1,2,ok,context_init,186941066.0,186941066.0,186941066.0,0
1000,float32,0,1,2,ok,first_query,538422.0,538422.0,538422.0,0
1000,float32,0,1,4,ok,cpu,391443.0,381074.0,593410.0,76975.29354032401
1000,float32,0,1,4,ok,gpu_fresh_handle,164278.0,150708.0,166817.0,7060.598804364293
1000,float32,0,1,4,ok,gpu_reused_handle,120278.0,118398.0,130708.0,5017.954430509176
1000,float32,0,1,4,ok,kernel_interval,41631.0,37341.0,48062.0,3717.3655033792797
1000,float32,0,1,4,ok,context_init,188224537.0,188224537.0,188224537.0,0
1000,float32,0,1,4,ok,first_query,587780.0,587780.0,587780.0,0
1000,float32,0,50,1,ok,cpu,364883.0,358664.0,385063.0,10627.782391986984
1000,float32,0,50,1,ok,gpu_fresh_handle,93769.0,78028.0,105209.0,9213.089203229645
1000,float32,0,50,1,ok,gpu_reused_handle,55010.0,52800.0,62239.0,3248.8701039562898
1000,float32,0,50,1,ok,kernel_interval,10847.0,9279.0,14271.0,2011.0548404826188
1000,float32,0,50,1,ok,context_init,192151972.0,192151972.0,192151972.0,0
1000,float32,0,50,1,ok,first_query,501222.0,501222.0,501222.0,0
1000,float32,0,50,2,ok,cpu,371334.0,367224.0,394154.0,9887.019628930508
1000,float32,0,50,2,ok,gpu_fresh_handle,117998.0,107188.0,127467.0,7114.994739482043
1000,float32,0,50,2,ok,gpu_reused_handle,76998.0,75939.0,282125.0,77435.36742926169
1000,float32,0,50,2,ok,kernel_interval,21534.0,19967.0,24894.0,1877.566484778077
1000,float32,0,50,2,ok,context_init,187757825.0,187757825.0,187757825.0,0
1000,float32,0,50,2,ok,first_query,532451.0,532451.0,532451.0,0
1000,float32,0,50,4,ok,cpu,391473.0,386444.0,410044.0,8806.305495279532
1000,float32,0,50,4,ok,gpu_fresh_handle,163248.0,150877.0,171817.0,7417.752820414138
1000,float32,0,50,4,ok,gpu_reused_handle,119298.0,118138.0,243806.0,46865.39981285818
1000,float32,0,50,4,ok,kernel_interval,37119.0,32511.0,38686.0,1950.1944957948608
1000,float32,0,50,4,ok,context_init,188023782.0,188023782.0,188023782.0,0
1000,float32,0,50,4,ok,first_query,592140.0,592140.0,592140.0,0
1000,float32,0,99,1,ok,cpu,371574.0,366624.0,416513.0,17425.527255806555
1000,float32,0,99,1,ok,gpu_fresh_handle,95198.0,79858.0,292995.0,76241.80588071338
1000,float32,0,99,1,ok,gpu_reused_handle,54389.0,53079.0,65019.0,5001.432175839617
1000,float32,0,99,1,ok,kernel_interval,11296.0,10304.0,14368.0,1653.4026531166971
1000,float32,0,99,1,ok,context_init,188061181.0,188061181.0,188061181.0,0
1000,float32,0,99,1,ok,first_query,506592.0,506592.0,506592.0,0
1000,float32,0,99,2,ok,cpu,371784.0,364134.0,576181.0,76398.76680225121
1000,float32,0,99,2,ok,gpu_fresh_handle,118448.0,103999.0,122008.0,7340.773817391137
1000,float32,0,99,2,ok,gpu_reused_handle,76209.0,75099.0,78459.0,1256.137314301646
1000,float32,0,99,2,ok,kernel_interval,20383.0,19295.0,24479.0,1914.9096087084135
1000,float32,0,99,2,ok,context_init,188089721.0,188089721.0,188089721.0,0
1000,float32,0,99,2,ok,first_query,529521.0,529521.0,529521.0,0
1000,float32,0,99,4,ok,cpu,408083.0,395344.0,615630.0,79229.95659351029
1000,float32,0,99,4,ok,gpu_fresh_handle,166937.0,151418.0,175107.0,8814.641129285708
1000,float32,0,99,4,ok,gpu_reused_handle,122178.0,121368.0,129868.0,3037.2512635762023
1000,float32,0,99,4,ok,kernel_interval,39935.0,38751.0,43677.0,1726.2061897478557
1000,float32,0,99,4,ok,context_init,191656904.0,191656904.0,191656904.0,0
1000,float32,0,99,4,ok,first_query,586161.0,586161.0,586161.0,0
1000,float32,10,1,1,ok,cpu,373434.0,363274.0,394123.0,9464.468377392714
1000,float32,10,1,1,ok,gpu_fresh_handle,97369.0,82448.0,303095.0,79511.42754137085
1000,float32,10,1,1,ok,gpu_reused_handle,58699.0,57409.0,64939.0,2568.298056060064
1000,float32,10,1,1,ok,kernel_interval,11008.0,10400.0,13344.0,1237.6925727990392
1000,float32,10,1,1,ok,context_init,187581791.0,187581791.0,187581791.0,0
1000,float32,10,1,1,ok,first_query,508701.0,508701.0,508701.0,0
1000,float32,10,1,2,ok,cpu,369854.0,353845.0,381544.0,9307.218235633796
1000,float32,10,1,2,ok,gpu_fresh_handle,120778.0,105038.0,123668.0,7379.90901995798
1000,float32,10,1,2,ok,gpu_reused_handle,79769.0,78178.0,88589.0,4009.955189157058
1000,float32,10,1,2,ok,kernel_interval,19391.0,19134.0,23934.0,2023.383505300913
1000,float32,10,1,2,ok,context_init,191498379.0,191498379.0,191498379.0,0
1000,float32,10,1,2,ok,first_query,531161.0,531161.0,531161.0,0
1000,float32,10,1,4,ok,cpu,389653.0,378434.0,412013.0,12045.124059927635
1000,float32,10,1,4,ok,gpu_fresh_handle,167417.0,153697.0,176167.0,7497.543407200597
1000,float32,10,1,4,ok,gpu_reused_handle,125238.0,122228.0,133438.0,3998.4747091859917
1000,float32,10,1,4,ok,kernel_interval,39262.0,37599.0,43101.0,1698.671119266049
1000,float32,10,1,4,ok,context_init,186879444.0,186879444.0,186879444.0,0
1000,float32,10,1,4,ok,first_query,577530.0,577530.0,577530.0,0
1000,float32,10,50,1,ok,cpu,374633.0,356804.0,385583.0,10010.359481676018
1000,float32,10,50,1,ok,gpu_fresh_handle,98378.0,82658.0,99879.0,7780.037596310188
1000,float32,10,50,1,ok,gpu_reused_handle,58209.0,57129.0,260975.0,76699.0407365357
1000,float32,10,50,1,ok,kernel_interval,11136.0,4703.0,14751.0,3772.622417465324
1000,float32,10,50,1,ok,context_init,190062422.0,190062422.0,190062422.0,0
1000,float32,10,50,1,ok,first_query,503071.0,503071.0,503071.0,0
1000,float32,10,50,2,ok,cpu,387963.0,367814.0,655589.0,102472.25621415314
1000,float32,10,50,2,ok,gpu_fresh_handle,123208.0,109188.0,211036.0,34794.48078291126
1000,float32,10,50,2,ok,gpu_reused_handle,81569.0,79428.0,90779.0,3877.1482831488156
1000,float32,10,50,2,ok,kernel_interval,21984.0,20862.0,130591.00000000001,40997.25668638725
1000,float32,10,50,2,ok,context_init,190696744.0,190696744.0,190696744.0,0
1000,float32,10,50,2,ok,first_query,556301.0,556301.0,556301.0,0
1000,float32,10,50,4,ok,cpu,413644.0,390764.0,422903.0,11133.87265232072
1000,float32,10,50,4,ok,gpu_fresh_handle,164868.0,149197.0,167547.0,6430.679564918988
1000,float32,10,50,4,ok,gpu_reused_handle,120918.0,116088.0,128428.0,3742.450177802416
1000,float32,10,50,4,ok,kernel_interval,37437.0,35773.0,41758.0,2049.8076216353293
1000,float32,10,50,4,ok,context_init,193504477.0,193504477.0,193504477.0,0
1000,float32,10,50,4,ok,first_query,762608.0,762608.0,762608.0,0
1000,float32,10,99,1,ok,cpu,385294.0,377254.0,587270.0,76325.46772648476
1000,float32,10,99,1,ok,gpu_fresh_handle,97468.0,83029.0,100819.0,7296.3305715629285
1000,float32,10,99,1,ok,gpu_reused_handle,58119.0,56079.0,60609.0,1579.1242298607583
1000,float32,10,99,1,ok,kernel_interval,10944.0,9631.0,13952.0,1753.8655809925904
1000,float32,10,99,1,ok,context_init,188417551.0,188417551.0,188417551.0,0
1000,float32,10,99,1,ok,first_query,491972.0,491972.0,491972.0,0
1000,float32,10,99,2,ok,cpu,393054.0,384704.0,582270.0,72102.60406729922
1000,float32,10,99,2,ok,gpu_fresh_handle,121418.0,107338.0,128928.0,6727.2551538322
1000,float32,10,99,2,ok,gpu_reused_handle,82019.0,80279.0,88588.0,3003.930647224289
1000,float32,10,99,2,ok,kernel_interval,21631.0,20256.0,24894.0,1682.7204872156392
1000,float32,10,99,2,ok,context_init,193696506.0,193696506.0,193696506.0,0
1000,float32,10,99,2,ok,first_query,550581.0,550581.0,550581.0,0
1000,float32,10,99,4,ok,cpu,413343.0,411013.0,444423.0,11999.284448904205
1000,float32,10,99,4,ok,gpu_fresh_handle,165818.0,151728.0,172597.0,7265.001900828906
1000,float32,10,99,4,ok,gpu_reused_handle,121518.0,119498.0,129658.0,3350.725578850334
1000,float32,10,99,4,ok,kernel_interval,38046.0,35423.0,42239.0,2811.949823436366
1000,float32,10,99,4,ok,context_init,190879912.0,190879912.0,190879912.0,0
1000,float32,10,99,4,ok,first_query,578630.0,578630.0,578630.0,0
1000,float32,50,1,1,ok,cpu,358884.0,343734.0,401113.0,20886.43111254404
1000,float32,50,1,1,ok,gpu_fresh_handle,99528.0,90609.0,297065.0,75364.15172758895
1000,float32,50,1,1,ok,gpu_reused_handle,59159.0,58039.0,72679.0,5209.284751196426
1000,float32,50,1,1,ok,kernel_interval,11487.0,10143.0,14271.0,1608.0517197320903
1000,float32,50,1,1,ok,context_init,189363168.0,189363168.0,189363168.0,0
1000,float32,50,1,1,ok,first_query,517792.0,517792.0,517792.0,0
1000,float32,50,1,2,ok,cpu,1948898.0,1057753.0,3521552.0,978493.7505015407
1000,float32,50,1,2,ok,gpu_fresh_handle,288475.0,162938.0,377953.0,84290.18951981135
1000,float32,50,1,2,ok,gpu_reused_handle,133418.0,119078.0,466292.0,127498.72855164365
1000,float32,50,1,2,ok,kernel_interval,30848.0,27359.0,45503.0,6211.822514558908
1000,float32,50,1,2,ok,context_init,286263197.0,286263197.0,286263197.0,0
1000,float32,50,1,2,ok,first_query,1090832.0,1090832.0,1090832.0,0
1000,float32,50,1,4,ok,cpu,1413627.0,1220940.0,2448270.0,420948.044518108
1000,float32,50,1,4,ok,gpu_fresh_handle,294755.0,224226.0,375904.0,49219.10466281893
1000,float32,50,1,4,ok,gpu_reused_handle,179317.0,172317.0,357904.0,67999.93281964469
1000,float32,50,1,4,ok,kernel_interval,52956.0,47391.0,67454.0,7183.525039978632
1000,float32,50,1,4,ok,context_init,263824595.0,263824595.0,263824595.0,0
1000,float32,50,1,4,ok,first_query,1091212.0,1091212.0,1091212.0,0
1000,float32,50,50,1,ok,cpu,371164.0,361874.0,390243.0,8926.966804762596
1000,float32,50,50,1,ok,gpu_fresh_handle,98828.0,82179.0,138108.0,18415.740040467972
1000,float32,50,50,1,ok,gpu_reused_handle,57499.0,56759.0,61409.0,1769.3393978436993
1000,float32,50,50,1,ok,kernel_interval,11327.0,5344.0,14527.0,2772.9570772698507
1000,float32,50,50,1,ok,context_init,186853861.0,186853861.0,186853861.0,0
1000,float32,50,50,1,ok,first_query,509682.0,509682.0,509682.0,0
1000,float32,50,50,2,ok,cpu,388084.0,379763.0,407694.0,10602.62731366056
1000,float32,50,50,2,ok,gpu_fresh_handle,122848.0,106088.0,130258.0,9072.16884868484
1000,float32,50,50,2,ok,gpu_reused_handle,81428.0,79749.0,87158.0,2532.3349473784638
1000,float32,50,50,2,ok,kernel_interval,22143.0,20864.0,27488.0,2475.4705757549555
1000,float32,50,50,2,ok,context_init,188855090.0,188855090.0,188855090.0,0
1000,float32,50,50,2,ok,first_query,732658.0,732658.0,732658.0,0
1000,float32,50,50,4,ok,cpu,400514.0,390004.0,439823.0,16190.850923254393
1000,float32,50,50,4,ok,gpu_fresh_handle,165958.0,153078.0,169038.0,5578.107786354659
1000,float32,50,50,4,ok,gpu_reused_handle,122878.0,120208.0,131858.0,3984.0532304246567
1000,float32,50,50,4,ok,kernel_interval,37790.0,34781.0,47679.0,4388.824476521508
1000,float32,50,50,4,ok,context_init,189106526.0,189106526.0,189106526.0,0
1000,float32,50,50,4,ok,first_query,581661.0,581661.0,581661.0,0
1000,float32,50,99,1,ok,cpu,374593.0,355984.0,382864.0,9428.146873919099
1000,float32,50,99,1,ok,gpu_fresh_handle,98048.0,80529.0,101949.0,7142.11498620615
1000,float32,50,99,1,ok,gpu_reused_handle,58599.0,57249.0,59819.0,900.9148789134405
1000,float32,50,99,1,ok,kernel_interval,12288.0,9503.0,17055.0,2612.633965578653
1000,float32,50,99,1,ok,context_init,186571878.0,186571878.0,186571878.0,0
1000,float32,50,99,1,ok,first_query,512522.0,512522.0,512522.0,0
1000,float32,50,99,2,ok,cpu,379704.0,374634.0,399484.0,9919.875191227145
1000,float32,50,99,2,ok,gpu_fresh_handle,122798.0,106188.0,462782.0,129975.47229875995
1000,float32,50,99,2,ok,gpu_reused_handle,80069.0,79219.0,89098.0,4442.631330963345
1000,float32,50,99,2,ok,kernel_interval,21504.0,18591.0,25215.0,2524.706508167029
1000,float32,50,99,2,ok,context_init,191692086.0,191692086.0,191692086.0,0
1000,float32,50,99,2,ok,first_query,523811.0,523811.0,523811.0,0
1000,float32,50,99,4,ok,cpu,415163.0,401353.0,426503.0,8925.467022594872
1000,float32,50,99,4,ok,gpu_fresh_handle,166517.0,153447.0,353455.0,71172.76380717824
1000,float32,50,99,4,ok,gpu_reused_handle,123948.0,120188.0,129788.0,3536.1749579642315
1000,float32,50,99,4,ok,kernel_interval,38718.0,36190.0,39966.0,1452.3387706598983
1000,float32,50,99,4,ok,context_init,191897353.0,191897353.0,191897353.0,0
1000,float32,50,99,4,ok,first_query,579351.0,579351.0,579351.0,0
1000,float64,0,1,1,ok,cpu,360624.0,348104.0,571471.0,80355.83694181181
1000,float64,0,1,1,ok,gpu_fresh_handle,96739.0,78649.0,102209.0,9070.693633895922
1000,float64,0,1,1,ok,gpu_reused_handle,55639.0,53929.0,60899.0,2473.595253106392
1000,float64,0,1,1,ok,kernel_interval,11103.0,10271.0,14208.0,1631.02405751432
1000,float64,0,1,1,ok,context_init,190541535.0,190541535.0,190541535.0,0
1000,float64,0,1,1,ok,first_query,524471.0,524471.0,524471.0,0
1000,float64,0,1,2,ok,cpu,377984.0,361494.0,417053.0,17548.423308635098
1000,float64,0,1,2,ok,gpu_fresh_handle,120518.0,102018.0,323735.0,79073.68129758713
1000,float64,0,1,2,ok,gpu_reused_handle,77979.0,75149.0,79838.0,1642.612654685618
1000,float64,0,1,2,ok,kernel_interval,21438.0,19008.0,23743.0,1743.745080211527
1000,float64,0,1,2,ok,context_init,191183397.0,191183397.0,191183397.0,0
1000,float64,0,1,2,ok,first_query,542481.0,542481.0,542481.0,0
1000,float64,0,1,4,ok,cpu,393553.0,374954.0,403553.0,11494.238403486786
1000,float64,0,1,4,ok,gpu_fresh_handle,165277.0,149598.0,173687.0,7695.691825084127
1000,float64,0,1,4,ok,gpu_reused_handle,119908.0,118848.0,121578.0,1104.0596084666893
1000,float64,0,1,4,ok,kernel_interval,41023.0,37535.0,42110.0,1628.665799270767
1000,float64,0,1,4,ok,context_init,186320345.0,186320345.0,186320345.0,0
1000,float64,0,1,4,ok,first_query,588461.0,588461.0,588461.0,0
1000,float64,0,50,1,ok,cpu,373914.0,366704.0,389584.0,8596.58597794441
1000,float64,0,50,1,ok,gpu_fresh_handle,100118.0,80869.0,147717.0,25176.696069031397
1000,float64,0,50,1,ok,gpu_reused_handle,57620.0,56509.0,66449.0,3736.97116341436
1000,float64,0,50,1,ok,kernel_interval,11776.0,9344.0,14112.0,1860.3005005592383
1000,float64,0,50,1,ok,context_init,190194633.0,190194633.0,190194633.0,0
1000,float64,0,50,1,ok,first_query,514752.0,514752.0,514752.0,0
1000,float64,0,50,2,ok,cpu,376774.0,366004.0,395283.0,11140.917383360185
1000,float64,0,50,2,ok,gpu_fresh_handle,119618.0,103208.0,311775.0,73968.52796226759
1000,float64,0,50,2,ok,gpu_reused_handle,76119.0,74169.0,82388.0,2965.354110388842
1000,float64,0,50,2,ok,kernel_interval,20608.0,19646.0,22942.0,1318.0408982743327
1000,float64,0,50,2,ok,context_init,191144008.0,191144008.0,191144008.0,0
1000,float64,0,50,2,ok,first_query,532651.0,532651.0,532651.0,0
1000,float64,0,50,4,ok,cpu,400814.0,378884.0,412363.0,10841.687568516874
1000,float64,0,50,4,ok,gpu_fresh_handle,166707.0,150128.0,175227.0,9229.712723177301
1000,float64,0,50,4,ok,gpu_reused_handle,119278.0,117868.0,134748.0,5936.070128580741
1000,float64,0,50,4,ok,kernel_interval,39773.0,37022.0,43935.0,2407.2502590141744
1000,float64,0,50,4,ok,context_init,189550904.0,189550904.0,189550904.0,0
1000,float64,0,50,4,ok,first_query,602060.0,602060.0,602060.0,0
1000,float64,0,99,1,ok,cpu,368484.0,351784.0,383914.0,11792.311054242082
1000,float64,0,99,1,ok,gpu_fresh_handle,96998.0,82238.0,162137.0,26319.978442964108
1000,float64,0,99,1,ok,gpu_reused_handle,54839.0,53330.0,57279.0,1184.9348585671785
1000,float64,0,99,1,ok,kernel_interval,10015.0,5152.0,13055.0,2345.589965384889
1000,float64,0,99,1,ok,context_init,189900700.0,189900700.0,189900700.0,0
1000,float64,0,99,1,ok,first_query,517662.0,517662.0,517662.0,0
1000,float64,0,99,2,ok,cpu,362634.0,355284.0,600000.0,89879.63328039923
1000,float64,0,99,2,ok,gpu_fresh_handle,122498.0,105538.0,128018.0,9482.20790041363
1000,float64,0,99,2,ok,gpu_reused_handle,78309.0,75939.0,79198.0,1013.6667293027024
1000,float64,0,99,2,ok,kernel_interval,20830.0,19680.0,22847.0,1257.946588312723
1000,float64,0,99,2,ok,context_init,189685134.0,189685134.0,189685134.0,0
1000,float64,0,99,2,ok,first_query,545401.0,545401.0,545401.0,0
1000,float64,0,99,4,ok,cpu,396444.0,379244.0,418153.0,13135.796250812402
1000,float64,0,99,4,ok,gpu_fresh_handle,164367.0,151028.0,173927.0,8224.15859352363
1000,float64,0,99,4,ok,gpu_reused_handle,121068.0,119808.0,313605.0,72871.21003033855
1000,float64,0,99,4,ok,kernel_interval,40543.0,37693.0,42111.0,1559.7741747414836
1000,float64,0,99,4,ok,context_init,189912250.0,189912250.0,189912250.0,0
1000,float64,0,99,4,ok,first_query,588091.0,588091.0,588091.0,0
1000,float64,10,1,1,ok,cpu,354674.0,345134.0,395303.0,17266.2424290593
1000,float64,10,1,1,ok,gpu_fresh_handle,99398.0,83609.0,119168.0,11395.659668738544
1000,float64,10,1,1,ok,gpu_reused_handle,58969.0,57609.0,78929.0,7555.778929938014
1000,float64,10,1,1,ok,kernel_interval,11168.0,10495.0,13952.0,1439.4677091599817
1000,float64,10,1,1,ok,context_init,190818737.0,190818737.0,190818737.0,0
1000,float64,10,1,1,ok,first_query,514362.0,514362.0,514362.0,0
1000,float64,10,1,2,ok,cpu,371634.0,359854.0,389694.0,10008.998808215392
1000,float64,10,1,2,ok,gpu_fresh_handle,121078.0,108828.0,124028.0,5303.050784128663
1000,float64,10,1,2,ok,gpu_reused_handle,79669.0,78358.0,81129.0,1074.8939039560623
1000,float64,10,1,2,ok,kernel_interval,22142.0,17568.0,30878.0,4240.618182697963
1000,float64,10,1,2,ok,context_init,186668604.0,186668604.0,186668604.0,0
1000,float64,10,1,2,ok,first_query,539202.0,539202.0,539202.0,0
1000,float64,10,1,4,ok,cpu,379584.0,374254.0,462582.0,31415.995646743246
1000,float64,10,1,4,ok,gpu_fresh_handle,167537.0,157557.0,270806.0,39314.291932360386
1000,float64,10,1,4,ok,gpu_reused_handle,122428.0,120928.0,145077.0,8703.88589462584
1000,float64,10,1,4,ok,kernel_interval,38528.0,31967.000000000004,47423.0,5388.510360457878
1000,float64,10,1,4,ok,context_init,189389381.0,189389381.0,189389381.0,0
1000,float64,10,1,4,ok,first_query,587061.0,587061.0,587061.0,0
1000,float64,10,50,1,ok,cpu,368654.0,357614.0,380284.0,8170.426345464884
1000,float64,10,50,1,ok,gpu_fresh_handle,98828.0,82538.0,107488.0,9063.795964479468
1000,float64,10,50,1,ok,gpu_reused_handle,57779.0,56859.0,252206.0,73353.45257463379
1000,float64,10,50,1,ok,kernel_interval,10944.0,10432.0,14143.0,1534.95807294997
1000,float64,10,50,1,ok,context_init,189202476.0,189202476.0,189202476.0,0
1000,float64,10,50,1,ok,first_query,524282.0,524282.0,524282.0,0
1000,float64,10,50,2,ok,cpu,374984.0,357374.0,475862.0,39598.33860872737
1000,float64,10,50,2,ok,gpu_fresh_handle,123148.0,108628.0,130768.0,8205.067249659114
1000,float64,10,50,2,ok,gpu_reused_handle,79329.0,78159.0,88718.0,4365.417369453213
1000,float64,10,50,2,ok,kernel_interval,20799.0,19615.0,23424.0,1470.7822667514306
1000,float64,10,50,2,ok,context_init,188382428.0,188382428.0,188382428.0,0
1000,float64,10,50,2,ok,first_query,529011.0,529011.0,529011.0,0
1000,float64,10,50,4,ok,cpu,398313.0,384604.0,417953.0,10061.769904894845
1000,float64,10,50,4,ok,gpu_fresh_handle,167187.0,153348.0,175887.0,8469.185278745194
1000,float64,10,50,4,ok,gpu_reused_handle,122868.0,120218.0,141478.0,7498.938655061858
1000,float64,10,50,4,ok,kernel_interval,39037.0,36509.0,41278.0,1600.6604886733476
1000,float64,10,50,4,ok,context_init,186308744.0,186308744.0,186308744.0,0
1000,float64,10,50,4,ok,first_query,588941.0,588941.0,588941.0,0
1000,float64,10,99,1,ok,cpu,374184.0,350124.0,572291.0,77451.85586850834
1000,float64,10,99,1,ok,gpu_fresh_handle,99519.0,81719.0,101419.0,6851.438788764771
1000,float64,10,99,1,ok,gpu_reused_handle,59289.0,57339.0,67319.0,3380.322068341164
1000,float64,10,99,1,ok,kernel_interval,10975.0,10367.0,13632.0,1301.6766660185403
1000,float64,10,99,1,ok,context_init,188203433.0,188203433.0,188203433.0,0
1000,float64,10,99,1,ok,first_query,512462.0,512462.0,512462.0,0
1000,float64,10,99,2,ok,cpu,372674.0,364145.0,397113.0,12464.4578129748
1000,float64,10,99,2,ok,gpu_fresh_handle,121759.0,105758.0,126368.0,8552.986231497773
1000,float64,10,99,2,ok,gpu_reused_handle,82058.0,78009.0,277915.0,74192.05066903186
1000,float64,10,99,2,ok,kernel_interval,21118.0,17950.0,22751.0,1576.890445208695
1000,float64,10,99,2,ok,context_init,188593337.0,188593337.0,188593337.0,0
1000,float64,10,99,2,ok,first_query,536611.0,536611.0,536611.0,0
1000,float64,10,99,4,ok,cpu,401553.0,390254.0,438512.0,15387.820786954486
1000,float64,10,99,4,ok,gpu_fresh_handle,169838.0,153277.0,174768.0,9185.412257124519
1000,float64,10,99,4,ok,gpu_reused_handle,123668.0,120878.0,128628.0,2619.413783927345
1000,float64,10,99,4,ok,kernel_interval,38013.0,36125.0,41565.0,2052.936108763901
1000,float64,10,99,4,ok,context_init,186480723.0,186480723.0,186480723.0,0
1000,float64,10,99,4,ok,first_query,577280.0,577280.0,577280.0,0
1000,float64,50,1,1,ok,cpu,381184.0,365884.0,394203.0,10796.604805832865
1000,float64,50,1,1,ok,gpu_fresh_handle,106978.0,91048.0,115338.0,9403.525364761574
1000,float64,50,1,1,ok,gpu_reused_handle,67749.0,64659.0,239616.0,64870.79437033352
1000,float64,50,1,1,ok,kernel_interval,12671.0,11648.0,14112.0,840.1543508982937
1000,float64,50,1,1,ok,context_init,187764932.0,187764932.0,187764932.0,0
1000,float64,50,1,1,ok,first_query,543351.0,543351.0,543351.0,0
1000,float64,50,1,2,ok,cpu,376224.0,359575.0,403253.0,15193.409896587214
1000,float64,50,1,2,ok,gpu_fresh_handle,121558.0,113188.0,190107.0,26615.17132961503
1000,float64,50,1,2,ok,gpu_reused_handle,78739.0,78199.0,83218.0,1730.3878590816403
1000,float64,50,1,2,ok,kernel_interval,21663.0,18719.0,23711.0,1799.923874051609
1000,float64,50,1,2,ok,context_init,189912678.0,189912678.0,189912678.0,0
1000,float64,50,1,2,ok,first_query,539321.0,539321.0,539321.0,0
1000,float64,50,1,4,ok,cpu,388783.0,380043.0,408933.0,9717.313892517535
1000,float64,50,1,4,ok,gpu_fresh_handle,167698.0,157217.0,170618.0,4391.948455764848
1000,float64,50,1,4,ok,gpu_reused_handle,121779.0,120378.0,123398.0,1064.6097653041477
1000,float64,50,1,4,ok,kernel_interval,40252.0,37790.0,45951.0,2806.982390906139
1000,float64,50,1,4,ok,context_init,188965405.0,188965405.0,188965405.0,0
1000,float64,50,1,4,ok,first_query,588431.0,588431.0,588431.0,0
1000,float64,50,50,1,ok,cpu,374884.0,360925.0,384694.0,9240.331008294948
1000,float64,50,50,1,ok,gpu_fresh_handle,99699.0,83908.0,291966.0,74499.69522500779
1000,float64,50,50,1,ok,gpu_reused_handle,59669.0,57869.0,70259.0,4232.028107747148
1000,float64,50,50,1,ok,kernel_interval,11744.0,10400.0,15072.0,1690.643833404473
1000,float64,50,50,1,ok,context_init,190907913.0,190907913.0,190907913.0,0
1000,float64,50,50,1,ok,first_query,514531.0,514531.0,514531.0,0
1000,float64,50,50,2,ok,cpu,379104.0,356274.0,389953.0,13364.928013630444
1000,float64,50,50,2,ok,gpu_fresh_handle,121598.0,108718.0,128608.0,7428.225449818639
1000,float64,50,50,2,ok,gpu_reused_handle,80239.0,78459.0,92979.0,5180.573479010656
1000,float64,50,50,2,ok,kernel_interval,20320.0,18400.0,23327.0,1867.1346522208325
1000,float64,50,50,2,ok,context_init,188658061.0,188658061.0,188658061.0,0
1000,float64,50,50,2,ok,first_query,539411.0,539411.0,539411.0,0
1000,float64,50,50,4,ok,cpu,403553.0,386564.0,585590.0,71485.45691657449
1000,float64,50,50,4,ok,gpu_fresh_handle,167348.0,150648.0,180417.0,10973.449440310354
1000,float64,50,50,4,ok,gpu_reused_handle,122668.0,121778.0,243936.0,45649.16407308494
1000,float64,50,50,4,ok,kernel_interval,38079.0,33694.0,39965.0,2051.0146850023375
1000,float64,50,50,4,ok,context_init,187750886.0,187750886.0,187750886.0,0
1000,float64,50,50,4,ok,first_query,583011.0,583011.0,583011.0,0
1000,float64,50,99,1,ok,cpu,361624.0,349614.0,397534.0,15310.660778561794
1000,float64,50,99,1,ok,gpu_fresh_handle,97888.0,81319.0,101708.0,7418.238062530816
1000,float64,50,99,1,ok,gpu_reused_handle,57199.0,55789.0,58659.0,1025.9119056211591
1000,float64,50,99,1,ok,kernel_interval,10656.0,10367.0,22143.0,4295.769641114827
1000,float64,50,99,1,ok,context_init,188711080.0,188711080.0,188711080.0,0
1000,float64,50,99,1,ok,first_query,501792.0,501792.0,501792.0,0
1000,float64,50,99,2,ok,cpu,378423.0,359714.0,383854.0,9143.347412450317
1000,float64,50,99,2,ok,gpu_fresh_handle,121368.0,104089.0,132008.0,8832.971120156784
1000,float64,50,99,2,ok,gpu_reused_handle,80118.0,77558.0,84359.0,2373.478309509966
1000,float64,50,99,2,ok,kernel_interval,20254.0,18591.0,23456.0,1782.0011891396812
1000,float64,50,99,2,ok,context_init,188836790.0,188836790.0,188836790.0,0
1000,float64,50,99,2,ok,first_query,551111.0,551111.0,551111.0,0
1000,float64,50,99,4,ok,cpu,387014.0,381134.0,411823.0,10225.889960105696
1000,float64,50,99,4,ok,gpu_fresh_handle,168477.0,152697.0,173787.0,8148.267952089426
1000,float64,50,99,4,ok,gpu_reused_handle,122578.0,121238.0,129928.0,3004.7232659201586
1000,float64,50,99,4,ok,kernel_interval,39709.0,38077.0,42558.0,1727.0847995283568
1000,float64,50,99,4,ok,context_init,185616222.0,185616222.0,185616222.0,0
1000,float64,50,99,4,ok,first_query,590511.0,590511.0,590511.0,0
10000,float32,0,1,1,ok,cpu,374424.0,359624.0,413684.0,18370.345539431077
10000,float32,0,1,1,ok,gpu_fresh_handle,98059.0,88578.0,108799.0,6490.529276238902
10000,float32,0,1,1,ok,gpu_reused_handle,56999.0,56059.0,70069.0,4982.489337670479
10000,float32,0,1,1,ok,kernel_interval,10879.0,10560.0,14527.0,1762.387206792726
10000,float32,0,1,1,ok,context_init,188892959.0,188892959.0,188892959.0,0
10000,float32,0,1,1,ok,first_query,511122.0,511122.0,511122.0,0
10000,float32,0,1,2,ok,cpu,374464.0,370584.0,424244.0,18899.704961164014
10000,float32,0,1,2,ok,gpu_fresh_handle,121338.0,106228.0,131517.0,8304.88956091817
10000,float32,0,1,2,ok,gpu_reused_handle,81209.0,78279.0,88159.0,3974.657834928927
10000,float32,0,1,2,ok,kernel_interval,20160.0,18591.0,23134.0,1497.9194300921592
10000,float32,0,1,2,ok,context_init,191007747.0,191007747.0,191007747.0,0
10000,float32,0,1,2,ok,first_query,564391.0,564391.0,564391.0,0
10000,float32,0,1,4,ok,cpu,406003.0,381804.0,427693.0,17166.763438469727
10000,float32,0,1,4,ok,gpu_fresh_handle,166957.0,151398.0,175678.0,10078.313010760141
10000,float32,0,1,4,ok,gpu_reused_handle,122188.0,121248.0,126777.0,1964.7984629472815
10000,float32,0,1,4,ok,kernel_interval,37184.0,34494.0,40255.0,2209.7821806038455
10000,float32,0,1,4,ok,context_init,192239106.0,192239106.0,192239106.0,0
10000,float32,0,1,4,ok,first_query,597110.0,597110.0,597110.0,0
10000,float32,0,50,1,ok,cpu,417443.0,407303.0,627740.0,80376.44304088582
10000,float32,0,50,1,ok,gpu_fresh_handle,97018.0,81798.0,103148.0,7966.854239672675
10000,float32,0,50,1,ok,gpu_reused_handle,58449.0,57499.0,60709.0,1272.4216319773134
10000,float32,0,50,1,ok,kernel_interval,11711.0,10208.0,13919.0,1416.6881230868134
10000,float32,0,50,1,ok,context_init,190087152.0,190087152.0,190087152.0,0
10000,float32,0,50,1,ok,first_query,502732.0,502732.0,502732.0,0
10000,float32,0,50,2,ok,cpu,423103.0,415194.0,446983.0,11126.03763593268
10000,float32,0,50,2,ok,gpu_fresh_handle,120448.0,107428.0,314635.0,74284.0531649899
10000,float32,0,50,2,ok,gpu_reused_handle,78868.0,76789.0,85479.0,2976.898713826346
10000,float32,0,50,2,ok,kernel_interval,21183.0,18654.0,22336.0,1449.148469175704
10000,float32,0,50,2,ok,context_init,190175691.0,190175691.0,190175691.0,0
10000,float32,0,50,2,ok,first_query,527061.0,527061.0,527061.0,0
10000,float32,0,50,4,ok,cpu,493112.0,473153.0,552011.0,25148.016571415537
10000,float32,0,50,4,ok,gpu_fresh_handle,165247.0,150728.0,171437.0,8175.9200880215485
10000,float32,0,50,4,ok,gpu_reused_handle,120298.0,118378.0,324984.0,77475.1017110843
10000,float32,0,50,4,ok,kernel_interval,38525.0,34686.0,43359.0,3411.7188587907667
10000,float32,0,50,4,ok,context_init,190969349.0,190969349.0,190969349.0,0
10000,float32,0,50,4,ok,first_query,584890.0,584890.0,584890.0,0
10000,float32,0,99,1,ok,cpu,473312.0,461402.0,502382.0,15039.58592863387
10000,float32,0,99,1,ok,gpu_fresh_handle,97859.0,81499.0,107728.0,9460.775353305578
10000,float32,0,99,1,ok,gpu_reused_handle,57919.0,57279.0,60079.0,986.7961626732578
10000,float32,0,99,1,ok,kernel_interval,10944.0,10208.0,14208.0,1717.0651178821433
10000,float32,0,99,1,ok,context_init,188368222.0,188368222.0,188368222.0,0
10000,float32,0,99,1,ok,first_query,526922.0,526922.0,526922.0,0
10000,float32,0,99,2,ok,cpu,490432.0,480772.0,727338.0,91748.98009008836
10000,float32,0,99,2,ok,gpu_fresh_handle,124258.0,109718.0,137728.0,9033.155067648871
10000,float32,0,99,2,ok,gpu_reused_handle,83259.0,80929.0,87758.0,2402.980817552194
10000,float32,0,99,2,ok,kernel_interval,21535.0,19071.0,24032.0,1878.070463711803
10000,float32,0,99,2,ok,context_init,188756686.0,188756686.0,188756686.0,0
10000,float32,0,99,2,ok,first_query,598800.0,598800.0,598800.0,0
10000,float32,0,99,4,ok,cpu,575781.0,568190.0,593411.0,9636.82966293277
10000,float32,0,99,4,ok,gpu_fresh_handle,167208.0,151598.0,175578.0,7367.2797719440005
10000,float32,0,99,4,ok,gpu_reused_handle,121678.0,120818.0,138257.0,6326.951206657798
10000,float32,0,99,4,ok,kernel_interval,38654.0,36703.0,42110.0,1808.9284778827598
10000,float32,0,99,4,ok,context_init,190322142.0,190322142.0,190322142.0,0
10000,float32,0,99,4,ok,first_query,782557.0,782557.0,782557.0,0
10000,float32,10,1,1,ok,cpu,371874.0,361464.0,402134.0,13849.639500207732
10000,float32,10,1,1,ok,gpu_fresh_handle,101688.0,84719.0,308485.0,79762.46913268707
10000,float32,10,1,1,ok,gpu_reused_handle,60649.0,60100.0,71079.0,3949.381886537979
10000,float32,10,1,1,ok,kernel_interval,11711.0,9824.0,13952.0,1531.2277986728727
10000,float32,10,1,1,ok,context_init,187895132.0,187895132.0,187895132.0,0
10000,float32,10,1,1,ok,first_query,507572.0,507572.0,507572.0,0
10000,float32,10,1,2,ok,cpu,375414.0,367754.0,415213.0,16326.014316917355
10000,float32,10,1,2,ok,gpu_fresh_handle,123408.0,110288.0,340455.0,82953.61948445305
10000,float32,10,1,2,ok,gpu_reused_handle,81139.0,80689.0,88568.0,2842.3195256188715
10000,float32,10,1,2,ok,kernel_interval,20319.0,19071.0,22655.0,1584.4540444732436
10000,float32,10,1,2,ok,context_init,191081871.0,191081871.0,191081871.0,0
10000,float32,10,1,2,ok,first_query,547142.0,547142.0,547142.0,0
10000,float32,10,1,4,ok,cpu,404403.0,395714.0,512402.0,41941.99559255275
10000,float32,10,1,4,ok,gpu_fresh_handle,171757.0,156657.0,240826.0,28839.624020896434
10000,float32,10,1,4,ok,gpu_reused_handle,126448.0,122898.0,336435.0,79432.8096860425
10000,float32,10,1,4,ok,kernel_interval,36222.0,31965.0,42302.0,3290.026429188967
10000,float32,10,1,4,ok,context_init,189598196.0,189598196.0,189598196.0,0
10000,float32,10,1,4,ok,first_query,583531.0,583531.0,583531.0,0
10000,float32,10,50,1,ok,cpu,440643.0,416694.0,552322.0,46062.87420989045
10000,float32,10,50,1,ok,gpu_fresh_handle,100969.0,87369.0,116739.0,9716.30834755474
10000,float32,10,50,1,ok,gpu_reused_handle,62009.0,60709.0,70119.0,3309.4295293182795
10000,float32,10,50,1,ok,kernel_interval,11103.0,9375.0,13472.0,1520.9546813949266
10000,float32,10,50,1,ok,context_init,189137454.0,189137454.0,189137454.0,0
10000,float32,10,50,1,ok,first_query,508362.0,508362.0,508362.0,0
10000,float32,10,50,2,ok,cpu,446413.0,429173.0,454603.0,9297.382632199442
10000,float32,10,50,2,ok,gpu_fresh_handle,122858.0,107038.0,126808.0,7991.192473145491
10000,float32,10,50,2,ok,gpu_reused_handle,83008.0,80888.0,91379.0,3835.9448205972235
10000,float32,10,50,2,ok,kernel_interval,19360.0,18750.0,21952.0,1322.5663004354901
10000,float32,10,50,2,ok,context_init,190266405.0,190266405.0,190266405.0,0
10000,float32,10,50,2,ok,first_query,527581.0,527581.0,527581.0,0
10000,float32,10,50,4,ok,cpu,516321.0,497772.0,531141.0,10746.474939209025
10000,float32,10,50,4,ok,gpu_fresh_handle,171957.0,156158.0,174827.0,7657.883382812897
10000,float32,10,50,4,ok,gpu_reused_handle,127618.0,126838.0,135038.0,3770.1667261352172
10000,float32,10,50,4,ok,kernel_interval,38270.0,34909.0,41440.0,2416.378794020192
10000,float32,10,50,4,ok,context_init,196256810.0,196256810.0,196256810.0,0
10000,float32,10,50,4,ok,first_query,577681.0,577681.0,577681.0,0
10000,float32,10,99,1,ok,cpu,501562.0,489922.0,534292.0,14866.294571469862
10000,float32,10,99,1,ok,gpu_fresh_handle,103028.0,86828.0,109818.0,8161.083766148663
10000,float32,10,99,1,ok,gpu_reused_handle,61899.0,60599.0,65049.0,1477.6300200626936
10000,float32,10,99,1,ok,kernel_interval,10719.0,9887.0,14368.0,1869.4028330942886
10000,float32,10,99,1,ok,context_init,191704163.0,191704163.0,191704163.0,0
10000,float32,10,99,1,ok,first_query,506321.0,506321.0,506321.0,0
10000,float32,10,99,2,ok,cpu,507081.0,497012.0,539392.0,15012.189896087462
10000,float32,10,99,2,ok,gpu_fresh_handle,124128.0,108998.0,129758.0,7375.087408682984
10000,float32,10,99,2,ok,gpu_reused_handle,83079.0,81929.0,90349.0,3284.8369025250668
10000,float32,10,99,2,ok,kernel_interval,20254.0,17855.0,27199.0,3399.27995876998
10000,float32,10,99,2,ok,context_init,189246284.0,189246284.0,189246284.0,0
10000,float32,10,99,2,ok,first_query,544091.0,544091.0,544091.0,0
10000,float32,10,99,4,ok,cpu,628040.0,611590.0,678979.0,22259.76452727036
10000,float32,10,99,4,ok,gpu_fresh_handle,170647.0,155168.0,177557.0,7997.595221898476
10000,float32,10,99,4,ok,gpu_reused_handle,123928.0,122808.0,125408.0,1036.7272911380678
10000,float32,10,99,4,ok,kernel_interval,37341.0,35326.0,42176.0,2668.867300310502
10000,float32,10,99,4,ok,context_init,188105034.0,188105034.0,188105034.0,0
10000,float32,10,99,4,ok,first_query,569561.0,569561.0,569561.0,0
10000,float32,50,1,1,ok,cpu,370094.0,360344.0,418813.0,19711.553541007364
10000,float32,50,1,1,ok,gpu_fresh_handle,101878.0,85609.0,104879.0,7881.916844452062
10000,float32,50,1,1,ok,gpu_reused_handle,61319.0,60469.0,68339.0,2750.745353536019
10000,float32,50,1,1,ok,kernel_interval,11103.0,9855.0,14080.0,1682.5283412316178
10000,float32,50,1,1,ok,context_init,190943907.0,190943907.0,190943907.0,0
10000,float32,50,1,1,ok,first_query,492502.0,492502.0,492502.0,0
10000,float32,50,1,2,ok,cpu,375894.0,365434.0,386644.0,9956.220357621853
10000,float32,50,1,2,ok,gpu_fresh_handle,123428.0,113018.0,141258.0,9407.225439851565
10000,float32,50,1,2,ok,gpu_reused_handle,83478.0,80808.0,92648.0,4841.243966467415
10000,float32,50,1,2,ok,kernel_interval,19392.0,18752.0,23072.0,1948.6940804158098
10000,float32,50,1,2,ok,context_init,186752657.0,186752657.0,186752657.0,0
10000,float32,50,1,2,ok,first_query,531842.0,531842.0,531842.0,0
10000,float32,50,1,4,ok,cpu,398774.0,376584.0,598000.0,77524.54684531492
10000,float32,50,1,4,ok,gpu_fresh_handle,170627.0,156418.0,177847.0,7030.092951360025
10000,float32,50,1,4,ok,gpu_reused_handle,126128.0,123438.0,130938.0,2387.1581031686633
10000,float32,50,1,4,ok,kernel_interval,38238.0,37597.0,41887.0,1850.1238568577742
10000,float32,50,1,4,ok,context_init,185838612.0,185838612.0,185838612.0,0
10000,float32,50,1,4,ok,first_query,559411.0,559411.0,559411.0,0
10000,float32,50,50,1,ok,cpu,414324.0,400513.0,625820.0,80035.34060531962
10000,float32,50,50,1,ok,gpu_fresh_handle,102208.0,85908.0,108838.0,8112.374102038722
10000,float32,50,50,1,ok,gpu_reused_handle,61309.0,60069.0,64849.0,1804.1882490735932
10000,float32,50,50,1,ok,kernel_interval,11040.0,10143.0,15712.0,2110.694097075313
10000,float32,50,50,1,ok,context_init,186149367.0,186149367.0,186149367.0,0
10000,float32,50,50,1,ok,first_query,499102.0,499102.0,499102.0,0
10000,float32,50,50,2,ok,cpu,428093.0,401814.0,435963.0,12158.439344163966
10000,float32,50,50,2,ok,gpu_fresh_handle,125208.0,109608.0,147697.0,11829.164972743467
10000,float32,50,50,2,ok,gpu_reused_handle,83859.0,82249.0,295135.0,78980.00398081481
10000,float32,50,50,2,ok,kernel_interval,19839.0,18238.0,23487.0,2170.113964529886
10000,float32,50,50,2,ok,context_init,189651542.0,189651542.0,189651542.0,0
10000,float32,50,50,2,ok,first_query,530091.0,530091.0,530091.0,0
10000,float32,50,50,4,ok,cpu,491372.0,465273.0,504962.0,13720.041047071738
10000,float32,50,50,4,ok,gpu_fresh_handle,173167.0,156107.0,181857.0,9577.423540110705
10000,float32,50,50,4,ok,gpu_reused_handle,126408.0,124278.0,131728.0,2470.5748608081362
10000,float32,50,50,4,ok,kernel_interval,38335.0,36445.0,43422.0,2445.0967942667085
10000,float32,50,50,4,ok,context_init,188033198.0,188033198.0,188033198.0,0
10000,float32,50,50,4,ok,first_query,584961.0,584961.0,584961.0,0
10000,float32,50,99,1,ok,cpu,467492.0,443593.0,671019.0,79327.00259414462
10000,float32,50,99,1,ok,gpu_fresh_handle,102738.0,87079.0,109448.0,8679.552204819698
10000,float32,50,99,1,ok,gpu_reused_handle,62409.0,59309.0,75488.0,5477.505023796353
10000,float32,50,99,1,ok,kernel_interval,11327.0,10176.0,15007.0,1953.9885216799876
10000,float32,50,99,1,ok,context_init,190508719.0,190508719.0,190508719.0,0
10000,float32,50,99,1,ok,first_query,494532.0,494532.0,494532.0,0
10000,float32,50,99,2,ok,cpu,471692.0,451883.0,561881.0,40272.50297127593
10000,float32,50,99,2,ok,gpu_fresh_handle,124968.0,109178.0,136678.0,10389.928960754438
10000,float32,50,99,2,ok,gpu_reused_handle,83219.0,81549.0,87168.0,1741.6636135767271
10000,float32,50,99,2,ok,kernel_interval,19422.0,18304.0,21854.0,1346.1267894716802
10000,float32,50,99,2,ok,context_init,189730523.0,189730523.0,189730523.0,0
10000,float32,50,99,2,ok,first_query,540171.0,540171.0,540171.0,0
10000,float32,50,99,4,ok,cpu,543121.0,525821.0,560621.0,12358.190542154238
10000,float32,50,99,4,ok,gpu_fresh_handle,168898.0,159247.0,178477.0,6351.6213003340445
10000,float32,50,99,4,ok,gpu_reused_handle,124458.0,121848.0,132418.0,3447.4621445485427
10000,float32,50,99,4,ok,kernel_interval,37024.0,35103.0,143550.0,40275.11279934546
10000,float32,50,99,4,ok,context_init,191037961.0,191037961.0,191037961.0,0
10000,float32,50,99,4,ok,first_query,566171.0,566171.0,566171.0,0
10000,float64,0,1,1,ok,cpu,374614.0,354384.0,408554.0,16463.589773743006
10000,float64,0,1,1,ok,gpu_fresh_handle,100509.0,84388.0,112898.0,9948.069556690982
10000,float64,0,1,1,ok,gpu_reused_handle,59179.0,58679.0,68379.0,3536.959280565858
10000,float64,0,1,1,ok,kernel_interval,11008.0,9312.0,14816.0,2160.5742292270356
10000,float64,0,1,1,ok,context_init,188942376.0,188942376.0,188942376.0,0
10000,float64,0,1,1,ok,first_query,502101.0,502101.0,502101.0,0
10000,float64,0,1,2,ok,cpu,368524.0,354084.0,391193.0,15333.260761215422
10000,float64,0,1,2,ok,gpu_fresh_handle,127267.0,106168.0,131468.0,9829.808487695063
10000,float64,0,1,2,ok,gpu_reused_handle,82279.0,80879.0,87849.0,3002.2977311830127
10000,float64,0,1,2,ok,kernel_interval,19902.0,18304.0,24192.0,2375.038866849892
10000,float64,0,1,2,ok,context_init,186355078.0,186355078.0,186355078.0,0
10000,float64,0,1,2,ok,first_query,541901.0,541901.0,541901.0,0
10000,float64,0,1,4,ok,cpu,390923.0,379824.0,587641.0,74876.231381559
10000,float64,0,1,4,ok,gpu_fresh_handle,169807.0,153537.0,175767.0,7926.039042596365
10000,float64,0,1,4,ok,gpu_reused_handle,122388.0,121588.0,132608.0,4471.706289869354
10000,float64,0,1,4,ok,kernel_interval,37470.0,35550.0,40734.0,1918.5741605483508
10000,float64,0,1,4,ok,context_init,188851398.0,188851398.0,188851398.0,0
10000,float64,0,1,4,ok,first_query,594051.0,594051.0,594051.0,0
10000,float64,0,50,1,ok,cpu,388383.0,373113.0,601990.0,81962.33528651467
10000,float64,0,50,1,ok,gpu_fresh_handle,102309.0,86309.0,105809.0,7917.129064190353
10000,float64,0,50,1,ok,gpu_reused_handle,58839.0,57989.0,70029.0,4287.543419188728
10000,float64,0,50,1,ok,kernel_interval,11168.0,8991.0,14336.0,2034.3616408382964
10000,float64,0,50,1,ok,context_init,189137726.0,189137726.0,189137726.0,0
10000,float64,0,50,1,ok,first_query,505382.0,505382.0,505382.0,0
10000,float64,0,50,2,ok,cpu,381004.0,369984.0,394943.0,8461.830413827787
10000,float64,0,50,2,ok,gpu_fresh_handle,123158.0,108598.0,329785.0,79300.77927828237
10000,float64,0,50,2,ok,gpu_reused_handle,82009.0,80979.0,91288.0,4606.475023579
10000,float64,0,50,2,ok,kernel_interval,19616.0,18302.0,24735.0,2330.7155860072553
10000,float64,0,50,2,ok,context_init,188516705.0,188516705.0,188516705.0,0
10000,float64,0,50,2,ok,first_query,636259.0,636259.0,636259.0,0
10000,float64,0,50,4,ok,cpu,407633.0,399803.0,445073.0,15072.204554837263
10000,float64,0,50,4,ok,gpu_fresh_handle,169267.0,153028.0,180867.0,10448.348504725063
10000,float64,0,50,4,ok,gpu_reused_handle,121698.0,120529.0,329605.0,78470.84042374928
10000,float64,0,50,4,ok,kernel_interval,40063.0,36764.0,44221.0,2304.2786289856526
10000,float64,0,50,4,ok,context_init,187379184.0,187379184.0,187379184.0,0
10000,float64,0,50,4,ok,first_query,582621.0,582621.0,582621.0,0
10000,float64,0,99,1,ok,cpu,393384.0,389884.0,521901.0,54623.79988569434
10000,float64,0,99,1,ok,gpu_fresh_handle,101729.0,84479.0,300416.0,76370.95065845514
10000,float64,0,99,1,ok,gpu_reused_handle,60169.0,58709.0,72388.0,4767.896526322093
10000,float64,0,99,1,ok,kernel_interval,10080.0,9344.0,15168.0,2429.272642464936
10000,float64,0,99,1,ok,context_init,186880644.0,186880644.0,186880644.0,0
10000,float64,0,99,1,ok,first_query,521132.0,521132.0,521132.0,0
10000,float64,0,99,2,ok,cpu,404334.0,394074.0,594741.0,72605.17164972282
10000,float64,0,99,2,ok,gpu_fresh_handle,125158.0,108869.0,132358.0,9364.17945201414
10000,float64,0,99,2,ok,gpu_reused_handle,82128.0,79439.0,89778.0,3369.77564605745
10000,float64,0,99,2,ok,kernel_interval,19935.0,19262.0,26784.0,2984.8096453622666
10000,float64,0,99,2,ok,context_init,187624591.0,187624591.0,187624591.0,0
10000,float64,0,99,2,ok,first_query,624760.0,624760.0,624760.0,0
10000,float64,0,99,4,ok,cpu,442303.0,424223.0,687949.0,95087.4131716005
10000,float64,0,99,4,ok,gpu_fresh_handle,171538.0,156078.0,184627.0,10101.925995052816
10000,float64,0,99,4,ok,gpu_reused_handle,126798.0,124938.0,133728.0,3916.502326846044
10000,float64,0,99,4,ok,kernel_interval,39710.0,35613.0,41759.0,2592.8530617834863
10000,float64,0,99,4,ok,context_init,189002580.0,189002580.0,189002580.0,0
10000,float64,0,99,4,ok,first_query,593010.0,593010.0,593010.0,0
10000,float64,10,1,1,ok,cpu,383744.0,371024.0,386394.0,5306.686707308413
10000,float64,10,1,1,ok,gpu_fresh_handle,115768.0,96619.0,319105.0,79071.86691412891
10000,float64,10,1,1,ok,gpu_reused_handle,72449.0,69919.0,79929.0,3340.4875606499636
10000,float64,10,1,1,ok,kernel_interval,11776.0,11199.0,13663.0,997.544556827986
10000,float64,10,1,1,ok,context_init,189098489.0,189098489.0,189098489.0,0
10000,float64,10,1,1,ok,first_query,516132.0,516132.0,516132.0,0
10000,float64,10,1,2,ok,cpu,378064.0,364414.0,385754.0,8489.577512063444
10000,float64,10,1,2,ok,gpu_fresh_handle,127588.0,111978.0,130248.0,6308.9188568927675
10000,float64,10,1,2,ok,gpu_reused_handle,85619.0,84319.0,95938.0,4029.924884092577
10000,float64,10,1,2,ok,kernel_interval,21087.0,17983.0,25024.0,2283.2622651435754
10000,float64,10,1,2,ok,context_init,187743401.0,187743401.0,187743401.0,0
10000,float64,10,1,2,ok,first_query,540842.0,540842.0,540842.0,0
10000,float64,10,1,4,ok,cpu,394874.0,388714.0,413213.0,8203.695523244098
10000,float64,10,1,4,ok,gpu_fresh_handle,176147.0,157078.0,285525.0,46909.69755005989
10000,float64,10,1,4,ok,gpu_reused_handle,128988.0,124548.0,462052.0,139460.01204851313
10000,float64,10,1,4,ok,kernel_interval,38269.0,32925.0,47869.0,4504.807606483164
10000,float64,10,1,4,ok,context_init,189943407.0,189943407.0,189943407.0,0
10000,float64,10,1,4,ok,first_query,576551.0,576551.0,576551.0,0
10000,float64,10,50,1,ok,cpu,396003.0,384924.0,404433.0,6426.379955568557
10000,float64,10,50,1,ok,gpu_fresh_handle,104429.0,86979.0,109218.0,8942.908006853677
10000,float64,10,50,1,ok,gpu_reused_handle,62509.0,61379.0,73579.0,5022.971625679459
10000,float64,10,50,1,ok,kernel_interval,11680.0,10048.0,17247.0,2704.639866881321
10000,float64,10,50,1,ok,context_init,188487511.0,188487511.0,188487511.0,0
10000,float64,10,50,1,ok,first_query,514811.0,514811.0,514811.0,0
10000,float64,10,50,2,ok,cpu,414873.0,392973.0,510702.0,50129.355988377945
10000,float64,10,50,2,ok,gpu_fresh_handle,128658.0,110768.0,137768.0,10182.620406031707
10000,float64,10,50,2,ok,gpu_reused_handle,84629.0,84249.0,87128.0,1237.943244333308
10000,float64,10,50,2,ok,kernel_interval,19007.0,18654.0,24095.0,2080.6311542414237
10000,float64,10,50,2,ok,context_init,187733313.0,187733313.0,187733313.0,0
10000,float64,10,50,2,ok,first_query,540631.0,540631.0,540631.0,0
10000,float64,10,50,4,ok,cpu,442843.0,421253.0,476002.0,19884.81951137601
10000,float64,10,50,4,ok,gpu_fresh_handle,174897.0,157367.0,182087.0,9780.145582712335
10000,float64,10,50,4,ok,gpu_reused_handle,127138.0,126288.0,127618.0,487.71576421791684
10000,float64,10,50,4,ok,kernel_interval,39519.0,35934.0,43454.0,2568.209845305443
10000,float64,10,50,4,ok,context_init,187690436.0,187690436.0,187690436.0,0
10000,float64,10,50,4,ok,first_query,593581.0,593581.0,593581.0,0
10000,float64,10,99,1,ok,cpu,437793.0,424063.0,568571.0,51223.418952104876
10000,float64,10,99,1,ok,gpu_fresh_handle,104829.0,87699.0,106898.0,7833.4970783290955
10000,float64,10,99,1,ok,gpu_reused_handle,63579.0,63129.0,66659.0,1354.2859654410054
10000,float64,10,99,1,ok,kernel_interval,11136.0,9088.0,13952.0,1806.6383805552339
10000,float64,10,99,1,ok,context_init,187920452.0,187920452.0,187920452.0,0
10000,float64,10,99,1,ok,first_query,507822.0,507822.0,507822.0,0
10000,float64,10,99,2,ok,cpu,437083.0,427663.0,503342.0,26681.569762665764
10000,float64,10,99,2,ok,gpu_fresh_handle,127658.0,112448.0,132648.0,8000.6446168864595
10000,float64,10,99,2,ok,gpu_reused_handle,87039.0,83719.0,96468.0,4697.4461450573635
10000,float64,10,99,2,ok,kernel_interval,21087.0,18719.0,23871.0,2096.534362545325
10000,float64,10,99,2,ok,context_init,190826196.0,190826196.0,190826196.0,0
10000,float64,10,99,2,ok,first_query,542421.0,542421.0,542421.0,0
10000,float64,10,99,4,ok,cpu,473713.0,457492.0,542481.0,28386.783689563974
10000,float64,10,99,4,ok,gpu_fresh_handle,171708.0,159577.0,178677.0,6953.608631494873
10000,float64,10,99,4,ok,gpu_reused_handle,128028.0,126988.0,134577.0,2595.6232667429113
10000,float64,10,99,4,ok,kernel_interval,37822.0,34620.0,39006.0,1636.0560009043816
10000,float64,10,99,4,ok,context_init,186263360.0,186263360.0,186263360.0,0
10000,float64,10,99,4,ok,first_query,588460.0,588460.0,588460.0,0
10000,float64,50,1,1,ok,cpu,371204.0,351544.0,397693.0,14760.839411864663
10000,float64,50,1,1,ok,gpu_fresh_handle,104269.0,88588.0,112058.0,9155.875123968997
10000,float64,50,1,1,ok,gpu_reused_handle,64009.0,61719.0,72269.0,3546.5590298740203
10000,float64,50,1,1,ok,kernel_interval,10015.0,9088.0,15328.0,2460.8316635215983
10000,float64,50,1,1,ok,context_init,187452241.0,187452241.0,187452241.0,0
10000,float64,50,1,1,ok,first_query,514322.0,514322.0,514322.0,0
10000,float64,50,1,2,ok,cpu,393863.0,369024.0,411743.0,17127.605990107928
10000,float64,50,1,2,ok,gpu_fresh_handle,128768.0,112748.0,324025.0,75331.15550560421
10000,float64,50,1,2,ok,gpu_reused_handle,87379.0,85199.0,94349.0,3570.526838543845
10000,float64,50,1,2,ok,kernel_interval,18622.0,17182.0,22271.0,1908.450742905155
10000,float64,50,1,2,ok,context_init,189815514.0,189815514.0,189815514.0,0
10000,float64,50,1,2,ok,first_query,550271.0,550271.0,550271.0,0
10000,float64,50,1,4,ok,cpu,398053.0,387404.0,611561.0,81660.8758440604
10000,float64,50,1,4,ok,gpu_fresh_handle,175307.0,160077.0,393734.0,84376.89503988298
10000,float64,50,1,4,ok,gpu_reused_handle,128698.0,127168.0,137528.0,4329.925288039044
10000,float64,50,1,4,ok,kernel_interval,38783.0,35677.0,40414.0,1617.2449677504908
10000,float64,50,1,4,ok,context_init,191317521.0,191317521.0,191317521.0,0
10000,float64,50,1,4,ok,first_query,593330.0,593330.0,593330.0,0
10000,float64,50,50,1,ok,cpu,387714.0,378634.0,412004.0,11897.564776837637
10000,float64,50,50,1,ok,gpu_fresh_handle,104518.0,95098.0,109029.0,4998.90537065485
10000,float64,50,50,1,ok,gpu_reused_handle,64059.0,61449.0,69079.0,2511.3930871321672
10000,float64,50,50,1,ok,kernel_interval,10080.0,9056.0,13887.0,1991.3501163065941
10000,float64,50,50,1,ok,context_init,187916376.0,187916376.0,187916376.0,0
10000,float64,50,50,1,ok,first_query,511492.0,511492.0,511492.0,0
10000,float64,50,50,2,ok,cpu,404094.0,387944.0,479752.0,31160.03004613748
10000,float64,50,50,2,ok,gpu_fresh_handle,129778.0,111988.0,138338.0,9715.79960192479
10000,float64,50,50,2,ok,gpu_reused_handle,85029.0,83688.0,87248.0,1361.121823734973
10000,float64,50,50,2,ok,kernel_interval,20575.0,18239.0,23135.0,1639.879713939555
10000,float64,50,50,2,ok,context_init,190717481.0,190717481.0,190717481.0,0
10000,float64,50,50,2,ok,first_query,534192.0,534192.0,534192.0,0
10000,float64,50,50,4,ok,cpu,427873.0,412184.0,611530.0,70218.78007444202
10000,float64,50,50,4,ok,gpu_fresh_handle,173547.0,156847.0,182547.0,10167.137338831746
10000,float64,50,50,4,ok,gpu_reused_handle,127718.0,126778.0,137837.0,3900.7986544882247
10000,float64,50,50,4,ok,kernel_interval,39006.0,35775.0,39198.0,1378.8988014941142
10000,float64,50,50,4,ok,context_init,188858521.0,188858521.0,188858521.0,0
10000,float64,50,50,4,ok,first_query,602950.0,602950.0,602950.0,0
10000,float64,50,99,1,ok,cpu,426053.0,397184.0,436393.0,13815.85482593924
10000,float64,50,99,1,ok,gpu_fresh_handle,113428.0,97828.0,123748.0,8946.554465799882
10000,float64,50,99,1,ok,gpu_reused_handle,72209.0,69649.0,81549.0,4068.8852223159297
10000,float64,50,99,1,ok,kernel_interval,12351.0,11296.0,14080.0,1041.663253327741
10000,float64,50,99,1,ok,context_init,188581807.0,188581807.0,188581807.0,0
10000,float64,50,99,1,ok,first_query,501522.0,501522.0,501522.0,0
10000,float64,50,99,2,ok,cpu,429743.0,410414.0,457662.0,14749.658046076542
10000,float64,50,99,2,ok,gpu_fresh_handle,128098.0,112358.0,334175.0,79435.37250854577
10000,float64,50,99,2,ok,gpu_reused_handle,85268.0,83369.0,94378.0,3919.130461139125
10000,float64,50,99,2,ok,kernel_interval,20767.0,18111.0,32063.0,5593.942599770202
10000,float64,50,99,2,ok,context_init,187466306.0,187466306.0,187466306.0,0
10000,float64,50,99,2,ok,first_query,548231.0,548231.0,548231.0,0
10000,float64,50,99,4,ok,cpu,452123.0,447283.0,487142.0,13780.708714237691
10000,float64,50,99,4,ok,gpu_fresh_handle,176217.0,161347.0,178457.0,5994.284579417932
10000,float64,50,99,4,ok,gpu_reused_handle,130668.0,129338.0,136088.0,2182.09379572312
10000,float64,50,99,4,ok,kernel_interval,40828.0,38942.0,43421.0,1550.1239735367406
10000,float64,50,99,4,ok,context_init,187690083.0,187690083.0,187690083.0,0
10000,float64,50,99,4,ok,first_query,589331.0,589331.0,589331.0,0
100000,float32,0,1,1,ok,cpu,425663.0,403723.0,558881.0,52716.90053709622
100000,float32,0,1,1,ok,gpu_fresh_handle,138747.0,126908.0,282516.0,56128.82163593046
100000,float32,0,1,1,ok,gpu_reused_handle,104869.0,100319.0,184837.0,30407.598840390132
100000,float32,0,1,1,ok,kernel_interval,16063.0,8031.0,59647.0,17791.98578948773
100000,float32,0,1,1,ok,context_init,188047368.0,188047368.0,188047368.0,0
100000,float32,0,1,1,ok,first_query,527941.0,527941.0,527941.0,0
100000,float32,0,1,2,ok,cpu,428993.0,405303.0,574450.0,58096.15801041777
100000,float32,0,1,2,ok,gpu_fresh_handle,164037.0,152028.0,173887.0,7728.630276600178
100000,float32,0,1,2,ok,gpu_reused_handle,127018.0,123708.0,338615.0,80205.70821836514
100000,float32,0,1,2,ok,kernel_interval,21727.0,20128.0,28287.0,3596.2989507071215
100000,float32,0,1,2,ok,context_init,187041204.0,187041204.0,187041204.0,0
100000,float32,0,1,2,ok,first_query,547151.0,547151.0,547151.0,0
100000,float32,0,1,4,ok,cpu,455733.0,428653.0,503352.0,24468.079044805647
100000,float32,0,1,4,ok,gpu_fresh_handle,219097.0,201407.0,279975.0,25452.0430773155
100000,float32,0,1,4,ok,gpu_reused_handle,170897.0,167117.0,182507.0,5022.7508351879205
100000,float32,0,1,4,ok,kernel_interval,50557.0,44702.0,262783.0,80994.16702630946
100000,float32,0,1,4,ok,context_init,188347685.0,188347685.0,188347685.0,0
100000,float32,0,1,4,ok,first_query,597521.0,597521.0,597521.0,0
100000,float32,0,50,1,ok,cpu,639510.0,611590.0,990694.0,135717.7513148239
100000,float32,0,50,1,ok,gpu_fresh_handle,138477.0,124188.0,147738.0,7472.798369833785
100000,float32,0,50,1,ok,gpu_reused_handle,102228.0,101109.0,113418.0,5039.008528706908
100000,float32,0,50,1,ok,kernel_interval,15552.0,8639.0,18079.0,3921.384819775012
100000,float32,0,50,1,ok,context_init,188044419.0,188044419.0,188044419.0,0
100000,float32,0,50,1,ok,first_query,576351.0,576351.0,576351.0,0
100000,float32,0,50,2,ok,cpu,664619.0,647629.0,856536.0,75145.86263172887
100000,float32,0,50,2,ok,gpu_fresh_handle,166427.0,151208.0,364564.0,76764.20293650022
100000,float32,0,50,2,ok,gpu_reused_handle,124848.0,122158.0,128518.0,2215.020154697082
100000,float32,0,50,2,ok,kernel_interval,26944.0,19904.0,133920.0,41576.06799533093
100000,float32,0,50,2,ok,context_init,188950945.0,188950945.0,188950945.0,0
100000,float32,0,50,2,ok,first_query,559781.0,559781.0,559781.0,0
100000,float32,0,50,4,ok,cpu,1044663.0,892635.0,1136302.0,86111.56344091133
100000,float32,0,50,4,ok,gpu_fresh_handle,217137.0,205396.0,267876.0,20369.251249768375
100000,float32,0,50,4,ok,gpu_reused_handle,173997.0,170687.0,185667.0,5334.42816143622
100000,float32,0,50,4,ok,kernel_interval,46078.0,44381.0,52861.0,3787.73093276801
100000,float32,0,50,4,ok,context_init,187677737.0,187677737.0,187677737.0,0
100000,float32,0,50,4,ok,first_query,601120.0,601120.0,601120.0,0
100000,float32,0,99,1,ok,cpu,937405.0,865356.0,1348419.0,181028.45649050132
100000,float32,0,99,1,ok,gpu_fresh_handle,150668.0,125478.0,216116.0,30318.471843164556
100000,float32,0,99,1,ok,gpu_reused_handle,102079.0,99848.0,103678.0,1261.9196638832593
100000,float32,0,99,1,ok,kernel_interval,9151.0,8320.0,16767.0,3654.618923525472
100000,float32,0,99,1,ok,context_init,187430731.0,187430731.0,187430731.0,0
100000,float32,0,99,1,ok,first_query,510451.0,510451.0,510451.0,0
100000,float32,0,99,2,ok,cpu,899416.0,875206.0,1221371.0,122976.95243650913
100000,float32,0,99,2,ok,gpu_fresh_handle,164747.0,153178.0,174357.0,6592.517714009103
100000,float32,0,99,2,ok,gpu_reused_handle,128948.0,124218.0,133448.0,3891.6051285029516
100000,float32,0,99,2,ok,kernel_interval,27648.0,20928.0,30655.0,4022.9650105600567
100000,float32,0,99,2,ok,context_init,189753935.0,189753935.0,189753935.0,0
100000,float32,0,99,2,ok,first_query,552261.0,552261.0,552261.0,0
100000,float32,0,99,4,ok,cpu,1637414.0,1344398.0,1924589.0,230360.45259580226
100000,float32,0,99,4,ok,gpu_fresh_handle,223606.0,200237.0,233026.0,11150.431373248472
100000,float32,0,99,4,ok,gpu_reused_handle,172887.0,169697.0,181867.0,4117.289307067847
100000,float32,0,99,4,ok,kernel_interval,47839.0,44031.0,53662.0,3790.257065034985
100000,float32,0,99,4,ok,context_init,186907161.0,186907161.0,186907161.0,0
100000,float32,0,99,4,ok,first_query,603301.0,603301.0,603301.0,0
100000,float32,10,1,1,ok,cpu,447643.0,416683.0,550781.0,45988.0364116582
100000,float32,10,1,1,ok,gpu_fresh_handle,139158.0,128538.0,142388.0,5254.4171576557055
100000,float32,10,1,1,ok,gpu_reused_handle,103938.0,100789.0,109818.0,3102.846964597881
100000,float32,10,1,1,ok,kernel_interval,7967.999999999999,7040.0,8736.0,817.9865233492251
100000,float32,10,1,1,ok,context_init,189514540.0,189514540.0,189514540.0,0
100000,float32,10,1,1,ok,first_query,517221.0,517221.0,517221.0,0
100000,float32,10,1,2,ok,cpu,474212.0,454312.0,682209.0,85161.08619495621
100000,float32,10,1,2,ok,gpu_fresh_handle,165157.0,151058.0,168827.0,5774.351070528556
100000,float32,10,1,2,ok,gpu_reused_handle,126648.0,123498.0,137598.0,4633.669223864656
100000,float32,10,1,2,ok,kernel_interval,20000.0,18367.0,21120.0,897.0770790262594
100000,float32,10,1,2,ok,context_init,188674754.0,188674754.0,188674754.0,0
100000,float32,10,1,2,ok,first_query,538392.0,538392.0,538392.0,0
100000,float32,10,1,4,ok,cpu,476082.0,460783.0,516672.0,22066.336562413668
100000,float32,10,1,4,ok,gpu_fresh_handle,215666.0,201086.0,414263.0,98501.92441049783
100000,float32,10,1,4,ok,gpu_reused_handle,172258.0,171208.0,181777.0,4048.9533391800333
100000,float32,10,1,4,ok,kernel_interval,43007.0,40830.0,164062.0,46044.126318958326
100000,float32,10,1,4,ok,context_init,187401265.0,187401265.0,187401265.0,0
100000,float32,10,1,4,ok,first_query,589191.0,589191.0,589191.0,0
100000,float32,10,50,1,ok,cpu,926285.0,751148.0,1103072.0,149725.9733522735
100000,float32,10,50,1,ok,gpu_fresh_handle,139038.0,127478.0,151377.0,8314.14647281539
100000,float32,10,50,1,ok,gpu_reused_handle,109578.0,102308.0,297725.0,72207.6624521908
100000,float32,10,50,1,ok,kernel_interval,8736.0,7679.0,9792.0,621.8584665186704
100000,float32,10,50,1,ok,context_init,187453965.0,187453965.0,187453965.0,0
100000,float32,10,50,1,ok,first_query,509302.0,509302.0,509302.0,0
100000,float32,10,50,2,ok,cpu,858616.0,770488.0,1058504.0,105577.96031211564
100000,float32,10,50,2,ok,gpu_fresh_handle,168797.0,153197.0,215876.0,21507.578354307272
100000,float32,10,50,2,ok,gpu_reused_handle,129848.0,125928.0,138418.0,4047.014184497481
100000,float32,10,50,2,ok,kernel_interval,20510.0,19424.0,226272.0,77789.0858261406
100000,float32,10,50,2,ok,context_init,189989406.0,189989406.0,189989406.0,0
100000,float32,10,50,2,ok,first_query,560481.0,560481.0,560481.0,0
100000,float32,10,50,4,ok,cpu,1137452.0,1032213.0,1407967.0,129409.08354884668
100000,float32,10,50,4,ok,gpu_fresh_handle,218377.0,204647.0,231076.0,9574.392075690635
100000,float32,10,50,4,ok,gpu_reused_handle,175787.0,171658.0,180808.0,3145.408263303373
100000,float32,10,50,4,ok,kernel_interval,43423.0,42047.0,45950.0,1419.4660800388829
100000,float32,10,50,4,ok,context_init,190802912.0,190802912.0,190802912.0,0
100000,float32,10,50,4,ok,first_query,603510.0,603510.0,603510.0,0
100000,float32,10,99,1,ok,cpu,1319769.0,1075793.0,1531706.0,199031.42055452545
100000,float32,10,99,1,ok,gpu_fresh_handle,142117.0,129368.0,153437.0,7348.209519526314
100000,float32,10,99,1,ok,gpu_reused_handle,105358.0,103988.0,115868.0,4463.209527426904
100000,float32,10,99,1,ok,kernel_interval,8736.0,8736.0,10048.0,486.30947426706047
100000,float32,10,99,1,ok,context_init,189993426.0,189993426.0,189993426.0,0
100000,float32,10,99,1,ok,first_query,734288.0,734288.0,734288.0,0
100000,float32,10,99,2,ok,cpu,1146502.0,1071283.0,1258530.0,68888.12873264677
100000,float32,10,99,2,ok,gpu_fresh_handle,167778.0,154887.0,352684.0,70986.0099959341
100000,float32,10,99,2,ok,gpu_reused_handle,129248.0,125648.0,139888.0,5151.1171834947845
100000,float32,10,99,2,ok,kernel_interval,20160.0,19454.0,21728.0,740.2716682793844
100000,float32,10,99,2,ok,context_init,191145188.0,191145188.0,191145188.0,0
100000,float32,10,99,2,ok,first_query,550902.0,550902.0,550902.0,0
100000,float32,10,99,4,ok,cpu,1832861.0,1598034.0,1999428.0,148721.5495889646
100000,float32,10,99,4,ok,gpu_fresh_handle,218756.0,203287.0,229306.0,9776.604230800911
100000,float32,10,99,4,ok,gpu_reused_handle,175787.0,173137.0,179017.0,1917.011724633147
100000,float32,10,99,4,ok,kernel_interval,43262.0,42527.0,43838.0,432.3090825522208
100000,float32,10,99,4,ok,context_init,190718505.0,190718505.0,190718505.0,0
100000,float32,10,99,4,ok,first_query,610441.0,610441.0,610441.0,0
100000,float32,50,1,1,ok,cpu,424824.0,416214.0,678159.0,95764.22911455385
100000,float32,50,1,1,ok,gpu_fresh_handle,139298.0,127738.0,146137.0,6649.872952599492
100000,float32,50,1,1,ok,gpu_reused_handle,104438.0,102468.0,112428.0,3284.2370716586743
100000,float32,50,1,1,ok,kernel_interval,8736.0,7071.0,9727.0,786.9683239223436
100000,float32,50,1,1,ok,context_init,190231994.0,190231994.0,190231994.0,0
100000,float32,50,1,1,ok,first_query,542131.0,542131.0,542131.0,0
100000,float32,50,1,2,ok,cpu,448403.0,421683.0,585861.0,55198.51897297177
100000,float32,50,1,2,ok,gpu_fresh_handle,165208.0,152458.0,172827.0,7225.396433348666
100000,float32,50,1,2,ok,gpu_reused_handle,128488.0,125818.0,129408.0,1195.616298539516
100000,float32,50,1,2,ok,kernel_interval,20223.0,19487.0,20927.0,560.7791773187425
100000,float32,50,1,2,ok,context_init,190979463.0,190979463.0,190979463.0,0
100000,float32,50,1,2,ok,first_query,699979.0,699979.0,699979.0,0
100000,float32,50,1,4,ok,cpu,603940.0,458493.0,674989.0,86676.73627142792
100000,float32,50,1,4,ok,gpu_fresh_handle,214017.0,198397.0,219787.0,7487.110845280962
100000,float32,50,1,4,ok,gpu_reused_handle,173317.0,171167.0,185217.0,4758.574216236264
100000,float32,50,1,4,ok,kernel_interval,42493.0,41342.0,50270.0,3137.4341655016674
100000,float32,50,1,4,ok,context_init,187396291.0,187396291.0,187396291.0,0
100000,float32,50,1,4,ok,first_query,619330.0,619330.0,619330.0,0
100000,float32,50,50,1,ok,cpu,693819.0,617560.0,753838.0,46639.29525880612
100000,float32,50,50,1,ok,gpu_fresh_handle,139178.0,128848.0,144878.0,5054.88713547404
100000,float32,50,50,1,ok,gpu_reused_handle,104348.0,101818.0,113138.0,3765.0896403671454
100000,float32,50,50,1,ok,kernel_interval,8736.0,8511.0,9696.0,383.577334351981
100000,float32,50,50,1,ok,context_init,187079747.0,187079747.0,187079747.0,0
100000,float32,50,50,1,ok,first_query,519681.0,519681.0,519681.0,0
100000,float32,50,50,2,ok,cpu,680919.0,651870.0,851767.0,71995.00691946167
100000,float32,50,50,2,ok,gpu_fresh_handle,166038.0,154747.0,177257.0,7252.614848649909
100000,float32,50,50,2,ok,gpu_reused_handle,128738.0,125068.0,135508.0,3251.3557611732194
100000,float32,50,50,2,ok,kernel_interval,20286.0,19807.0,20992.0,446.5183300242209
100000,float32,50,50,2,ok,context_init,189771775.0,189771775.0,189771775.0,0
100000,float32,50,50,2,ok,first_query,564831.0,564831.0,564831.0,0
100000,float32,50,50,4,ok,cpu,797937.0,786367.0,885196.0,35433.15063542023
100000,float32,50,50,4,ok,gpu_fresh_handle,213847.0,207817.0,226336.0,5759.734311001969
100000,float32,50,50,4,ok,gpu_reused_handle,174908.0,171187.0,183057.0,4269.942650445699
100000,float32,50,50,4,ok,kernel_interval,43552.0,41471.0,44799.0,1065.304472462037
100000,float32,50,50,4,ok,context_init,192420193.0,192420193.0,192420193.0,0
100000,float32,50,50,4,ok,first_query,614451.0,614451.0,614451.0,0
100000,float32,50,99,1,ok,cpu,854067.0,834006.0,1319238.0,176364.2781956601
100000,float32,50,99,1,ok,gpu_fresh_handle,139737.0,131698.0,150538.0,5838.106982820471
100000,float32,50,99,1,ok,gpu_reused_handle,103618.0,101319.0,113588.0,4127.271818849186
100000,float32,50,99,1,ok,kernel_interval,8736.0,8736.0,9440.0,279.99753400274625
100000,float32,50,99,1,ok,context_init,187603709.0,187603709.0,187603709.0,0
100000,float32,50,99,1,ok,first_query,517962.0,517962.0,517962.0,0
100000,float32,50,99,2,ok,cpu,881746.0,851426.0,1021144.0,66312.42839518597
100000,float32,50,99,2,ok,gpu_fresh_handle,166288.0,154987.0,173278.0,6744.317872952651
100000,float32,50,99,2,ok,gpu_reused_handle,128778.0,125888.0,132018.0,2098.903341770468
100000,float32,50,99,2,ok,kernel_interval,21055.0,20510.0,21504.0,350.39759729552395
100000,float32,50,99,2,ok,context_init,191647576.0,191647576.0,191647576.0,0
100000,float32,50,99,2,ok,first_query,544082.0,544082.0,544082.0,0
100000,float32,50,99,4,ok,cpu,1165901.0,1113532.0,1387488.0,111090.8407226995
100000,float32,50,99,4,ok,gpu_fresh_handle,220157.0,205386.0,225866.0,8758.044805179054
100000,float32,50,99,4,ok,gpu_reused_handle,175628.0,174867.0,185687.0,3910.209792203945
100000,float32,50,99,4,ok,kernel_interval,43518.0,42334.0,45726.0,1160.807149398744
100000,float32,50,99,4,ok,context_init,188930500.0,188930500.0,188930500.0,0
100000,float32,50,99,4,ok,first_query,623770.0,623770.0,623770.0,0
100000,float64,0,1,1,ok,cpu,436893.0,414853.0,620900.0,81438.73961538733
100000,float64,0,1,1,ok,gpu_fresh_handle,178837.0,161637.0,189077.0,10338.112093930238
100000,float64,0,1,1,ok,gpu_reused_handle,144068.0,130998.0,153018.0,8847.680890654745
100000,float64,0,1,1,ok,kernel_interval,14976.0,11872.0,18848.0,2835.0180313527526
100000,float64,0,1,1,ok,context_init,191110987.0,191110987.0,191110987.0,0
100000,float64,0,1,1,ok,first_query,574021.0,574021.0,574021.0,0
100000,float64,0,1,2,ok,cpu,439773.0,413313.0,484432.0,23230.330259218892
100000,float64,0,1,2,ok,gpu_fresh_handle,206607.0,195927.0,224606.0,12193.048011449959
100000,float64,0,1,2,ok,gpu_reused_handle,173477.0,161207.0,177488.0,5331.976641430634
100000,float64,0,1,2,ok,kernel_interval,26494.0,23359.0,31551.000000000004,3452.6073101491347
100000,float64,0,1,2,ok,context_init,189172288.0,189172288.0,189172288.0,0
100000,float64,0,1,2,ok,first_query,616510.0,616510.0,616510.0,0
100000,float64,0,1,4,ok,cpu,459682.0,439513.0,690048.0,88241.83780573324
100000,float64,0,1,4,ok,gpu_fresh_handle,261026.0,248636.0,296575.0,17055.90319954886
100000,float64,0,1,4,ok,gpu_reused_handle,217847.0,212427.0,431753.0,89194.24074643683
100000,float64,0,1,4,ok,kernel_interval,48830.0,46719.0,58144.0,4856.975695302778
100000,float64,0,1,4,ok,context_init,185521356.0,185521356.0,185521356.0,0
100000,float64,0,1,4,ok,first_query,662289.0,662289.0,662289.0,0
100000,float64,0,50,1,ok,cpu,494472.0,457283.0,968184.0,183800.8605490503
100000,float64,0,50,1,ok,gpu_fresh_handle,168638.0,162078.0,190257.0,11436.752298745354
100000,float64,0,50,1,ok,gpu_reused_handle,145698.0,130498.0,154107.0,9368.651996850733
100000,float64,0,50,1,ok,kernel_interval,12063.0,11231.0,17279.0,2587.3609739508342
100000,float64,0,50,1,ok,context_init,188270104.0,188270104.0,188270104.0,0
100000,float64,0,50,1,ok,first_query,574051.0,574051.0,574051.0,0
100000,float64,0,50,2,ok,cpu,497862.0,470703.0,714349.0,107591.56294369306
100000,float64,0,50,2,ok,gpu_fresh_handle,203137.0,194137.0,215197.0,8441.700361893923
100000,float64,0,50,2,ok,gpu_reused_handle,171047.0,154687.0,371694.0,78181.62101128616
100000,float64,0,50,2,ok,kernel_interval,24831.0,23776.0,30302.0,2581.4705111621943
100000,float64,0,50,2,ok,context_init,187655364.0,187655364.0,187655364.0,0
100000,float64,0,50,2,ok,first_query,606811.0,606811.0,606811.0,0
100000,float64,0,50,4,ok,cpu,694859.0,583681.0,851787.0,110485.8612137447
100000,float64,0,50,4,ok,gpu_fresh_handle,267126.0,253396.0,274205.0,7082.261362022726
100000,float64,0,50,4,ok,gpu_reused_handle,222526.0,204117.0,239467.0,10543.60229396639
100000,float64,0,50,4,ok,kernel_interval,56510.0,50399.0,58911.0,3545.443668925486
100000,float64,0,50,4,ok,context_init,189126642.0,189126642.0,189126642.0,0
100000,float64,0,50,4,ok,first_query,649500.0,649500.0,649500.0,0
100000,float64,0,99,1,ok,cpu,541391.0,521312.0,825406.0,132691.36661118106
100000,float64,0,99,1,ok,gpu_fresh_handle,185017.0,164667.0,259266.0,31596.32998052298
100000,float64,0,99,1,ok,gpu_reused_handle,147998.0,131578.0,151608.0,8792.319429614745
100000,float64,0,99,1,ok,kernel_interval,12543.0,10944.0,17791.0,2967.4275295038196
100000,float64,0,99,1,ok,context_init,191020541.0,191020541.0,191020541.0,0
100000,float64,0,99,1,ok,first_query,591440.0,591440.0,591440.0,0
100000,float64,0,99,2,ok,cpu,531902.0,510691.0,582160.0,25717.729052524206
100000,float64,0,99,2,ok,gpu_fresh_handle,204667.0,189197.0,209816.0,8166.650697749207
100000,float64,0,99,2,ok,gpu_reused_handle,170488.0,155388.0,183167.0,10360.065535736823
100000,float64,0,99,2,ok,kernel_interval,27296.0,23135.0,32479.0,3585.748769517357
100000,float64,0,99,2,ok,context_init,187841733.0,187841733.0,187841733.0,0
100000,float64,0,99,2,ok,first_query,620831.0,620831.0,620831.0,0
100000,float64,0,99,4,ok,cpu,664979.0,657500.0,867836.0,75963.58142526181
100000,float64,0,99,4,ok,gpu_fresh_handle,254486.0,239356.0,309625.0,29116.982881865646
100000,float64,0,99,4,ok,gpu_reused_handle,220046.0,217976.0,223936.0,2366.6764218444155
100000,float64,0,99,4,ok,kernel_interval,53407.0,49117.0,170750.0,44474.180786373654
100000,float64,0,99,4,ok,context_init,186577024.0,186577024.0,186577024.0,0
100000,float64,0,99,4,ok,first_query,672139.0,672139.0,672139.0,0
100000,float64,10,1,1,ok,cpu,439403.0,427223.0,586490.0,56882.89884741911
100000,float64,10,1,1,ok,gpu_fresh_handle,171067.0,163667.0,187607.0,10503.86929387724
100000,float64,10,1,1,ok,gpu_reused_handle,147398.0,141337.0,148617.0,2918.893103966117
100000,float64,10,1,1,ok,kernel_interval,9279.0,8736.0,10784.0,917.543044273803
100000,float64,10,1,1,ok,context_init,187408071.0,187408071.0,187408071.0,0
100000,float64,10,1,1,ok,first_query,554342.0,554342.0,554342.0,0
100000,float64,10,1,2,ok,cpu,440802.0,414663.0,479893.0,20394.849708175043
100000,float64,10,1,2,ok,gpu_fresh_handle,207657.0,191977.0,218546.0,11457.9734454305
100000,float64,10,1,2,ok,gpu_reused_handle,172717.0,156887.0,177637.0,6878.626749023452
100000,float64,10,1,2,ok,kernel_interval,23007.0,22271.0,24927.0,894.8982650345819
100000,float64,10,1,2,ok,context_init,188272578.0,188272578.0,188272578.0,0
100000,float64,10,1,2,ok,first_query,586260.0,586260.0,586260.0,0
100000,float64,10,1,4,ok,cpu,496512.0,465223.0,606510.0,46809.218001931855
100000,float64,10,1,4,ok,gpu_fresh_handle,255966.0,243536.0,272045.0,11359.43399201948
100000,float64,10,1,4,ok,gpu_reused_handle,221126.0,205377.0,230607.0,9916.819970803812
100000,float64,10,1,4,ok,kernel_interval,49662.0,46334.0,51551.0,1798.5566302957916
100000,float64,10,1,4,ok,context_init,189557388.0,189557388.0,189557388.0,0
100000,float64,10,1,4,ok,first_query,642670.0,642670.0,642670.0,0
100000,float64,10,50,1,ok,cpu,844216.0,693229.0,945745.0,77853.56162449505
100000,float64,10,50,1,ok,gpu_fresh_handle,174227.0,168648.0,199927.0,12709.026385473699
100000,float64,10,50,1,ok,gpu_reused_handle,146068.0,138497.0,153468.0,4680.32012539639
100000,float64,10,50,1,ok,kernel_interval,10784.0,9759.0,10784.0,387.41358483445794
100000,float64,10,50,1,ok,context_init,189059506.0,189059506.0,189059506.0,0
100000,float64,10,50,1,ok,first_query,591951.0,591951.0,591951.0,0
100000,float64,10,50,2,ok,cpu,607551.0,567931.0,917885.0,125344.06899999772
100000,float64,10,50,2,ok,gpu_fresh_handle,215036.0,195057.0,280826.0,27434.15499492766
100000,float64,10,50,2,ok,gpu_reused_handle,174377.0,159908.0,176267.0,6287.172825909683
100000,float64,10,50,2,ok,kernel_interval,23776.0,23359.0,24992.0,555.0751986807519
100000,float64,10,50,2,ok,context_init,186637976.0,186637976.0,186637976.0,0
100000,float64,10,50,2,ok,first_query,583961.0,583961.0,583961.0,0
100000,float64,10,50,4,ok,cpu,688899.0,654860.0,935855.0,103045.9946930773
100000,float64,10,50,4,ok,gpu_fresh_handle,265526.0,254186.0,281286.0,9265.140504678198
100000,float64,10,50,4,ok,gpu_reused_handle,221727.0,220807.0,235306.0,5146.95381477516
100000,float64,10,50,4,ok,kernel_interval,50527.0,47870.0,55711.0,2677.7159865754816
100000,float64,10,50,4,ok,context_init,189272564.0,189272564.0,189272564.0,0
100000,float64,10,50,4,ok,first_query,643490.0,643490.0,643490.0,0
100000,float64,10,99,1,ok,cpu,738978.0,727008.0,1595775.0,412238.63422323496
100000,float64,10,99,1,ok,gpu_fresh_handle,172677.0,163797.0,198067.0,12710.832275773964
100000,float64,10,99,1,ok,gpu_reused_handle,148158.0,133858.0,154207.0,7664.406618227129
100000,float64,10,99,1,ok,kernel_interval,10784.0,10784.0,11807.0,386.6576558884395
100000,float64,10,99,1,ok,context_init,189564550.0,189564550.0,189564550.0,0
100000,float64,10,99,1,ok,first_query,555721.0,555721.0,555721.0,0
100000,float64,10,99,2,ok,cpu,784738.0,728179.0,1032753.0,118346.9958123548
100000,float64,10,99,2,ok,gpu_fresh_handle,206827.0,191367.0,222616.0,11102.841519607664
100000,float64,10,99,2,ok,gpu_reused_handle,170937.0,159238.0,181767.0,9299.35854418644
100000,float64,10,99,2,ok,kernel_interval,23839.0,22623.0,24896.0,784.9257775041384
100000,float64,10,99,2,ok,context_init,192782760.0,192782760.0,192782760.0,0
100000,float64,10,99,2,ok,first_query,627780.0,627780.0,627780.0,0
100000,float64,10,99,4,ok,cpu,891576.0,866636.0,1183462.0,112590.0472161854
100000,float64,10,99,4,ok,gpu_fresh_handle,265706.0,252256.0,280505.0,10265.804755873467
100000,float64,10,99,4,ok,gpu_reused_handle,225606.0,210647.0,243476.0,10325.465872113979
100000,float64,10,99,4,ok,kernel_interval,50495.0,49664.0,52030.0,843.236762774986
100000,float64,10,99,4,ok,context_init,190643974.0,190643974.0,190643974.0,0
100000,float64,10,99,4,ok,first_query,696189.0,696189.0,696189.0,0
100000,float64,50,1,1,ok,cpu,6239990.0,5672870.0,10512054.0,1716360.1447647868
100000,float64,50,1,1,ok,gpu_fresh_handle,719169.0,249626.0,817146.0,249647.44741334728
100000,float64,50,1,1,ok,gpu_reused_handle,232897.0,202847.0,279075.0,25591.199624833833
100000,float64,50,1,1,ok,kernel_interval,9759.0,8736.0,56095.0,21905.359142065146
100000,float64,50,1,1,ok,context_init,240959737.0,240959737.0,240959737.0,0
100000,float64,50,1,1,ok,first_query,1374298.0,1374298.0,1374298.0,0
100000,float64,50,1,2,ok,cpu,2107537.0,1320329.0,2306784.0,417933.54737662483
100000,float64,50,1,2,ok,gpu_fresh_handle,370204.0,276715.0,587151.0,99389.51732355643
100000,float64,50,1,2,ok,gpu_reused_handle,223597.0,210347.0,255726.0,14304.767779942995
100000,float64,50,1,2,ok,kernel_interval,27103.0,22751.0,72031.0,17658.61577247775
100000,float64,50,1,2,ok,context_init,289019626.0,289019626.0,289019626.0,0
100000,float64,50,1,2,ok,first_query,1200941.0,1200941.0,1200941.0,0
100000,float64,50,1,4,ok,cpu,477983.0,465162.0,512552.0,16916.52773529626
100000,float64,50,1,4,ok,gpu_fresh_handle,273186.0,255236.0,480963.0,81366.85836588097
100000,float64,50,1,4,ok,gpu_reused_handle,225947.0,209517.0,227516.0,7834.559415697557
100000,float64,50,1,4,ok,kernel_interval,50430.0,45566.0,53054.0,2577.0569777687624
100000,float64,50,1,4,ok,context_init,247057683.0,247057683.0,247057683.0,0
100000,float64,50,1,4,ok,first_query,698829.0,698829.0,698829.0,0
100000,float64,50,50,1,ok,cpu,531582.0,513242.0,681179.0,57402.11090112246
100000,float64,50,50,1,ok,gpu_fresh_handle,178528.0,172757.0,190497.0,8080.0554659812415
100000,float64,50,50,1,ok,gpu_reused_handle,149398.0,131558.0,158578.0,10262.687926473769
100000,float64,50,50,1,ok,kernel_interval,10784.0,9151.0,10784.0,671.8176127208222
100000,float64,50,50,1,ok,context_init,186341707.0,186341707.0,186341707.0,0
100000,float64,50,50,1,ok,first_query,583291.0,583291.0,583291.0,0
100000,float64,50,50,2,ok,cpu,570791.0,548301.0,789817.0,84887.89479240084
100000,float64,50,50,2,ok,gpu_fresh_handle,204797.0,192526.0,219216.0,10329.89647760786
100000,float64,50,50,2,ok,gpu_reused_handle,174567.0,164858.0,370354.0,75093.01937248356
100000,float64,50,50,2,ok,kernel_interval,23487.0,22560.0,24896.0,891.2316784999873
100000,float64,50,50,2,ok,context_init,188923686.0,188923686.0,188923686.0,0
100000,float64,50,50,2,ok,first_query,678169.0,678169.0,678169.0,0
100000,float64,50,50,4,ok,cpu,640090.0,604651.0,951145.0,121857.83225643764
100000,float64,50,50,4,ok,gpu_fresh_handle,259906.0,248156.0,322325.0,25186.59807554501
100000,float64,50,50,4,ok,gpu_reused_handle,232916.0,207457.0,236226.0,12607.824679256018
100000,float64,50,50,4,ok,kernel_interval,51007.0,47840.0,52958.0,1922.4656043737168
100000,float64,50,50,4,ok,context_init,187884133.0,187884133.0,187884133.0,0
100000,float64,50,50,4,ok,first_query,629290.0,629290.0,629290.0,0
100000,float64,50,99,1,ok,cpu,856656.0,659199.0,1117253.0,193533.2050247266
100000,float64,50,99,1,ok,gpu_fresh_handle,183657.0,165168.0,316035.0,53289.661450193045
100000,float64,50,99,1,ok,gpu_reused_handle,147677.0,137007.0,150338.0,5254.803131648317
100000,float64,50,99,1,ok,kernel_interval,10784.0,10784.0,11583.0,301.99361393437255
100000,float64,50,99,1,ok,context_init,188720911.0,188720911.0,188720911.0,0
100000,float64,50,99,1,ok,first_query,558371.0,558371.0,558371.0,0
100000,float64,50,99,2,ok,cpu,710508.0,662790.0,1236950.0,235850.898206493
100000,float64,50,99,2,ok,gpu_fresh_handle,219727.0,191727.0,225126.0,13939.91145015259
100000,float64,50,99,2,ok,gpu_reused_handle,171927.0,161418.0,181587.0,7322.060521855462
100000,float64,50,99,2,ok,kernel_interval,23552.0,22816.0,25152.0,835.5922051654942
100000,float64,50,99,2,ok,context_init,191901811.0,191901811.0,191901811.0,0
100000,float64,50,99,2,ok,first_query,626370.0,626370.0,626370.0,0
100000,float64,50,99,4,ok,cpu,836187.0,750329.0,1146242.0,148958.70793820362
100000,float64,50,99,4,ok,gpu_fresh_handle,272716.0,251626.0,284686.0,11232.975902184053
100000,float64,50,99,4,ok,gpu_reused_handle,225417.0,221486.0,239707.0,6689.488755467327
100000,float64,50,99,4,ok,kernel_interval,50080.0,47517.0,51519.0,1274.9482155683627
100000,float64,50,99,4,ok,context_init,189220185.0,189220185.0,189220185.0,0
100000,float64,50,99,4,ok,first_query,650999.0,650999.0,650999.0,0
250000,float32,0,1,1,ok,cpu,552311.0,460213.0,600511.0,60696.54883771831
250000,float32,0,1,1,ok,gpu_fresh_handle,200957.0,176147.0,401333.0,77800.58142670486
250000,float32,0,1,1,ok,gpu_reused_handle,163788.0,152737.0,169888.0,6736.682439132357
250000,float32,0,1,1,ok,kernel_interval,17664.0,13344.0,83775.0,24993.216517782617
250000,float32,0,1,1,ok,context_init,189677778.0,189677778.0,189677778.0,0
250000,float32,0,1,1,ok,first_query,571022.0,571022.0,571022.0,0
250000,float32,0,1,2,ok,cpu,524652.0,483583.0,639510.0,51082.95557554725
250000,float32,0,1,2,ok,gpu_fresh_handle,244836.0,221476.0,278605.0,22632.992230054653
250000,float32,0,1,2,ok,gpu_reused_handle,195257.0,182487.0,205217.0,8733.428934409494
250000,float32,0,1,2,ok,kernel_interval,36671.0,30592.0,67774.0,12677.191719965502
250000,float32,0,1,2,ok,context_init,187297305.0,187297305.0,187297305.0,0
250000,float32,0,1,2,ok,first_query,677049.0,677049.0,677049.0,0
250000,float32,0,1,4,ok,cpu,555991.0,530202.0,695459.0,55144.25735201048
250000,float32,0,1,4,ok,gpu_fresh_handle,317945.0,284816.0,576601.0,101386.64391117515
250000,float32,0,1,4,ok,gpu_reused_handle,271796.0,253306.0,460853.0,86057.51202704918
250000,float32,0,1,4,ok,kernel_interval,65984.0,62428.0,72350.0,3373.602892486084
250000,float32,0,1,4,ok,context_init,189060798.0,189060798.0,189060798.0,0
250000,float32,0,1,4,ok,first_query,689999.0,689999.0,689999.0,0
250000,float32,0,50,1,ok,cpu,985544.0,792568.0,1500097.0,248479.46728816352
250000,float32,0,50,1,ok,gpu_fresh_handle,200917.0,192567.0,215887.0,8725.637547998864
250000,float32,0,50,1,ok,gpu_reused_handle,166027.0,160647.0,251536.0,32104.312633455753
250000,float32,0,50,1,ok,kernel_interval,15231.0,15039.0,157984.0,53509.74378470487
250000,float32,0,50,1,ok,context_init,187694600.0,187694600.0,187694600.0,0
250000,float32,0,50,1,ok,first_query,633410.0,633410.0,633410.0,0
250000,float32,0,50,2,ok,cpu,1016064.0,846627.0,1360109.0,183998.71607691282
250000,float32,0,50,2,ok,gpu_fresh_handle,234857.0,229496.0,248216.0,7015.289580962564
250000,float32,0,50,2,ok,gpu_reused_handle,202476.0,186897.0,210117.0,8537.309172377554
250000,float32,0,50,2,ok,kernel_interval,33375.0,31968.000000000004,38687.0,2740.7191531038843
250000,float32,0,50,2,ok,context_init,187260599.0,187260599.0,187260599.0,0
250000,float32,0,50,2,ok,first_query,622310.0,622310.0,622310.0,0
250000,float32,0,50,4,ok,cpu,1364519.0,1273790.0,1546555.0,108469.74294156654
250000,float32,0,50,4,ok,gpu_fresh_handle,317505.0,301495.0,323005.0,9628.454111197112
250000,float32,0,50,4,ok,gpu_reused_handle,270556.0,255006.0,277536.0,7378.6189926093375
250000,float32,0,50,4,ok,kernel_interval,67581.0,65790.0,71197.0,2086.0661086177997
250000,float32,0,50,4,ok,context_init,191574820.0,191574820.0,191574820.0,0
250000,float32,0,50,4,ok,first_query,708488.0,708488.0,708488.0,0
250000,float32,0,99,1,ok,cpu,1552275.0,1165021.0,2520580.0,469934.4465337692
250000,float32,0,99,1,ok,gpu_fresh_handle,211486.0,204007.0,216787.0,5193.950308726857
250000,float32,0,99,1,ok,gpu_reused_handle,171708.0,156518.0,178028.0,7336.694792356465
250000,float32,0,99,1,ok,kernel_interval,15456.0,15168.0,21600.0,2381.892035056725
250000,float32,0,99,1,ok,context_init,191724918.0,191724918.0,191724918.0,0
250000,float32,0,99,1,ok,first_query,569611.0,569611.0,569611.0,0
250000,float32,0,99,2,ok,cpu,1300180.0,1149272.0,1797331.0,252530.17572616093
250000,float32,0,99,2,ok,gpu_fresh_handle,243906.0,231627.0,290235.0,18925.094120669266
250000,float32,0,99,2,ok,gpu_reused_handle,205007.0,191687.0,209627.0,5875.454531555916
250000,float32,0,99,2,ok,kernel_interval,33759.0,31839.0,35902.0,1438.3060473050532
250000,float32,0,99,2,ok,context_init,187170601.0,187170601.0,187170601.0,0
250000,float32,0,99,2,ok,first_query,600591.0,600591.0,600591.0,0
250000,float32,0,99,4,ok,cpu,2211505.0,1759923.0,2856285.0,336367.5946923884
250000,float32,0,99,4,ok,gpu_fresh_handle,323584.0,305875.0,385283.0,25657.848342591562
250000,float32,0,99,4,ok,gpu_reused_handle,273796.0,271195.0,281225.0,3373.886172466686
250000,float32,0,99,4,ok,kernel_interval,69951.0,67039.0,72896.0,1940.5787305656552
250000,float32,0,99,4,ok,context_init,186400054.0,186400054.0,186400054.0,0
250000,float32,0,99,4,ok,first_query,702959.0,702959.0,702959.0,0
250000,float32,10,1,1,ok,cpu,509422.0,505242.0,646149.0,66090.26265826226
250000,float32,10,1,1,ok,gpu_fresh_handle,200787.0,180018.0,215866.0,12500.673614230707
250000,float32,10,1,1,ok,gpu_reused_handle,161807.0,158107.0,176347.0,6912.018776842882
250000,float32,10,1,1,ok,kernel_interval,12799.0,12063.0,14560.0,1021.5753940430857
250000,float32,10,1,1,ok,context_init,188126908.0,188126908.0,188126908.0,0
250000,float32,10,1,1,ok,first_query,816058.0,816058.0,816058.0,0
250000,float32,10,1,2,ok,cpu,536491.0,511192.0,586040.0,23939.56752901335
250000,float32,10,1,2,ok,gpu_fresh_handle,238576.0,213287.0,464752.0,87828.49994679837
250000,float32,10,1,2,ok,gpu_reused_handle,206297.0,192017.0,216157.0,11128.59590467386
250000,float32,10,1,2,ok,kernel_interval,28576.0,28094.0,32062.0,1445.1524388204075
250000,float32,10,1,2,ok,context_init,192239564.0,192239564.0,192239564.0,0
250000,float32,10,1,2,ok,first_query,603680.0,603680.0,603680.0,0
250000,float32,10,1,4,ok,cpu,567302.0,552612.0,619050.0,26348.356209683763
250000,float32,10,1,4,ok,gpu_fresh_handle,310395.0,281406.0,318715.0,12881.896479352794
250000,float32,10,1,4,ok,gpu_reused_handle,269936.0,255486.0,291316.0,10746.1818313474
250000,float32,10,1,4,ok,kernel_interval,60061.0,59774.0,63325.99999999999,1575.5046508220466
250000,float32,10,1,4,ok,context_init,188743699.0,188743699.0,188743699.0,0
250000,float32,10,1,4,ok,first_query,743778.0,743778.0,743778.0,0
250000,float32,10,50,1,ok,cpu,1185581.0,1100153.0,1281270.0,62991.777319024135
250000,float32,10,50,1,ok,gpu_fresh_handle,205527.0,199137.0,270306.0,24914.492335452742
250000,float32,10,50,1,ok,gpu_reused_handle,170827.0,158457.0,201927.0,14641.743951878852
250000,float32,10,50,1,ok,kernel_interval,14143.0,12864.0,14495.0,582.028186193598
250000,float32,10,50,1,ok,context_init,190086469.0,190086469.0,190086469.0,0
250000,float32,10,50,1,ok,first_query,579811.0,579811.0,579811.0,0
250000,float32,10,50,2,ok,cpu,1240111.0,1122332.0,1395929.0,103344.61818180402
250000,float32,10,50,2,ok,gpu_fresh_handle,238827.0,232767.0,256166.0,9152.620197309101
250000,float32,10,50,2,ok,gpu_reused_handle,206207.0,200926.0,220686.0,6559.096177574062
250000,float32,10,50,2,ok,kernel_interval,32703.000000000004,30239.0,33920.0,1272.3408685231666
250000,float32,10,50,2,ok,context_init,186728092.0,186728092.0,186728092.0,0
250000,float32,10,50,2,ok,first_query,670389.0,670389.0,670389.0,0
250000,float32,10,50,4,ok,cpu,1532766.0,1454467.0,1923360.0,160288.6024925041
250000,float32,10,50,4,ok,gpu_fresh_handle,317895.0,303665.0,377174.0,24084.957659838026
250000,float32,10,50,4,ok,gpu_reused_handle,275075.0,269896.0,311335.0,14559.737301397792
250000,float32,10,50,4,ok,kernel_interval,65117.99999999999,62974.0,66460.0,1276.7044442999472
250000,float32,10,50,4,ok,context_init,189268594.0,189268594.0,189268594.0,0
250000,float32,10,50,4,ok,first_query,753888.0,753888.0,753888.0,0
250000,float32,10,99,1,ok,cpu,1782071.0,1668564.0,2202635.0,181327.28152786527
250000,float32,10,99,1,ok,gpu_fresh_handle,218546.0,201557.0,227196.0,9440.562826240313
250000,float32,10,99,1,ok,gpu_reused_handle,173587.0,167408.0,181167.0,4540.064059753636
250000,float32,10,99,1,ok,kernel_interval,14783.0,14495.0,16192.000000000002,638.2478246843357
250000,float32,10,99,1,ok,context_init,187908735.0,187908735.0,187908735.0,0
250000,float32,10,99,1,ok,first_query,627410.0,627410.0,627410.0,0
250000,float32,10,99,2,ok,cpu,1791191.0,1691353.0,1981978.0,106177.27122600203
250000,float32,10,99,2,ok,gpu_fresh_handle,252916.0,237466.0,307455.0,23841.80034049842
250000,float32,10,99,2,ok,gpu_reused_handle,205347.0,189957.0,211077.0,6866.119025780901
250000,float32,10,99,2,ok,kernel_interval,32192.0,30624.0,35167.0,1506.629508602057
250000,float32,10,99,2,ok,context_init,188961390.0,188961390.0,188961390.0,0
250000,float32,10,99,2,ok,first_query,614910.0,614910.0,614910.0,0
250000,float32,10,99,4,ok,cpu,2506300.0,2407192.0,3674911.0,449617.91913060285
250000,float32,10,99,4,ok,gpu_fresh_handle,324265.0,305575.0,385014.0,27022.029289170012
250000,float32,10,99,4,ok,gpu_reused_handle,272976.0,271266.0,278016.0,2148.4471136148545
250000,float32,10,99,4,ok,kernel_interval,67199.0,63965.99999999999,68574.0,1598.0723209095233
250000,float32,10,99,4,ok,context_init,188260280.0,188260280.0,188260280.0,0
250000,float32,10,99,4,ok,first_query,706309.0,706309.0,706309.0,0
250000,float32,50,1,1,ok,cpu,515132.0,486412.0,644370.0,52884.283714090154
250000,float32,50,1,1,ok,gpu_fresh_handle,198957.0,186217.0,211367.0,8946.773754770355
250000,float32,50,1,1,ok,gpu_reused_handle,172258.0,158588.0,182767.0,10709.474590286864
250000,float32,50,1,1,ok,kernel_interval,13984.0,12384.0,14240.0,843.3729616136342
250000,float32,50,1,1,ok,context_init,189080708.0,189080708.0,189080708.0,0
250000,float32,50,1,1,ok,first_query,581791.0,581791.0,581791.0,0
250000,float32,50,1,2,ok,cpu,545621.0,503432.0,644810.0,50710.2285901638
250000,float32,50,1,2,ok,gpu_fresh_handle,247406.0,213596.0,453163.0,81542.47203495506
250000,float32,50,1,2,ok,gpu_reused_handle,197627.0,191437.0,211677.0,7732.612445874631
250000,float32,50,1,2,ok,kernel_interval,29790.0,28639.0,31614.000000000004,1140.307853169486
250000,float32,50,1,2,ok,context_init,187676742.0,187676742.0,187676742.0,0
250000,float32,50,1,2,ok,first_query,606951.0,606951.0,606951.0,0
250000,float32,50,1,4,ok,cpu,578711.0,561741.0,813367.0,90738.20420491764
250000,float32,50,1,4,ok,gpu_fresh_handle,298215.0,294275.0,389674.0,34536.753234089345
250000,float32,50,1,4,ok,gpu_reused_handle,259846.0,256856.0,280585.0,10516.069909112117
250000,float32,50,1,4,ok,kernel_interval,60350.0,59550.0,61246.0,650.5292350957685
250000,float32,50,1,4,ok,context_init,188378481.0,188378481.0,188378481.0,0
250000,float32,50,1,4,ok,first_query,687719.0,687719.0,687719.0,0
250000,float32,50,50,1,ok,cpu,887837.0,771988.0,1102313.0,105593.78575690991
250000,float32,50,50,1,ok,gpu_fresh_handle,199857.0,187757.0,224637.0,12387.12114407925
250000,float32,50,50,1,ok,gpu_reused_handle,169398.0,160307.0,178988.0,7534.734788519987
250000,float32,50,50,1,ok,kernel_interval,14495.0,14112.0,15584.0,544.8399502868447
250000,float32,50,50,1,ok,context_init,191293696.0,191293696.0,191293696.0,0
250000,float32,50,50,1,ok,first_query,582131.0,582131.0,582131.0,0
250000,float32,50,50,2,ok,cpu,890296.0,825997.0,951845.0,50532.64965488013
250000,float32,50,50,2,ok,gpu_fresh_handle,239757.0,229947.0,265696.0,13037.26040276575
250000,float32,50,50,2,ok,gpu_reused_handle,208157.0,190987.0,214166.0,7797.225803969976
250000,float32,50,50,2,ok,kernel_interval,32447.999999999996,30366.0,33119.0,1009.7042235464888
250000,float32,50,50,2,ok,context_init,187936829.0,187936829.0,187936829.0,0
250000,float32,50,50,2,ok,first_query,712449.0,712449.0,712449.0,0
250000,float32,50,50,4,ok,cpu,1087323.0,1001074.0,1276320.0,113234.98714241486
250000,float32,50,50,4,ok,gpu_fresh_handle,310035.0,293556.0,482282.0,66820.76058346224
250000,float32,50,50,4,ok,gpu_reused_handle,272656.0,254086.0,400924.0,49514.722530634404
250000,float32,50,50,4,ok,kernel_interval,66206.0,61917.0,67038.0,2104.7033384439587
250000,float32,50,50,4,ok,context_init,187318549.0,187318549.0,187318549.0,0
250000,float32,50,50,4,ok,first_query,678770.0,678770.0,678770.0,0
250000,float32,50,99,1,ok,cpu,1465286.0,1192411.0,1785932.0,205606.50357649775
250000,float32,50,99,1,ok,gpu_fresh_handle,202517.0,196707.0,223076.0,11248.704761416926
250000,float32,50,99,1,ok,gpu_reused_handle,171387.0,160738.0,178308.0,5241.820453493869
250000,float32,50,99,1,ok,kernel_interval,14592.0,14112.0,16192.000000000002,662.9712699370205
250000,float32,50,99,1,ok,context_init,190438081.0,190438081.0,190438081.0,0
250000,float32,50,99,1,ok,first_query,722489.0,722489.0,722489.0,0
250000,float32,50,99,2,ok,cpu,1272710.0,1231040.0,1882610.0,233987.4523763431
250000,float32,50,99,2,ok,gpu_fresh_handle,255536.0,233676.0,309195.0,25763.949882955225
250000,float32,50,99,2,ok,gpu_reused_handle,210167.0,205417.0,400584.0,72717.55664310275
250000,float32,50,99,2,ok,kernel_interval,32574.0,30655.0,33600.0,1191.1248785037092
250000,float32,50,99,2,ok,context_init,187068804.0,187068804.0,187068804.0,0
250000,float32,50,99,2,ok,first_query,615491.0,615491.0,615491.0,0
250000,float32,50,99,4,ok,cpu,1669504.0,1540796.0,1761183.0,83470.81447399672
250000,float32,50,99,4,ok,gpu_fresh_handle,325935.0,308315.0,334525.0,9936.889184582198
250000,float32,50,99,4,ok,gpu_reused_handle,273846.0,272965.0,477232.0,76584.75305114433
250000,float32,50,99,4,ok,kernel_interval,67325.0,66847.0,69502.0,1154.0375086749007
250000,float32,50,99,4,ok,context_init,188975816.0,188975816.0,188975816.0,0
250000,float32,50,99,4,ok,first_query,695219.0,695219.0,695219.0,0
250000,float64,0,1,1,ok,cpu,488202.0,471992.0,625970.0,67100.62841839007
250000,float64,0,1,1,ok,gpu_fresh_handle,257516.0,238216.0,270066.0,11531.456769987704
250000,float64,0,1,1,ok,gpu_reused_handle,220496.0,206977.0,226927.0,7968.20815730207
250000,float64,0,1,1,ok,kernel_interval,17823.0,16960.0,25087.0,2834.011980349043
250000,float64,0,1,1,ok,context_init,186715141.0,186715141.0,186715141.0,0
250000,float64,0,1,1,ok,first_query,717869.0,717869.0,717869.0,0
250000,float64,0,1,2,ok,cpu,521551.0,491282.0,619690.0,43742.80558152228
250000,float64,0,1,2,ok,gpu_fresh_handle,287015.0,273046.0,485282.0,76058.97711801084
250000,float64,0,1,2,ok,gpu_reused_handle,245437.0,241417.0,263156.0,8202.077103363745
250000,float64,0,1,2,ok,kernel_interval,35359.0,33951.0,36096.0,811.6524297177127
250000,float64,0,1,2,ok,context_init,187000139.0,187000139.0,187000139.0,0
250000,float64,0,1,2,ok,first_query,702749.0,702749.0,702749.0,0
250000,float64,0,1,4,ok,cpu,600171.0,519202.0,657880.0,59861.93395599896
250000,float64,0,1,4,ok,gpu_fresh_handle,353904.0,338394.0,380033.0,14680.88942420432
250000,float64,0,1,4,ok,gpu_reused_handle,314115.0,305765.0,328825.0,9791.819228801347
250000,float64,0,1,4,ok,kernel_interval,73725.0,71005.0,75165.0,1572.4497720799498
250000,float64,0,1,4,ok,context_init,187438221.0,187438221.0,187438221.0,0
250000,float64,0,1,4,ok,first_query,776917.0,776917.0,776917.0,0
250000,float64,0,50,1,ok,cpu,657970.0,613480.0,876446.0,88258.41723166179
250000,float64,0,50,1,ok,gpu_fresh_handle,255176.0,243836.0,295846.0,17538.03092058594
250000,float64,0,50,1,ok,gpu_reused_handle,209107.0,208247.0,226456.0,7417.589465331071
250000,float64,0,50,1,ok,kernel_interval,18751.0,16960.0,27039.0,3372.8057911421324
250000,float64,0,50,1,ok,context_init,186190271.0,186190271.0,186190271.0,0
250000,float64,0,50,1,ok,first_query,658900.0,658900.0,658900.0,0
250000,float64,0,50,2,ok,cpu,657950.0,600320.0,917465.0,108056.4723827755
250000,float64,0,50,2,ok,gpu_fresh_handle,279756.0,270325.0,309085.0,14388.976577657668
250000,float64,0,50,2,ok,gpu_reused_handle,240977.0,234737.0,270115.0,13427.316577640913
250000,float64,0,50,2,ok,kernel_interval,37503.0,36479.0,40992.0,1532.5552580731369
250000,float64,0,50,2,ok,context_init,188120282.0,188120282.0,188120282.0,0
250000,float64,0,50,2,ok,first_query,760328.0,760328.0,760328.0,0
250000,float64,0,50,4,ok,cpu,771198.0,732528.0,1014544.0,101922.146103218
250000,float64,0,50,4,ok,gpu_fresh_handle,351275.0,338445.0,392864.0,19145.95193444793
250000,float64,0,50,4,ok,gpu_reused_handle,311585.0,302215.0,414833.0,40070.744451591636
250000,float64,0,50,4,ok,kernel_interval,75934.0,71327.0,170911.0,35994.12705269728
250000,float64,0,50,4,ok,context_init,187450253.0,187450253.0,187450253.0,0
250000,float64,0,50,4,ok,first_query,770338.0,770338.0,770338.0,0
250000,float64,0,99,1,ok,cpu,827217.0,749658.0,1333599.0,199826.31313754167
250000,float64,0,99,1,ok,gpu_fresh_handle,251606.0,234846.0,287376.0,16850.147975893975
250000,float64,0,99,1,ok,gpu_reused_handle,216246.0,208697.0,237376.0,10411.544384777431
250000,float64,0,99,1,ok,kernel_interval,19743.0,18975.0,26944.0,4034.828402558805
250000,float64,0,99,1,ok,context_init,191902154.0,191902154.0,191902154.0,0
250000,float64,0,99,1,ok,first_query,718648.0,718648.0,718648.0,0
250000,float64,0,99,2,ok,cpu,838737.0,791817.0,958265.0,65371.43411270997
250000,float64,0,99,2,ok,gpu_fresh_handle,282415.0,271946.0,530372.0,93468.28452475203
250000,float64,0,99,2,ok,gpu_reused_handle,243557.0,240547.0,365654.0,45557.58820594937
250000,float64,0,99,2,ok,kernel_interval,39262.0,38399.0,44031.0,2037.281183108414
250000,float64,0,99,2,ok,context_init,191181535.0,191181535.0,191181535.0,0
250000,float64,0,99,2,ok,first_query,693289.0,693289.0,693289.0,0
250000,float64,0,99,4,ok,cpu,972644.0,964145.0,1174682.0,88222.44113548865
250000,float64,0,99,4,ok,gpu_fresh_handle,357654.0,340055.0,406764.0,22135.670314804436
250000,float64,0,99,4,ok,gpu_reused_handle,318315.0,303975.0,417233.0,39409.474215629685
250000,float64,0,99,4,ok,kernel_interval,77086.0,76670.0,259101.00000000003,68769.10066163092
250000,float64,0,99,4,ok,context_init,187470495.0,187470495.0,187470495.0,0
250000,float64,0,99,4,ok,first_query,779157.0,779157.0,779157.0,0
250000,float64,10,1,1,ok,cpu,524512.0,494152.0,658820.0,56776.40544191541
250000,float64,10,1,1,ok,gpu_fresh_handle,257226.0,243866.0,269776.0,7811.230264055415
250000,float64,10,1,1,ok,gpu_reused_handle,225137.0,213717.0,237336.0,8898.249629909833
250000,float64,10,1,1,ok,kernel_interval,16160.0,14655.0,16960.0,913.5760713236959
250000,float64,10,1,1,ok,context_init,188975882.0,188975882.0,188975882.0,0
250000,float64,10,1,1,ok,first_query,672979.0,672979.0,672979.0,0
250000,float64,10,1,2,ok,cpu,539151.0,513722.0,764128.0,95702.05644503949
250000,float64,10,1,2,ok,gpu_fresh_handle,288396.0,285296.0,310665.0,8717.343072180607
250000,float64,10,1,2,ok,gpu_reused_handle,246506.0,245606.0,266046.0,7468.069489818765
250000,float64,10,1,2,ok,kernel_interval,34975.0,33535.0,35231.0,607.9188150684972
250000,float64,10,1,2,ok,context_init,188917373.0,188917373.0,188917373.0,0
250000,float64,10,1,2,ok,first_query,698999.0,698999.0,698999.0,0
250000,float64,10,1,4,ok,cpu,593301.0,543201.0,716799.0,57785.54300869313
250000,float64,10,1,4,ok,gpu_fresh_handle,353755.0,351915.0,452903.0,37175.14202105641
250000,float64,10,1,4,ok,gpu_reused_handle,313585.0,310085.0,333515.0,7906.120422992376
250000,float64,10,1,4,ok,kernel_interval,71806.0,70045.0,74175.0,1379.0793858153897
250000,float64,10,1,4,ok,context_init,191394315.0,191394315.0,191394315.0,0
250000,float64,10,1,4,ok,first_query,783688.0,783688.0,783688.0,0
250000,float64,10,50,1,ok,cpu,1091273.0,841727.0,1242230.0,121199.38399792381
250000,float64,10,50,1,ok,gpu_fresh_handle,254276.0,238357.0,287336.0,14993.838532956828
250000,float64,10,50,1,ok,gpu_reused_handle,216946.0,213757.0,244456.0,14658.8741577049
250000,float64,10,50,1,ok,kernel_interval,17632.0,16095.000000000002,18848.0,1063.3633523154808
250000,float64,10,50,1,ok,context_init,187614505.0,187614505.0,187614505.0,0
250000,float64,10,50,1,ok,first_query,671560.0,671560.0,671560.0,0
250000,float64,10,50,2,ok,cpu,1053643.0,808797.0,1320899.0,158119.68512566073
250000,float64,10,50,2,ok,gpu_fresh_handle,295645.0,279766.0,354995.0,25509.34001964957
250000,float64,10,50,2,ok,gpu_reused_handle,247746.0,246076.0,282815.0,14611.10070981584
250000,float64,10,50,2,ok,kernel_interval,36127.0,33247.0,37950.0,1473.3317927162814
250000,float64,10,50,2,ok,context_init,188056959.0,188056959.0,188056959.0,0
250000,float64,10,50,2,ok,first_query,717868.0,717868.0,717868.0,0
250000,float64,10,50,4,ok,cpu,1278940.0,1063753.0,1369309.0,101652.06783880376
250000,float64,10,50,4,ok,gpu_fresh_handle,372744.0,350474.0,417833.0,23097.48023053597
250000,float64,10,50,4,ok,gpu_reused_handle,318495.0,309675.0,336664.0,9863.36281155575
250000,float64,10,50,4,ok,kernel_interval,73501.0,71454.0,74877.0,1463.4195115094874
250000,float64,10,50,4,ok,context_init,191727182.0,191727182.0,191727182.0,0
250000,float64,10,50,4,ok,first_query,791168.0,791168.0,791168.0,0
250000,float64,10,99,1,ok,cpu,1698713.0,1597385.0,1948270.0,119278.28608442568
250000,float64,10,99,1,ok,gpu_fresh_handle,262956.0,251586.0,281625.0,9586.08553854914
250000,float64,10,99,1,ok,gpu_reused_handle,215887.0,212767.0,244286.0,13286.755732862779
250000,float64,10,99,1,ok,kernel_interval,18208.0,16896.0,20255.0,1162.434329942372
250000,float64,10,99,1,ok,context_init,193704202.0,193704202.0,193704202.0,0
250000,float64,10,99,1,ok,first_query,652740.0,652740.0,652740.0,0
250000,float64,10,99,2,ok,cpu,1714253.0,1614365.0,1897880.0,107819.02091224994
250000,float64,10,99,2,ok,gpu_fresh_handle,297776.0,277256.0,336534.0,23196.550831453165
250000,float64,10,99,2,ok,gpu_reused_handle,248206.0,240016.0,267046.0,10471.804547268368
250000,float64,10,99,2,ok,kernel_interval,36767.0,35423.0,38784.0,1162.8766670877626
250000,float64,10,99,2,ok,context_init,190481173.0,190481173.0,190481173.0,0
250000,float64,10,99,2,ok,first_query,753759.0,753759.0,753759.0,0
250000,float64,10,99,4,ok,cpu,1906970.0,1817111.0,1994548.0,53762.4663952907
250000,float64,10,99,4,ok,gpu_fresh_handle,362785.0,341624.0,396323.0,18089.659407412582
250000,float64,10,99,4,ok,gpu_reused_handle,310285.0,309615.0,340485.0,13370.552219959603
250000,float64,10,99,4,ok,kernel_interval,77183.0,73983.0,79550.0,1876.0212203084534
250000,float64,10,99,4,ok,context_init,191415528.0,191415528.0,191415528.0,0
250000,float64,10,99,4,ok,first_query,822997.0,822997.0,822997.0,0
250000,float64,50,1,1,ok,cpu,562921.0,493183.0,629010.0,57605.78249248445
250000,float64,50,1,1,ok,gpu_fresh_handle,262336.0,254636.0,269875.0,6184.692096889977
250000,float64,50,1,1,ok,gpu_reused_handle,218417.0,215996.0,237166.0,8452.09195012296
250000,float64,50,1,1,ok,kernel_interval,16192.000000000002,14944.0,16192.000000000002,478.17445511425035
250000,float64,50,1,1,ok,context_init,186739223.0,186739223.0,186739223.0,0
250000,float64,50,1,1,ok,first_query,693899.0,693899.0,693899.0,0
250000,float64,50,1,2,ok,cpu,528071.0,487942.0,651030.0,63127.45061230909
250000,float64,50,1,2,ok,gpu_fresh_handle,286006.0,283966.0,475602.0,70451.93337169338
250000,float64,50,1,2,ok,gpu_reused_handle,251136.0,246316.0,275596.0,10682.301947836988
250000,float64,50,1,2,ok,kernel_interval,34687.0,34142.0,35808.0,575.6776958714047
250000,float64,50,1,2,ok,context_init,191131664.0,191131664.0,191131664.0,0
250000,float64,50,1,2,ok,first_query,706039.0,706039.0,706039.0,0
250000,float64,50,1,4,ok,cpu,642320.0,559482.0,690079.0,46819.81158248127
250000,float64,50,1,4,ok,gpu_fresh_handle,352754.0,343224.0,380615.0,12055.093776175321
250000,float64,50,1,4,ok,gpu_reused_handle,313345.0,310775.0,336255.0,10941.228928972763
250000,float64,50,1,4,ok,kernel_interval,71328.0,70015.0,79551.0,3214.5418395309835
250000,float64,50,1,4,ok,context_init,189874854.0,189874854.0,189874854.0,0
250000,float64,50,1,4,ok,first_query,788757.0,788757.0,788757.0,0
250000,float64,50,50,1,ok,cpu,958925.0,703549.0,1225641.0,165254.72103133047
250000,float64,50,50,1,ok,gpu_fresh_handle,257936.0,250966.0,294945.0,16670.759377967617
250000,float64,50,50,1,ok,gpu_reused_handle,230586.0,217067.0,236267.0,8314.508993892772
250000,float64,50,50,1,ok,kernel_interval,16960.0,16063.0,18912.0,889.5500467732469
250000,float64,50,50,1,ok,context_init,188740513.0,188740513.0,188740513.0,0
250000,float64,50,50,1,ok,first_query,673879.0,673879.0,673879.0,0
250000,float64,50,50,2,ok,cpu,829817.0,715399.0,1143772.0,140080.56667860821
250000,float64,50,50,2,ok,gpu_fresh_handle,288145.0,273176.0,319395.0,14271.623169939778
250000,float64,50,50,2,ok,gpu_reused_handle,255286.0,244796.0,273846.0,10906.713229758563
250000,float64,50,50,2,ok,kernel_interval,36255.0,35296.0,37919.0,846.7793325862636
250000,float64,50,50,2,ok,context_init,186720204.0,186720204.0,186720204.0,0
250000,float64,50,50,2,ok,first_query,699479.0,699479.0,699479.0,0
250000,float64,50,50,4,ok,cpu,918866.0,792337.0,1349519.0,193656.0189045318
250000,float64,50,50,4,ok,gpu_fresh_handle,365015.0,352725.0,452662.0,34768.69234431076
250000,float64,50,50,4,ok,gpu_reused_handle,318245.0,309695.0,332615.0,9691.49627250612
250000,float64,50,50,4,ok,kernel_interval,73535.0,70303.0,76126.0,1888.7697684194434
250000,float64,50,50,4,ok,context_init,188702285.0,188702285.0,188702285.0,0
250000,float64,50,50,4,ok,first_query,772768.0,772768.0,772768.0,0
250000,float64,50,99,1,ok,cpu,1264640.0,1150932.0,1372078.0,79832.83461858344
250000,float64,50,99,1,ok,gpu_fresh_handle,261126.0,241406.0,278506.0,11172.113866144367
250000,float64,50,99,1,ok,gpu_reused_handle,230156.0,215157.0,357174.0,51026.09611710836
250000,float64,50,99,1,ok,kernel_interval,18208.0,17247.0,18719.0,449.8858056165343
250000,float64,50,99,1,ok,context_init,188461609.0,188461609.0,188461609.0,0
250000,float64,50,99,1,ok,first_query,676019.0,676019.0,676019.0,0
250000,float64,50,99,2,ok,cpu,1299820.0,779998.0,1386729.0,203269.05726963392
250000,float64,50,99,2,ok,gpu_fresh_handle,299375.0,279215.0,506412.0,80305.90985101905
250000,float64,50,99,2,ok,gpu_reused_handle,250746.0,249826.0,400704.0,55773.07324028923
250000,float64,50,99,2,ok,kernel_interval,37312.0,35167.0,38942.0,1382.621044386694
250000,float64,50,99,2,ok,context_init,189955918.0,189955918.0,189955918.0,0
250000,float64,50,99,2,ok,first_query,695879.0,695879.0,695879.0,0
250000,float64,50,99,4,ok,cpu,1425478.0,1349739.0,1570056.0,91561.93006453532
250000,float64,50,99,4,ok,gpu_fresh_handle,365325.0,343545.0,386494.0,12767.908217014063
250000,float64,50,99,4,ok,gpu_reused_handle,311775.0,308246.0,338014.0,12133.028156156864
250000,float64,50,99,4,ok,kernel_interval,76989.0,74556.0,79551.0,1615.6316470803667
250000,float64,50,99,4,ok,context_init,190048646.0,190048646.0,190048646.0,0
250000,float64,50,99,4,ok,first_query,851827.0,851827.0,851827.0,0
500000,float32,0,1,1,ok,cpu,543431.0,526302.0,586241.0,21087.33127349441
500000,float32,0,1,1,ok,gpu_fresh_handle,253906.0,239056.0,268286.0,9471.014761842978
500000,float32,0,1,1,ok,gpu_reused_handle,213206.0,207257.0,228276.0,8008.944571094068
500000,float32,0,1,1,ok,kernel_interval,16575.0,15039.0,22848.0,3367.6000568442123
500000,float32,0,1,1,ok,context_init,187738212.0,187738212.0,187738212.0,0
500000,float32,0,1,1,ok,first_query,700369.0,700369.0,700369.0,0
500000,float32,0,1,2,ok,cpu,560231.0,542001.0,599561.0,18632.420174830444
500000,float32,0,1,2,ok,gpu_fresh_handle,292965.0,280006.0,489783.0,76191.59952695698
500000,float32,0,1,2,ok,gpu_reused_handle,248906.0,235256.0,262915.0,9883.048057394131
500000,float32,0,1,2,ok,kernel_interval,38430.0,33150.0,234782.0,75142.60997121216
500000,float32,0,1,2,ok,context_init,190872434.0,190872434.0,190872434.0,0
500000,float32,0,1,2,ok,first_query,703419.0,703419.0,703419.0,0
500000,float32,0,1,4,ok,cpu,645340.0,618281.0,739519.0,41294.876945025055
500000,float32,0,1,4,ok,gpu_fresh_handle,367225.0,349734.0,389704.0,13405.163814917067
500000,float32,0,1,4,ok,gpu_reused_handle,313975.0,308335.0,331545.0,7426.413926621907
500000,float32,0,1,4,ok,kernel_interval,65054.0,63390.0,67038.0,1281.0651632063657
500000,float32,0,1,4,ok,context_init,190402272.0,190402272.0,190402272.0,0
500000,float32,0,1,4,ok,first_query,827327.0,827327.0,827327.0,0
500000,float32,0,50,1,ok,cpu,1231371.0,857067.0,1467567.0,197181.42035566177
500000,float32,0,50,1,ok,gpu_fresh_handle,256586.0,243136.0,281006.0,14535.576716325722
500000,float32,0,50,1,ok,gpu_reused_handle,208927.0,207177.0,226806.0,8354.167098206854
500000,float32,0,50,1,ok,kernel_interval,19455.0,17184.0,23008.0,2446.3462162015844
500000,float32,0,50,1,ok,context_init,192217755.0,192217755.0,192217755.0,0
500000,float32,0,50,1,ok,first_query,649310.0,649310.0,649310.0,0
500000,float32,0,50,2,ok,cpu,1251030.0,909835.0,1384058.0,151471.5565221342
500000,float32,0,50,2,ok,gpu_fresh_handle,285166.0,272205.0,329505.0,18896.241381114218
500000,float32,0,50,2,ok,gpu_reused_handle,242797.0,239236.0,268466.0,11863.316397718681
500000,float32,0,50,2,ok,kernel_interval,35711.0,33023.0,43039.0,3654.100195409978
500000,float32,0,50,2,ok,context_init,190635530.0,190635530.0,190635530.0,0
500000,float32,0,50,2,ok,first_query,686689.0,686689.0,686689.0,0
500000,float32,0,50,4,ok,cpu,1648534.0,1516846.0,1756582.0,85286.60875681536
500000,float32,0,50,4,ok,gpu_fresh_handle,356324.0,339915.0,408133.0,26782.099992345633
500000,float32,0,50,4,ok,gpu_reused_handle,308675.0,297836.0,328225.0,11116.057932215941
500000,float32,0,50,4,ok,kernel_interval,72028.0,68254.0,281885.0,79940.04100306322
500000,float32,0,50,4,ok,context_init,189572107.0,189572107.0,189572107.0,0
500000,float32,0,50,4,ok,first_query,761328.0,761328.0,761328.0,0
500000,float32,0,99,1,ok,cpu,1807722.0,1641504.0,2271015.0,218141.093543016
500000,float32,0,99,1,ok,gpu_fresh_handle,250916.0,244026.0,329385.0,30202.230662651393
500000,float32,0,99,1,ok,gpu_reused_handle,217786.0,208717.0,262046.0,19840.245973417626
500000,float32,0,99,1,ok,kernel_interval,19392.0,17279.0,25087.0,2594.092675585013
500000,float32,0,99,1,ok,context_init,187221344.0,187221344.0,187221344.0,0
500000,float32,0,99,1,ok,first_query,648799.0,648799.0,648799.0,0
500000,float32,0,99,2,ok,cpu,1981449.0,1630764.0,2132487.0,188119.11749803126
500000,float32,0,99,2,ok,gpu_fresh_handle,280925.0,277095.0,316135.0,14421.27722862167
500000,float32,0,99,2,ok,gpu_reused_handle,258476.0,239806.0,475013.0,84263.23628311911
500000,float32,0,99,2,ok,kernel_interval,39423.0,36032.0,129503.0,34366.55262509368
500000,float32,0,99,2,ok,context_init,192007752.0,192007752.0,192007752.0,0
500000,float32,0,99,2,ok,first_query,753728.0,753728.0,753728.0,0
500000,float32,0,99,4,ok,cpu,3059113.0,2616569.0,3271309.0,238548.06533964118
500000,float32,0,99,4,ok,gpu_fresh_handle,498902.0,408874.0,514512.0,44224.26499052733
500000,float32,0,99,4,ok,gpu_reused_handle,364645.0,323055.0,397824.0,24175.643593146742
500000,float32,0,99,4,ok,kernel_interval,87328.0,76510.0,236575.0,57174.4822946974
500000,float32,0,99,4,ok,context_init,201145329.0,201145329.0,201145329.0,0
500000,float32,0,99,4,ok,first_query,1009574.0,1009574.0,1009574.0,0
500000,float32,10,1,1,ok,cpu,561652.0,547552.0,765508.0,78805.69127380876
500000,float32,10,1,1,ok,gpu_fresh_handle,255316.0,235726.0,272995.0,11085.48397250936
500000,float32,10,1,1,ok,gpu_reused_handle,228216.0,207277.0,249047.0,13878.801483523266
500000,float32,10,1,1,ok,kernel_interval,14431.0,13535.0,14464.0,336.0503080251669
500000,float32,10,1,1,ok,context_init,188747703.0,188747703.0,188747703.0,0
500000,float32,10,1,1,ok,first_query,716359.0,716359.0,716359.0,0
500000,float32,10,1,2,ok,cpu,578521.0,562751.0,645020.0,28158.450896751438
500000,float32,10,1,2,ok,gpu_fresh_handle,294455.0,280956.0,317535.0,13631.058993552713
500000,float32,10,1,2,ok,gpu_reused_handle,251846.0,239887.0,302185.0,21357.02168463794
500000,float32,10,1,2,ok,kernel_interval,31264.0,28510.0,31903.0,1377.2859093850027
500000,float32,10,1,2,ok,context_init,186849073.0,186849073.0,186849073.0,0
500000,float32,10,1,2,ok,first_query,694100.0,694100.0,694100.0,0
500000,float32,10,1,4,ok,cpu,797968.0,736499.0,1002105.0,95945.53444260024
500000,float32,10,1,4,ok,gpu_fresh_handle,412604.0,389104.0,421933.0,13626.962254505377
500000,float32,10,1,4,ok,gpu_reused_handle,353504.0,321345.0,402844.0,25831.1252782928
500000,float32,10,1,4,ok,kernel_interval,65406.00000000001,61981.0,192896.0,48392.253872957415
500000,float32,10,1,4,ok,context_init,192813250.0,192813250.0,192813250.0,0
500000,float32,10,1,4,ok,first_query,1055703.0,1055703.0,1055703.0,0
500000,float32,10,50,1,ok,cpu,1485937.0,1259710.0,1953359.0,241969.68154325214
500000,float32,10,50,1,ok,gpu_fresh_handle,264466.0,236387.0,323735.0,33451.192050793165
500000,float32,10,50,1,ok,gpu_reused_handle,218936.0,211786.0,241696.0,10923.277144311069
500000,float32,10,50,1,ok,kernel_interval,15328.0,14208.0,16319.0,834.196819301856
500000,float32,10,50,1,ok,context_init,188009496.0,188009496.0,188009496.0,0
500000,float32,10,50,1,ok,first_query,689689.0,689689.0,689689.0,0
500000,float32,10,50,2,ok,cpu,1375008.0,1245130.0,1538116.0,106781.47756516577
500000,float32,10,50,2,ok,gpu_fresh_handle,311435.0,277716.0,369554.0,30184.64811787608
500000,float32,10,50,2,ok,gpu_reused_handle,265976.0,255126.0,287665.0,12363.221390190225
500000,float32,10,50,2,ok,kernel_interval,32799.0,31327.0,35167.0,1401.0456469230069
500000,float32,10,50,2,ok,context_init,188590117.0,188590117.0,188590117.0,0
500000,float32,10,50,2,ok,first_query,706699.0,706699.0,706699.0,0
500000,float32,10,50,4,ok,cpu,1989499.0,1921530.0,2226475.0,111895.74790167941
500000,float32,10,50,4,ok,gpu_fresh_handle,372474.0,359414.0,402514.0,15334.799981616665
500000,float32,10,50,4,ok,gpu_reused_handle,335995.0,316475.0,353624.0,15216.64091115538
500000,float32,10,50,4,ok,kernel_interval,67710.0,66364.0,69791.0,1395.7535428509407
500000,float32,10,50,4,ok,context_init,190978192.0,190978192.0,190978192.0,0
500000,float32,10,50,4,ok,first_query,889936.0,889936.0,889936.0,0
500000,float32,10,99,1,ok,cpu,2216366.0,1812561.0,3284409.0,497996.5891218055
500000,float32,10,99,1,ok,gpu_fresh_handle,271596.0,257116.0,338115.0,27734.676366290216
500000,float32,10,99,1,ok,gpu_reused_handle,239896.0,220387.0,270725.0,17391.748627821566
500000,float32,10,99,1,ok,kernel_interval,16480.0,15231.0,16640.0,490.8910266036649
500000,float32,10,99,1,ok,context_init,190051726.0,190051726.0,190051726.0,0
500000,float32,10,99,1,ok,first_query,711159.0,711159.0,711159.0,0
500000,float32,10,99,2,ok,cpu,2276534.0,1820912.0,2703678.0,352622.2374482358
500000,float32,10,99,2,ok,gpu_fresh_handle,313975.0,286316.0,380184.0,31696.624964542472
500000,float32,10,99,2,ok,gpu_reused_handle,271936.0,240277.0,369164.0,41655.035279577634
500000,float32,10,99,2,ok,kernel_interval,36447.0,34878.0,38046.0,1162.6756088559575
500000,float32,10,99,2,ok,context_init,188611840.0,188611840.0,188611840.0,0
500000,float32,10,99,2,ok,first_query,682180.0,682180.0,682180.0,0
500000,float32,10,99,4,ok,cpu,2809517.0,2562120.0,3216150.0,279657.1865759423
500000,float32,10,99,4,ok,gpu_fresh_handle,392754.0,339294.0,458162.0,34915.729974025286
500000,float32,10,99,4,ok,gpu_reused_handle,338095.0,314445.0,463363.0,50302.27947736611
500000,float32,10,99,4,ok,kernel_interval,74558.0,70784.0,76511.0,1892.909174487023
500000,float32,10,99,4,ok,context_init,194356471.0,194356471.0,194356471.0,0
500000,float32,10,99,4,ok,first_query,759548.0,759548.0,759548.0,0
500000,float32,50,1,1,ok,cpu,558361.0,536432.0,657940.0,40758.48883945761
500000,float32,50,1,1,ok,gpu_fresh_handle,269846.0,259906.0,374454.0,40996.55891018404
500000,float32,50,1,1,ok,gpu_reused_handle,222107.0,205576.0,345144.0,47417.75535498029
500000,float32,50,1,1,ok,kernel_interval,14143.0,13376.0,14431.0,404.9901233363599
500000,float32,50,1,1,ok,context_init,185743707.0,185743707.0,185743707.0,0
500000,float32,50,1,1,ok,first_query,635450.0,635450.0,635450.0,0
500000,float32,50,1,2,ok,cpu,589691.0,572551.0,908346.0,120755.92473348086
500000,float32,50,1,2,ok,gpu_fresh_handle,295795.0,292405.0,463313.0,62518.21763218112
500000,float32,50,1,2,ok,gpu_reused_handle,258926.0,244356.0,268735.0,8585.287955899574
500000,float32,50,1,2,ok,kernel_interval,30688.0,28863.0,32543.000000000004,1416.1179161287928
500000,float32,50,1,2,ok,context_init,187019236.0,187019236.0,187019236.0,0
500000,float32,50,1,2,ok,first_query,678839.0,678839.0,678839.0,0
500000,float32,50,1,4,ok,cpu,640820.0,616001.0,785418.0,70215.23515218182
500000,float32,50,1,4,ok,gpu_fresh_handle,361224.0,349214.0,390634.0,14625.502514769323
500000,float32,50,1,4,ok,gpu_reused_handle,312605.0,306266.0,333075.0,8545.856592803433
500000,float32,50,1,4,ok,kernel_interval,63708.0,58239.0,65150.0,2259.2694141501333
500000,float32,50,1,4,ok,context_init,188791659.0,188791659.0,188791659.0,0
500000,float32,50,1,4,ok,first_query,787868.0,787868.0,787868.0,0
500000,float32,50,50,1,ok,cpu,1012845.0,883296.0,1092203.0,84310.56186843631
500000,float32,50,50,1,ok,gpu_fresh_handle,262686.0,255606.0,294146.0,15253.511075908298
500000,float32,50,50,1,ok,gpu_reused_handle,220627.0,209876.0,256776.0,16833.649147438224
500000,float32,50,50,1,ok,kernel_interval,16351.000000000002,14336.0,16511.0,1074.7726448394747
500000,float32,50,50,1,ok,context_init,188236479.0,188236479.0,188236479.0,0
500000,float32,50,50,1,ok,first_query,718349.0,718349.0,718349.0,0
500000,float32,50,50,2,ok,cpu,1008444.0,894356.0,1107592.0,77796.07187047551
500000,float32,50,50,2,ok,gpu_fresh_handle,290826.0,279496.0,325065.0,15010.240624954939
500000,float32,50,50,2,ok,gpu_reused_handle,251266.0,248476.0,278736.0,12106.901363232775
500000,float32,50,50,2,ok,kernel_interval,33375.0,30782.0,35391.0,1580.2139999741446
500000,float32,50,50,2,ok,context_init,188819270.0,188819270.0,188819270.0,0
500000,float32,50,50,2,ok,first_query,725789.0,725789.0,725789.0,0
500000,float32,50,50,4,ok,cpu,1247891.0,1156932.0,1338679.0,70725.45369815257
500000,float32,50,50,4,ok,gpu_fresh_handle,356864.0,353924.0,517212.0,59987.77170350955
500000,float32,50,50,4,ok,gpu_reused_handle,314255.0,303206.0,434133.0,45943.72319479561
500000,float32,50,50,4,ok,kernel_interval,67006.0,64861.0,69438.0,1451.193761471339
500000,float32,50,50,4,ok,context_init,189104747.0,189104747.0,189104747.0,0
500000,float32,50,50,4,ok,first_query,763738.0,763738.0,763738.0,0
500000,float32,50,99,1,ok,cpu,7079080.0,5545864.0,12124532.0,2596488.7863729503
500000,float32,50,99,1,ok,gpu_fresh_handle,586041.0,315375.0,614940.0,136280.2715726116
500000,float32,50,99,1,ok,gpu_reused_handle,289765.0,281265.0,308615.0,8670.830226081227
500000,float32,50,99,1,ok,kernel_interval,15584.0,15039.0,25696.0,3897.4809263713623
500000,float32,50,99,1,ok,context_init,214602370.0,214602370.0,214602370.0,0
500000,float32,50,99,1,ok,first_query,1257570.0,1257570.0,1257570.0,0
500000,float32,50,99,2,ok,cpu,1545906.0,1403398.0,1706584.0,120102.30812757692
500000,float32,50,99,2,ok,gpu_fresh_handle,300666.0,280485.0,335755.0,17049.096656700724
500000,float32,50,99,2,ok,gpu_reused_handle,265886.0,245456.0,361464.0,39644.4997860449
500000,float32,50,99,2,ok,kernel_interval,35807.0,34943.0,36542.0,617.3815290247614
500000,float32,50,99,2,ok,context_init,190197301.0,190197301.0,190197301.0,0
500000,float32,50,99,2,ok,first_query,689919.0,689919.0,689919.0,0
500000,float32,50,99,4,ok,cpu,1948910.0,1780673.0,2378803.0,194322.49198126685
500000,float32,50,99,4,ok,gpu_fresh_handle,387384.0,347924.0,566101.0,75941.00638214727
500000,float32,50,99,4,ok,gpu_reused_handle,308335.0,301725.0,386094.0,31654.757472124908
500000,float32,50,99,4,ok,kernel_interval,73950.0,70621.0,176029.0,38981.49077385806
500000,float32,50,99,4,ok,context_init,188383020.0,188383020.0,188383020.0,0
500000,float32,50,99,4,ok,first_query,789858.0,789858.0,789858.0,0
500000,float64,0,1,1,ok,cpu,544412.0,534942.0,627760.0,37199.23313469679
500000,float64,0,1,1,ok,gpu_fresh_handle,386274.0,373595.0,601180.0,81547.88881796185
500000,float64,0,1,1,ok,gpu_reused_handle,337475.0,328645.0,467273.0,49664.18196868894
500000,float64,0,1,1,ok,kernel_interval,22719.0,21695.0,120191.0,36837.0186923814
500000,float64,0,1,1,ok,context_init,186416361.0,186416361.0,186416361.0,0
500000,float64,0,1,1,ok,first_query,846117.0,846117.0,846117.0,0
500000,float64,0,1,2,ok,cpu,5181709.0,3686732.0,11630120.0,2709898.4088737667
500000,float64,0,1,2,ok,gpu_fresh_handle,835837.0,483953.0,1061064.0,213600.164470799
500000,float64,0,1,2,ok,gpu_reused_handle,588311.0,488192.0,2478071.0,717156.6025116132
500000,float64,0,1,2,ok,kernel_interval,48384.0,44608.0,111391.0,24646.518820157562
500000,float64,0,1,2,ok,context_init,194416647.0,194416647.0,194416647.0,0
500000,float64,0,1,2,ok,first_query,1619395.0,1619395.0,1619395.0,0
500000,float64,0,1,4,ok,cpu,603630.0,586061.0,782218.0,70184.11480968502
500000,float64,0,1,4,ok,gpu_fresh_handle,469353.0,460293.0,505442.0,15175.421003024845
500000,float64,0,1,4,ok,gpu_reused_handle,432044.0,421384.0,454423.0,10836.387743770216
500000,float64,0,1,4,ok,kernel_interval,90942.0,89790.0,92892.0,991.1008549899979
500000,float64,0,1,4,ok,context_init,187056553.0,187056553.0,187056553.0,0
500000,float64,0,1,4,ok,first_query,941065.0,941065.0,941065.0,0
500000,float64,0,50,1,ok,cpu,6873563.0,1101403.0,8069105.0,2942554.1023749453
500000,float64,0,50,1,ok,gpu_fresh_handle,664290.0,441833.0,831547.0,175858.59129682792
500000,float64,0,50,1,ok,gpu_reused_handle,439103.0,374574.0,500112.0,54261.931913196575
500000,float64,0,50,1,ok,kernel_interval,25312.0,24000.0,86815.0,22928.6041587068
500000,float64,0,50,1,ok,context_init,219727675.0,219727675.0,219727675.0,0
500000,float64,0,50,1,ok,first_query,1524687.0,1524687.0,1524687.0,0
500000,float64,0,50,2,ok,cpu,769758.0,708520.0,877306.0,53239.276461489004
500000,float64,0,50,2,ok,gpu_fresh_handle,410033.0,394994.0,495932.0,34230.710531278644
500000,float64,0,50,2,ok,gpu_reused_handle,364854.0,359924.0,388634.0,10356.707403325405
500000,float64,0,50,2,ok,kernel_interval,48608.0,45822.0,51134.0,1823.0250239904108
500000,float64,0,50,2,ok,context_init,186587422.0,186587422.0,186587422.0,0
500000,float64,0,50,2,ok,first_query,900116.0,900116.0,900116.0,0
500000,float64,0,50,4,ok,cpu,860396.0,818757.0,985924.0,59374.51646078796
500000,float64,0,50,4,ok,gpu_fresh_handle,482272.0,469653.0,500473.0,9725.977549106017
500000,float64,0,50,4,ok,gpu_reused_handle,436283.0,427403.0,472063.0,15215.232488091224
500000,float64,0,50,4,ok,kernel_interval,96415.0,92031.0,101086.0,2852.470908828745
500000,float64,0,50,4,ok,context_init,189093473.0,189093473.0,189093473.0,0
500000,float64,0,50,4,ok,first_query,1021144.0,1021144.0,1021144.0,0
500000,float64,0,99,1,ok,cpu,915966.0,866056.0,1084863.0,79703.60461198012
500000,float64,0,99,1,ok,gpu_fresh_handle,377304.0,362435.0,469212.0,35762.45748786608
500000,float64,0,99,1,ok,gpu_reused_handle,340105.0,330055.0,366295.0,12034.304979238865
500000,float64,0,99,1,ok,kernel_interval,26879.0,25472.0,30400.0,2008.7189710763187
500000,float64,0,99,1,ok,context_init,189386229.0,189386229.0,189386229.0,0
500000,float64,0,99,1,ok,first_query,836767.0,836767.0,836767.0,0
500000,float64,0,99,2,ok,cpu,929396.0,884766.0,1189732.0,107653.54204377778
500000,float64,0,99,2,ok,gpu_fresh_handle,416193.0,395844.0,482462.0,28847.49396807451
500000,float64,0,99,2,ok,gpu_reused_handle,364184.0,359384.0,400534.0,14327.978432157865
500000,float64,0,99,2,ok,kernel_interval,51774.0,47870.0,106366.0,20879.39415970182
500000,float64,0,99,2,ok,context_init,188830608.0,188830608.0,188830608.0,0
500000,float64,0,99,2,ok,first_query,894647.0,894647.0,894647.0,0
500000,float64,0,99,4,ok,cpu,1140102.0,1107423.0,1288790.0,78089.23417445186
500000,float64,0,99,4,ok,gpu_fresh_handle,500293.0,473853.0,534181.0,18737.812652494955
500000,float64,0,99,4,ok,gpu_reused_handle,449003.0,439733.0,469423.0,11959.252246094415
500000,float64,0,99,4,ok,kernel_interval,101085.0,98364.0,104413.0,2126.089199848935
500000,float64,0,99,4,ok,context_init,187142135.0,187142135.0,187142135.0,0
500000,float64,0,99,4,ok,first_query,1025814.0,1025814.0,1025814.0,0
500000,float64,10,1,1,ok,cpu,588441.0,556071.0,744569.0,64324.15512705568
500000,float64,10,1,1,ok,gpu_fresh_handle,372444.0,345874.0,410914.0,24711.711292421656
500000,float64,10,1,1,ok,gpu_reused_handle,332565.0,324665.0,379074.0,19450.218919076462
500000,float64,10,1,1,ok,kernel_interval,20352.0,19168.0,21088.0,651.2032452826588
500000,float64,10,1,1,ok,context_init,189308302.0,189308302.0,189308302.0,0
500000,float64,10,1,1,ok,first_query,830827.0,830827.0,830827.0,0
500000,float64,10,1,2,ok,cpu,601821.0,540892.0,614930.0,27293.160079823243
500000,float64,10,1,2,ok,gpu_fresh_handle,413943.0,386774.0,452772.0,21615.403273283307
500000,float64,10,1,2,ok,gpu_reused_handle,365365.0,355145.0,396713.0,14258.63608484346
500000,float64,10,1,2,ok,kernel_interval,43038.0,42879.0,44447.0,583.0928211659256
500000,float64,10,1,2,ok,context_init,191280812.0,191280812.0,191280812.0,0
500000,float64,10,1,2,ok,first_query,878777.0,878777.0,878777.0,0
500000,float64,10,1,4,ok,cpu,651240.0,629800.0,761659.0,48105.22510724846
500000,float64,10,1,4,ok,gpu_fresh_handle,470413.0,452553.0,519632.0,22347.27910677697
500000,float64,10,1,4,ok,gpu_reused_handle,428673.0,425994.0,458403.0,11692.512058496892
500000,float64,10,1,4,ok,kernel_interval,88349.0,87742.0,89694.0,658.8409013816107
500000,float64,10,1,4,ok,context_init,188403888.0,188403888.0,188403888.0,0
500000,float64,10,1,4,ok,first_query,944225.0,944225.0,944225.0,0
500000,float64,10,50,1,ok,cpu,1183692.0,1152072.0,1226471.0,31342.86522138195
500000,float64,10,50,1,ok,gpu_fresh_handle,371834.0,359874.0,430794.0,26636.74458158808
500000,float64,10,50,1,ok,gpu_reused_handle,338005.0,329445.0,408273.0,28123.0546611884
500000,float64,10,50,1,ok,kernel_interval,22624.0,21568.0,24639.0,1149.378734878315
500000,float64,10,50,1,ok,context_init,188269110.0,188269110.0,188269110.0,0
500000,float64,10,50,1,ok,first_query,837267.0,837267.0,837267.0,0
500000,float64,10,50,2,ok,cpu,1195072.0,1099063.0,1313660.0,91701.56562795996
500000,float64,10,50,2,ok,gpu_fresh_handle,416094.0,387884.0,488232.0,32810.155137439644
500000,float64,10,50,2,ok,gpu_reused_handle,367394.0,365514.0,412043.0,16858.701516116947
500000,float64,10,50,2,ok,kernel_interval,46846.0,45215.0,47679.0,957.0250531626392
500000,float64,10,50,2,ok,context_init,187436525.0,187436525.0,187436525.0,0
500000,float64,10,50,2,ok,first_query,895166.0,895166.0,895166.0,0
500000,float64,10,50,4,ok,cpu,1347680.0,1267530.0,1409558.0,57688.39089989465
500000,float64,10,50,4,ok,gpu_fresh_handle,494142.0,475563.0,528252.0,17038.09765118831
500000,float64,10,50,4,ok,gpu_reused_handle,449413.0,442273.0,481902.0,13212.988366430533
500000,float64,10,50,4,ok,kernel_interval,94526.0,91134.0,97501.0,2023.9540038063635
500000,float64,10,50,4,ok,context_init,187282607.0,187282607.0,187282607.0,0
500000,float64,10,50,4,ok,first_query,985354.0,985354.0,985354.0,0
500000,float64,10,99,1,ok,cpu,1782062.0,1665444.0,1965310.0,94875.12009980479
500000,float64,10,99,1,ok,gpu_fresh_handle,381484.0,353075.0,438573.0,29540.264909989906
500000,float64,10,99,1,ok,gpu_reused_handle,341044.0,331815.0,387164.0,19637.015116016657
500000,float64,10,99,1,ok,kernel_interval,24703.0,24480.0,27008.0,1034.2715402869883
500000,float64,10,99,1,ok,context_init,186997082.0,186997082.0,186997082.0,0
500000,float64,10,99,1,ok,first_query,905696.0,905696.0,905696.0,0
500000,float64,10,99,2,ok,cpu,1845391.0,1770632.0,1866891.0,35607.60401869776
500000,float64,10,99,2,ok,gpu_fresh_handle,419194.0,390024.0,463223.0,24997.321652719595
500000,float64,10,99,2,ok,gpu_reused_handle,362434.0,357925.0,404294.0,16142.18509578758
500000,float64,10,99,2,ok,kernel_interval,49919.0,47935.0,51488.0,1097.4848301370514
500000,float64,10,99,2,ok,context_init,190580007.0,190580007.0,190580007.0,0
500000,float64,10,99,2,ok,first_query,941095.0,941095.0,941095.0,0
500000,float64,10,99,4,ok,cpu,1980829.0,1957630.0,2062108.0,36568.216352976466
500000,float64,10,99,4,ok,gpu_fresh_handle,506422.0,473833.0,594521.0,38684.481801338574
500000,float64,10,99,4,ok,gpu_reused_handle,450113.0,448563.0,463023.0,5041.731561959357
500000,float64,10,99,4,ok,kernel_interval,100638.0,97757.0,110431.0,4232.41817629681
500000,float64,10,99,4,ok,context_init,188237584.0,188237584.0,188237584.0,0
500000,float64,10,99,4,ok,first_query,945435.0,945435.0,945435.0,0
500000,float64,50,1,1,ok,cpu,590241.0,564661.0,649810.0,27949.146894723945
500000,float64,50,1,1,ok,gpu_fresh_handle,363855.0,343735.0,392424.0,16351.255093810296
500000,float64,50,1,1,ok,gpu_reused_handle,338385.0,324096.0,381114.0,20335.347105588386
500000,float64,50,1,1,ok,kernel_interval,20511.0,19551.0,24320.0,1548.3467988547686
500000,float64,50,1,1,ok,context_init,189238220.0,189238220.0,189238220.0,0
500000,float64,50,1,1,ok,first_query,1063113.0,1063113.0,1063113.0,0
500000,float64,50,1,2,ok,cpu,597231.0,565521.0,914036.0,123553.06575950039
500000,float64,50,1,2,ok,gpu_fresh_handle,409234.0,385614.0,489832.0,34625.027276592315
500000,float64,50,1,2,ok,gpu_reused_handle,377295.0,364544.0,468883.0,36912.35657092415
500000,float64,50,1,2,ok,kernel_interval,43487.0,41982.0,44255.0,754.3147947135927
500000,float64,50,1,2,ok,context_init,187994289.0,187994289.0,187994289.0,0
500000,float64,50,1,2,ok,first_query,873936.0,873936.0,873936.0,0
500000,float64,50,1,4,ok,cpu,660940.0,604390.0,829037.0,74363.36315174359
500000,float64,50,1,4,ok,gpu_fresh_handle,487273.0,460153.0,506952.0,17412.185162777736
500000,float64,50,1,4,ok,gpu_reused_handle,431404.0,427233.0,450523.0,8628.681334446683
500000,float64,50,1,4,ok,kernel_interval,88767.0,87358.0,89183.0,640.0444925010701
500000,float64,50,1,4,ok,context_init,187747884.0,187747884.0,187747884.0,0
500000,float64,50,1,4,ok,first_query,948255.0,948255.0,948255.0,0
500000,float64,50,50,1,ok,cpu,909656.0,860207.0,1003634.0,45844.15198255934
500000,float64,50,50,1,ok,gpu_fresh_handle,372775.0,353235.0,410644.0,19225.451528538684
500000,float64,50,50,1,ok,gpu_reused_handle,334755.0,331675.0,359034.0,9627.860233025127
500000,float64,50,50,1,ok,kernel_interval,22560.0,22304.0,24607.0,984.4738744749957
500000,float64,50,50,1,ok,context_init,186773669.0,186773669.0,186773669.0,0
500000,float64,50,50,1,ok,first_query,849277.0,849277.0,849277.0,0
500000,float64,50,50,2,ok,cpu,929195.0,897586.0,1060724.0,55837.54166883646
500000,float64,50,50,2,ok,gpu_fresh_handle,420433.0,386894.0,475453.0,32051.155677849034
500000,float64,50,50,2,ok,gpu_reused_handle,369694.0,364624.0,394273.0,10146.945031692567
500000,float64,50,50,2,ok,kernel_interval,45759.0,45503.0,49759.0,1589.6835564110895
500000,float64,50,50,2,ok,context_init,186209919.0,186209919.0,186209919.0,0
500000,float64,50,50,2,ok,first_query,879236.0,879236.0,879236.0,0
500000,float64,50,50,4,ok,cpu,1028164.0,1002914.0,1065003.0,26444.198106128886
500000,float64,50,50,4,ok,gpu_fresh_handle,505252.0,463583.0,557571.0,30520.422985897414
500000,float64,50,50,4,ok,gpu_reused_handle,454293.0,440453.0,467273.0,9304.4052546553
500000,float64,50,50,4,ok,kernel_interval,93535.0,91359.0,94816.0,1383.9068747915223
500000,float64,50,50,4,ok,context_init,184913589.0,184913589.0,184913589.0,0
500000,float64,50,50,4,ok,first_query,944286.0,944286.0,944286.0,0
500000,float64,50,99,1,ok,cpu,1359709.0,1284030.0,1504846.0,67530.39170061206
500000,float64,50,99,1,ok,gpu_fresh_handle,380644.0,349764.0,573431.0,83285.85538659125
500000,float64,50,99,1,ok,gpu_reused_handle,329595.0,325725.0,431574.0,38420.04346877886
500000,float64,50,99,1,ok,kernel_interval,24671.0,24607.0,26688.0,910.5285487535457
500000,float64,50,99,1,ok,context_init,187533669.0,187533669.0,187533669.0,0
500000,float64,50,99,1,ok,first_query,863947.0,863947.0,863947.0,0
500000,float64,50,99,2,ok,cpu,1403859.0,1338009.0,1550607.0,71874.20436131052
500000,float64,50,99,2,ok,gpu_fresh_handle,450093.0,394154.0,469372.0,27926.612465702383
500000,float64,50,99,2,ok,gpu_reused_handle,381944.0,364935.0,407134.0,16251.797638298061
500000,float64,50,99,2,ok,kernel_interval,49150.0,47647.0,51262.0,1326.0735273731996
500000,float64,50,99,2,ok,context_init,188668713.0,188668713.0,188668713.0,0
500000,float64,50,99,2,ok,first_query,896256.0,896256.0,896256.0,0
500000,float64,50,99,4,ok,cpu,1470707.0,1431378.0,1618726.0,63611.509714381544
500000,float64,50,99,4,ok,gpu_fresh_handle,510542.0,483673.0,685020.0,68961.07722441973
500000,float64,50,99,4,ok,gpu_reused_handle,456412.0,449633.0,478503.0,9472.007897961637
500000,float64,50,99,4,ok,kernel_interval,100157.0,96573.0,104767.0,3031.572678456168
500000,float64,50,99,4,ok,context_init,187208166.0,187208166.0,187208166.0,0
500000,float64,50,99,4,ok,first_query,971385.0,971385.0,971385.0,0
1000000,float32,0,1,1,ok,cpu,638120.0,597731.0,677560.0,24952.317704163754
1000000,float32,0,1,1,ok,gpu_fresh_handle,366284.0,346245.0,394414.0,15984.686190821752
1000000,float32,0,1,1,ok,gpu_reused_handle,313805.0,309945.0,348385.0,15046.702162014803
1000000,float32,0,1,1,ok,kernel_interval,16575.0,15072.0,17503.0,966.4412134463322
1000000,float32,0,1,1,ok,context_init,188200271.0,188200271.0,188200271.0,0
1000000,float32,0,1,1,ok,first_query,892566.0,892566.0,892566.0,0
1000000,float32,0,1,2,ok,cpu,657240.0,632670.0,842357.0,72236.23539240308
1000000,float32,0,1,2,ok,gpu_fresh_handle,406694.0,385504.0,483112.0,33525.70936219091
1000000,float32,0,1,2,ok,gpu_reused_handle,363514.0,350484.0,379184.0,10765.379724795945
1000000,float32,0,1,2,ok,kernel_interval,33311.0,31776.0,37119.0,1949.149875739482
1000000,float32,0,1,2,ok,context_init,188349189.0,188349189.0,188349189.0,0
1000000,float32,0,1,2,ok,first_query,871117.0,871117.0,871117.0,0
1000000,float32,0,1,4,ok,cpu,760918.0,685950.0,912036.0,77415.3456809744
1000000,float32,0,1,4,ok,gpu_fresh_handle,460343.0,443074.0,498303.0,16969.25223960763
1000000,float32,0,1,4,ok,gpu_reused_handle,427293.0,405754.0,628020.0,79297.02786870088
1000000,float32,0,1,4,ok,kernel_interval,66909.0,63743.99999999999,69086.0,1807.1777259952448
1000000,float32,0,1,4,ok,context_init,186261372.0,186261372.0,186261372.0,0
1000000,float32,0,1,4,ok,first_query,1110852.0,1110852.0,1110852.0,0
1000000,float32,0,50,1,ok,cpu,1676894.0,1516107.0,2025328.0,167031.87465314174
1000000,float32,0,50,1,ok,gpu_fresh_handle,372765.0,342485.0,442564.0,31227.017999528183
1000000,float32,0,50,1,ok,gpu_reused_handle,323805.0,321705.0,353275.0,12687.190797545898
1000000,float32,0,50,1,ok,kernel_interval,21312.0,16960.0,45184.0,9780.846211808446
1000000,float32,0,50,1,ok,context_init,189664441.0,189664441.0,189664441.0,0
1000000,float32,0,50,1,ok,first_query,845276.0,845276.0,845276.0,0
1000000,float32,0,50,2,ok,cpu,1627105.0,1403548.0,1760213.0,133047.51272884937
1000000,float32,0,50,2,ok,gpu_fresh_handle,411813.0,387694.0,444573.0,18790.43882505396
1000000,float32,0,50,2,ok,gpu_reused_handle,360174.0,350925.0,382524.0,10077.916961640152
1000000,float32,0,50,2,ok,kernel_interval,39550.0,38431.0,43455.0,1992.7955238809625
1000000,float32,0,50,2,ok,context_init,191234637.0,191234637.0,191234637.0,0
1000000,float32,0,50,2,ok,first_query,938715.0,938715.0,938715.0,0
1000000,float32,0,50,4,ok,cpu,2381063.0,2137087.0,2776638.0,229827.9587725815
1000000,float32,0,50,4,ok,gpu_fresh_handle,478573.0,455043.0,543072.0,28697.16480603549
1000000,float32,0,50,4,ok,gpu_reused_handle,419984.0,412294.0,451993.0,13746.771146432204
1000000,float32,0,50,4,ok,kernel_interval,77629.0,75582.0,135198.0,21959.57538296221
1000000,float32,0,50,4,ok,context_init,185718492.0,185718492.0,185718492.0,0
1000000,float32,0,50,4,ok,first_query,947045.0,947045.0,947045.0,0
1000000,float32,0,99,1,ok,cpu,2570010.0,2368074.0,3039743.0,242844.0130246261
1000000,float32,0,99,1,ok,gpu_fresh_handle,369625.0,343644.0,429853.0,33807.617252413904
1000000,float32,0,99,1,ok,gpu_reused_handle,325015.0,317835.0,347854.0,9576.084802405268
1000000,float32,0,99,1,ok,kernel_interval,23488.0,21279.0,25183.0,1244.6420981073043
1000000,float32,0,99,1,ok,context_init,188323694.0,188323694.0,188323694.0,0
1000000,float32,0,99,1,ok,first_query,874796.0,874796.0,874796.0,0
1000000,float32,0,99,2,ok,cpu,2583210.0,2420833.0,2715888.0,113156.20990092792
1000000,float32,0,99,2,ok,gpu_fresh_handle,403074.0,385624.0,440293.0,20439.189848589074
1000000,float32,0,99,2,ok,gpu_reused_handle,365964.0,357644.0,508623.0,54741.155267312366
1000000,float32,0,99,2,ok,kernel_interval,44991.0,42240.0,47903.0,1967.1911447543678
1000000,float32,0,99,2,ok,context_init,193250848.0,193250848.0,193250848.0,0
1000000,float32,0,99,2,ok,first_query,1003745.0,1003745.0,1003745.0,0
1000000,float32,0,99,4,ok,cpu,4215555.0,3804112.0,4866054.0,392283.83746672387
1000000,float32,0,99,4,ok,gpu_fresh_handle,475542.0,462213.0,687029.0,82242.5621740494
1000000,float32,0,99,4,ok,gpu_reused_handle,429484.0,427523.0,458613.0,11069.647400501453
1000000,float32,0,99,4,ok,kernel_interval,90079.0,88510.0,302814.0,80469.07682546668
1000000,float32,0,99,4,ok,context_init,187360110.0,187360110.0,187360110.0,0
1000000,float32,0,99,4,ok,first_query,973455.0,973455.0,973455.0,0
1000000,float32,10,1,1,ok,cpu,681270.0,627130.0,718879.0,30718.133796706807
1000000,float32,10,1,1,ok,gpu_fresh_handle,369594.0,364764.0,460493.0,35601.19715416216
1000000,float32,10,1,1,ok,gpu_reused_handle,319545.0,316385.0,352465.0,12985.020490659886
1000000,float32,10,1,1,ok,kernel_interval,18592.0,16704.0,21215.0,1657.0400173344092
1000000,float32,10,1,1,ok,context_init,190252316.0,190252316.0,190252316.0,0
1000000,float32,10,1,1,ok,first_query,905716.0,905716.0,905716.0,0
1000000,float32,10,1,2,ok,cpu,691249.0,652390.0,778028.0,40458.757971779705
1000000,float32,10,1,2,ok,gpu_fresh_handle,409794.0,385374.0,443743.0,17964.57582497924
1000000,float32,10,1,2,ok,gpu_reused_handle,368324.0,353085.0,387564.0,12469.380736523404
1000000,float32,10,1,2,ok,kernel_interval,36416.0,35999.0,41119.0,2334.6849486651963
1000000,float32,10,1,2,ok,context_init,187510079.0,187510079.0,187510079.0,0
1000000,float32,10,1,2,ok,first_query,961945.0,961945.0,961945.0,0
1000000,float32,10,1,4,ok,cpu,756129.0,727799.0,805477.0,29166.18404770775
1000000,float32,10,1,4,ok,gpu_fresh_handle,477443.0,458442.0,516952.0,19428.442104786674
1000000,float32,10,1,4,ok,gpu_reused_handle,423574.0,419993.0,470113.0,20022.938349374628
1000000,float32,10,1,4,ok,kernel_interval,70111.0,66367.0,118236.0,18314.12452960049
1000000,float32,10,1,4,ok,context_init,190071100.0,190071100.0,190071100.0,0
1000000,float32,10,1,4,ok,first_query,996584.0,996584.0,996584.0,0
1000000,float32,10,50,1,ok,cpu,1981880.0,1762113.0,2345704.0,197901.6657845146
1000000,float32,10,50,1,ok,gpu_fresh_handle,370514.0,348444.0,412434.0,21502.277280281156
1000000,float32,10,50,1,ok,gpu_reused_handle,331235.0,323395.0,496262.0,62687.12483285163
1000000,float32,10,50,1,ok,kernel_interval,21088.0,17696.0,63519.00000000001,16352.452383431088
1000000,float32,10,50,1,ok,context_init,195810892.0,195810892.0,195810892.0,0
1000000,float32,10,50,1,ok,first_query,847247.0,847247.0,847247.0,0
1000000,float32,10,50,2,ok,cpu,1880891.0,1758483.0,2072048.0,97618.54810507508
1000000,float32,10,50,2,ok,gpu_fresh_handle,420754.0,400144.0,468683.0,22661.80919415705
1000000,float32,10,50,2,ok,gpu_reused_handle,364235.0,362434.0,395054.0,11790.52861410378
1000000,float32,10,50,2,ok,kernel_interval,41823.0,40319.0,44479.0,1579.3077295960736
1000000,float32,10,50,2,ok,context_init,186211130.0,186211130.0,186211130.0,0
1000000,float32,10,50,2,ok,first_query,961286.0,961286.0,961286.0,0
1000000,float32,10,50,4,ok,cpu,2827537.0,2530691.0,2980114.0,172393.8151779786
1000000,float32,10,50,4,ok,gpu_fresh_handle,467903.0,444143.0,517182.0,24905.752751981963
1000000,float32,10,50,4,ok,gpu_reused_handle,428984.0,418334.0,453382.0,12177.200440636123
1000000,float32,10,50,4,ok,kernel_interval,79486.0,76542.0,83260.0,2017.42537479262
1000000,float32,10,50,4,ok,context_init,186469638.0,186469638.0,186469638.0,0
1000000,float32,10,50,4,ok,first_query,972025.0,972025.0,972025.0,0
1000000,float32,10,99,1,ok,cpu,3362248.0,3151242.0,3552065.0,168276.02737735628
1000000,float32,10,99,1,ok,gpu_fresh_handle,383574.0,365414.0,422743.0,20852.364598129712
1000000,float32,10,99,1,ok,gpu_reused_handle,333295.0,326955.0,356065.0,9369.10246247638
1000000,float32,10,99,1,ok,kernel_interval,22975.0,22304.0,28031.0,2242.718811324029
1000000,float32,10,99,1,ok,context_init,188492036.0,188492036.0,188492036.0,0
1000000,float32,10,99,1,ok,first_query,872546.0,872546.0,872546.0,0
1000000,float32,10,99,2,ok,cpu,3429227.0,2931435.0,3708603.0,306879.57433192397
1000000,float32,10,99,2,ok,gpu_fresh_handle,411093.0,392694.0,547891.0,54691.66450113547
1000000,float32,10,99,2,ok,gpu_reused_handle,374964.0,362944.0,476023.0,39477.533749619935
1000000,float32,10,99,2,ok,kernel_interval,46143.0,43902.0,51103.0,2690.1828934107807
1000000,float32,10,99,2,ok,context_init,188693294.0,188693294.0,188693294.0,0
1000000,float32,10,99,2,ok,first_query,919505.0,919505.0,919505.0,0
1000000,float32,10,99,4,ok,cpu,7021492.0,6460421.0,7459165.0,348770.9601394862
1000000,float32,10,99,4,ok,gpu_fresh_handle,705370.0,510872.0,967335.0,171730.67608003167
1000000,float32,10,99,4,ok,gpu_reused_handle,514832.0,486722.0,558342.0,23104.157943662743
1000000,float32,10,99,4,ok,kernel_interval,94398.0,90719.0,159231.0,24977.734391520247
1000000,float32,10,99,4,ok,context_init,208626049.0,208626049.0,208626049.0,0
1000000,float32,10,99,4,ok,first_query,1343230.0,1343230.0,1343230.0,0
1000000,float32,50,1,1,ok,cpu,669509.0,634520.0,695099.0,20384.782157753063
1000000,float32,50,1,1,ok,gpu_fresh_handle,386604.0,349345.0,419894.0,27845.932725145576
1000000,float32,50,1,1,ok,gpu_reused_handle,318215.0,313315.0,348965.0,15358.738787506516
1000000,float32,50,1,1,ok,kernel_interval,18271.0,15487.0,22495.0,2239.111760540433
1000000,float32,50,1,1,ok,context_init,194936530.0,194936530.0,194936530.0,0
1000000,float32,50,1,1,ok,first_query,1023444.0,1023444.0,1023444.0,0
1000000,float32,50,1,2,ok,cpu,687370.0,677750.0,734358.0,19640.291388101243
1000000,float32,50,1,2,ok,gpu_fresh_handle,409344.0,380414.0,511652.0,42740.0132929988
1000000,float32,50,1,2,ok,gpu_reused_handle,357554.0,354645.0,404434.0,19008.570092260517
1000000,float32,50,1,2,ok,kernel_interval,37695.0,33727.0,39486.0,2006.541385900957
1000000,float32,50,1,2,ok,context_init,184066497.0,184066497.0,184066497.0,0
1000000,float32,50,1,2,ok,first_query,942606.0,942606.0,942606.0,0
1000000,float32,50,1,4,ok,cpu,770128.0,729729.0,834608.0,35429.37401366273
1000000,float32,50,1,4,ok,gpu_fresh_handle,462583.0,445924.0,517932.0,23104.956703826872
1000000,float32,50,1,4,ok,gpu_reused_handle,418773.0,410044.0,449503.0,13772.990243156903
1000000,float32,50,1,4,ok,kernel_interval,72636.0,68158.0,76412.0,3110.1458088618533
1000000,float32,50,1,4,ok,context_init,186959525.0,186959525.0,186959525.0,0
1000000,float32,50,1,4,ok,first_query,966395.0,966395.0,966395.0,0
1000000,float32,50,50,1,ok,cpu,1423858.0,1285620.0,1622615.0,121426.34709116783
1000000,float32,50,50,1,ok,gpu_fresh_handle,374374.0,370904.0,404424.0,13554.657145547184
1000000,float32,50,50,1,ok,gpu_reused_handle,325515.0,318055.0,356464.0,13390.394376993852
1000000,float32,50,50,1,ok,kernel_interval,22560.0,18176.0,26464.0,2992.2567132676363
1000000,float32,50,50,1,ok,context_init,186956664.0,186956664.0,186956664.0,0
1000000,float32,50,50,1,ok,first_query,942346.0,942346.0,942346.0,0
1000000,float32,50,50,2,ok,cpu,1481887.0,1295950.0,1595876.0,98525.45024800155
1000000,float32,50,50,2,ok,gpu_fresh_handle,415794.0,402014.0,461353.0,21989.309269343983
1000000,float32,50,50,2,ok,gpu_reused_handle,357824.0,356075.0,398294.0,16264.350478152839
1000000,float32,50,50,2,ok,kernel_interval,43359.0,37344.0,80575.0,15167.074827056264
1000000,float32,50,50,2,ok,context_init,186312736.0,186312736.0,186312736.0,0
1000000,float32,50,50,2,ok,first_query,904706.0,904706.0,904706.0,0
1000000,float32,50,50,4,ok,cpu,1852132.0,1776573.0,2025978.0,86018.35179358945
1000000,float32,50,50,4,ok,gpu_fresh_handle,473392.0,448853.0,514672.0,22245.560889438464
1000000,float32,50,50,4,ok,gpu_reused_handle,424643.0,418053.0,448293.0,10418.96237407454
1000000,float32,50,50,4,ok,kernel_interval,79613.0,78815.0,85630.0,2389.878478679856
1000000,float32,50,50,4,ok,context_init,187689195.0,187689195.0,187689195.0,0
1000000,float32,50,50,4,ok,first_query,1038854.0,1038854.0,1038854.0,0
1000000,float32,50,99,1,ok,cpu,2203706.0,1983770.0,2540851.0,228636.5907023633
1000000,float32,50,99,1,ok,gpu_fresh_handle,382064.0,358685.0,465733.0,42130.4450791993
1000000,float32,50,99,1,ok,gpu_reused_handle,332615.0,330035.0,380674.0,18209.62242358484
1000000,float32,50,99,1,ok,kernel_interval,25216.0,22112.0,78815.0,20672.259735486794
1000000,float32,50,99,1,ok,context_init,189544588.0,189544588.0,189544588.0,0
1000000,float32,50,99,1,ok,first_query,849527.0,849527.0,849527.0,0
1000000,float32,50,99,2,ok,cpu,2117938.0,2017459.0,2255505.0,98434.27804619787
1000000,float32,50,99,2,ok,gpu_fresh_handle,422953.0,392084.0,499992.0,34685.09284706506
1000000,float32,50,99,2,ok,gpu_reused_handle,360385.0,353574.0,437933.0,30211.679594235768
1000000,float32,50,99,2,ok,kernel_interval,46336.0,42976.0,118144.0,31047.98523714082
1000000,float32,50,99,2,ok,context_init,186792350.0,186792350.0,186792350.0,0
1000000,float32,50,99,2,ok,first_query,902066.0,902066.0,902066.0,0
1000000,float32,50,99,4,ok,cpu,3049943.0,2808957.0,3315958.0,184511.55093368105
1000000,float32,50,99,4,ok,gpu_fresh_handle,484242.0,472493.0,521972.0,16637.695447673148
1000000,float32,50,99,4,ok,gpu_reused_handle,431484.0,428294.0,481953.0,19730.09818960434
1000000,float32,50,99,4,ok,kernel_interval,88861.0,85566.0,130652.99999999999,15981.359016053668
1000000,float32,50,99,4,ok,context_init,188654022.0,188654022.0,188654022.0,0
1000000,float32,50,99,4,ok,first_query,1042664.0,1042664.0,1042664.0,0
1000000,float64,0,1,1,ok,cpu,642560.0,599581.0,719929.0,37119.17144241542
1000000,float64,0,1,1,ok,gpu_fresh_handle,611240.0,576201.0,624771.0,16281.154758975614
1000000,float64,0,1,1,ok,gpu_reused_handle,548471.0,538052.0,570081.0,10970.241728030816
1000000,float64,0,1,1,ok,kernel_interval,34784.0,33663.0,73696.0,14501.722836894078
1000000,float64,0,1,1,ok,context_init,185664449.0,185664449.0,185664449.0,0
1000000,float64,0,1,1,ok,first_query,1390949.0,1390949.0,1390949.0,0
1000000,float64,0,1,2,ok,cpu,664160.0,644680.0,819568.0,66502.72573325383
1000000,float64,0,1,2,ok,gpu_fresh_handle,679099.0,620830.0,691529.0,27065.895704478622
1000000,float64,0,1,2,ok,gpu_reused_handle,597520.0,587101.0,657550.0,24094.05466579038
1000000,float64,0,1,2,ok,kernel_interval,65280.00000000001,63519.00000000001,67326.0,1299.9301812753147
1000000,float64,0,1,2,ok,context_init,186970510.0,186970510.0,186970510.0,0
1000000,float64,0,1,2,ok,first_query,1500617.0,1500617.0,1500617.0,0
1000000,float64,0,1,4,ok,cpu,720939.0,690039.0,854677.0,54919.87187972778
1000000,float64,0,1,4,ok,gpu_fresh_handle,771358.0,725599.0,831497.0,36021.53741133477
1000000,float64,0,1,4,ok,gpu_reused_handle,694109.0,691930.0,718169.0,9948.339524046929
1000000,float64,0,1,4,ok,kernel_interval,127261.00000000001,123519.0,129117.00000000001,1933.7781549032338
1000000,float64,0,1,4,ok,context_init,185472583.0,185472583.0,185472583.0,0
1000000,float64,0,1,4,ok,first_query,1536816.0,1536816.0,1536816.0,0
1000000,float64,0,50,1,ok,cpu,992305.0,914995.0,1132312.0,77675.84857353699
1000000,float64,0,50,1,ok,gpu_fresh_handle,639890.0,580651.0,742509.0,52752.106851629294
1000000,float64,0,50,1,ok,gpu_reused_handle,562131.0,542381.0,577541.0,11078.239960347835
1000000,float64,0,50,1,ok,kernel_interval,38720.0,35551.0,41696.0,2409.411437714712
1000000,float64,0,50,1,ok,context_init,185446724.0,185446724.0,185446724.0,0
1000000,float64,0,50,1,ok,first_query,1340319.0,1340319.0,1340319.0,0
1000000,float64,0,50,2,ok,cpu,1025054.0,941726.0,1121722.0,62603.036362540144
1000000,float64,0,50,2,ok,gpu_fresh_handle,708298.0,641730.0,727909.0,33290.99758192896
1000000,float64,0,50,2,ok,gpu_reused_handle,634000.0,608611.0,641721.0,11055.76681237099
1000000,float64,0,50,2,ok,kernel_interval,72190.0,69246.0,250495.00000000003,67542.74746128595
1000000,float64,0,50,2,ok,context_init,188050435.0,188050435.0,188050435.0,0
1000000,float64,0,50,2,ok,first_query,1454998.0,1454998.0,1454998.0,0
1000000,float64,0,50,4,ok,cpu,1254981.0,1188942.0,1382119.0,68160.78245799203
1000000,float64,0,50,4,ok,gpu_fresh_handle,792038.0,727799.0,1087983.0,122836.86088796605
1000000,float64,0,50,4,ok,gpu_reused_handle,715629.0,693019.0,775258.0,27144.932829781203
1000000,float64,0,50,4,ok,kernel_interval,140414.0,137790.0,149184.0,3792.699672993343
1000000,float64,0,50,4,ok,context_init,190763023.0,190763023.0,190763023.0,0
1000000,float64,0,50,4,ok,first_query,1503767.0,1503767.0,1503767.0,0
1000000,float64,0,99,1,ok,cpu,1334939.0,1190222.0,1444798.0,90699.3195094439
1000000,float64,0,99,1,ok,gpu_fresh_handle,665790.0,614391.0,697509.0,31783.48955938332
1000000,float64,0,99,1,ok,gpu_reused_handle,586692.0,574351.0,613191.0,14344.357682842872
1000000,float64,0,99,1,ok,kernel_interval,44128.0,41824.0,94655.0,19296.727664851067
1000000,float64,0,99,1,ok,context_init,187262618.0,187262618.0,187262618.0,0
1000000,float64,0,99,1,ok,first_query,1429838.0,1429838.0,1429838.0,0
1000000,float64,0,99,2,ok,cpu,1375719.0,1359919.0,1528686.0,62440.98184800474
1000000,float64,0,99,2,ok,gpu_fresh_handle,733018.0,649190.0,796958.0,55853.88547638852
1000000,float64,0,99,2,ok,gpu_reused_handle,646410.0,625580.0,833967.0,72743.10609227778
1000000,float64,0,99,2,ok,kernel_interval,76927.0,72192.0,79678.0,2843.0421416235845
1000000,float64,0,99,2,ok,context_init,187401786.0,187401786.0,187401786.0,0
1000000,float64,0,99,2,ok,first_query,1496077.0,1496077.0,1496077.0,0
1000000,float64,0,99,4,ok,cpu,1744543.0,1673004.0,1844322.0,64214.79387626677
1000000,float64,0,99,4,ok,gpu_fresh_handle,814118.0,768338.0,851087.0,31362.91956465545
1000000,float64,0,99,4,ok,gpu_reused_handle,739039.0,723419.0,752608.0,9749.622547028363
1000000,float64,0,99,4,ok,kernel_interval,150301.0,144829.0,342782.0,73303.18978962193
1000000,float64,0,99,4,ok,context_init,188884905.0,188884905.0,188884905.0,0
1000000,float64,0,99,4,ok,first_query,1585945.0,1585945.0,1585945.0,0
1000000,float64,10,1,1,ok,cpu,712439.0,653350.0,808228.0,59092.77222703459
1000000,float64,10,1,1,ok,gpu_fresh_handle,626251.0,572072.0,660270.0,28886.624629336507
1000000,float64,10,1,1,ok,gpu_reused_handle,557251.0,548501.0,563931.0,5471.8720397179995
1000000,float64,10,1,1,ok,kernel_interval,35232.0,31743.0,84831.0,19006.759226278275
1000000,float64,10,1,1,ok,context_init,186092227.0,186092227.0,186092227.0,0
1000000,float64,10,1,1,ok,first_query,1297940.0,1297940.0,1297940.0,0
1000000,float64,10,1,2,ok,cpu,711389.0,690989.0,902366.0,78639.61449428351
1000000,float64,10,1,2,ok,gpu_fresh_handle,698179.0,662510.0,710029.0,16925.74942421837
1000000,float64,10,1,2,ok,gpu_reused_handle,617611.0,608771.0,669860.0,20634.324635007008
1000000,float64,10,1,2,ok,kernel_interval,65887.0,63006.99999999999,66944.0,1563.5038489604979
1000000,float64,10,1,2,ok,context_init,188171867.0,188171867.0,188171867.0,0
1000000,float64,10,1,2,ok,first_query,1394809.0,1394809.0,1394809.0,0
1000000,float64,10,1,4,ok,cpu,782588.0,775718.0,929206.0,64904.084184352556
1000000,float64,10,1,4,ok,gpu_fresh_handle,774798.0,724729.0,1023924.0,99817.72544946494
1000000,float64,10,1,4,ok,gpu_reused_handle,707519.0,691199.0,753838.0,21453.85073327663
1000000,float64,10,1,4,ok,kernel_interval,128414.0,125629.99999999999,132446.0,2300.449366040104
1000000,float64,10,1,4,ok,context_init,190118717.0,190118717.0,190118717.0,0
1000000,float64,10,1,4,ok,first_query,1475827.0,1475827.0,1475827.0,0
1000000,float64,10,50,1,ok,cpu,1783002.0,1537286.0,2007579.0,171301.709891669
1000000,float64,10,50,1,ok,gpu_fresh_handle,650400.0,600000.0,714649.0,42951.71976156706
1000000,float64,10,50,1,ok,gpu_reused_handle,587151.0,574072.0,641650.0,22600.077739015054
1000000,float64,10,50,1,ok,kernel_interval,41632.0,35967.0,42431.0,2701.386478229634
1000000,float64,10,50,1,ok,context_init,187622967.0,187622967.0,187622967.0,0
1000000,float64,10,50,1,ok,first_query,1400129.0,1400129.0,1400129.0,0
1000000,float64,10,50,2,ok,cpu,1845012.0,1791452.0,1908301.0,47286.06782632904
1000000,float64,10,50,2,ok,gpu_fresh_handle,719179.0,649230.0,776188.0,44641.144492710395
1000000,float64,10,50,2,ok,gpu_reused_handle,643320.0,623940.0,650969.0,10479.984603314753
1000000,float64,10,50,2,ok,kernel_interval,74112.0,69886.0,77119.0,2529.648225120865
1000000,float64,10,50,2,ok,context_init,188275727.0,188275727.0,188275727.0,0
1000000,float64,10,50,2,ok,first_query,1451387.0,1451387.0,1451387.0,0
1000000,float64,10,50,4,ok,cpu,2077678.0,1806502.0,2205196.0,164286.97210644782
1000000,float64,10,50,4,ok,gpu_fresh_handle,795148.0,739579.0,839267.0,38181.83295258424
1000000,float64,10,50,4,ok,gpu_reused_handle,725639.0,714129.0,759839.0,17983.838776603206
1000000,float64,10,50,4,ok,kernel_interval,142240.0,136127.0,147967.0,4180.380991978511
1000000,float64,10,50,4,ok,context_init,187098916.0,187098916.0,187098916.0,0
1000000,float64,10,50,4,ok,first_query,1551757.0,1551757.0,1551757.0,0
1000000,float64,10,99,1,ok,cpu,3096023.0,3011094.0,3123612.0,44708.58159874263
1000000,float64,10,99,1,ok,gpu_fresh_handle,698539.0,622641.0,747508.0,43651.457729436275
1000000,float64,10,99,1,ok,gpu_reused_handle,608461.0,583191.0,622231.0,14448.138276839223
1000000,float64,10,99,1,ok,kernel_interval,40320.0,37439.0,46431.0,3781.927790099093
1000000,float64,10,99,1,ok,context_init,188552544.0,188552544.0,188552544.0,0
1000000,float64,10,99,1,ok,first_query,1377449.0,1377449.0,1377449.0,0
1000000,float64,10,99,2,ok,cpu,3028324.0,2979734.0,3158992.0,61792.30931226682
1000000,float64,10,99,2,ok,gpu_fresh_handle,730178.0,632270.0,865026.0,81333.0271532098
1000000,float64,10,99,2,ok,gpu_reused_handle,624051.0,610400.0,678639.0,22444.664116126005
1000000,float64,10,99,2,ok,kernel_interval,79294.0,75550.0,81151.0,1890.3082389111141
1000000,float64,10,99,2,ok,context_init,187972514.0,187972514.0,187972514.0,0
1000000,float64,10,99,2,ok,first_query,1418048.0,1418048.0,1418048.0,0
1000000,float64,10,99,4,ok,cpu,3376528.0,3302759.0,3542225.0,94724.52473607978
1000000,float64,10,99,4,ok,gpu_fresh_handle,814608.0,759788.0,849617.0,30669.54717553523
1000000,float64,10,99,4,ok,gpu_reused_handle,729039.0,721629.0,775568.0,18218.629443773312
1000000,float64,10,99,4,ok,kernel_interval,153822.0,151326.0,202014.0,18492.44417516053
1000000,float64,10,99,4,ok,context_init,187095248.0,187095248.0,187095248.0,0
1000000,float64,10,99,4,ok,first_query,1535057.0,1535057.0,1535057.0,0
1000000,float64,50,1,1,ok,cpu,693210.0,664700.0,813058.0,49852.883258071015
1000000,float64,50,1,1,ok,gpu_fresh_handle,650470.0,603201.0,675109.0,26812.411974769482
1000000,float64,50,1,1,ok,gpu_reused_handle,586381.0,576621.0,625970.0,16572.61623309741
1000000,float64,50,1,1,ok,kernel_interval,35711.0,29600.0,86815.0,19883.517678864428
1000000,float64,50,1,1,ok,context_init,186689225.0,186689225.0,186689225.0,0
1000000,float64,50,1,1,ok,first_query,1382259.0,1382259.0,1382259.0,0
1000000,float64,50,1,2,ok,cpu,691709.0,665480.0,759078.0,31054.949371657178
1000000,float64,50,1,2,ok,gpu_fresh_handle,669279.0,630010.0,717869.0,29613.944012913915
1000000,float64,50,1,2,ok,gpu_reused_handle,601331.0,593831.0,622690.0,11915.303135444092
1000000,float64,50,1,2,ok,kernel_interval,66302.0,64320.0,109246.0,16312.481486214636
1000000,float64,50,1,2,ok,context_init,188074174.0,188074174.0,188074174.0,0
1000000,float64,50,1,2,ok,first_query,1399089.0,1399089.0,1399089.0,0
1000000,float64,50,1,4,ok,cpu,790488.0,770768.0,835087.0,20833.49922943472
1000000,float64,50,1,4,ok,gpu_fresh_handle,786288.0,749859.0,797458.0,16622.107873036355
1000000,float64,50,1,4,ok,gpu_reused_handle,721389.0,711549.0,757448.0,16277.416860996915
1000000,float64,50,1,4,ok,kernel_interval,127646.00000000001,122718.0,129598.99999999999,2352.709198228412
1000000,float64,50,1,4,ok,context_init,185687443.0,185687443.0,185687443.0,0
1000000,float64,50,1,4,ok,first_query,1529616.0,1529616.0,1529616.0,0
1000000,float64,50,50,1,ok,cpu,1238351.0,1184252.0,1324259.0,57707.4655185222
1000000,float64,50,50,1,ok,gpu_fresh_handle,662020.0,598841.0,741339.0,42961.958754228144
1000000,float64,50,50,1,ok,gpu_reused_handle,603531.0,571362.0,631561.0,20751.114600012625
1000000,float64,50,50,1,ok,kernel_interval,41023.0,35744.0,150240.0,41940.18369399107
1000000,float64,50,50,1,ok,context_init,187463025.0,187463025.0,187463025.0,0
1000000,float64,50,50,1,ok,first_query,1379039.0,1379039.0,1379039.0,0
1000000,float64,50,50,2,ok,cpu,1346829.0,1139863.0,1436569.0,91425.38402382984
1000000,float64,50,50,2,ok,gpu_fresh_handle,686879.0,626311.0,773038.0,48761.456327132575
1000000,float64,50,50,2,ok,gpu_reused_handle,616421.0,603410.0,689959.0,29388.304994949784
1000000,float64,50,50,2,ok,kernel_interval,72640.0,68672.0,75807.0,2560.927919626753
1000000,float64,50,50,2,ok,context_init,184499962.0,184499962.0,184499962.0,0
1000000,float64,50,50,2,ok,first_query,1354149.0,1354149.0,1354149.0,0
1000000,float64,50,50,4,ok,cpu,1366489.0,1303840.0,1465047.0,53808.721461169414
1000000,float64,50,50,4,ok,gpu_fresh_handle,809117.0,754239.0,846717.0,37087.9368034046
1000000,float64,50,50,4,ok,gpu_reused_handle,729579.0,721899.0,804298.0,29208.67697481431
1000000,float64,50,50,4,ok,kernel_interval,144095.0,138142.0,185696.0,16320.734275323346
1000000,float64,50,50,4,ok,context_init,191504444.0,191504444.0,191504444.0,0
1000000,float64,50,50,4,ok,first_query,1551416.0,1551416.0,1551416.0,0
1000000,float64,50,99,1,ok,cpu,2211027.0,1813732.0,2248925.0,155065.83142084556
1000000,float64,50,99,1,ok,gpu_fresh_handle,659560.0,600611.0,711138.0,41346.84870700547
1000000,float64,50,99,1,ok,gpu_reused_handle,581261.0,567892.0,606541.0,13457.132544986443
1000000,float64,50,99,1,ok,kernel_interval,45600.0,39967.0,96064.0,19995.091096376153
1000000,float64,50,99,1,ok,context_init,189450728.0,189450728.0,189450728.0,0
1000000,float64,50,99,1,ok,first_query,1494796.0,1494796.0,1494796.0,0
1000000,float64,50,99,2,ok,cpu,2113678.0,2011239.0,2254026.0,71537.25412412087
1000000,float64,50,99,2,ok,gpu_fresh_handle,695479.0,642200.0,768418.0,42094.988968827565
1000000,float64,50,99,2,ok,gpu_reused_handle,623170.0,614341.0,645660.0,12108.34786024757
1000000,float64,50,99,2,ok,kernel_interval,77151.0,75744.0,213535.0,51342.67073302673
1000000,float64,50,99,2,ok,context_init,185639345.0,185639345.0,185639345.0,0
1000000,float64,50,99,2,ok,first_query,1442808.0,1442808.0,1442808.0,0
1000000,float64,50,99,4,ok,cpu,2444753.0,1982230.0,2543471.0,189213.9952235991
1000000,float64,50,99,4,ok,gpu_fresh_handle,823607.0,752579.0,915437.0,61235.79376125885
1000000,float64,50,99,4,ok,gpu_reused_handle,738679.0,703649.0,744059.0,15904.25908814545
1000000,float64,50,99,4,ok,kernel_interval,152668.0,148702.0,156926.0,2753.1806108917876
1000000,float64,50,99,4,ok,context_init,186494994.0,186494994.0,186494994.0,0
1000000,float64,50,99,4,ok,first_query,1492338.0,1492338.0,1492338.0,0
5000000,float32,0,1,1,ok,cpu,1399209.0,1368369.0,1490738.0,43741.16118333699
5000000,float32,0,1,1,ok,gpu_fresh_handle,1710984.0,1698674.0,1757634.0,24833.61338896096
5000000,float32,0,1,1,ok,gpu_reused_handle,1665234.0,1640875.0,1725044.0,28055.207025400745
5000000,float32,0,1,1,ok,kernel_interval,29856.0,26111.0,40383.0,6269.039897631474
5000000,float32,0,1,1,ok,context_init,188697290.0,188697290.0,188697290.0,0
5000000,float32,0,1,1,ok,first_query,2489772.0,2489772.0,2489772.0,0
5000000,float32,0,1,2,ok,cpu,1468388.0,1420048.0,1613385.0,65323.45816779758
5000000,float32,0,1,2,ok,gpu_fresh_handle,1772243.0,1742943.0,1841363.0,32497.07151641294
5000000,float32,0,1,2,ok,gpu_reused_handle,1692514.0,1682515.0,1732794.0,20537.117851993415
5000000,float32,0,1,2,ok,kernel_interval,56479.0,54400.0,67679.0,5429.081365773631
5000000,float32,0,1,2,ok,context_init,189157204.0,189157204.0,189157204.0,0
5000000,float32,0,1,2,ok,first_query,2797777.0,2797777.0,2797777.0,0
5000000,float32,0,1,4,ok,cpu,1699964.0,1688585.0,1736943.0,22891.1748039449
5000000,float32,0,1,4,ok,gpu_fresh_handle,1881882.0,1865332.0,1914350.0,19765.782217424807
5000000,float32,0,1,4,ok,gpu_reused_handle,1837742.0,1806883.0,1897881.0,33248.12211453238
5000000,float32,0,1,4,ok,kernel_interval,112158.0,103678.0,179293.0,26521.38921700747
5000000,float32,0,1,4,ok,context_init,189368072.0,189368072.0,189368072.0,0
5000000,float32,0,1,4,ok,first_query,2696348.0,2696348.0,2696348.0,0
5000000,float32,0,50,1,ok,cpu,5326759.0,4805117.0,6079448.0,437677.05633214477
5000000,float32,0,50,1,ok,gpu_fresh_handle,1736013.0,1681894.0,1860542.0,54570.389518841585
5000000,float32,0,50,1,ok,gpu_reused_handle,1671835.0,1649505.0,1786423.0,47429.368450058755
5000000,float32,0,50,1,ok,kernel_interval,48319.0,36031.0,111327.0,31413.937897660893
5000000,float32,0,50,1,ok,context_init,188652254.0,188652254.0,188652254.0,0
5000000,float32,0,50,1,ok,first_query,2476153.0,2476153.0,2476153.0,0
5000000,float32,0,50,2,ok,cpu,4999244.0,4592790.0,5367228.0,240895.7541765436
5000000,float32,0,50,2,ok,gpu_fresh_handle,1790693.0,1735334.0,1860832.0,37828.79058525209
5000000,float32,0,50,2,ok,gpu_reused_handle,1706414.0,1678204.0,1774093.0,31266.634744373998
5000000,float32,0,50,2,ok,kernel_interval,73342.0,69535.0,86334.0,6684.571140569404
5000000,float32,0,50,2,ok,context_init,192242570.0,192242570.0,192242570.0,0
5000000,float32,0,50,2,ok,first_query,2536912.0,2536912.0,2536912.0,0
5000000,float32,0,50,4,ok,cpu,8489881.0,8032128.0,9002733.0,383121.6545602715
5000000,float32,0,50,4,ok,gpu_fresh_handle,1894801.0,1857512.0,2015340.0,55360.02974770396
5000000,float32,0,50,4,ok,gpu_reused_handle,1839682.0,1782433.0,1894092.0,38333.879566501586
5000000,float32,0,50,4,ok,kernel_interval,155967.0,144061.0,296062.0,57203.51755334798
5000000,float32,0,50,4,ok,context_init,190133934.0,190133934.0,190133934.0,0
5000000,float32,0,50,4,ok,first_query,2662829.0,2662829.0,2662829.0,0
5000000,float32,0,99,1,ok,cpu,9656933.0,8203106.0,9989128.0,613219.7113280734
5000000,float32,0,99,1,ok,gpu_fresh_handle,1792583.0,1739064.0,1862241.0,46853.49933518713
5000000,float32,0,99,1,ok,gpu_reused_handle,1719944.0,1681925.0,1778673.0,30657.773511242896
5000000,float32,0,99,1,ok,kernel_interval,50912.0,47903.0,115488.0,24521.67004819168
5000000,float32,0,99,1,ok,context_init,185260859.0,185260859.0,185260859.0,0
5000000,float32,0,99,1,ok,first_query,2525142.0,2525142.0,2525142.0,0
5000000,float32,0,99,2,ok,cpu,8444131.0,7861691.0,9515645.0,602485.1661210859
5000000,float32,0,99,2,ok,gpu_fresh_handle,1818962.0,1770973.0,1878272.0,42300.000799279514
5000000,float32,0,99,2,ok,gpu_reused_handle,1741033.0,1690804.0,2106258.0,140997.04303501916
5000000,float32,0,99,2,ok,kernel_interval,99454.0,95776.0,170751.0,27058.745048857083
5000000,float32,0,99,2,ok,context_init,189101122.0,189101122.0,189101122.0,0
5000000,float32,0,99,2,ok,first_query,2797418.0,2797418.0,2797418.0,0
5000000,float32,0,99,4,ok,cpu,15559743.0,14010847.0,16888433.0,951381.7794226109
5000000,float32,0,99,4,ok,gpu_fresh_handle,2020609.0,1899462.0,2347274.0,147543.5895126783
5000000,float32,0,99,4,ok,gpu_reused_handle,1887252.0,1841952.0,1919871.0,29273.299670844208
5000000,float32,0,99,4,ok,kernel_interval,249277.0,195582.0,270462.0,31079.8550748904
5000000,float32,0,99,4,ok,context_init,189210371.0,189210371.0,189210371.0,0
5000000,float32,0,99,4,ok,first_query,2664599.0,2664599.0,2664599.0,0
5000000,float32,10,1,1,ok,cpu,1549007.0,1524627.0,1646955.0,47557.45930626096
5000000,float32,10,1,1,ok,gpu_fresh_handle,1810272.0,1777043.0,1816093.0,14306.18187391464
5000000,float32,10,1,1,ok,gpu_reused_handle,1742924.0,1719353.0,1806922.0,27994.533054730186
5000000,float32,10,1,1,ok,kernel_interval,51711.0,42592.0,122496.0,28063.993353626298
5000000,float32,10,1,1,ok,context_init,187020866.0,187020866.0,187020866.0,0
5000000,float32,10,1,1,ok,first_query,2725809.0,2725809.0,2725809.0,0
5000000,float32,10,1,2,ok,cpu,1651565.0,1618306.0,1673425.0,20517.154094631573
5000000,float32,10,1,2,ok,gpu_fresh_handle,1840822.0,1820002.0,1885692.0,22067.78958443408
5000000,float32,10,1,2,ok,gpu_reused_handle,1795863.0,1747853.0,1825542.0,26069.80543610156
5000000,float32,10,1,2,ok,kernel_interval,86878.0,82334.0,151616.0,25123.28790755132
5000000,float32,10,1,2,ok,context_init,190741080.0,190741080.0,190741080.0,0
5000000,float32,10,1,2,ok,first_query,2578811.0,2578811.0,2578811.0,0
5000000,float32,10,1,4,ok,cpu,1925840.0,1862252.0,1962741.0,41421.56819189962
5000000,float32,10,1,4,ok,gpu_fresh_handle,1938821.0,1898022.0,2004100.0,31885.5627450956
5000000,float32,10,1,4,ok,gpu_reused_handle,1872811.0,1862732.0,1931000.0,25656.14748758593
5000000,float32,10,1,4,ok,kernel_interval,155423.0,147071.0,162206.0,5717.067021938201
5000000,float32,10,1,4,ok,context_init,188836120.0,188836120.0,188836120.0,0
5000000,float32,10,1,4,ok,first_query,2636589.0,2636589.0,2636589.0,0
5000000,float32,10,50,1,ok,cpu,6582280.0,6378483.0,7472656.0,368927.8453107315
5000000,float32,10,50,1,ok,gpu_fresh_handle,1820342.0,1767463.0,1840442.0,22966.20440995856
5000000,float32,10,50,1,ok,gpu_reused_handle,1746103.0,1715614.0,1792243.0,23646.968723485974
5000000,float32,10,50,1,ok,kernel_interval,53536.0,49920.0,122496.0,32968.218905629765
5000000,float32,10,50,1,ok,context_init,192038923.0,192038923.0,192038923.0,0
5000000,float32,10,50,1,ok,first_query,2567201.0,2567201.0,2567201.0,0
5000000,float32,10,50,2,ok,cpu,6702688.0,6311044.0,7124082.0,285766.52134549414
5000000,float32,10,50,2,ok,gpu_fresh_handle,1892631.0,1845812.0,1973960.0,50550.43954592002
5000000,float32,10,50,2,ok,gpu_reused_handle,1815032.0,1778613.0,1897191.0,38838.235273282655
5000000,float32,10,50,2,ok,kernel_interval,90272.0,87199.0,185727.0,40757.29936260907
5000000,float32,10,50,2,ok,context_init,192141561.0,192141561.0,192141561.0,0
5000000,float32,10,50,2,ok,first_query,2564451.0,2564451.0,2564451.0,0
5000000,float32,10,50,4,ok,cpu,10071917.0,9705083.0,10795636.0,422791.7526756777
5000000,float32,10,50,4,ok,gpu_fresh_handle,2036239.0,1980800.0,2231916.0,84531.61595070861
5000000,float32,10,50,4,ok,gpu_reused_handle,1958251.0,1916791.0,1995479.0,29911.62983969056
5000000,float32,10,50,4,ok,kernel_interval,170559.0,162077.0,239231.0,26855.327282984104
5000000,float32,10,50,4,ok,context_init,195525451.0,195525451.0,195525451.0,0
5000000,float32,10,50,4,ok,first_query,2649129.0,2649129.0,2649129.0,0
5000000,float32,10,99,1,ok,cpu,11745001.0,11446327.0,13291818.0,623960.8484840253
5000000,float32,10,99,1,ok,gpu_fresh_handle,1827792.0,1774103.0,1939000.0,53180.504082569496
5000000,float32,10,99,1,ok,gpu_reused_handle,1750513.0,1713934.0,1855392.0,46479.38608110256
5000000,float32,10,99,1,ok,kernel_interval,64447.00000000001,59328.0,134176.0,27023.95689630468
5000000,float32,10,99,1,ok,context_init,188107216.0,188107216.0,188107216.0,0
5000000,float32,10,99,1,ok,first_query,2475862.0,2475862.0,2475862.0,0
5000000,float32,10,99,2,ok,cpu,11883029.0,11194060.0,13188380.0,739871.3858049281
5000000,float32,10,99,2,ok,gpu_fresh_handle,1891711.0,1873721.0,2086698.0,79428.8304353862
5000000,float32,10,99,2,ok,gpu_reused_handle,1851262.0,1814122.0,1920471.0,34711.81364223617
5000000,float32,10,99,2,ok,kernel_interval,115520.0,108382.0,200831.0,39966.54807758728
5000000,float32,10,99,2,ok,context_init,189124051.0,189124051.0,189124051.0,0
5000000,float32,10,99,2,ok,first_query,2542191.0,2542191.0,2542191.0,0
5000000,float32,10,99,4,ok,cpu,18710116.0,18131925.0,19926058.0,565748.4269116442
5000000,float32,10,99,4,ok,gpu_fresh_handle,2057409.0,2004770.0,2139548.0,49896.76396797883
5000000,float32,10,99,4,ok,gpu_reused_handle,1975050.0,1942160.0,2309635.0,130362.62923330079
5000000,float32,10,99,4,ok,kernel_interval,206591.0,200190.0,261500.99999999997,21650.991368482293
5000000,float32,10,99,4,ok,context_init,187271111.0,187271111.0,187271111.0,0
5000000,float32,10,99,4,ok,first_query,2675959.0,2675959.0,2675959.0,0
5000000,float32,50,1,1,ok,cpu,1496488.0,1473597.0,1605426.0,47176.72481364998
5000000,float32,50,1,1,ok,gpu_fresh_handle,1813063.0,1781893.0,1898221.0,41707.79034345182
5000000,float32,50,1,1,ok,gpu_reused_handle,1760394.0,1712994.0,1780393.0,25746.480495492233
5000000,float32,50,1,1,ok,kernel_interval,46815.0,43232.0,110111.0,23779.253259331515
5000000,float32,50,1,1,ok,context_init,191671985.0,191671985.0,191671985.0,0
5000000,float32,50,1,1,ok,first_query,2485483.0,2485483.0,2485483.0,0
5000000,float32,50,1,2,ok,cpu,1613935.0,1573166.0,1658025.0,26659.360051083997
5000000,float32,50,1,2,ok,gpu_fresh_handle,1863892.0,1839682.0,1894321.0,17357.22454634902
5000000,float32,50,1,2,ok,gpu_reused_handle,1803083.0,1773743.0,1860972.0,32716.866435117732
5000000,float32,50,1,2,ok,kernel_interval,87583.0,79551.0,158207.0,28234.424111441727
5000000,float32,50,1,2,ok,context_init,186611523.0,186611523.0,186611523.0,0
5000000,float32,50,1,2,ok,first_query,2534801.0,2534801.0,2534801.0,0
5000000,float32,50,1,4,ok,cpu,1790933.0,1768163.0,1873652.0,33958.33349225825
5000000,float32,50,1,4,ok,gpu_fresh_handle,1967650.0,1929810.0,2148307.0,74214.23463864597
5000000,float32,50,1,4,ok,gpu_reused_handle,1892501.0,1865491.0,1915722.0,17159.90162031961
5000000,float32,50,1,4,ok,kernel_interval,157661.0,149660.0,160864.0,4202.963019449153
5000000,float32,50,1,4,ok,context_init,190789720.0,190789720.0,190789720.0,0
5000000,float32,50,1,4,ok,first_query,2648090.0,2648090.0,2648090.0,0
5000000,float32,50,50,1,ok,cpu,4652259.0,4508461.0,4763868.0,109077.79408708613
5000000,float32,50,50,1,ok,gpu_fresh_handle,1826073.0,1790223.0,1920911.0,46701.58388616162
5000000,float32,50,50,1,ok,gpu_reused_handle,1761413.0,1731543.0,1778673.0,15009.572732727858
5000000,float32,50,50,1,ok,kernel_interval,52352.0,50560.0,61471.0,4254.685825791427
5000000,float32,50,50,1,ok,context_init,186039823.0,186039823.0,186039823.0,0
5000000,float32,50,50,1,ok,first_query,2463952.0,2463952.0,2463952.0,0
5000000,float32,50,50,2,ok,cpu,4669529.0,4584050.0,4926096.0,125122.51432762477
5000000,float32,50,50,2,ok,gpu_fresh_handle,1889952.0,1849592.0,1989600.0,55072.8128463539
5000000,float32,50,50,2,ok,gpu_reused_handle,1827152.0,1779153.0,1876092.0,30977.102607448312
5000000,float32,50,50,2,ok,kernel_interval,96287.0,87486.0,98431.0,4269.443774411035
5000000,float32,50,50,2,ok,context_init,188932851.0,188932851.0,188932851.0,0
5000000,float32,50,50,2,ok,first_query,2519792.0,2519792.0,2519792.0,0
5000000,float32,50,50,4,ok,cpu,6562241.0,6468143.0,6967005.0,168698.8268727382
5000000,float32,50,50,4,ok,gpu_fresh_handle,2009109.0,1970080.0,2080219.0,36723.711294449735
5000000,float32,50,50,4,ok,gpu_reused_handle,1940250.0,1912581.0,1989660.0,25080.78225122441
5000000,float32,50,50,4,ok,kernel_interval,174174.0,167678.0,239358.0,35624.286658188146
5000000,float32,50,50,4,ok,context_init,192593206.0,192593206.0,192593206.0,0
5000000,float32,50,50,4,ok,first_query,2677079.0,2677079.0,2677079.0,0
5000000,float32,50,99,1,ok,cpu,7838491.0,7654474.0,8540151.0,290031.47447524674
5000000,float32,50,99,1,ok,gpu_fresh_handle,1838172.0,1814052.0,1975800.0,60374.35954860939
5000000,float32,50,99,1,ok,gpu_reused_handle,1785723.0,1745714.0,1869062.0,40478.442375452854
5000000,float32,50,99,1,ok,kernel_interval,67520.0,58175.0,120959.0,28273.976975303634
5000000,float32,50,99,1,ok,context_init,187412535.0,187412535.0,187412535.0,0
5000000,float32,50,99,1,ok,first_query,2499802.0,2499802.0,2499802.0,0
5000000,float32,50,99,2,ok,cpu,7643524.0,7458277.0,7918190.0,179671.18835130864
5000000,float32,50,99,2,ok,gpu_fresh_handle,1993770.0,1897641.0,2122518.0,88115.76794573526
5000000,float32,50,99,2,ok,gpu_reused_handle,1917321.0,1825583.0,1961480.0,45745.1867257248
5000000,float32,50,99,2,ok,kernel_interval,115744.0,108928.0,261087.0,56237.98055288496
5000000,float32,50,99,2,ok,context_init,191254088.0,191254088.0,191254088.0,0
5000000,float32,50,99,2,ok,first_query,2593161.0,2593161.0,2593161.0,0
5000000,float32,50,99,4,ok,cpu,12090167.0,11452287.0,12505181.0,359594.69815460953
5000000,float32,50,99,4,ok,gpu_fresh_handle,2095989.0,2019809.0,2138228.0,35371.70019945323
5000000,float32,50,99,4,ok,gpu_reused_handle,1981591.0,1951020.0,2046859.0,37836.56773483003
5000000,float32,50,99,4,ok,kernel_interval,207230.0,203070.0,283485.0,37545.913445755854
5000000,float32,50,99,4,ok,context_init,190149516.0,190149516.0,190149516.0,0
5000000,float32,50,99,4,ok,first_query,2677569.0,2677569.0,2677569.0,0
5000000,float64,0,1,1,ok,cpu,1729324.0,1577076.0,1790672.0,78332.78951584281
5000000,float64,0,1,1,ok,gpu_fresh_handle,3592416.0,3533957.0,3647995.0,38963.13161915285
5000000,float64,0,1,1,ok,gpu_reused_handle,3560326.0,3505297.0,3695774.0,63885.85684044705
5000000,float64,0,1,1,ok,kernel_interval,122015.0,112704.0,182464.0,23987.519363996253
5000000,float64,0,1,1,ok,context_init,190769228.0,190769228.0,190769228.0,0
5000000,float64,0,1,1,ok,first_query,4009170.0,4009170.0,4009170.0,0
5000000,float64,0,1,2,ok,cpu,1741844.0,1692165.0,1799463.0,39133.34801249015
5000000,float64,0,1,2,ok,gpu_fresh_handle,3693234.0,3671775.0,3732134.0,22899.742871295053
5000000,float64,0,1,2,ok,gpu_reused_handle,3683224.0,3607495.0,3757493.0,53028.94059446623
5000000,float64,0,1,2,ok,kernel_interval,216766.0,214911.0,278080.0,23077.232860033077
5000000,float64,0,1,2,ok,context_init,190299137.0,190299137.0,190299137.0,0
5000000,float64,0,1,2,ok,first_query,4258275.0,4258275.0,4258275.0,0
5000000,float64,0,1,4,ok,cpu,1845222.0,1822162.0,1988511.0,61190.553881181
5000000,float64,0,1,4,ok,gpu_fresh_handle,3919771.0,3869192.0,3975450.0,32516.330466397958
5000000,float64,0,1,4,ok,gpu_reused_handle,3882751.0,3833682.0,3991190.0,57382.624767764806
5000000,float64,0,1,4,ok,kernel_interval,411966.0,407806.0,420925.0,4727.788469202467
5000000,float64,0,1,4,ok,context_init,189898143.0,189898143.0,189898143.0,0
5000000,float64,0,1,4,ok,first_query,4332205.0,4332205.0,4332205.0,0
5000000,float64,0,50,1,ok,cpu,2822397.0,2618361.0,2875946.0,89070.20655987639
5000000,float64,0,50,1,ok,gpu_fresh_handle,3658964.0,3575635.0,3741233.0,55912.51929832633
5000000,float64,0,50,1,ok,gpu_reused_handle,3609546.0,3511207.0,3752613.0,83952.37224334828
5000000,float64,0,50,1,ok,kernel_interval,144896.0,141984.0,205696.0,23168.23402132037
5000000,float64,0,50,1,ok,context_init,187323273.0,187323273.0,187323273.0,0
5000000,float64,0,50,1,ok,first_query,4060299.0,4060299.0,4060299.0,0
5000000,float64,0,50,2,ok,cpu,2805417.0,2678769.0,2851618.0,58587.71492955385
5000000,float64,0,50,2,ok,gpu_fresh_handle,3751413.0,3652125.0,3801093.0,48645.65849712642
5000000,float64,0,50,2,ok,gpu_reused_handle,3721164.0,3636315.0,3814702.0,63921.24487397046
5000000,float64,0,50,2,ok,kernel_interval,245343.0,243871.0,309214.0,24110.111695145275
5000000,float64,0,50,2,ok,context_init,188698903.0,188698903.0,188698903.0,0
5000000,float64,0,50,2,ok,first_query,4110588.0,4110588.0,4110588.0,0
5000000,float64,0,50,4,ok,cpu,3663935.0,3527427.0,3754113.0,86981.93829126115
5000000,float64,0,50,4,ok,gpu_fresh_handle,4013149.0,3956580.0,4078378.0,43178.17521894707
5000000,float64,0,50,4,ok,gpu_reused_handle,3965970.0,3914391.0,3997220.0,36701.542127973706
5000000,float64,0,50,4,ok,kernel_interval,477567.0,466847.0,531390.0,31650.227433170658
5000000,float64,0,50,4,ok,context_init,187964916.0,187964916.0,187964916.0,0
5000000,float64,0,50,4,ok,first_query,4376403.0,4376403.0,4376403.0,0
5000000,float64,0,99,1,ok,cpu,4315695.0,4238727.0,4549401.0,101435.73851623171
5000000,float64,0,99,1,ok,gpu_fresh_handle,3698294.0,3651625.0,3761623.0,38391.61964109702
5000000,float64,0,99,1,ok,gpu_reused_handle,3648845.0,3581457.0,3757373.0,67412.71646959143
5000000,float64,0,99,1,ok,kernel_interval,162880.0,160799.0,226175.0,27941.37206724108
5000000,float64,0,99,1,ok,context_init,188704396.0,188704396.0,188704396.0,0
5000000,float64,0,99,1,ok,first_query,4020309.0,4020309.0,4020309.0,0
5000000,float64,0,99,2,ok,cpu,4383564.0,4225527.0,4732959.0,162991.68564962066
5000000,float64,0,99,2,ok,gpu_fresh_handle,3832552.0,3710134.0,3916081.0,64471.53483884334
5000000,float64,0,99,2,ok,gpu_reused_handle,3767583.0,3672784.0,3909121.0,80570.39896412389
5000000,float64,0,99,2,ok,kernel_interval,274271.0,270560.0,339999.0,25186.399628333053
5000000,float64,0,99,2,ok,context_init,187452006.0,187452006.0,187452006.0,0
5000000,float64,0,99,2,ok,first_query,4525912.0,4525912.0,4525912.0,0
5000000,float64,0,99,4,ok,cpu,5726944.0,5447718.0,5907251.0,149219.27326892046
5000000,float64,0,99,4,ok,gpu_fresh_handle,4106498.0,4046470.0,4144337.0,40344.51173332006
5000000,float64,0,99,4,ok,gpu_reused_handle,4013959.0,3960160.0,4051249.0,40609.43857329347
5000000,float64,0,99,4,ok,kernel_interval,525630.0,520895.0,690526.0,63067.767567533105
5000000,float64,0,99,4,ok,context_init,188304674.0,188304674.0,188304674.0,0
5000000,float64,0,99,4,ok,first_query,4450323.0,4450323.0,4450323.0,0
5000000,float64,10,1,1,ok,cpu,1853952.0,1777154.0,1979530.0,66636.48648057751
5000000,float64,10,1,1,ok,gpu_fresh_handle,3710244.0,3639744.0,3762904.0,42515.067947392825
5000000,float64,10,1,1,ok,gpu_reused_handle,3703405.0,3593356.0,3756833.0,61795.96146998605
5000000,float64,10,1,1,ok,kernel_interval,119295.0,117440.0,184479.0,29406.807587294996
5000000,float64,10,1,1,ok,context_init,191054803.0,191054803.0,191054803.0,0
5000000,float64,10,1,1,ok,first_query,3992610.0,3992610.0,3992610.0,0
5000000,float64,10,1,2,ok,cpu,1948330.0,1818523.0,1986921.0,61929.52422137372
5000000,float64,10,1,2,ok,gpu_fresh_handle,3747684.0,3691905.0,3810532.0,41671.10475183128
5000000,float64,10,1,2,ok,gpu_reused_handle,3742194.0,3640934.0,3840802.0,60131.49008314236
5000000,float64,10,1,2,ok,kernel_interval,215774.0,212512.0,373600.0,59265.64355911602
5000000,float64,10,1,2,ok,context_init,185101444.0,185101444.0,185101444.0,0
5000000,float64,10,1,2,ok,first_query,4079299.0,4079299.0,4079299.0,0
5000000,float64,10,1,4,ok,cpu,2041709.0,1949770.0,2139917.0,65681.74641840326
5000000,float64,10,1,4,ok,gpu_fresh_handle,4016260.0,3920691.0,4109649.0,70740.91004268087
5000000,float64,10,1,4,ok,gpu_reused_handle,3985090.0,3848382.0,4001310.0,63362.31641576425
5000000,float64,10,1,4,ok,kernel_interval,416798.0,413629.0,472734.0,21132.693485506785
5000000,float64,10,1,4,ok,context_init,189530259.0,189530259.0,189530259.0,0
5000000,float64,10,1,4,ok,first_query,4326655.0,4326655.0,4326655.0,0
5000000,float64,10,50,1,ok,cpu,4923146.0,4756289.0,5077703.0,105652.59413352261
5000000,float64,10,50,1,ok,gpu_fresh_handle,3736094.0,3626945.0,3784103.0,62667.62123791718
5000000,float64,10,50,1,ok,gpu_reused_handle,3658525.0,3560526.0,3760994.0,75310.87278234196
5000000,float64,10,50,1,ok,kernel_interval,145119.0,140192.0,212768.0,29986.10261437788
5000000,float64,10,50,1,ok,context_init,185346572.0,185346572.0,185346572.0,0
5000000,float64,10,50,1,ok,first_query,4008189.0,4008189.0,4008189.0,0
5000000,float64,10,50,2,ok,cpu,4851437.0,4725519.0,5109253.0,148958.53090981237
5000000,float64,10,50,2,ok,gpu_fresh_handle,3861293.0,3814122.0,3899841.0,29532.72186833413
5000000,float64,10,50,2,ok,gpu_reused_handle,3810783.0,3721373.0,3898102.0,60996.668687333906
5000000,float64,10,50,2,ok,kernel_interval,246238.0,245183.0,254206.0,3515.5178240806295
5000000,float64,10,50,2,ok,context_init,191238384.0,191238384.0,191238384.0,0
5000000,float64,10,50,2,ok,first_query,4143177.0,4143177.0,4143177.0,0
5000000,float64,10,50,4,ok,cpu,5702844.0,5419789.0,6222006.0,290333.84881283855
5000000,float64,10,50,4,ok,gpu_fresh_handle,4139238.0,4040579.0,4281796.0,91163.89567043263
5000000,float64,10,50,4,ok,gpu_reused_handle,4058209.0,3985960.0,4203497.0,73562.39847911432
5000000,float64,10,50,4,ok,kernel_interval,477055.0,474175.0,545151.0,33627.27016730264
5000000,float64,10,50,4,ok,context_init,188114073.0,188114073.0,188114073.0,0
5000000,float64,10,50,4,ok,first_query,4371954.0,4371954.0,4371954.0,0
5000000,float64,10,99,1,ok,cpu,9890711.0,8834397.0,11147363.0,767521.6355438489
5000000,float64,10,99,1,ok,gpu_fresh_handle,3739734.0,3674525.0,3844582.0,57246.62715662403
5000000,float64,10,99,1,ok,gpu_reused_handle,3691215.0,3632556.0,3710954.0,32071.093427986933
5000000,float64,10,99,1,ok,kernel_interval,163552.0,158463.0,235392.0,33587.28501340096
5000000,float64,10,99,1,ok,context_init,186447399.0,186447399.0,186447399.0,0
5000000,float64,10,99,1,ok,first_query,4002270.0,4002270.0,4002270.0,0
5000000,float64,10,99,2,ok,cpu,10448333.0,9521767.0,10961055.0,537773.5036470369
5000000,float64,10,99,2,ok,gpu_fresh_handle,3920371.0,3831813.0,4184798.0,124146.12555602139
5000000,float64,10,99,2,ok,gpu_reused_handle,3916152.0,3770904.0,3989290.0,91480.30930153637
5000000,float64,10,99,2,ok,kernel_interval,276064.0,270335.0,281439.0,3761.588203076436
5000000,float64,10,99,2,ok,context_init,189570454.0,189570454.0,189570454.0,0
5000000,float64,10,99,2,ok,first_query,4199137.0,4199137.0,4199137.0,0
5000000,float64,10,99,4,ok,cpu,11778364.0,9823363.0,12512482.0,879101.0440851604
5000000,float64,10,99,4,ok,gpu_fresh_handle,4250806.0,4195047.0,4354364.0,53057.71028480843
5000000,float64,10,99,4,ok,gpu_reused_handle,4193087.0,4139398.0,4316485.0,67311.1313217177
5000000,float64,10,99,4,ok,kernel_interval,528221.0,523965.0,595135.0,34691.509035250354
5000000,float64,10,99,4,ok,context_init,186059848.0,186059848.0,186059848.0,0
5000000,float64,10,99,4,ok,first_query,4728639.0,4728639.0,4728639.0,0
5000000,float64,50,1,1,ok,cpu,1859732.0,1777694.0,1917061.0,44045.175800372446
5000000,float64,50,1,1,ok,gpu_fresh_handle,3678965.0,3548627.0,3792773.0,76406.95523065323
5000000,float64,50,1,1,ok,gpu_reused_handle,3686594.0,3590946.0,3717085.0,44110.89281140258
5000000,float64,50,1,1,ok,kernel_interval,128318.99999999999,117407.0,186112.0,31875.301300536754
5000000,float64,50,1,1,ok,context_init,187850802.0,187850802.0,187850802.0,0
5000000,float64,50,1,1,ok,first_query,3989540.0,3989540.0,3989540.0,0
5000000,float64,50,1,2,ok,cpu,1907261.0,1825012.0,2004420.0,60218.505653518645
5000000,float64,50,1,2,ok,gpu_fresh_handle,3870382.0,3846462.0,3999140.0,56091.18353733542
5000000,float64,50,1,2,ok,gpu_reused_handle,3893521.0,3773193.0,3917472.0,48927.264770804235
5000000,float64,50,1,2,ok,kernel_interval,218814.0,212544.0,284960.0,25415.694959723496
5000000,float64,50,1,2,ok,context_init,191929762.0,191929762.0,191929762.0,0
5000000,float64,50,1,2,ok,first_query,4167978.0,4167978.0,4167978.0,0
5000000,float64,50,1,4,ok,cpu,2022839.0,1930710.0,2087639.0,55499.12303725854
5000000,float64,50,1,4,ok,gpu_fresh_handle,4052040.0,4014510.0,4155768.0,49697.642461570504
5000000,float64,50,1,4,ok,gpu_reused_handle,4073329.0,3993261.0,4266316.0,102171.81747266056
5000000,float64,50,1,4,ok,kernel_interval,413278.0,408926.0,421693.0,4841.287412406313
5000000,float64,50,1,4,ok,context_init,187354210.0,187354210.0,187354210.0,0
5000000,float64,50,1,4,ok,first_query,4340895.0,4340895.0,4340895.0,0
5000000,float64,50,50,1,ok,cpu,3887581.0,3792023.0,4024700.0,82456.35626138691
5000000,float64,50,50,1,ok,gpu_fresh_handle,3793773.0,3754474.0,3831952.0,23052.72681939219
5000000,float64,50,50,1,ok,gpu_reused_handle,3746414.0,3657926.0,3921671.0,100284.91027187537
5000000,float64,50,50,1,ok,kernel_interval,142816.0,138656.0,152575.0,4574.845706479645
5000000,float64,50,50,1,ok,context_init,186724710.0,186724710.0,186724710.0,0
5000000,float64,50,50,1,ok,first_query,4059559.0,4059559.0,4059559.0,0
5000000,float64,50,50,2,ok,cpu,3777114.0,3633895.0,3873091.0,86249.30965658854
5000000,float64,50,50,2,ok,gpu_fresh_handle,3849882.0,3745304.0,3906151.0,51761.65206570815
5000000,float64,50,50,2,ok,gpu_reused_handle,3850952.0,3753913.0,3989090.0,83714.58134581312
5000000,float64,50,50,2,ok,kernel_interval,252286.99999999997,248000.0,304096.0,24725.779060382654
5000000,float64,50,50,2,ok,context_init,190619684.0,190619684.0,190619684.0,0
5000000,float64,50,50,2,ok,first_query,4157858.0,4157858.0,4157858.0,0
5000000,float64,50,50,4,ok,cpu,4345445.0,4199127.0,4436203.0,78877.87924953841
5000000,float64,50,50,4,ok,gpu_fresh_handle,4217227.0,4124339.0,4364225.0,95810.11908606373
5000000,float64,50,50,4,ok,gpu_reused_handle,4090149.0,4028760.0,4137019.0,39103.76442114956
5000000,float64,50,50,4,ok,kernel_interval,475615.0,471391.0,486909.0,5910.484183695468
5000000,float64,50,50,4,ok,context_init,188585756.0,188585756.0,188585756.0,0
5000000,float64,50,50,4,ok,first_query,4619191.0,4619191.0,4619191.0,0
5000000,float64,50,99,1,ok,cpu,5784023.0,5587736.0,6055249.0,163147.13409052696
5000000,float64,50,99,1,ok,gpu_fresh_handle,3813393.0,3777463.0,3905551.0,42477.10580166349
5000000,float64,50,99,1,ok,gpu_reused_handle,3769783.0,3736474.0,3868692.0,63682.184554013445
5000000,float64,50,99,1,ok,kernel_interval,164544.0,159391.0,226784.0,30482.75980975226
5000000,float64,50,99,1,ok,context_init,189673630.0,189673630.0,189673630.0,0
5000000,float64,50,99,1,ok,first_query,4044039.0,4044039.0,4044039.0,0
5000000,float64,50,99,2,ok,cpu,5801083.0,5623505.0,6200277.0,190059.4814584058
5000000,float64,50,99,2,ok,gpu_fresh_handle,3859142.0,3785763.0,4041620.0,84365.07331772291
5000000,float64,50,99,2,ok,gpu_reused_handle,3816723.0,3778844.0,3936981.0,50610.41039953662
5000000,float64,50,99,2,ok,kernel_interval,272927.0,268543.0,341151.0,35236.4680159362
5000000,float64,50,99,2,ok,context_init,187912287.0,187912287.0,187912287.0,0
5000000,float64,50,99,2,ok,first_query,4226677.0,4226677.0,4226677.0,0
5000000,float64,50,99,4,ok,cpu,6939836.0,6755368.0,7477748.0,244252.1710827133
5000000,float64,50,99,4,ok,gpu_fresh_handle,4206767.0,4102749.0,4389825.0,87884.53107859632
5000000,float64,50,99,4,ok,gpu_reused_handle,4142848.0,4048699.0,4250717.0,68484.09284609368
5000000,float64,50,99,4,ok,kernel_interval,528253.0,527262.0,597116.0,33422.9511834237
5000000,float64,50,99,4,ok,context_init,188221014.0,188221014.0,188221014.0,0
5000000,float64,50,99,4,ok,first_query,4484503.0,4484503.0,4484503.0,0
10000000,float32,0,1,1,ok,cpu,2216707.0,2176378.0,2380585.0,77105.1113172019
10000000,float32,0,1,1,ok,gpu_fresh_handle,3532877.0,3471698.0,3716855.0,79742.55273004973
10000000,float32,0,1,1,ok,gpu_reused_handle,3516278.0,3443028.0,3623566.0,60109.24282900418
10000000,float32,0,1,1,ok,kernel_interval,60095.0,55520.0,153983.0,44213.12210569769
10000000,float32,0,1,1,ok,context_init,187264659.0,187264659.0,187264659.0,0
10000000,float32,0,1,1,ok,first_query,3953481.0,3953481.0,3953481.0,0
10000000,float32,0,1,2,ok,cpu,2386244.0,2346975.0,2511273.0,62077.481588200186
10000000,float32,0,1,2,ok,gpu_fresh_handle,3601717.0,3538997.0,3795993.0,98193.22202847472
10000000,float32,0,1,2,ok,gpu_reused_handle,3587187.0,3541567.0,3711934.0,58339.07178277857
10000000,float32,0,1,2,ok,kernel_interval,99807.0,95327.0,202495.0,48506.14463972089
10000000,float32,0,1,2,ok,context_init,190137227.0,190137227.0,190137227.0,0
10000000,float32,0,1,2,ok,first_query,4047219.0,4047219.0,4047219.0,0
10000000,float32,0,1,4,ok,cpu,2745729.0,2662520.0,2809918.0,48931.589090815156
10000000,float32,0,1,4,ok,gpu_fresh_handle,3721984.0,3695135.0,3755124.0,20088.075537729437
10000000,float32,0,1,4,ok,gpu_reused_handle,3702314.0,3632065.0,3954601.0,112898.88938886022
10000000,float32,0,1,4,ok,kernel_interval,172540.0,167004.0,275007.0,38679.62977121285
10000000,float32,0,1,4,ok,context_init,184465683.0,184465683.0,184465683.0,0
10000000,float32,0,1,4,ok,first_query,4109739.0,4109739.0,4109739.0,0
10000000,float32,0,50,1,ok,cpu,9823403.0,8625061.0,10390375.0,716346.1286868042
10000000,float32,0,50,1,ok,gpu_fresh_handle,3691065.0,3582557.0,3777194.0,67244.89478869646
10000000,float32,0,50,1,ok,gpu_reused_handle,3592446.0,3502297.0,3637575.0,44429.52234505255
10000000,float32,0,50,1,ok,kernel_interval,78656.0,73983.0,158656.0,30244.26218782191
10000000,float32,0,50,1,ok,context_init,184970657.0,184970657.0,184970657.0,0
10000000,float32,0,50,1,ok,first_query,4044420.0,4044420.0,4044420.0,0
10000000,float32,0,50,2,ok,cpu,8787589.0,8224377.0,10148269.0,669146.7152298907
10000000,float32,0,50,2,ok,gpu_fresh_handle,3666056.0,3660845.0,3804223.0,58742.71854937792
10000000,float32,0,50,2,ok,gpu_reused_handle,3630866.0,3584676.0,3688874.0,37054.954705654345
10000000,float32,0,50,2,ok,kernel_interval,131071.0,126014.99999999999,217791.0,43201.29521867867
10000000,float32,0,50,2,ok,context_init,188363157.0,188363157.0,188363157.0,0
10000000,float32,0,50,2,ok,first_query,4029020.0,4029020.0,4029020.0,0
10000000,float32,0,50,4,ok,cpu,16139360.0,14637792.0,17205893.0,799489.2378876297
10000000,float32,0,50,4,ok,gpu_fresh_handle,3881092.0,3786644.0,3936522.0,50921.20861824528
10000000,float32,0,50,4,ok,gpu_reused_handle,3787133.0,3688345.0,3828613.0,49309.22972764159
10000000,float32,0,50,4,ok,kernel_interval,237599.0,229119.0,328477.0,47754.08206086879
10000000,float32,0,50,4,ok,context_init,186663794.0,186663794.0,186663794.0,0
10000000,float32,0,50,4,ok,first_query,4208287.0,4208287.0,4208287.0,0
10000000,float32,0,99,1,ok,cpu,48034543.0,35274835.0,54294160.0,7581640.412727829
10000000,float32,0,99,1,ok,gpu_fresh_handle,8036540.0,5345511.0,19815815.0,6035050.987124076
10000000,float32,0,99,1,ok,gpu_reused_handle,7101854.0,5396589.0,20479384.0,6484728.384593702
10000000,float32,0,99,1,ok,kernel_interval,134688.0,114079.0,188352.0,32385.051723640292
10000000,float32,0,99,1,ok,context_init,190196684.0,190196684.0,190196684.0,0
10000000,float32,0,99,1,ok,first_query,11797334.0,11797334.0,11797334.0,0
10000000,float32,0,99,2,ok,cpu,15843204.0,15666576.0,17143985.0,506418.512534511
10000000,float32,0,99,2,ok,gpu_fresh_handle,3818143.0,3663415.0,3979381.0,94953.72633501416
10000000,float32,0,99,2,ok,gpu_reused_handle,3753884.0,3668965.0,3864102.0,69757.44646921045
10000000,float32,0,99,2,ok,kernel_interval,245759.0,182047.0,267200.0,33789.24263092366
10000000,float32,0,99,2,ok,context_init,186204546.0,186204546.0,186204546.0,0
10000000,float32,0,99,2,ok,first_query,4148198.0,4148198.0,4148198.0,0
10000000,float32,0,99,4,ok,cpu,29798027.0,26889310.0,33111257.0,1975108.4786989007
10000000,float32,0,99,4,ok,gpu_fresh_handle,3977941.0,3860243.0,4081709.0,66550.61237992372
10000000,float32,0,99,4,ok,gpu_reused_handle,3862692.0,3788663.0,4064589.0,89361.05411462081
10000000,float32,0,99,4,ok,kernel_interval,344093.0,341309.0,412413.0,34033.21584374105
10000000,float32,0,99,4,ok,context_init,186674340.0,186674340.0,186674340.0,0
10000000,float32,0,99,4,ok,first_query,4226447.0,4226447.0,4226447.0,0
10000000,float32,10,1,1,ok,cpu,2501022.0,2423264.0,2603382.0,52550.78307603762
10000000,float32,10,1,1,ok,gpu_fresh_handle,3721364.0,3682766.0,3917432.0,88605.11164659046
10000000,float32,10,1,1,ok,gpu_reused_handle,3722864.0,3684805.0,3837963.0,52795.714279980464
10000000,float32,10,1,1,ok,kernel_interval,75584.0,72991.0,177376.0,38191.36828307325
10000000,float32,10,1,1,ok,context_init,185339002.0,185339002.0,185339002.0,0
10000000,float32,10,1,1,ok,first_query,3994001.0,3994001.0,3994001.0,0
10000000,float32,10,1,2,ok,cpu,2633931.0,2600812.0,2719720.0,41629.17176234771
10000000,float32,10,1,2,ok,gpu_fresh_handle,3807423.0,3748005.0,3957621.0,69118.62063596935
10000000,float32,10,1,2,ok,gpu_reused_handle,3755264.0,3722465.0,3824853.0,34189.86667128142
10000000,float32,10,1,2,ok,kernel_interval,139263.0,129215.0,241759.0,42973.59717702642
10000000,float32,10,1,2,ok,context_init,188580315.0,188580315.0,188580315.0,0
10000000,float32,10,1,2,ok,first_query,4149408.0,4149408.0,4149408.0,0
10000000,float32,10,1,4,ok,cpu,3024345.0,2956956.0,3215842.0,83477.77223794082
10000000,float32,10,1,4,ok,gpu_fresh_handle,3934791.0,3918731.0,4011070.0,38298.501023756355
10000000,float32,10,1,4,ok,gpu_reused_handle,3882962.0,3789354.0,4059030.0,86782.66870834785
10000000,float32,10,1,4,ok,kernel_interval,254747.99999999997,246975.0,359615.0,50380.7612416259
10000000,float32,10,1,4,ok,context_init,193432513.0,193432513.0,193432513.0,0
10000000,float32,10,1,4,ok,first_query,4374324.0,4374324.0,4374324.0,0
10000000,float32,10,50,1,ok,cpu,11780765.0,11418321.0,12339197.0,308311.56937569624
10000000,float32,10,50,1,ok,gpu_fresh_handle,3841113.0,3714995.0,3935621.0,82123.83474305594
10000000,float32,10,50,1,ok,gpu_reused_handle,3701535.0,3673266.0,3763765.0,32817.23224016251
10000000,float32,10,50,1,ok,kernel_interval,87264.0,80767.0,170911.0,32254.381742936068
10000000,float32,10,50,1,ok,context_init,185524412.0,185524412.0,185524412.0,0
10000000,float32,10,50,1,ok,first_query,3994551.0,3994551.0,3994551.0,0
10000000,float32,10,50,2,ok,cpu,12221959.0,11509989.0,12969857.0,526695.0037591106
10000000,float32,10,50,2,ok,gpu_fresh_handle,3849103.0,3776424.0,3974090.0,76742.43859696879
10000000,float32,10,50,2,ok,gpu_reused_handle,3808433.0,3716105.0,3840422.0,40585.175712556025
10000000,float32,10,50,2,ok,kernel_interval,151838.0,143454.0,243744.0,36418.34371054026
10000000,float32,10,50,2,ok,context_init,188173155.0,188173155.0,188173155.0,0
10000000,float32,10,50,2,ok,first_query,4064239.0,4064239.0,4064239.0,0
10000000,float32,10,50,4,ok,cpu,19012828.0,18218390.0,20205790.0,687581.947740638
10000000,float32,10,50,4,ok,gpu_fresh_handle,4222647.0,4016780.0,4380195.0,140265.63552026835
10000000,float32,10,50,4,ok,gpu_reused_handle,4039020.0,3963821.0,4231867.0,96915.83774890164
10000000,float32,10,50,4,ok,kernel_interval,273439.0,267774.0,536159.0,101886.8295622064
10000000,float32,10,50,4,ok,context_init,188701089.0,188701089.0,188701089.0,0
10000000,float32,10,50,4,ok,first_query,4294196.0,4294196.0,4294196.0,0
10000000,float32,10,99,1,ok,cpu,22245111.0,21384163.0,23131286.0,638492.715399024
10000000,float32,10,99,1,ok,gpu_fresh_handle,3825333.0,3757225.0,3915282.0,50729.09062432944
10000000,float32,10,99,1,ok,gpu_reused_handle,3733425.0,3683176.0,3862613.0,60095.21372154437
10000000,float32,10,99,1,ok,kernel_interval,102591.0,95936.0,190975.0,43406.603387810326
10000000,float32,10,99,1,ok,context_init,189534317.0,189534317.0,189534317.0,0
10000000,float32,10,99,1,ok,first_query,3973331.0,3973331.0,3973331.0,0
10000000,float32,10,99,2,ok,cpu,21340404.0,20810282.0,22305579.0,479239.640561111
10000000,float32,10,99,2,ok,gpu_fresh_handle,3931652.0,3833243.0,3980791.0,55681.21763216031
10000000,float32,10,99,2,ok,gpu_reused_handle,3827684.0,3806794.0,3858992.0,20683.406887555793
10000000,float32,10,99,2,ok,kernel_interval,180735.0,174560.0,270720.0,45109.434114637894
10000000,float32,10,99,2,ok,context_init,188331447.0,188331447.0,188331447.0,0
10000000,float32,10,99,2,ok,first_query,4064200.0,4064200.0,4064200.0,0
10000000,float32,10,99,4,ok,cpu,35796270.0,33840899.0,37753410.0,1477950.7383251826
10000000,float32,10,99,4,ok,gpu_fresh_handle,4112049.0,4032820.0,4167188.0,43629.06955776378
10000000,float32,10,99,4,ok,gpu_reused_handle,4029550.0,3940002.0,4124909.0,57777.19738047924
10000000,float32,10,99,4,ok,kernel_interval,344511.0,335580.0,558463.0,83525.25795174034
10000000,float32,10,99,4,ok,context_init,186808362.0,186808362.0,186808362.0,0
10000000,float32,10,99,4,ok,first_query,4293576.0,4293576.0,4293576.0,0
10000000,float32,50,1,1,ok,cpu,2434585.0,2356725.0,2450214.0,38483.38927752744
10000000,float32,50,1,1,ok,gpu_fresh_handle,3741104.0,3655816.0,3954871.0,101838.48799774409
10000000,float32,50,1,1,ok,gpu_reused_handle,3698975.0,3622706.0,3912272.0,106438.81025488865
10000000,float32,50,1,1,ok,kernel_interval,85216.0,72991.0,175040.0,46092.36955650396
10000000,float32,50,1,1,ok,context_init,186912692.0,186912692.0,186912692.0,0
10000000,float32,50,1,1,ok,first_query,4015160.0,4015160.0,4015160.0,0
10000000,float32,50,1,2,ok,cpu,2480533.0,2421074.0,2669010.0,92668.65018620554
10000000,float32,50,1,2,ok,gpu_fresh_handle,3783174.0,3752305.0,3982921.0,93612.93883402474
10000000,float32,50,1,2,ok,gpu_reused_handle,3742075.0,3707825.0,3785574.0,25838.072494636577
10000000,float32,50,1,2,ok,kernel_interval,136414.0,130014.99999999999,255998.99999999997,46011.38677079216
10000000,float32,50,1,2,ok,context_init,187903649.0,187903649.0,187903649.0,0
10000000,float32,50,1,2,ok,first_query,4072619.0,4072619.0,4072619.0,0
10000000,float32,50,1,4,ok,cpu,2778179.0,2757499.0,2849318.0,33309.52750519058
10000000,float32,50,1,4,ok,gpu_fresh_handle,4006601.0,3881383.0,4197858.0,107283.11678207428
10000000,float32,50,1,4,ok,gpu_reused_handle,3906383.0,3825933.0,4059300.0,83668.09534390148
10000000,float32,50,1,4,ok,kernel_interval,251519.0,250430.0,358751.0,39964.727393278285
10000000,float32,50,1,4,ok,context_init,189063383.0,189063383.0,189063383.0,0
10000000,float32,50,1,4,ok,first_query,4199798.0,4199798.0,4199798.0,0
10000000,float32,50,50,1,ok,cpu,8270897.0,8017971.0,8636063.0,193733.46696723017
10000000,float32,50,50,1,ok,gpu_fresh_handle,3749245.0,3641767.0,3864262.0,78880.49445506913
10000000,float32,50,50,1,ok,gpu_reused_handle,3687426.0,3603267.0,3881972.0,97498.96947050017
10000000,float32,50,50,1,ok,kernel_interval,88480.0,81664.0,167679.0,30631.714387760494
10000000,float32,50,50,1,ok,context_init,187081623.0,187081623.0,187081623.0,0
10000000,float32,50,50,1,ok,first_query,4058190.0,4058190.0,4058190.0,0
10000000,float32,50,50,2,ok,cpu,8595743.0,8079351.0,8758280.0,273881.2357652231
10000000,float32,50,50,2,ok,gpu_fresh_handle,3843783.0,3736535.0,3925362.0,72002.29991796227
10000000,float32,50,50,2,ok,gpu_reused_handle,3750324.0,3711315.0,3840983.0,43316.03779367242
10000000,float32,50,50,2,ok,kernel_interval,150687.0,141279.0,253759.0,47805.62705522078
10000000,float32,50,50,2,ok,context_init,189928303.0,189928303.0,189928303.0,0
10000000,float32,50,50,2,ok,first_query,4046351.0,4046351.0,4046351.0,0
10000000,float32,50,50,4,ok,cpu,12323458.0,11953304.0,12902049.0,380220.60798148427
10000000,float32,50,50,4,ok,gpu_fresh_handle,4030341.0,3943121.0,4086789.0,47472.327675233726
10000000,float32,50,50,4,ok,gpu_reused_handle,3934872.0,3844643.0,3983501.0,51412.619643152095
10000000,float32,50,50,4,ok,kernel_interval,274080.0,264927.0,368638.0,36898.43238636878
10000000,float32,50,50,4,ok,context_init,187063096.0,187063096.0,187063096.0,0
10000000,float32,50,50,4,ok,first_query,4269667.0,4269667.0,4269667.0,0
10000000,float32,50,99,1,ok,cpu,14397827.0,13614888.0,15545111.0,595082.0014422982
10000000,float32,50,99,1,ok,gpu_fresh_handle,3798614.0,3740905.0,3889823.0,50731.6062453979
10000000,float32,50,99,1,ok,gpu_reused_handle,3721486.0,3652036.0,3844793.0,75582.11966401023
10000000,float32,50,99,1,ok,kernel_interval,101759.0,96831.0,178399.0,29528.93000012667
10000000,float32,50,99,1,ok,context_init,188912630.0,188912630.0,188912630.0,0
10000000,float32,50,99,1,ok,first_query,4012871.0,4012871.0,4012871.0,0
10000000,float32,50,99,2,ok,cpu,14174101.0,14012703.0,14721922.0,264159.0763359583
10000000,float32,50,99,2,ok,gpu_fresh_handle,3887153.0,3746315.0,3947062.0,74758.49098008231
10000000,float32,50,99,2,ok,gpu_reused_handle,3803584.0,3696565.0,3984621.0,88383.42281004424
10000000,float32,50,99,2,ok,kernel_interval,188223.0,176894.0,274815.0,48733.09081107005
10000000,float32,50,99,2,ok,context_init,188981700.0,188981700.0,188981700.0,0
10000000,float32,50,99,2,ok,first_query,4063150.0,4063150.0,4063150.0,0
10000000,float32,50,99,4,ok,cpu,22354350.0,21025939.0,24101774.0,1078550.5468735963
10000000,float32,50,99,4,ok,gpu_fresh_handle,4065000.0,3903203.0,4090060.0,64857.74756965835
10000000,float32,50,99,4,ok,gpu_reused_handle,3992601.0,3937081.0,4103369.0,63601.10938086057
10000000,float32,50,99,4,ok,kernel_interval,340735.0,334142.0,435743.0,46130.97847330752
10000000,float32,50,99,4,ok,context_init,186200873.0,186200873.0,186200873.0,0
10000000,float32,50,99,4,ok,first_query,4291406.0,4291406.0,4291406.0,0
10000000,float64,0,1,1,ok,cpu,3024765.0,2907257.0,3110844.0,66143.30755441623
10000000,float64,0,1,1,ok,gpu_fresh_handle,7292402.0,7066576.0,7457869.0,135357.44658706972
10000000,float64,0,1,1,ok,gpu_reused_handle,7124765.0,6973687.0,7242454.0,90988.64211851625
10000000,float64,0,1,1,ok,kernel_interval,211296.0,204991.0,269407.0,27674.610600779226
10000000,float64,0,1,1,ok,context_init,186214525.0,186214525.0,186214525.0,0
10000000,float64,0,1,1,ok,first_query,6973238.0,6973238.0,6973238.0,0
10000000,float64,0,1,2,ok,cpu,3107764.0,3078985.0,3147783.0,21636.035164027802
10000000,float64,0,1,2,ok,gpu_fresh_handle,7405282.0,7313372.0,7588408.0,95775.84035951566
10000000,float64,0,1,2,ok,gpu_reused_handle,7354701.0,7110646.0,7436060.0,115572.45514085835
10000000,float64,0,1,2,ok,kernel_interval,395903.0,386335.0,449727.0,29765.69500840411
10000000,float64,0,1,2,ok,context_init,189573716.0,189573716.0,189573716.0,0
10000000,float64,0,1,2,ok,first_query,7117405.0,7117405.0,7117405.0,0
10000000,float64,0,1,4,ok,cpu,3312951.0,3201973.0,3357331.0,53603.09770855021
10000000,float64,0,1,4,ok,gpu_fresh_handle,7804515.0,7671877.0,7897954.0,89875.44216567834
10000000,float64,0,1,4,ok,gpu_reused_handle,7753376.0,7692337.0,7898843.0,63850.11624108448
10000000,float64,0,1,4,ok,kernel_interval,755806.0,754749.0,819710.0,28711.828224618508
10000000,float64,0,1,4,ok,context_init,187498317.0,187498317.0,187498317.0,0
10000000,float64,0,1,4,ok,first_query,7475090.0,7475090.0,7475090.0,0
10000000,float64,0,50,1,ok,cpu,4630602.0,4491564.0,4719011.0,88169.37529523719
10000000,float64,0,50,1,ok,gpu_fresh_handle,7294843.0,7112926.0,7387202.0,89411.88692732506
10000000,float64,0,50,1,ok,gpu_reused_handle,7165235.0,7064076.0,7249544.0,59731.04040056002
10000000,float64,0,50,1,ok,kernel_interval,254942.99999999997,252191.0,312959.0,28017.331919809243
10000000,float64,0,50,1,ok,context_init,187202563.0,187202563.0,187202563.0,0
10000000,float64,0,50,1,ok,first_query,7040696.0,7040696.0,7040696.0,0
10000000,float64,0,50,2,ok,cpu,4741280.0,4578652.0,4810159.0,86558.30224189936
10000000,float64,0,50,2,ok,gpu_fresh_handle,7520560.0,7392811.0,7623108.0,82276.1521179335
10000000,float64,0,50,2,ok,gpu_reused_handle,7385711.0,7221664.0,7507760.0,119101.69765992502
10000000,float64,0,50,2,ok,kernel_interval,449375.0,447200.0,564287.0,45317.58580444084
10000000,float64,0,50,2,ok,context_init,188381338.0,188381338.0,188381338.0,0
10000000,float64,0,50,2,ok,first_query,7237523.0,7237523.0,7237523.0,0
10000000,float64,0,50,4,ok,cpu,6240149.0,6155339.0,6372476.0,69078.54292001518
10000000,float64,0,50,4,ok,gpu_fresh_handle,7916464.0,7809855.0,8086991.0,86151.8444937
10000000,float64,0,50,4,ok,gpu_reused_handle,7767636.0,7723836.0,7843385.0,37080.855859029136
10000000,float64,0,50,4,ok,kernel_interval,881119.0,872735.0,1039612.9999999999,60317.3776673577
10000000,float64,0,50,4,ok,context_init,191441495.0,191441495.0,191441495.0,0
10000000,float64,0,50,4,ok,first_query,7620828.0,7620828.0,7620828.0,0
10000000,float64,0,99,1,ok,cpu,8142341.0,7833925.0,8306578.0,167975.74802305468
10000000,float64,0,99,1,ok,gpu_fresh_handle,7289482.0,7180644.0,7341172.0,56514.06684433279
10000000,float64,0,99,1,ok,gpu_reused_handle,7213304.0,7037337.0,7303722.0,107411.10032708998
10000000,float64,0,99,1,ok,kernel_interval,294752.0,292640.0,299360.0,2293.874628118069
10000000,float64,0,99,1,ok,context_init,188165204.0,188165204.0,188165204.0,0
10000000,float64,0,99,1,ok,first_query,7029277.0,7029277.0,7029277.0,0
10000000,float64,0,99,2,ok,cpu,7981662.0,7687468.0,8224419.0,182651.53718123116
10000000,float64,0,99,2,ok,gpu_fresh_handle,7443900.0,7341902.0,7593999.0,98716.39461006223
10000000,float64,0,99,2,ok,gpu_reused_handle,7416051.0,7251863.0,7490649.0,83834.35104901524
10000000,float64,0,99,2,ok,kernel_interval,552318.0,501341.99999999994,564960.0,30761.37042584727
10000000,float64,0,99,2,ok,context_init,189301588.0,189301588.0,189301588.0,0
10000000,float64,0,99,2,ok,first_query,7443431.0,7443431.0,7443431.0,0
10000000,float64,0,99,4,ok,cpu,10714612.0,10580445.0,11103487.0,205234.75941862052
10000000,float64,0,99,4,ok,gpu_fresh_handle,8025902.0,7916224.0,8155671.0,91221.19601068081
10000000,float64,0,99,4,ok,gpu_reused_handle,7832785.0,7733866.0,7885215.0,57061.57806473718
10000000,float64,0,99,4,ok,kernel_interval,987679.0,978141.0,1037725.9999999999,27999.896343345503
10000000,float64,0,99,4,ok,context_init,191264491.0,191264491.0,191264491.0,0
10000000,float64,0,99,4,ok,first_query,7727357.0,7727357.0,7727357.0,0
10000000,float64,10,1,1,ok,cpu,3193743.0,3044775.0,3439830.0,125941.95713162019
10000000,float64,10,1,1,ok,gpu_fresh_handle,7328852.0,7247733.0,7405521.0,59121.537789298316
10000000,float64,10,1,1,ok,gpu_reused_handle,7307093.0,7179715.0,7363082.0,65952.85749179737
10000000,float64,10,1,1,ok,kernel_interval,213632.0,210720.0,279904.0,29450.666549979735
10000000,float64,10,1,1,ok,context_init,186492503.0,186492503.0,186492503.0,0
10000000,float64,10,1,1,ok,first_query,6993648.0,6993648.0,6993648.0,0
10000000,float64,10,1,2,ok,cpu,3298842.0,3241992.0,3356601.0,46993.13584779722
10000000,float64,10,1,2,ok,gpu_fresh_handle,7643988.0,7488821.0,7691738.0,70985.96651149739
10000000,float64,10,1,2,ok,gpu_reused_handle,7514499.0,7422581.0,7555879.0,49780.97894396059
10000000,float64,10,1,2,ok,kernel_interval,404767.0,393215.0,451742.0,20072.153212135177
10000000,float64,10,1,2,ok,context_init,187558929.0,187558929.0,187558929.0,0
10000000,float64,10,1,2,ok,first_query,7189314.0,7189314.0,7189314.0,0
10000000,float64,10,1,4,ok,cpu,3529298.0,3435330.0,3733545.0,104422.5974809412
10000000,float64,10,1,4,ok,gpu_fresh_handle,7939313.0,7837335.0,8001062.0,56214.26684570386
10000000,float64,10,1,4,ok,gpu_reused_handle,7888364.0,7777317.0,8266269.0,173457.46352046193
10000000,float64,10,1,4,ok,kernel_interval,775392.0,772319.0,836222.0,27688.125281771023
10000000,float64,10,1,4,ok,context_init,187671448.0,187671448.0,187671448.0,0
10000000,float64,10,1,4,ok,first_query,7519700.0,7519700.0,7519700.0,0
10000000,float64,10,50,1,ok,cpu,8585944.0,8292058.0,8680983.0,141121.40470986575
10000000,float64,10,50,1,ok,gpu_fresh_handle,7526660.0,7269773.0,7578429.0,116604.19076067713
10000000,float64,10,50,1,ok,gpu_reused_handle,7273683.0,7227764.0,7444581.0,70567.10620260352
10000000,float64,10,50,1,ok,kernel_interval,252543.00000000003,249311.0,318271.0,24783.9548460193
10000000,float64,10,50,1,ok,context_init,187547431.0,187547431.0,187547431.0,0
10000000,float64,10,50,1,ok,first_query,7072376.0,7072376.0,7072376.0,0
10000000,float64,10,50,2,ok,cpu,8490535.0,8165901.0,8637343.0,178405.9524108404
10000000,float64,10,50,2,ok,gpu_fresh_handle,7579339.0,7387122.0,7671728.0,87110.83032633117
10000000,float64,10,50,2,ok,gpu_reused_handle,7461261.0,7313723.0,7545170.0,84194.68982746392
10000000,float64,10,50,2,ok,kernel_interval,509727.00000000006,453406.0,581406.0,46930.347892737096
10000000,float64,10,50,2,ok,context_init,189186079.0,189186079.0,189186079.0,0
10000000,float64,10,50,2,ok,first_query,7142836.0,7142836.0,7142836.0,0
10000000,float64,10,50,4,ok,cpu,10081953.0,9409232.0,10251580.0,321015.5291222203
10000000,float64,10,50,4,ok,gpu_fresh_handle,8118611.0,8064211.0,8614053.0,194616.79653604512
10000000,float64,10,50,4,ok,gpu_reused_handle,8040063.0,8006173.0,8182031.0,70498.76137615064
10000000,float64,10,50,4,ok,kernel_interval,963967.0,898366.0,1045759.0000000001,52384.83203316451
10000000,float64,10,50,4,ok,context_init,185622282.0,185622282.0,185622282.0,0
10000000,float64,10,50,4,ok,first_query,7770267.0,7770267.0,7770267.0,0
10000000,float64,10,99,1,ok,cpu,19009132.0,17628992.0,19629603.0,743676.2322008659
10000000,float64,10,99,1,ok,gpu_fresh_handle,7522100.0,7375832.0,7612368.0,89728.44002029786
10000000,float64,10,99,1,ok,gpu_reused_handle,7370612.0,7292803.0,7474991.0,64947.583842665
10000000,float64,10,99,1,ok,kernel_interval,300543.0,290399.0,353056.0,27965.925394001486
10000000,float64,10,99,1,ok,context_init,184112375.0,184112375.0,184112375.0,0
10000000,float64,10,99,1,ok,first_query,7097206.0,7097206.0,7097206.0,0
10000000,float64,10,99,2,ok,cpu,18384331.0,17120950.0,19980508.0,1081917.846686724
10000000,float64,10,99,2,ok,gpu_fresh_handle,7657548.0,7507250.0,7754817.0,80933.75749104355
10000000,float64,10,99,2,ok,gpu_reused_handle,7539800.0,7520391.0,7805986.0,108753.8925387654
10000000,float64,10,99,2,ok,kernel_interval,512125.99999999994,504190.99999999994,655744.0,56773.348896752446
10000000,float64,10,99,2,ok,context_init,187192412.0,187192412.0,187192412.0,0
10000000,float64,10,99,2,ok,first_query,7365472.0,7365472.0,7365472.0,0
10000000,float64,10,99,4,ok,cpu,21263719.0,19250099.0,22397703.0,1030982.0771035095
10000000,float64,10,99,4,ok,gpu_fresh_handle,8147721.0,8056362.0,8373347.0,108427.61751048485
10000000,float64,10,99,4,ok,gpu_reused_handle,8095731.0,8007383.0,8363788.0,116829.72437371447
10000000,float64,10,99,4,ok,kernel_interval,1057629.0,1004351.0,1233021.0,72332.394321862
10000000,float64,10,99,4,ok,context_init,193624350.0,193624350.0,193624350.0,0
10000000,float64,10,99,4,ok,first_query,7754296.0,7754296.0,7754296.0,0
10000000,float64,50,1,1,ok,cpu,3175674.0,2927948.0,3256583.0,105805.03739650674
10000000,float64,50,1,1,ok,gpu_fresh_handle,7374462.0,7218544.0,7449221.0,83294.8023748581
10000000,float64,50,1,1,ok,gpu_reused_handle,7383262.0,7235854.0,7483000.0,95306.99654749782
10000000,float64,50,1,1,ok,kernel_interval,210528.0,208128.0,263583.0,19849.004759745032
10000000,float64,50,1,1,ok,context_init,185579829.0,185579829.0,185579829.0,0
10000000,float64,50,1,1,ok,first_query,7010228.0,7010228.0,7010228.0,0
10000000,float64,50,1,2,ok,cpu,3344451.0,3142764.0,3418890.0,102037.91432086595
10000000,float64,50,1,2,ok,gpu_fresh_handle,7727967.0,7642329.0,7868195.0,68664.2552296178
10000000,float64,50,1,2,ok,gpu_reused_handle,7618569.0,7494161.0,8056443.0,186518.0750499354
10000000,float64,50,1,2,ok,kernel_interval,414558.0,400446.0,456798.0,24855.912246768326
10000000,float64,50,1,2,ok,context_init,190195573.0,190195573.0,190195573.0,0
10000000,float64,50,1,2,ok,first_query,7266724.0,7266724.0,7266724.0,0
10000000,float64,50,1,4,ok,cpu,3408130.0,3309661.0,3601688.0,100555.82050923613
10000000,float64,50,1,4,ok,gpu_fresh_handle,8063352.0,7851115.0,8229429.0,143543.52928027825
10000000,float64,50,1,4,ok,gpu_reused_handle,7905685.0,7880036.0,8135731.0,95858.82566019877
10000000,float64,50,1,4,ok,kernel_interval,777565.0,765503.0,972415.0,74306.78209032502
10000000,float64,50,1,4,ok,context_init,187554672.0,187554672.0,187554672.0,0
10000000,float64,50,1,4,ok,first_query,7605609.0,7605609.0,7605609.0,0
10000000,float64,50,50,1,ok,cpu,6310938.0,6193910.0,6433566.0,77888.95185974403
10000000,float64,50,50,1,ok,gpu_fresh_handle,7323954.0,7155495.0,7547870.0,121605.18218104735
10000000,float64,50,50,1,ok,gpu_reused_handle,7205945.0,7101387.0,7329953.0,78717.07284954135
10000000,float64,50,50,1,ok,kernel_interval,259424.0,249696.0,316096.0,31315.577139363544
10000000,float64,50,50,1,ok,context_init,191405438.0,191405438.0,191405438.0,0
10000000,float64,50,50,1,ok,first_query,6978148.0,6978148.0,6978148.0,0
10000000,float64,50,50,2,ok,cpu,6458316.0,6340108.0,6562434.0,78262.73175595625
10000000,float64,50,50,2,ok,gpu_fresh_handle,7474301.0,7438432.0,7622209.0,65624.21786563395
10000000,float64,50,50,2,ok,gpu_reused_handle,7550809.0,7428041.0,7781077.0,135204.5098356736
10000000,float64,50,50,2,ok,kernel_interval,462048.0,453726.0,508414.00000000006,19211.345835456836
10000000,float64,50,50,2,ok,context_init,186203645.0,186203645.0,186203645.0,0
10000000,float64,50,50,2,ok,first_query,7210645.0,7210645.0,7210645.0,0
10000000,float64,50,50,4,ok,cpu,7601400.0,7529040.0,7769187.0,80522.73856258894
10000000,float64,50,50,4,ok,gpu_fresh_handle,8172040.0,8146861.0,8290139.0,56316.54744219965
10000000,float64,50,50,4,ok,gpu_reused_handle,8104242.0,7961064.0,8192920.0,88417.82549431341
10000000,float64,50,50,4,ok,kernel_interval,900543.0,898782.0,909279.0,3761.8194559345375
10000000,float64,50,50,4,ok,context_init,189717555.0,189717555.0,189717555.0,0
10000000,float64,50,50,4,ok,first_query,7729818.0,7729818.0,7729818.0,0
10000000,float64,50,99,1,ok,cpu,10060993.0,9871656.0,10430318.0,200068.2597580612
10000000,float64,50,99,1,ok,gpu_fresh_handle,7512071.0,7419653.0,7565230.0,58912.375338293736
10000000,float64,50,99,1,ok,gpu_reused_handle,7299973.0,7198695.0,7444541.0,77584.54771715944
10000000,float64,50,99,1,ok,kernel_interval,344799.0,289855.0,354016.0,30803.352895732758
10000000,float64,50,99,1,ok,context_init,189394521.0,189394521.0,189394521.0,0
10000000,float64,50,99,1,ok,first_query,7045567.0,7045567.0,7045567.0,0
10000000,float64,50,99,2,ok,cpu,10251331.0,9819987.0,10458608.0,239703.70366727654
10000000,float64,50,99,2,ok,gpu_fresh_handle,7526720.0,7445982.0,7702188.0,79350.93293867499
10000000,float64,50,99,2,ok,gpu_reused_handle,7576550.0,7440852.0,7661509.0,71161.42005997618
10000000,float64,50,99,2,ok,kernel_interval,564703.0,560479.0,573440.0,4699.158556896878
10000000,float64,50,99,2,ok,context_init,184835719.0,184835719.0,184835719.0,0
10000000,float64,50,99,2,ok,first_query,7211865.0,7211865.0,7211865.0,0
10000000,float64,50,99,4,ok,cpu,11992756.0,11759749.0,12191903.0,155415.57589434666
10000000,float64,50,99,4,ok,gpu_fresh_handle,8225791.0,7996594.0,8368328.0,128216.35675610785
10000000,float64,50,99,4,ok,gpu_reused_handle,8067722.0,7893185.0,8200591.0,105446.8594221753
10000000,float64,50,99,4,ok,kernel_interval,1011644.9999999999,1002880.0,1067230.0,30801.876568528398
10000000,float64,50,99,4,ok,context_init,185133936.0,185133936.0,185133936.0,0
10000000,float64,50,99,4,ok,first_query,7777016.0,7777016.0,7777016.0,0
