machine,case,threads,rows,columns,round,variant,sample,ns
Threadripper3970X,import,4,65536,2,0,baseline,0,25529
Threadripper3970X,import,4,65536,2,0,baseline,1,31199
Threadripper3970X,import,4,65536,2,0,baseline,2,24869
Threadripper3970X,import,4,65536,2,0,baseline,3,24529
Threadripper3970X,import,4,65536,2,0,baseline,4,25409
Threadripper3970X,import,4,65536,2,0,candidate,0,29509
Threadripper3970X,import,4,65536,2,0,candidate,1,26169
Threadripper3970X,import,4,65536,2,0,candidate,2,26099
Threadripper3970X,import,4,65536,2,0,candidate,3,25189
Threadripper3970X,import,4,65536,2,0,candidate,4,25639
Threadripper3970X,import,4,65536,2,1,candidate,0,26320
Threadripper3970X,import,4,65536,2,1,candidate,1,26469
Threadripper3970X,import,4,65536,2,1,candidate,2,25780
Threadripper3970X,import,4,65536,2,1,candidate,3,24959
Threadripper3970X,import,4,65536,2,1,candidate,4,25829
Threadripper3970X,import,4,65536,2,1,baseline,0,49589
Threadripper3970X,import,4,65536,2,1,baseline,1,49009
Threadripper3970X,import,4,65536,2,1,baseline,2,48759
Threadripper3970X,import,4,65536,2,1,baseline,3,37619
Threadripper3970X,import,4,65536,2,1,baseline,4,38078
Threadripper3970X,import,4,65536,8,0,baseline,0,771199
Threadripper3970X,import,4,65536,8,0,baseline,1,110017
Threadripper3970X,import,4,65536,8,0,baseline,2,110597
Threadripper3970X,import,4,65536,8,0,baseline,3,109387
Threadripper3970X,import,4,65536,8,0,baseline,4,111907
Threadripper3970X,import,4,65536,8,0,candidate,0,755079
Threadripper3970X,import,4,65536,8,0,candidate,1,102337
Threadripper3970X,import,4,65536,8,0,candidate,2,102357
Threadripper3970X,import,4,65536,8,0,candidate,3,100817
Threadripper3970X,import,4,65536,8,0,candidate,4,102717
Threadripper3970X,import,4,65536,8,1,candidate,0,888745
Threadripper3970X,import,4,65536,8,1,candidate,1,113217
Threadripper3970X,import,4,65536,8,1,candidate,2,109537
Threadripper3970X,import,4,65536,8,1,candidate,3,112567
Threadripper3970X,import,4,65536,8,1,candidate,4,109477
Threadripper3970X,import,4,65536,8,1,baseline,0,828747
Threadripper3970X,import,4,65536,8,1,baseline,1,108257
Threadripper3970X,import,4,65536,8,1,baseline,2,107587
Threadripper3970X,import,4,65536,8,1,baseline,3,107867
Threadripper3970X,import,4,65536,8,1,baseline,4,116136
Threadripper3970X,import,4,125000,2,0,baseline,0,46849
Threadripper3970X,import,4,125000,2,0,baseline,1,45989
Threadripper3970X,import,4,125000,2,0,baseline,2,45738
Threadripper3970X,import,4,125000,2,0,baseline,3,47299
Threadripper3970X,import,4,125000,2,0,baseline,4,46008
Threadripper3970X,import,4,125000,2,0,candidate,0,45518
Threadripper3970X,import,4,125000,2,0,candidate,1,51109
Threadripper3970X,import,4,125000,2,0,candidate,2,44999
Threadripper3970X,import,4,125000,2,0,candidate,3,44849
Threadripper3970X,import,4,125000,2,0,candidate,4,45059
Threadripper3970X,import,4,125000,2,1,candidate,0,44969
Threadripper3970X,import,4,125000,2,1,candidate,1,45269
Threadripper3970X,import,4,125000,2,1,candidate,2,45618
Threadripper3970X,import,4,125000,2,1,candidate,3,48988
Threadripper3970X,import,4,125000,2,1,candidate,4,49539
Threadripper3970X,import,4,125000,2,1,baseline,0,48929
Threadripper3970X,import,4,125000,2,1,baseline,1,46208
Threadripper3970X,import,4,125000,2,1,baseline,2,45889
Threadripper3970X,import,4,125000,2,1,baseline,3,45638
Threadripper3970X,import,4,125000,2,1,baseline,4,46048
Threadripper3970X,import,4,125000,8,0,baseline,0,414659
Threadripper3970X,import,4,125000,8,0,baseline,1,477837
Threadripper3970X,import,4,125000,8,0,baseline,2,469307
Threadripper3970X,import,4,125000,8,0,baseline,3,457267
Threadripper3970X,import,4,125000,8,0,baseline,4,461607
Threadripper3970X,import,4,125000,8,0,candidate,0,408239
Threadripper3970X,import,4,125000,8,0,candidate,1,456548
Threadripper3970X,import,4,125000,8,0,candidate,2,454417
Threadripper3970X,import,4,125000,8,0,candidate,3,443138
Threadripper3970X,import,4,125000,8,0,candidate,4,462717
Threadripper3970X,import,4,125000,8,1,candidate,0,410908
Threadripper3970X,import,4,125000,8,1,candidate,1,472517
Threadripper3970X,import,4,125000,8,1,candidate,2,464407
Threadripper3970X,import,4,125000,8,1,candidate,3,467407
Threadripper3970X,import,4,125000,8,1,candidate,4,454777
Threadripper3970X,import,4,125000,8,1,baseline,0,422188
Threadripper3970X,import,4,125000,8,1,baseline,1,474657
Threadripper3970X,import,4,125000,8,1,baseline,2,465787
Threadripper3970X,import,4,125000,8,1,baseline,3,461757
Threadripper3970X,import,4,125000,8,1,baseline,4,464617
Threadripper3970X,import,4,250000,2,0,baseline,0,103907
Threadripper3970X,import,4,250000,2,0,baseline,1,92288
Threadripper3970X,import,4,250000,2,0,baseline,2,91678
Threadripper3970X,import,4,250000,2,0,baseline,3,91987
Threadripper3970X,import,4,250000,2,0,baseline,4,96898
Threadripper3970X,import,4,250000,2,0,candidate,0,92757
Threadripper3970X,import,4,250000,2,0,candidate,1,88637
Threadripper3970X,import,4,250000,2,0,candidate,2,88387
Threadripper3970X,import,4,250000,2,0,candidate,3,86207
Threadripper3970X,import,4,250000,2,0,candidate,4,87177
Threadripper3970X,import,4,250000,2,1,candidate,0,93748
Threadripper3970X,import,4,250000,2,1,candidate,1,92067
Threadripper3970X,import,4,250000,2,1,candidate,2,91127
Threadripper3970X,import,4,250000,2,1,candidate,3,91667
Threadripper3970X,import,4,250000,2,1,candidate,4,92658
Threadripper3970X,import,4,250000,2,1,baseline,0,93547
Threadripper3970X,import,4,250000,2,1,baseline,1,97747
Threadripper3970X,import,4,250000,2,1,baseline,2,102877
Threadripper3970X,import,4,250000,2,1,baseline,3,104157
Threadripper3970X,import,4,250000,2,1,baseline,4,102197
Threadripper3970X,import,4,250000,8,0,baseline,0,1455819
Threadripper3970X,import,4,250000,8,0,baseline,1,1630254
Threadripper3970X,import,4,250000,8,0,baseline,2,1637744
Threadripper3970X,import,4,250000,8,0,baseline,3,1630654
Threadripper3970X,import,4,250000,8,0,baseline,4,1645094
Threadripper3970X,import,4,250000,8,0,candidate,0,1007392
Threadripper3970X,import,4,250000,8,0,candidate,1,1037051
Threadripper3970X,import,4,250000,8,0,candidate,2,1169347
Threadripper3970X,import,4,250000,8,0,candidate,3,1128088
Threadripper3970X,import,4,250000,8,0,candidate,4,997283
Threadripper3970X,import,4,250000,8,1,candidate,0,1106078
Threadripper3970X,import,4,250000,8,1,candidate,1,1152617
Threadripper3970X,import,4,250000,8,1,candidate,2,1144018
Threadripper3970X,import,4,250000,8,1,candidate,3,1066840
Threadripper3970X,import,4,250000,8,1,candidate,4,1062020
Threadripper3970X,import,4,250000,8,1,baseline,0,1568916
Threadripper3970X,import,4,250000,8,1,baseline,1,1626164
Threadripper3970X,import,4,250000,8,1,baseline,2,1671853
Threadripper3970X,import,4,250000,8,1,baseline,3,1633024
Threadripper3970X,import,4,250000,8,1,baseline,4,1732832
Threadripper3970X,import,4,1000000,2,0,baseline,0,1474679
Threadripper3970X,import,4,1000000,2,0,baseline,1,1649353
Threadripper3970X,import,4,1000000,2,0,baseline,2,1658184
Threadripper3970X,import,4,1000000,2,0,baseline,3,1690712
Threadripper3970X,import,4,1000000,2,0,baseline,4,1688653
Threadripper3970X,import,4,1000000,2,0,candidate,0,1102849
Threadripper3970X,import,4,1000000,2,0,candidate,1,1337493
Threadripper3970X,import,4,1000000,2,0,candidate,2,1247595
Threadripper3970X,import,4,1000000,2,0,candidate,3,1227316
Threadripper3970X,import,4,1000000,2,0,candidate,4,1230286
Threadripper3970X,import,4,1000000,2,1,candidate,0,1150968
Threadripper3970X,import,4,1000000,2,1,candidate,1,1421180
Threadripper3970X,import,4,1000000,2,1,candidate,2,1243165
Threadripper3970X,import,4,1000000,2,1,candidate,3,1235506
Threadripper3970X,import,4,1000000,2,1,candidate,4,1225595
Threadripper3970X,import,4,1000000,2,1,baseline,0,1487899
Threadripper3970X,import,4,1000000,2,1,baseline,1,1628724
Threadripper3970X,import,4,1000000,2,1,baseline,2,1602855
Threadripper3970X,import,4,1000000,2,1,baseline,3,1631084
Threadripper3970X,import,4,1000000,2,1,baseline,4,1632304
Threadripper3970X,import,4,1000000,8,0,baseline,0,25275591
Threadripper3970X,import,4,1000000,8,0,baseline,1,7059852
Threadripper3970X,import,4,1000000,8,0,baseline,2,6697622
Threadripper3970X,import,4,1000000,8,0,baseline,3,7041662
Threadripper3970X,import,4,1000000,8,0,baseline,4,6733291
Threadripper3970X,import,4,1000000,8,0,candidate,0,9433455
Threadripper3970X,import,4,1000000,8,0,candidate,1,3503972
Threadripper3970X,import,4,1000000,8,0,candidate,2,3224240
Threadripper3970X,import,4,1000000,8,0,candidate,3,3336847
Threadripper3970X,import,4,1000000,8,0,candidate,4,3140682
Threadripper3970X,import,4,1000000,8,1,candidate,0,10254543
Threadripper3970X,import,4,1000000,8,1,candidate,1,3441114
Threadripper3970X,import,4,1000000,8,1,candidate,2,3187991
Threadripper3970X,import,4,1000000,8,1,candidate,3,3520791
Threadripper3970X,import,4,1000000,8,1,candidate,4,3108803
Threadripper3970X,import,4,1000000,8,1,baseline,0,25465255
Threadripper3970X,import,4,1000000,8,1,baseline,1,6765390
Threadripper3970X,import,4,1000000,8,1,baseline,2,6748611
Threadripper3970X,import,4,1000000,8,1,baseline,3,6728081
Threadripper3970X,import,4,1000000,8,1,baseline,4,6724561
Threadripper3970X,import,4,10000000,2,0,baseline,0,77687601
Threadripper3970X,import,4,10000000,2,0,baseline,1,49301397
Threadripper3970X,import,4,10000000,2,0,baseline,2,47373301
Threadripper3970X,import,4,10000000,2,0,baseline,3,47919726
Threadripper3970X,import,4,10000000,2,0,baseline,4,17840230
Threadripper3970X,import,4,10000000,2,0,candidate,0,43872440
Threadripper3970X,import,4,10000000,2,0,candidate,1,40952571
Threadripper3970X,import,4,10000000,2,0,candidate,2,41131776
Threadripper3970X,import,4,10000000,2,0,candidate,3,41196435
Threadripper3970X,import,4,10000000,2,0,candidate,4,10532365
Threadripper3970X,import,4,10000000,2,1,candidate,0,44495203
Threadripper3970X,import,4,10000000,2,1,candidate,1,41121617
Threadripper3970X,import,4,10000000,2,1,candidate,2,40885193
Threadripper3970X,import,4,10000000,2,1,candidate,3,41034279
Threadripper3970X,import,4,10000000,2,1,candidate,4,10688890
Threadripper3970X,import,4,10000000,2,1,baseline,0,81325490
Threadripper3970X,import,4,10000000,2,1,baseline,1,50187623
Threadripper3970X,import,4,10000000,2,1,baseline,2,47596095
Threadripper3970X,import,4,10000000,2,1,baseline,3,47700443
Threadripper3970X,import,4,10000000,2,1,baseline,4,17553897
Threadripper3970X,import,4,10000000,8,0,baseline,0,307697905
Threadripper3970X,import,4,10000000,8,0,baseline,1,65850634
Threadripper3970X,import,4,10000000,8,0,baseline,2,64990778
Threadripper3970X,import,4,10000000,8,0,baseline,3,64901501
Threadripper3970X,import,4,10000000,8,0,baseline,4,64874562
Threadripper3970X,import,4,10000000,8,0,candidate,0,88432372
Threadripper3970X,import,4,10000000,8,0,candidate,1,34833984
Threadripper3970X,import,4,10000000,8,0,candidate,2,34588910
Threadripper3970X,import,4,10000000,8,0,candidate,3,35433847
Threadripper3970X,import,4,10000000,8,0,candidate,4,35660011
Threadripper3970X,import,4,10000000,8,1,candidate,0,88878551
Threadripper3970X,import,4,10000000,8,1,candidate,1,31949515
Threadripper3970X,import,4,10000000,8,1,candidate,2,32094522
Threadripper3970X,import,4,10000000,8,1,candidate,3,34697218
Threadripper3970X,import,4,10000000,8,1,candidate,4,32401543
Threadripper3970X,import,4,10000000,8,1,baseline,0,314095088
Threadripper3970X,import,4,10000000,8,1,baseline,1,67683666
Threadripper3970X,import,4,10000000,8,1,baseline,2,66010152
Threadripper3970X,import,4,10000000,8,1,baseline,3,66395332
Threadripper3970X,import,4,10000000,8,1,baseline,4,66397422
Threadripper3970X,read,4,1000000,8,0,baseline,0,73044826
Threadripper3970X,read,4,1000000,8,0,candidate,0,47870640
Threadripper3970X,read,4,1000000,8,1,candidate,0,44962952
Threadripper3970X,read,4,1000000,8,1,baseline,0,64191944
Threadripper3970X,read,4,1000000,8,2,baseline,0,63756936
Threadripper3970X,read,4,1000000,8,2,candidate,0,55215295
Threadripper3970X,read,4,10000000,8,0,baseline,0,580683324
Threadripper3970X,read,4,10000000,8,0,candidate,0,506803143
Threadripper3970X,read,4,10000000,8,1,candidate,0,443693319
Threadripper3970X,read,4,10000000,8,1,baseline,0,572338142
Threadripper3970X,read,4,10000000,8,2,baseline,0,577812830
Threadripper3970X,read,4,10000000,8,2,candidate,0,447530474
Threadripper3970X,import,8,65536,2,0,baseline,0,25949
Threadripper3970X,import,8,65536,2,0,baseline,1,25179
Threadripper3970X,import,8,65536,2,0,baseline,2,24969
Threadripper3970X,import,8,65536,2,0,baseline,3,24620
Threadripper3970X,import,8,65536,2,0,baseline,4,25219
Threadripper3970X,import,8,65536,2,0,candidate,0,26609
Threadripper3970X,import,8,65536,2,0,candidate,1,28959
Threadripper3970X,import,8,65536,2,0,candidate,2,25000
Threadripper3970X,import,8,65536,2,0,candidate,3,25080
Threadripper3970X,import,8,65536,2,0,candidate,4,25829
Threadripper3970X,import,8,65536,2,1,candidate,0,26139
Threadripper3970X,import,8,65536,2,1,candidate,1,26129
Threadripper3970X,import,8,65536,2,1,candidate,2,25929
Threadripper3970X,import,8,65536,2,1,candidate,3,25579
Threadripper3970X,import,8,65536,2,1,candidate,4,26050
Threadripper3970X,import,8,65536,2,1,baseline,0,26270
Threadripper3970X,import,8,65536,2,1,baseline,1,25449
Threadripper3970X,import,8,65536,2,1,baseline,2,25360
Threadripper3970X,import,8,65536,2,1,baseline,3,24709
Threadripper3970X,import,8,65536,2,1,baseline,4,25830
Threadripper3970X,import,8,65536,8,0,baseline,0,773568
Threadripper3970X,import,8,65536,8,0,baseline,1,108757
Threadripper3970X,import,8,65536,8,0,baseline,2,113267
Threadripper3970X,import,8,65536,8,0,baseline,3,108087
Threadripper3970X,import,8,65536,8,0,baseline,4,108317
Threadripper3970X,import,8,65536,8,0,candidate,0,760598
Threadripper3970X,import,8,65536,8,0,candidate,1,108677
Threadripper3970X,import,8,65536,8,0,candidate,2,104937
Threadripper3970X,import,8,65536,8,0,candidate,3,103407
Threadripper3970X,import,8,65536,8,0,candidate,4,101687
Threadripper3970X,import,8,65536,8,1,candidate,0,766559
Threadripper3970X,import,8,65536,8,1,candidate,1,101207
Threadripper3970X,import,8,65536,8,1,candidate,2,102127
Threadripper3970X,import,8,65536,8,1,candidate,3,99897
Threadripper3970X,import,8,65536,8,1,candidate,4,109917
Threadripper3970X,import,8,65536,8,1,baseline,0,787578
Threadripper3970X,import,8,65536,8,1,baseline,1,109797
Threadripper3970X,import,8,65536,8,1,baseline,2,108237
Threadripper3970X,import,8,65536,8,1,baseline,3,112507
Threadripper3970X,import,8,65536,8,1,baseline,4,109997
Threadripper3970X,import,8,125000,2,0,baseline,0,43769
Threadripper3970X,import,8,125000,2,0,baseline,1,45358
Threadripper3970X,import,8,125000,2,0,baseline,2,52779
Threadripper3970X,import,8,125000,2,0,baseline,3,43919
Threadripper3970X,import,8,125000,2,0,baseline,4,45269
Threadripper3970X,import,8,125000,2,0,candidate,0,68218
Threadripper3970X,import,8,125000,2,0,candidate,1,67998
Threadripper3970X,import,8,125000,2,0,candidate,2,66848
Threadripper3970X,import,8,125000,2,0,candidate,3,66558
Threadripper3970X,import,8,125000,2,0,candidate,4,67328
Threadripper3970X,import,8,125000,2,1,candidate,0,47649
Threadripper3970X,import,8,125000,2,1,candidate,1,58389
Threadripper3970X,import,8,125000,2,1,candidate,2,44138
Threadripper3970X,import,8,125000,2,1,candidate,3,47019
Threadripper3970X,import,8,125000,2,1,candidate,4,44619
Threadripper3970X,import,8,125000,2,1,baseline,0,46458
Threadripper3970X,import,8,125000,2,1,baseline,1,45799
Threadripper3970X,import,8,125000,2,1,baseline,2,45279
Threadripper3970X,import,8,125000,2,1,baseline,3,52348
Threadripper3970X,import,8,125000,2,1,baseline,4,45619
Threadripper3970X,import,8,125000,8,0,baseline,0,421108
Threadripper3970X,import,8,125000,8,0,baseline,1,493407
Threadripper3970X,import,8,125000,8,0,baseline,2,467737
Threadripper3970X,import,8,125000,8,0,baseline,3,471587
Threadripper3970X,import,8,125000,8,0,baseline,4,488197
Threadripper3970X,import,8,125000,8,0,candidate,0,411879
Threadripper3970X,import,8,125000,8,0,candidate,1,458857
Threadripper3970X,import,8,125000,8,0,candidate,2,455237
Threadripper3970X,import,8,125000,8,0,candidate,3,443017
Threadripper3970X,import,8,125000,8,0,candidate,4,442097
Threadripper3970X,import,8,125000,8,1,candidate,0,397989
Threadripper3970X,import,8,125000,8,1,candidate,1,475677
Threadripper3970X,import,8,125000,8,1,candidate,2,462367
Threadripper3970X,import,8,125000,8,1,candidate,3,457557
Threadripper3970X,import,8,125000,8,1,candidate,4,466177
Threadripper3970X,import,8,125000,8,1,baseline,0,418728
Threadripper3970X,import,8,125000,8,1,baseline,1,500426
Threadripper3970X,import,8,125000,8,1,baseline,2,472307
Threadripper3970X,import,8,125000,8,1,baseline,3,479617
Threadripper3970X,import,8,125000,8,1,baseline,4,475837
Threadripper3970X,import,8,250000,2,0,baseline,0,97777
Threadripper3970X,import,8,250000,2,0,baseline,1,98917
Threadripper3970X,import,8,250000,2,0,baseline,2,93688
Threadripper3970X,import,8,250000,2,0,baseline,3,94607
Threadripper3970X,import,8,250000,2,0,baseline,4,94847
Threadripper3970X,import,8,250000,2,0,candidate,0,91017
Threadripper3970X,import,8,250000,2,0,candidate,1,87177
Threadripper3970X,import,8,250000,2,0,candidate,2,91808
Threadripper3970X,import,8,250000,2,0,candidate,3,86848
Threadripper3970X,import,8,250000,2,0,candidate,4,86737
Threadripper3970X,import,8,250000,2,1,candidate,0,132516
Threadripper3970X,import,8,250000,2,1,candidate,1,840386
Threadripper3970X,import,8,250000,2,1,candidate,2,115977
Threadripper3970X,import,8,250000,2,1,candidate,3,93227
Threadripper3970X,import,8,250000,2,1,candidate,4,93267
Threadripper3970X,import,8,250000,2,1,baseline,0,87348
Threadripper3970X,import,8,250000,2,1,baseline,1,91627
Threadripper3970X,import,8,250000,2,1,baseline,2,89088
Threadripper3970X,import,8,250000,2,1,baseline,3,87668
Threadripper3970X,import,8,250000,2,1,baseline,4,87007
Threadripper3970X,import,8,250000,8,0,baseline,0,1475589
Threadripper3970X,import,8,250000,8,0,baseline,1,1649154
Threadripper3970X,import,8,250000,8,0,baseline,2,1666173
Threadripper3970X,import,8,250000,8,0,baseline,3,1658023
Threadripper3970X,import,8,250000,8,0,baseline,4,1650354
Threadripper3970X,import,8,250000,8,0,candidate,0,968333
Threadripper3970X,import,8,250000,8,0,candidate,1,1072740
Threadripper3970X,import,8,250000,8,0,candidate,2,1133928
Threadripper3970X,import,8,250000,8,0,candidate,3,1061531
Threadripper3970X,import,8,250000,8,0,candidate,4,1085600
Threadripper3970X,import,8,250000,8,1,candidate,0,1025151
Threadripper3970X,import,8,250000,8,1,candidate,1,1070140
Threadripper3970X,import,8,250000,8,1,candidate,2,1200746
Threadripper3970X,import,8,250000,8,1,candidate,3,1046291
Threadripper3970X,import,8,250000,8,1,candidate,4,1025001
Threadripper3970X,import,8,250000,8,1,baseline,0,1467708
Threadripper3970X,import,8,250000,8,1,baseline,1,1660114
Threadripper3970X,import,8,250000,8,1,baseline,2,1649754
Threadripper3970X,import,8,250000,8,1,baseline,3,1669443
Threadripper3970X,import,8,250000,8,1,baseline,4,1656474
Threadripper3970X,import,8,1000000,2,0,baseline,0,1473049
Threadripper3970X,import,8,1000000,2,0,baseline,1,1631244
Threadripper3970X,import,8,1000000,2,0,baseline,2,1663603
Threadripper3970X,import,8,1000000,2,0,baseline,3,1654434
Threadripper3970X,import,8,1000000,2,0,baseline,4,1641894
Threadripper3970X,import,8,1000000,2,0,candidate,0,1074570
Threadripper3970X,import,8,1000000,2,0,candidate,1,1236815
Threadripper3970X,import,8,1000000,2,0,candidate,2,1236246
Threadripper3970X,import,8,1000000,2,0,candidate,3,1535537
Threadripper3970X,import,8,1000000,2,0,candidate,4,1231035
Threadripper3970X,import,8,1000000,2,1,candidate,0,1122839
Threadripper3970X,import,8,1000000,2,1,candidate,1,1258035
Threadripper3970X,import,8,1000000,2,1,candidate,2,1266814
Threadripper3970X,import,8,1000000,2,1,candidate,3,1415740
Threadripper3970X,import,8,1000000,2,1,candidate,4,1363461
Threadripper3970X,import,8,1000000,2,1,baseline,0,1475659
Threadripper3970X,import,8,1000000,2,1,baseline,1,1641724
Threadripper3970X,import,8,1000000,2,1,baseline,2,1614015
Threadripper3970X,import,8,1000000,2,1,baseline,3,1730532
Threadripper3970X,import,8,1000000,2,1,baseline,4,1612065
Threadripper3970X,import,8,1000000,8,0,baseline,0,25526216
Threadripper3970X,import,8,1000000,8,0,baseline,1,6663543
Threadripper3970X,import,8,1000000,8,0,baseline,2,6673753
Threadripper3970X,import,8,1000000,8,0,baseline,3,6682853
Threadripper3970X,import,8,1000000,8,0,baseline,4,6630574
Threadripper3970X,import,8,1000000,8,0,candidate,0,8169692
Threadripper3970X,import,8,1000000,8,0,candidate,1,2836721
Threadripper3970X,import,8,1000000,8,0,candidate,2,2790292
Threadripper3970X,import,8,1000000,8,0,candidate,3,2666726
Threadripper3970X,import,8,1000000,8,0,candidate,4,3026846
Threadripper3970X,import,8,1000000,8,1,candidate,0,7716824
Threadripper3970X,import,8,1000000,8,1,candidate,1,3038245
Threadripper3970X,import,8,1000000,8,1,candidate,2,3109264
Threadripper3970X,import,8,1000000,8,1,candidate,3,2876489
Threadripper3970X,import,8,1000000,8,1,candidate,4,2799902
Threadripper3970X,import,8,1000000,8,1,baseline,0,24849385
Threadripper3970X,import,8,1000000,8,1,baseline,1,6638544
Threadripper3970X,import,8,1000000,8,1,baseline,2,6589946
Threadripper3970X,import,8,1000000,8,1,baseline,3,6699753
Threadripper3970X,import,8,1000000,8,1,baseline,4,6715113
Threadripper3970X,import,8,10000000,2,0,baseline,0,76204281
Threadripper3970X,import,8,10000000,2,0,baseline,1,46956068
Threadripper3970X,import,8,10000000,2,0,baseline,2,45972636
Threadripper3970X,import,8,10000000,2,0,baseline,3,46220479
Threadripper3970X,import,8,10000000,2,0,baseline,4,17072843
Threadripper3970X,import,8,10000000,2,0,candidate,0,41668746
Threadripper3970X,import,8,10000000,2,0,candidate,1,40105670
Threadripper3970X,import,8,10000000,2,0,candidate,2,39288013
Threadripper3970X,import,8,10000000,2,0,candidate,3,40164628
Threadripper3970X,import,8,10000000,2,0,candidate,4,10560565
Threadripper3970X,import,8,10000000,2,1,candidate,0,45397002
Threadripper3970X,import,8,10000000,2,1,candidate,1,38994990
Threadripper3970X,import,8,10000000,2,1,candidate,2,39661382
Threadripper3970X,import,8,10000000,2,1,candidate,3,40451580
Threadripper3970X,import,8,10000000,2,1,candidate,4,10544855
Threadripper3970X,import,8,10000000,2,1,baseline,0,78359561
Threadripper3970X,import,8,10000000,2,1,baseline,1,49034140
Threadripper3970X,import,8,10000000,2,1,baseline,2,47655289
Threadripper3970X,import,8,10000000,2,1,baseline,3,47599881
Threadripper3970X,import,8,10000000,2,1,baseline,4,17950489
Threadripper3970X,import,8,10000000,8,0,baseline,0,307592152
Threadripper3970X,import,8,10000000,8,0,baseline,1,66826264
Threadripper3970X,import,8,10000000,8,0,baseline,2,65436433
Threadripper3970X,import,8,10000000,8,0,baseline,3,65420414
Threadripper3970X,import,8,10000000,8,0,baseline,4,65254078
Threadripper3970X,import,8,10000000,8,0,candidate,0,49644045
Threadripper3970X,import,8,10000000,8,0,candidate,1,31285677
Threadripper3970X,import,8,10000000,8,0,candidate,2,31429213
Threadripper3970X,import,8,10000000,8,0,candidate,3,31825772
Threadripper3970X,import,8,10000000,8,0,candidate,4,31688656
Threadripper3970X,import,8,10000000,8,1,candidate,0,51142173
Threadripper3970X,import,8,10000000,8,1,candidate,1,34315833
Threadripper3970X,import,8,10000000,8,1,candidate,2,31457792
Threadripper3970X,import,8,10000000,8,1,candidate,3,31608348
Threadripper3970X,import,8,10000000,8,1,candidate,4,32571212
Threadripper3970X,import,8,10000000,8,1,baseline,0,309721013
Threadripper3970X,import,8,10000000,8,1,baseline,1,67758501
Threadripper3970X,import,8,10000000,8,1,baseline,2,66077098
Threadripper3970X,import,8,10000000,8,1,baseline,3,65721898
Threadripper3970X,import,8,10000000,8,1,baseline,4,65986990
Threadripper3970X,read,8,1000000,8,0,baseline,0,77503870
Threadripper3970X,read,8,1000000,8,0,candidate,0,45515291
Threadripper3970X,read,8,1000000,8,1,candidate,0,45291638
Threadripper3970X,read,8,1000000,8,1,baseline,0,74218951
Threadripper3970X,read,8,1000000,8,2,baseline,0,63631097
Threadripper3970X,read,8,1000000,8,2,candidate,0,48024722
Threadripper3970X,read,8,10000000,8,0,baseline,0,659701396
Threadripper3970X,read,8,10000000,8,0,candidate,0,461689644
Threadripper3970X,read,8,10000000,8,1,candidate,0,458707998
Threadripper3970X,read,8,10000000,8,1,baseline,0,567893358
Threadripper3970X,read,8,10000000,8,2,baseline,0,581047582
Threadripper3970X,read,8,10000000,8,2,candidate,0,481552995
Threadripper3970X,import,16,65536,2,0,baseline,0,29110
Threadripper3970X,import,16,65536,2,0,baseline,1,26039
Threadripper3970X,import,16,65536,2,0,baseline,2,25609
Threadripper3970X,import,16,65536,2,0,baseline,3,25699
Threadripper3970X,import,16,65536,2,0,baseline,4,25670
Threadripper3970X,import,16,65536,2,0,candidate,0,44799
Threadripper3970X,import,16,65536,2,0,candidate,1,34769
Threadripper3970X,import,16,65536,2,0,candidate,2,40179
Threadripper3970X,import,16,65536,2,0,candidate,3,36559
Threadripper3970X,import,16,65536,2,0,candidate,4,35279
Threadripper3970X,import,16,65536,2,1,candidate,0,25979
Threadripper3970X,import,16,65536,2,1,candidate,1,25789
Threadripper3970X,import,16,65536,2,1,candidate,2,25919
Threadripper3970X,import,16,65536,2,1,candidate,3,28269
Threadripper3970X,import,16,65536,2,1,candidate,4,25709
Threadripper3970X,import,16,65536,2,1,baseline,0,34349
Threadripper3970X,import,16,65536,2,1,baseline,1,26459
Threadripper3970X,import,16,65536,2,1,baseline,2,25679
Threadripper3970X,import,16,65536,2,1,baseline,3,25320
Threadripper3970X,import,16,65536,2,1,baseline,4,25279
Threadripper3970X,import,16,65536,8,0,baseline,0,754099
Threadripper3970X,import,16,65536,8,0,baseline,1,110627
Threadripper3970X,import,16,65536,8,0,baseline,2,113147
Threadripper3970X,import,16,65536,8,0,baseline,3,113537
Threadripper3970X,import,16,65536,8,0,baseline,4,115617
Threadripper3970X,import,16,65536,8,0,candidate,0,771728
Threadripper3970X,import,16,65536,8,0,candidate,1,111937
Threadripper3970X,import,16,65536,8,0,candidate,2,110667
Threadripper3970X,import,16,65536,8,0,candidate,3,106317
Threadripper3970X,import,16,65536,8,0,candidate,4,110027
Threadripper3970X,import,16,65536,8,1,candidate,0,766459
Threadripper3970X,import,16,65536,8,1,candidate,1,107887
Threadripper3970X,import,16,65536,8,1,candidate,2,108977
Threadripper3970X,import,16,65536,8,1,candidate,3,104187
Threadripper3970X,import,16,65536,8,1,candidate,4,110187
Threadripper3970X,import,16,65536,8,1,baseline,0,849156
Threadripper3970X,import,16,65536,8,1,baseline,1,112017
Threadripper3970X,import,16,65536,8,1,baseline,2,116697
Threadripper3970X,import,16,65536,8,1,baseline,3,121927
Threadripper3970X,import,16,65536,8,1,baseline,4,109717
Threadripper3970X,import,16,125000,2,0,baseline,0,45489
Threadripper3970X,import,16,125000,2,0,baseline,1,45209
Threadripper3970X,import,16,125000,2,0,baseline,2,48979
Threadripper3970X,import,16,125000,2,0,baseline,3,51709
Threadripper3970X,import,16,125000,2,0,baseline,4,90278
Threadripper3970X,import,16,125000,2,0,candidate,0,45569
Threadripper3970X,import,16,125000,2,0,candidate,1,46489
Threadripper3970X,import,16,125000,2,0,candidate,2,44888
Threadripper3970X,import,16,125000,2,0,candidate,3,45258
Threadripper3970X,import,16,125000,2,0,candidate,4,44879
Threadripper3970X,import,16,125000,2,1,candidate,0,48968
Threadripper3970X,import,16,125000,2,1,candidate,1,45369
Threadripper3970X,import,16,125000,2,1,candidate,2,44489
Threadripper3970X,import,16,125000,2,1,candidate,3,44709
Threadripper3970X,import,16,125000,2,1,candidate,4,45229
Threadripper3970X,import,16,125000,2,1,baseline,0,46089
Threadripper3970X,import,16,125000,2,1,baseline,1,45709
Threadripper3970X,import,16,125000,2,1,baseline,2,45659
Threadripper3970X,import,16,125000,2,1,baseline,3,44759
Threadripper3970X,import,16,125000,2,1,baseline,4,45778
Threadripper3970X,import,16,125000,8,0,baseline,0,412558
Threadripper3970X,import,16,125000,8,0,baseline,1,472507
Threadripper3970X,import,16,125000,8,0,baseline,2,479726
Threadripper3970X,import,16,125000,8,0,baseline,3,443468
Threadripper3970X,import,16,125000,8,0,baseline,4,470827
Threadripper3970X,import,16,125000,8,0,candidate,0,422328
Threadripper3970X,import,16,125000,8,0,candidate,1,467057
Threadripper3970X,import,16,125000,8,0,candidate,2,475147
Threadripper3970X,import,16,125000,8,0,candidate,3,444018
Threadripper3970X,import,16,125000,8,0,candidate,4,467347
Threadripper3970X,import,16,125000,8,1,candidate,0,375069
Threadripper3970X,import,16,125000,8,1,candidate,1,433908
Threadripper3970X,import,16,125000,8,1,candidate,2,429988
Threadripper3970X,import,16,125000,8,1,candidate,3,420049
Threadripper3970X,import,16,125000,8,1,candidate,4,410809
Threadripper3970X,import,16,125000,8,1,baseline,0,500266
Threadripper3970X,import,16,125000,8,1,baseline,1,483107
Threadripper3970X,import,16,125000,8,1,baseline,2,480086
Threadripper3970X,import,16,125000,8,1,baseline,3,467437
Threadripper3970X,import,16,125000,8,1,baseline,4,537355
Threadripper3970X,import,16,250000,2,0,baseline,0,88977
Threadripper3970X,import,16,250000,2,0,baseline,1,88827
Threadripper3970X,import,16,250000,2,0,baseline,2,88548
Threadripper3970X,import,16,250000,2,0,baseline,3,89418
Threadripper3970X,import,16,250000,2,0,baseline,4,88428
Threadripper3970X,import,16,250000,2,0,candidate,0,90047
Threadripper3970X,import,16,250000,2,0,candidate,1,98287
Threadripper3970X,import,16,250000,2,0,candidate,2,91377
Threadripper3970X,import,16,250000,2,0,candidate,3,90708
Threadripper3970X,import,16,250000,2,0,candidate,4,90748
Threadripper3970X,import,16,250000,2,1,candidate,0,91327
Threadripper3970X,import,16,250000,2,1,candidate,1,97027
Threadripper3970X,import,16,250000,2,1,candidate,2,96227
Threadripper3970X,import,16,250000,2,1,candidate,3,95867
Threadripper3970X,import,16,250000,2,1,candidate,4,102777
Threadripper3970X,import,16,250000,2,1,baseline,0,89287
Threadripper3970X,import,16,250000,2,1,baseline,1,91618
Threadripper3970X,import,16,250000,2,1,baseline,2,88868
Threadripper3970X,import,16,250000,2,1,baseline,3,95087
Threadripper3970X,import,16,250000,2,1,baseline,4,89788
Threadripper3970X,import,16,250000,8,0,baseline,0,1414861
Threadripper3970X,import,16,250000,8,0,baseline,1,1615375
Threadripper3970X,import,16,250000,8,0,baseline,2,1695863
Threadripper3970X,import,16,250000,8,0,baseline,3,1700853
Threadripper3970X,import,16,250000,8,0,baseline,4,1615705
Threadripper3970X,import,16,250000,8,0,candidate,0,1156748
Threadripper3970X,import,16,250000,8,0,candidate,1,1157548
Threadripper3970X,import,16,250000,8,0,candidate,2,1066971
Threadripper3970X,import,16,250000,8,0,candidate,3,1017851
Threadripper3970X,import,16,250000,8,0,candidate,4,1001282
Threadripper3970X,import,16,250000,8,1,candidate,0,1099049
Threadripper3970X,import,16,250000,8,1,candidate,1,1149148
Threadripper3970X,import,16,250000,8,1,candidate,2,1073750
Threadripper3970X,import,16,250000,8,1,candidate,3,1102139
Threadripper3970X,import,16,250000,8,1,candidate,4,1011361
Threadripper3970X,import,16,250000,8,1,baseline,0,1465089
Threadripper3970X,import,16,250000,8,1,baseline,1,1627185
Threadripper3970X,import,16,250000,8,1,baseline,2,1637535
Threadripper3970X,import,16,250000,8,1,baseline,3,1648725
Threadripper3970X,import,16,250000,8,1,baseline,4,1652844
Threadripper3970X,import,16,1000000,2,0,baseline,0,1474969
Threadripper3970X,import,16,1000000,2,0,baseline,1,1672583
Threadripper3970X,import,16,1000000,2,0,baseline,2,1638604
Threadripper3970X,import,16,1000000,2,0,baseline,3,1630905
Threadripper3970X,import,16,1000000,2,0,baseline,4,1638734
Threadripper3970X,import,16,1000000,2,0,candidate,0,1273934
Threadripper3970X,import,16,1000000,2,0,candidate,1,1403151
Threadripper3970X,import,16,1000000,2,0,candidate,2,1311314
Threadripper3970X,import,16,1000000,2,0,candidate,3,1370912
Threadripper3970X,import,16,1000000,2,0,candidate,4,1421321
Threadripper3970X,import,16,1000000,2,1,candidate,0,1070770
Threadripper3970X,import,16,1000000,2,1,candidate,1,1254965
Threadripper3970X,import,16,1000000,2,1,candidate,2,1212116
Threadripper3970X,import,16,1000000,2,1,candidate,3,1230756
Threadripper3970X,import,16,1000000,2,1,candidate,4,1199877
Threadripper3970X,import,16,1000000,2,1,baseline,0,1506328
Threadripper3970X,import,16,1000000,2,1,baseline,1,1656954
Threadripper3970X,import,16,1000000,2,1,baseline,2,1838809
Threadripper3970X,import,16,1000000,2,1,baseline,3,1639604
Threadripper3970X,import,16,1000000,2,1,baseline,4,1639454
Threadripper3970X,import,16,1000000,8,0,baseline,0,25698955
Threadripper3970X,import,16,1000000,8,0,baseline,1,6723913
Threadripper3970X,import,16,1000000,8,0,baseline,2,7225928
Threadripper3970X,import,16,1000000,8,0,baseline,3,6694483
Threadripper3970X,import,16,1000000,8,0,baseline,4,6975006
Threadripper3970X,import,16,1000000,8,0,candidate,0,7861222
Threadripper3970X,import,16,1000000,8,0,candidate,1,2667485
Threadripper3970X,import,16,1000000,8,0,candidate,2,2883709
Threadripper3970X,import,16,1000000,8,0,candidate,3,3002766
Threadripper3970X,import,16,1000000,8,0,candidate,4,2940508
Threadripper3970X,import,16,1000000,8,1,candidate,0,8069365
Threadripper3970X,import,16,1000000,8,1,candidate,1,3036145
Threadripper3970X,import,16,1000000,8,1,candidate,2,3164782
Threadripper3970X,import,16,1000000,8,1,candidate,3,2684195
Threadripper3970X,import,16,1000000,8,1,candidate,4,2808802
Threadripper3970X,import,16,1000000,8,1,baseline,0,25453542
Threadripper3970X,import,16,1000000,8,1,baseline,1,6684385
Threadripper3970X,import,16,1000000,8,1,baseline,2,6676194
Threadripper3970X,import,16,1000000,8,1,baseline,3,6680694
Threadripper3970X,import,16,1000000,8,1,baseline,4,6799931
Threadripper3970X,import,16,10000000,2,0,baseline,0,77183921
Threadripper3970X,import,16,10000000,2,0,baseline,1,47392201
Threadripper3970X,import,16,10000000,2,0,baseline,2,46562253
Threadripper3970X,import,16,10000000,2,0,baseline,3,46918394
Threadripper3970X,import,16,10000000,2,0,baseline,4,17088174
Threadripper3970X,import,16,10000000,2,0,candidate,0,41959953
Threadripper3970X,import,16,10000000,2,0,candidate,1,39201759
Threadripper3970X,import,16,10000000,2,0,candidate,2,39987438
Threadripper3970X,import,16,10000000,2,0,candidate,3,39390274
Threadripper3970X,import,16,10000000,2,0,candidate,4,10429420
Threadripper3970X,import,16,10000000,2,1,candidate,0,43212188
Threadripper3970X,import,16,10000000,2,1,candidate,1,39194039
Threadripper3970X,import,16,10000000,2,1,candidate,2,38913857
Threadripper3970X,import,16,10000000,2,1,candidate,3,40279799
Threadripper3970X,import,16,10000000,2,1,candidate,4,10604445
Threadripper3970X,import,16,10000000,2,1,baseline,0,78455088
Threadripper3970X,import,16,10000000,2,1,baseline,1,49898822
Threadripper3970X,import,16,10000000,2,1,baseline,2,47502779
Threadripper3970X,import,16,10000000,2,1,baseline,3,47842789
Threadripper3970X,import,16,10000000,2,1,baseline,4,17501553
Threadripper3970X,import,16,10000000,8,0,baseline,0,306349089
Threadripper3970X,import,16,10000000,8,0,baseline,1,66637067
Threadripper3970X,import,16,10000000,8,0,baseline,2,65046861
Threadripper3970X,import,16,10000000,8,0,baseline,3,65241686
Threadripper3970X,import,16,10000000,8,0,baseline,4,65224556
Threadripper3970X,import,16,10000000,8,0,candidate,0,52786972
Threadripper3970X,import,16,10000000,8,0,candidate,1,34198649
Threadripper3970X,import,16,10000000,8,0,candidate,2,34162620
Threadripper3970X,import,16,10000000,8,0,candidate,3,34016704
Threadripper3970X,import,16,10000000,8,0,candidate,4,33483109
Threadripper3970X,import,16,10000000,8,1,candidate,0,50839267
Threadripper3970X,import,16,10000000,8,1,candidate,1,31689049
Threadripper3970X,import,16,10000000,8,1,candidate,2,32246714
Threadripper3970X,import,16,10000000,8,1,candidate,3,31946922
Threadripper3970X,import,16,10000000,8,1,candidate,4,33674964
Threadripper3970X,import,16,10000000,8,1,baseline,0,313671406
Threadripper3970X,import,16,10000000,8,1,baseline,1,68083979
Threadripper3970X,import,16,10000000,8,1,baseline,2,66162802
Threadripper3970X,import,16,10000000,8,1,baseline,3,66207391
Threadripper3970X,import,16,10000000,8,1,baseline,4,66071355
Threadripper3970X,read,16,1000000,8,0,baseline,0,63326141
Threadripper3970X,read,16,1000000,8,0,candidate,0,57985799
Threadripper3970X,read,16,1000000,8,1,candidate,0,60330045
Threadripper3970X,read,16,1000000,8,1,baseline,0,64528307
Threadripper3970X,read,16,1000000,8,2,baseline,0,63961314
Threadripper3970X,read,16,1000000,8,2,candidate,0,64846719
Threadripper3970X,read,16,10000000,8,0,baseline,0,578382470
Threadripper3970X,read,16,10000000,8,0,candidate,0,446555501
Threadripper3970X,read,16,10000000,8,1,candidate,0,466083350
Threadripper3970X,read,16,10000000,8,1,baseline,0,572282863
Threadripper3970X,read,16,10000000,8,2,baseline,0,571247403
Threadripper3970X,read,16,10000000,8,2,candidate,0,468110447
AppleM1,import,4,65536,2,0,baseline,0,26000
AppleM1,import,4,65536,2,0,baseline,1,27000
AppleM1,import,4,65536,2,0,baseline,2,27000
AppleM1,import,4,65536,2,0,baseline,3,26000
AppleM1,import,4,65536,2,0,baseline,4,26000
AppleM1,import,4,65536,2,0,candidate,0,77000
AppleM1,import,4,65536,2,0,candidate,1,75000
AppleM1,import,4,65536,2,0,candidate,2,70000
AppleM1,import,4,65536,2,0,candidate,3,70000
AppleM1,import,4,65536,2,0,candidate,4,75000
AppleM1,import,4,65536,2,1,candidate,0,29000
AppleM1,import,4,65536,2,1,candidate,1,28000
AppleM1,import,4,65536,2,1,candidate,2,27000
AppleM1,import,4,65536,2,1,candidate,3,27000
AppleM1,import,4,65536,2,1,candidate,4,27000
AppleM1,import,4,65536,2,1,baseline,0,26000
AppleM1,import,4,65536,2,1,baseline,1,27000
AppleM1,import,4,65536,2,1,baseline,2,26000
AppleM1,import,4,65536,2,1,baseline,3,26000
AppleM1,import,4,65536,2,1,baseline,4,26000
AppleM1,import,4,65536,8,0,baseline,0,102000
AppleM1,import,4,65536,8,0,baseline,1,107000
AppleM1,import,4,65536,8,0,baseline,2,105000
AppleM1,import,4,65536,8,0,baseline,3,105000
AppleM1,import,4,65536,8,0,baseline,4,104000
AppleM1,import,4,65536,8,0,candidate,0,106000
AppleM1,import,4,65536,8,0,candidate,1,109000
AppleM1,import,4,65536,8,0,candidate,2,108000
AppleM1,import,4,65536,8,0,candidate,3,107000
AppleM1,import,4,65536,8,0,candidate,4,106000
AppleM1,import,4,65536,8,1,candidate,0,104000
AppleM1,import,4,65536,8,1,candidate,1,108000
AppleM1,import,4,65536,8,1,candidate,2,105000
AppleM1,import,4,65536,8,1,candidate,3,105000
AppleM1,import,4,65536,8,1,candidate,4,106000
AppleM1,import,4,65536,8,1,baseline,0,102000
AppleM1,import,4,65536,8,1,baseline,1,107000
AppleM1,import,4,65536,8,1,baseline,2,105000
AppleM1,import,4,65536,8,1,baseline,3,104000
AppleM1,import,4,65536,8,1,baseline,4,104000
AppleM1,import,4,125000,2,0,baseline,0,46000
AppleM1,import,4,125000,2,0,baseline,1,47000
AppleM1,import,4,125000,2,0,baseline,2,47000
AppleM1,import,4,125000,2,0,baseline,3,47000
AppleM1,import,4,125000,2,0,baseline,4,46000
AppleM1,import,4,125000,2,0,candidate,0,46000
AppleM1,import,4,125000,2,0,candidate,1,48000
AppleM1,import,4,125000,2,0,candidate,2,48000
AppleM1,import,4,125000,2,0,candidate,3,47000
AppleM1,import,4,125000,2,0,candidate,4,47000
AppleM1,import,4,125000,2,1,candidate,0,46000
AppleM1,import,4,125000,2,1,candidate,1,48000
AppleM1,import,4,125000,2,1,candidate,2,47000
AppleM1,import,4,125000,2,1,candidate,3,47000
AppleM1,import,4,125000,2,1,candidate,4,47000
AppleM1,import,4,125000,2,1,baseline,0,45000
AppleM1,import,4,125000,2,1,baseline,1,48000
AppleM1,import,4,125000,2,1,baseline,2,47000
AppleM1,import,4,125000,2,1,baseline,3,47000
AppleM1,import,4,125000,2,1,baseline,4,46000
AppleM1,import,4,125000,8,0,baseline,0,201000
AppleM1,import,4,125000,8,0,baseline,1,209000
AppleM1,import,4,125000,8,0,baseline,2,213000
AppleM1,import,4,125000,8,0,baseline,3,206000
AppleM1,import,4,125000,8,0,baseline,4,205000
AppleM1,import,4,125000,8,0,candidate,0,205000
AppleM1,import,4,125000,8,0,candidate,1,211000
AppleM1,import,4,125000,8,0,candidate,2,217000
AppleM1,import,4,125000,8,0,candidate,3,217000
AppleM1,import,4,125000,8,0,candidate,4,210000
AppleM1,import,4,125000,8,1,candidate,0,205000
AppleM1,import,4,125000,8,1,candidate,1,211000
AppleM1,import,4,125000,8,1,candidate,2,215000
AppleM1,import,4,125000,8,1,candidate,3,210000
AppleM1,import,4,125000,8,1,candidate,4,209000
AppleM1,import,4,125000,8,1,baseline,0,201000
AppleM1,import,4,125000,8,1,baseline,1,208000
AppleM1,import,4,125000,8,1,baseline,2,207000
AppleM1,import,4,125000,8,1,baseline,3,224000
AppleM1,import,4,125000,8,1,baseline,4,208000
AppleM1,import,4,250000,2,0,baseline,0,88000
AppleM1,import,4,250000,2,0,baseline,1,91000
AppleM1,import,4,250000,2,0,baseline,2,89000
AppleM1,import,4,250000,2,0,baseline,3,90000
AppleM1,import,4,250000,2,0,baseline,4,89000
AppleM1,import,4,250000,2,0,candidate,0,88000
AppleM1,import,4,250000,2,0,candidate,1,91000
AppleM1,import,4,250000,2,0,candidate,2,90000
AppleM1,import,4,250000,2,0,candidate,3,90000
AppleM1,import,4,250000,2,0,candidate,4,92000
AppleM1,import,4,250000,2,1,candidate,0,88000
AppleM1,import,4,250000,2,1,candidate,1,92000
AppleM1,import,4,250000,2,1,candidate,2,91000
AppleM1,import,4,250000,2,1,candidate,3,90000
AppleM1,import,4,250000,2,1,candidate,4,90000
AppleM1,import,4,250000,2,1,baseline,0,88000
AppleM1,import,4,250000,2,1,baseline,1,91000
AppleM1,import,4,250000,2,1,baseline,2,90000
AppleM1,import,4,250000,2,1,baseline,3,90000
AppleM1,import,4,250000,2,1,baseline,4,90000
AppleM1,import,4,250000,8,0,baseline,0,452000
AppleM1,import,4,250000,8,0,baseline,1,451000
AppleM1,import,4,250000,8,0,baseline,2,450000
AppleM1,import,4,250000,8,0,baseline,3,453000
AppleM1,import,4,250000,8,0,baseline,4,449000
AppleM1,import,4,250000,8,0,candidate,0,454000
AppleM1,import,4,250000,8,0,candidate,1,450000
AppleM1,import,4,250000,8,0,candidate,2,451000
AppleM1,import,4,250000,8,0,candidate,3,452000
AppleM1,import,4,250000,8,0,candidate,4,459000
AppleM1,import,4,250000,8,1,candidate,0,454000
AppleM1,import,4,250000,8,1,candidate,1,452000
AppleM1,import,4,250000,8,1,candidate,2,453000
AppleM1,import,4,250000,8,1,candidate,3,451000
AppleM1,import,4,250000,8,1,candidate,4,447000
AppleM1,import,4,250000,8,1,baseline,0,446000
AppleM1,import,4,250000,8,1,baseline,1,452000
AppleM1,import,4,250000,8,1,baseline,2,446000
AppleM1,import,4,250000,8,1,baseline,3,446000
AppleM1,import,4,250000,8,1,baseline,4,447000
AppleM1,import,4,1000000,2,0,baseline,0,441000
AppleM1,import,4,1000000,2,0,baseline,1,439000
AppleM1,import,4,1000000,2,0,baseline,2,435000
AppleM1,import,4,1000000,2,0,baseline,3,440000
AppleM1,import,4,1000000,2,0,baseline,4,438000
AppleM1,import,4,1000000,2,0,candidate,0,450000
AppleM1,import,4,1000000,2,0,candidate,1,444000
AppleM1,import,4,1000000,2,0,candidate,2,442000
AppleM1,import,4,1000000,2,0,candidate,3,440000
AppleM1,import,4,1000000,2,0,candidate,4,439000
AppleM1,import,4,1000000,2,1,candidate,0,435000
AppleM1,import,4,1000000,2,1,candidate,1,447000
AppleM1,import,4,1000000,2,1,candidate,2,442000
AppleM1,import,4,1000000,2,1,candidate,3,439000
AppleM1,import,4,1000000,2,1,candidate,4,445000
AppleM1,import,4,1000000,2,1,baseline,0,445000
AppleM1,import,4,1000000,2,1,baseline,1,440000
AppleM1,import,4,1000000,2,1,baseline,2,436000
AppleM1,import,4,1000000,2,1,baseline,3,436000
AppleM1,import,4,1000000,2,1,baseline,4,437000
AppleM1,import,4,1000000,8,0,baseline,0,2059000
AppleM1,import,4,1000000,8,0,baseline,1,2059000
AppleM1,import,4,1000000,8,0,baseline,2,2058000
AppleM1,import,4,1000000,8,0,baseline,3,2062000
AppleM1,import,4,1000000,8,0,baseline,4,2055000
AppleM1,import,4,1000000,8,0,candidate,0,2093000
AppleM1,import,4,1000000,8,0,candidate,1,2080000
AppleM1,import,4,1000000,8,0,candidate,2,2063000
AppleM1,import,4,1000000,8,0,candidate,3,2100000
AppleM1,import,4,1000000,8,0,candidate,4,2059000
AppleM1,import,4,1000000,8,1,candidate,0,2062000
AppleM1,import,4,1000000,8,1,candidate,1,2059000
AppleM1,import,4,1000000,8,1,candidate,2,2058000
AppleM1,import,4,1000000,8,1,candidate,3,2063000
AppleM1,import,4,1000000,8,1,candidate,4,2222000
AppleM1,import,4,1000000,8,1,baseline,0,2064000
AppleM1,import,4,1000000,8,1,baseline,1,2073000
AppleM1,import,4,1000000,8,1,baseline,2,2091000
AppleM1,import,4,1000000,8,1,baseline,3,2061000
AppleM1,import,4,1000000,8,1,baseline,4,2076000
AppleM1,import,4,10000000,2,0,baseline,0,5231000
AppleM1,import,4,10000000,2,0,baseline,1,5227000
AppleM1,import,4,10000000,2,0,baseline,2,5243000
AppleM1,import,4,10000000,2,0,baseline,3,5242000
AppleM1,import,4,10000000,2,0,baseline,4,5232000
AppleM1,import,4,10000000,2,0,candidate,0,5233000
AppleM1,import,4,10000000,2,0,candidate,1,5260000
AppleM1,import,4,10000000,2,0,candidate,2,5233000
AppleM1,import,4,10000000,2,0,candidate,3,5234000
AppleM1,import,4,10000000,2,0,candidate,4,5282000
AppleM1,import,4,10000000,2,1,candidate,0,5402000
AppleM1,import,4,10000000,2,1,candidate,1,5395000
AppleM1,import,4,10000000,2,1,candidate,2,5228000
AppleM1,import,4,10000000,2,1,candidate,3,5241000
AppleM1,import,4,10000000,2,1,candidate,4,5254000
AppleM1,import,4,10000000,2,1,baseline,0,5247000
AppleM1,import,4,10000000,2,1,baseline,1,5233000
AppleM1,import,4,10000000,2,1,baseline,2,5226000
AppleM1,import,4,10000000,2,1,baseline,3,5241000
AppleM1,import,4,10000000,2,1,baseline,4,6480000
AppleM1,import,4,10000000,8,0,baseline,0,21651000
AppleM1,import,4,10000000,8,0,baseline,1,39971000
AppleM1,import,4,10000000,8,0,baseline,2,21582000
AppleM1,import,4,10000000,8,0,baseline,3,21773000
AppleM1,import,4,10000000,8,0,baseline,4,21695000
AppleM1,import,4,10000000,8,0,candidate,0,21518000
AppleM1,import,4,10000000,8,0,candidate,1,42491000
AppleM1,import,4,10000000,8,0,candidate,2,21750000
AppleM1,import,4,10000000,8,0,candidate,3,21992000
AppleM1,import,4,10000000,8,0,candidate,4,21886000
AppleM1,import,4,10000000,8,1,candidate,0,21953000
AppleM1,import,4,10000000,8,1,candidate,1,42294000
AppleM1,import,4,10000000,8,1,candidate,2,22059000
AppleM1,import,4,10000000,8,1,candidate,3,22200000
AppleM1,import,4,10000000,8,1,candidate,4,21639000
AppleM1,import,4,10000000,8,1,baseline,0,21379000
AppleM1,import,4,10000000,8,1,baseline,1,43713000
AppleM1,import,4,10000000,8,1,baseline,2,21697000
AppleM1,import,4,10000000,8,1,baseline,3,21512000
AppleM1,import,4,10000000,8,1,baseline,4,21477000
AppleM1,read,4,1000000,8,0,baseline,0,21833000
AppleM1,read,4,1000000,8,0,candidate,0,38118000
AppleM1,read,4,1000000,8,1,candidate,0,21846000
AppleM1,read,4,1000000,8,1,baseline,0,21802000
AppleM1,read,4,1000000,8,2,baseline,0,21841000
AppleM1,read,4,1000000,8,2,candidate,0,22117000
AppleM1,read,4,10000000,8,0,baseline,0,196929000
AppleM1,read,4,10000000,8,0,candidate,0,201851000
AppleM1,read,4,10000000,8,1,candidate,0,198036000
AppleM1,read,4,10000000,8,1,baseline,0,196643000
AppleM1,read,4,10000000,8,2,baseline,0,195890000
AppleM1,read,4,10000000,8,2,candidate,0,197533000
AppleM1,import,8,65536,2,0,baseline,0,26000
AppleM1,import,8,65536,2,0,baseline,1,27000
AppleM1,import,8,65536,2,0,baseline,2,27000
AppleM1,import,8,65536,2,0,baseline,3,27000
AppleM1,import,8,65536,2,0,baseline,4,27000
AppleM1,import,8,65536,2,0,candidate,0,27000
AppleM1,import,8,65536,2,0,candidate,1,27000
AppleM1,import,8,65536,2,0,candidate,2,27000
AppleM1,import,8,65536,2,0,candidate,3,26000
AppleM1,import,8,65536,2,0,candidate,4,27000
AppleM1,import,8,65536,2,1,candidate,0,27000
AppleM1,import,8,65536,2,1,candidate,1,27000
AppleM1,import,8,65536,2,1,candidate,2,27000
AppleM1,import,8,65536,2,1,candidate,3,27000
AppleM1,import,8,65536,2,1,candidate,4,27000
AppleM1,import,8,65536,2,1,baseline,0,26000
AppleM1,import,8,65536,2,1,baseline,1,27000
AppleM1,import,8,65536,2,1,baseline,2,26000
AppleM1,import,8,65536,2,1,baseline,3,27000
AppleM1,import,8,65536,2,1,baseline,4,27000
AppleM1,import,8,65536,8,0,baseline,0,103000
AppleM1,import,8,65536,8,0,baseline,1,107000
AppleM1,import,8,65536,8,0,baseline,2,105000
AppleM1,import,8,65536,8,0,baseline,3,105000
AppleM1,import,8,65536,8,0,baseline,4,105000
AppleM1,import,8,65536,8,0,candidate,0,104000
AppleM1,import,8,65536,8,0,candidate,1,109000
AppleM1,import,8,65536,8,0,candidate,2,105000
AppleM1,import,8,65536,8,0,candidate,3,106000
AppleM1,import,8,65536,8,0,candidate,4,105000
AppleM1,import,8,65536,8,1,candidate,0,105000
AppleM1,import,8,65536,8,1,candidate,1,108000
AppleM1,import,8,65536,8,1,candidate,2,108000
AppleM1,import,8,65536,8,1,candidate,3,106000
AppleM1,import,8,65536,8,1,candidate,4,106000
AppleM1,import,8,65536,8,1,baseline,0,103000
AppleM1,import,8,65536,8,1,baseline,1,107000
AppleM1,import,8,65536,8,1,baseline,2,106000
AppleM1,import,8,65536,8,1,baseline,3,104000
AppleM1,import,8,65536,8,1,baseline,4,105000
AppleM1,import,8,125000,2,0,baseline,0,45000
AppleM1,import,8,125000,2,0,baseline,1,47000
AppleM1,import,8,125000,2,0,baseline,2,47000
AppleM1,import,8,125000,2,0,baseline,3,47000
AppleM1,import,8,125000,2,0,baseline,4,47000
AppleM1,import,8,125000,2,0,candidate,0,46000
AppleM1,import,8,125000,2,0,candidate,1,48000
AppleM1,import,8,125000,2,0,candidate,2,48000
AppleM1,import,8,125000,2,0,candidate,3,48000
AppleM1,import,8,125000,2,0,candidate,4,47000
AppleM1,import,8,125000,2,1,candidate,0,46000
AppleM1,import,8,125000,2,1,candidate,1,48000
AppleM1,import,8,125000,2,1,candidate,2,48000
AppleM1,import,8,125000,2,1,candidate,3,47000
AppleM1,import,8,125000,2,1,candidate,4,47000
AppleM1,import,8,125000,2,1,baseline,0,46000
AppleM1,import,8,125000,2,1,baseline,1,48000
AppleM1,import,8,125000,2,1,baseline,2,47000
AppleM1,import,8,125000,2,1,baseline,3,46000
AppleM1,import,8,125000,2,1,baseline,4,46000
AppleM1,import,8,125000,8,0,baseline,0,202000
AppleM1,import,8,125000,8,0,baseline,1,210000
AppleM1,import,8,125000,8,0,baseline,2,207000
AppleM1,import,8,125000,8,0,baseline,3,208000
AppleM1,import,8,125000,8,0,baseline,4,206000
AppleM1,import,8,125000,8,0,candidate,0,203000
AppleM1,import,8,125000,8,0,candidate,1,209000
AppleM1,import,8,125000,8,0,candidate,2,216000
AppleM1,import,8,125000,8,0,candidate,3,209000
AppleM1,import,8,125000,8,0,candidate,4,210000
AppleM1,import,8,125000,8,1,candidate,0,207000
AppleM1,import,8,125000,8,1,candidate,1,209000
AppleM1,import,8,125000,8,1,candidate,2,213000
AppleM1,import,8,125000,8,1,candidate,3,210000
AppleM1,import,8,125000,8,1,candidate,4,209000
AppleM1,import,8,125000,8,1,baseline,0,203000
AppleM1,import,8,125000,8,1,baseline,1,207000
AppleM1,import,8,125000,8,1,baseline,2,211000
AppleM1,import,8,125000,8,1,baseline,3,206000
AppleM1,import,8,125000,8,1,baseline,4,209000
AppleM1,import,8,250000,2,0,baseline,0,89000
AppleM1,import,8,250000,2,0,baseline,1,92000
AppleM1,import,8,250000,2,0,baseline,2,100000
AppleM1,import,8,250000,2,0,baseline,3,90000
AppleM1,import,8,250000,2,0,baseline,4,89000
AppleM1,import,8,250000,2,0,candidate,0,95000
AppleM1,import,8,250000,2,0,candidate,1,98000
AppleM1,import,8,250000,2,0,candidate,2,98000
AppleM1,import,8,250000,2,0,candidate,3,93000
AppleM1,import,8,250000,2,0,candidate,4,94000
AppleM1,import,8,250000,2,1,candidate,0,89000
AppleM1,import,8,250000,2,1,candidate,1,93000
AppleM1,import,8,250000,2,1,candidate,2,92000
AppleM1,import,8,250000,2,1,candidate,3,91000
AppleM1,import,8,250000,2,1,candidate,4,91000
AppleM1,import,8,250000,2,1,baseline,0,88000
AppleM1,import,8,250000,2,1,baseline,1,91000
AppleM1,import,8,250000,2,1,baseline,2,89000
AppleM1,import,8,250000,2,1,baseline,3,90000
AppleM1,import,8,250000,2,1,baseline,4,89000
AppleM1,import,8,250000,8,0,baseline,0,457000
AppleM1,import,8,250000,8,0,baseline,1,451000
AppleM1,import,8,250000,8,0,baseline,2,451000
AppleM1,import,8,250000,8,0,baseline,3,451000
AppleM1,import,8,250000,8,0,baseline,4,452000
AppleM1,import,8,250000,8,0,candidate,0,453000
AppleM1,import,8,250000,8,0,candidate,1,451000
AppleM1,import,8,250000,8,0,candidate,2,448000
AppleM1,import,8,250000,8,0,candidate,3,449000
AppleM1,import,8,250000,8,0,candidate,4,447000
AppleM1,import,8,250000,8,1,candidate,0,453000
AppleM1,import,8,250000,8,1,candidate,1,455000
AppleM1,import,8,250000,8,1,candidate,2,455000
AppleM1,import,8,250000,8,1,candidate,3,451000
AppleM1,import,8,250000,8,1,candidate,4,450000
AppleM1,import,8,250000,8,1,baseline,0,453000
AppleM1,import,8,250000,8,1,baseline,1,450000
AppleM1,import,8,250000,8,1,baseline,2,453000
AppleM1,import,8,250000,8,1,baseline,3,447000
AppleM1,import,8,250000,8,1,baseline,4,449000
AppleM1,import,8,1000000,2,0,baseline,0,443000
AppleM1,import,8,1000000,2,0,baseline,1,442000
AppleM1,import,8,1000000,2,0,baseline,2,463000
AppleM1,import,8,1000000,2,0,baseline,3,439000
AppleM1,import,8,1000000,2,0,baseline,4,440000
AppleM1,import,8,1000000,2,0,candidate,0,438000
AppleM1,import,8,1000000,2,0,candidate,1,443000
AppleM1,import,8,1000000,2,0,candidate,2,443000
AppleM1,import,8,1000000,2,0,candidate,3,442000
AppleM1,import,8,1000000,2,0,candidate,4,442000
AppleM1,import,8,1000000,2,1,candidate,0,433000
AppleM1,import,8,1000000,2,1,candidate,1,443000
AppleM1,import,8,1000000,2,1,candidate,2,437000
AppleM1,import,8,1000000,2,1,candidate,3,439000
AppleM1,import,8,1000000,2,1,candidate,4,439000
AppleM1,import,8,1000000,2,1,baseline,0,433000
AppleM1,import,8,1000000,2,1,baseline,1,443000
AppleM1,import,8,1000000,2,1,baseline,2,440000
AppleM1,import,8,1000000,2,1,baseline,3,442000
AppleM1,import,8,1000000,2,1,baseline,4,439000
AppleM1,import,8,1000000,8,0,baseline,0,2057000
AppleM1,import,8,1000000,8,0,baseline,1,2093000
AppleM1,import,8,1000000,8,0,baseline,2,2329000
AppleM1,import,8,1000000,8,0,baseline,3,2060000
AppleM1,import,8,1000000,8,0,baseline,4,2076000
AppleM1,import,8,1000000,8,0,candidate,0,2064000
AppleM1,import,8,1000000,8,0,candidate,1,2061000
AppleM1,import,8,1000000,8,0,candidate,2,2058000
AppleM1,import,8,1000000,8,0,candidate,3,2063000
AppleM1,import,8,1000000,8,0,candidate,4,2060000
AppleM1,import,8,1000000,8,1,candidate,0,2064000
AppleM1,import,8,1000000,8,1,candidate,1,2062000
AppleM1,import,8,1000000,8,1,candidate,2,2059000
AppleM1,import,8,1000000,8,1,candidate,3,2081000
AppleM1,import,8,1000000,8,1,candidate,4,2058000
AppleM1,import,8,1000000,8,1,baseline,0,2065000
AppleM1,import,8,1000000,8,1,baseline,1,2089000
AppleM1,import,8,1000000,8,1,baseline,2,2059000
AppleM1,import,8,1000000,8,1,baseline,3,2062000
AppleM1,import,8,1000000,8,1,baseline,4,2052000
AppleM1,import,8,10000000,2,0,baseline,0,5232000
AppleM1,import,8,10000000,2,0,baseline,1,5260000
AppleM1,import,8,10000000,2,0,baseline,2,5229000
AppleM1,import,8,10000000,2,0,baseline,3,5506000
AppleM1,import,8,10000000,2,0,baseline,4,5249000
AppleM1,import,8,10000000,2,0,candidate,0,5250000
AppleM1,import,8,10000000,2,0,candidate,1,5243000
AppleM1,import,8,10000000,2,0,candidate,2,5244000
AppleM1,import,8,10000000,2,0,candidate,3,5245000
AppleM1,import,8,10000000,2,0,candidate,4,5246000
AppleM1,import,8,10000000,2,1,candidate,0,5257000
AppleM1,import,8,10000000,2,1,candidate,1,5241000
AppleM1,import,8,10000000,2,1,candidate,2,5231000
AppleM1,import,8,10000000,2,1,candidate,3,5393000
AppleM1,import,8,10000000,2,1,candidate,4,5248000
AppleM1,import,8,10000000,2,1,baseline,0,5239000
AppleM1,import,8,10000000,2,1,baseline,1,5244000
AppleM1,import,8,10000000,2,1,baseline,2,5238000
AppleM1,import,8,10000000,2,1,baseline,3,5244000
AppleM1,import,8,10000000,2,1,baseline,4,5229000
AppleM1,import,8,10000000,8,0,baseline,0,21572000
AppleM1,import,8,10000000,8,0,baseline,1,42309000
AppleM1,import,8,10000000,8,0,baseline,2,21980000
AppleM1,import,8,10000000,8,0,baseline,3,21960000
AppleM1,import,8,10000000,8,0,baseline,4,21902000
AppleM1,import,8,10000000,8,0,candidate,0,21603000
AppleM1,import,8,10000000,8,0,candidate,1,28923000
AppleM1,import,8,10000000,8,0,candidate,2,21528000
AppleM1,import,8,10000000,8,0,candidate,3,21804000
AppleM1,import,8,10000000,8,0,candidate,4,21708000
AppleM1,import,8,10000000,8,1,candidate,0,21588000
AppleM1,import,8,10000000,8,1,candidate,1,42238000
AppleM1,import,8,10000000,8,1,candidate,2,21998000
AppleM1,import,8,10000000,8,1,candidate,3,21911000
AppleM1,import,8,10000000,8,1,candidate,4,21755000
AppleM1,import,8,10000000,8,1,baseline,0,21549000
AppleM1,import,8,10000000,8,1,baseline,1,42761000
AppleM1,import,8,10000000,8,1,baseline,2,21721000
AppleM1,import,8,10000000,8,1,baseline,3,21932000
AppleM1,import,8,10000000,8,1,baseline,4,21840000
AppleM1,read,8,1000000,8,0,baseline,0,22010000
AppleM1,read,8,1000000,8,0,candidate,0,21641000
AppleM1,read,8,1000000,8,1,candidate,0,21793000
AppleM1,read,8,1000000,8,1,baseline,0,21958000
AppleM1,read,8,1000000,8,2,baseline,0,22222000
AppleM1,read,8,1000000,8,2,candidate,0,23319000
AppleM1,read,8,10000000,8,0,baseline,0,196443000
AppleM1,read,8,10000000,8,0,candidate,0,198952000
AppleM1,read,8,10000000,8,1,candidate,0,196160000
AppleM1,read,8,10000000,8,1,baseline,0,196963000
AppleM1,read,8,10000000,8,2,baseline,0,196976000
AppleM1,read,8,10000000,8,2,candidate,0,198209000
AppleM1,import,16,65536,2,0,baseline,0,26000
AppleM1,import,16,65536,2,0,baseline,1,27000
AppleM1,import,16,65536,2,0,baseline,2,27000
AppleM1,import,16,65536,2,0,baseline,3,27000
AppleM1,import,16,65536,2,0,baseline,4,26000
AppleM1,import,16,65536,2,0,candidate,0,27000
AppleM1,import,16,65536,2,0,candidate,1,27000
AppleM1,import,16,65536,2,0,candidate,2,27000
AppleM1,import,16,65536,2,0,candidate,3,27000
AppleM1,import,16,65536,2,0,candidate,4,27000
AppleM1,import,16,65536,2,1,candidate,0,27000
AppleM1,import,16,65536,2,1,candidate,1,28000
AppleM1,import,16,65536,2,1,candidate,2,27000
AppleM1,import,16,65536,2,1,candidate,3,28000
AppleM1,import,16,65536,2,1,candidate,4,27000
AppleM1,import,16,65536,2,1,baseline,0,26000
AppleM1,import,16,65536,2,1,baseline,1,27000
AppleM1,import,16,65536,2,1,baseline,2,27000
AppleM1,import,16,65536,2,1,baseline,3,27000
AppleM1,import,16,65536,2,1,baseline,4,27000
AppleM1,import,16,65536,8,0,baseline,0,103000
AppleM1,import,16,65536,8,0,baseline,1,106000
AppleM1,import,16,65536,8,0,baseline,2,105000
AppleM1,import,16,65536,8,0,baseline,3,105000
AppleM1,import,16,65536,8,0,baseline,4,105000
AppleM1,import,16,65536,8,0,candidate,0,122000
AppleM1,import,16,65536,8,0,candidate,1,108000
AppleM1,import,16,65536,8,0,candidate,2,105000
AppleM1,import,16,65536,8,0,candidate,3,105000
AppleM1,import,16,65536,8,0,candidate,4,106000
AppleM1,import,16,65536,8,1,candidate,0,103000
AppleM1,import,16,65536,8,1,candidate,1,106000
AppleM1,import,16,65536,8,1,candidate,2,104000
AppleM1,import,16,65536,8,1,candidate,3,104000
AppleM1,import,16,65536,8,1,candidate,4,104000
AppleM1,import,16,65536,8,1,baseline,0,103000
AppleM1,import,16,65536,8,1,baseline,1,107000
AppleM1,import,16,65536,8,1,baseline,2,106000
AppleM1,import,16,65536,8,1,baseline,3,105000
AppleM1,import,16,65536,8,1,baseline,4,105000
AppleM1,import,16,125000,2,0,baseline,0,46000
AppleM1,import,16,125000,2,0,baseline,1,48000
AppleM1,import,16,125000,2,0,baseline,2,47000
AppleM1,import,16,125000,2,0,baseline,3,47000
AppleM1,import,16,125000,2,0,baseline,4,47000
AppleM1,import,16,125000,2,0,candidate,0,47000
AppleM1,import,16,125000,2,0,candidate,1,48000
AppleM1,import,16,125000,2,0,candidate,2,47000
AppleM1,import,16,125000,2,0,candidate,3,47000
AppleM1,import,16,125000,2,0,candidate,4,47000
AppleM1,import,16,125000,2,1,candidate,0,46000
AppleM1,import,16,125000,2,1,candidate,1,48000
AppleM1,import,16,125000,2,1,candidate,2,47000
AppleM1,import,16,125000,2,1,candidate,3,47000
AppleM1,import,16,125000,2,1,candidate,4,47000
AppleM1,import,16,125000,2,1,baseline,0,46000
AppleM1,import,16,125000,2,1,baseline,1,48000
AppleM1,import,16,125000,2,1,baseline,2,47000
AppleM1,import,16,125000,2,1,baseline,3,47000
AppleM1,import,16,125000,2,1,baseline,4,47000
AppleM1,import,16,125000,8,0,baseline,0,203000
AppleM1,import,16,125000,8,0,baseline,1,210000
AppleM1,import,16,125000,8,0,baseline,2,211000
AppleM1,import,16,125000,8,0,baseline,3,208000
AppleM1,import,16,125000,8,0,baseline,4,210000
AppleM1,import,16,125000,8,0,candidate,0,207000
AppleM1,import,16,125000,8,0,candidate,1,212000
AppleM1,import,16,125000,8,0,candidate,2,217000
AppleM1,import,16,125000,8,0,candidate,3,211000
AppleM1,import,16,125000,8,0,candidate,4,211000
AppleM1,import,16,125000,8,1,candidate,0,205000
AppleM1,import,16,125000,8,1,candidate,1,210000
AppleM1,import,16,125000,8,1,candidate,2,216000
AppleM1,import,16,125000,8,1,candidate,3,209000
AppleM1,import,16,125000,8,1,candidate,4,210000
AppleM1,import,16,125000,8,1,baseline,0,204000
AppleM1,import,16,125000,8,1,baseline,1,208000
AppleM1,import,16,125000,8,1,baseline,2,215000
AppleM1,import,16,125000,8,1,baseline,3,207000
AppleM1,import,16,125000,8,1,baseline,4,208000
AppleM1,import,16,250000,2,0,baseline,0,87000
AppleM1,import,16,250000,2,0,baseline,1,90000
AppleM1,import,16,250000,2,0,baseline,2,89000
AppleM1,import,16,250000,2,0,baseline,3,89000
AppleM1,import,16,250000,2,0,baseline,4,88000
AppleM1,import,16,250000,2,0,candidate,0,90000
AppleM1,import,16,250000,2,0,candidate,1,92000
AppleM1,import,16,250000,2,0,candidate,2,91000
AppleM1,import,16,250000,2,0,candidate,3,91000
AppleM1,import,16,250000,2,0,candidate,4,91000
AppleM1,import,16,250000,2,1,candidate,0,89000
AppleM1,import,16,250000,2,1,candidate,1,92000
AppleM1,import,16,250000,2,1,candidate,2,92000
AppleM1,import,16,250000,2,1,candidate,3,91000
AppleM1,import,16,250000,2,1,candidate,4,90000
AppleM1,import,16,250000,2,1,baseline,0,89000
AppleM1,import,16,250000,2,1,baseline,1,92000
AppleM1,import,16,250000,2,1,baseline,2,93000
AppleM1,import,16,250000,2,1,baseline,3,91000
AppleM1,import,16,250000,2,1,baseline,4,91000
AppleM1,import,16,250000,8,0,baseline,0,449000
AppleM1,import,16,250000,8,0,baseline,1,452000
AppleM1,import,16,250000,8,0,baseline,2,456000
AppleM1,import,16,250000,8,0,baseline,3,452000
AppleM1,import,16,250000,8,0,baseline,4,452000
AppleM1,import,16,250000,8,0,candidate,0,454000
AppleM1,import,16,250000,8,0,candidate,1,450000
AppleM1,import,16,250000,8,0,candidate,2,453000
AppleM1,import,16,250000,8,0,candidate,3,455000
AppleM1,import,16,250000,8,0,candidate,4,450000
AppleM1,import,16,250000,8,1,candidate,0,456000
AppleM1,import,16,250000,8,1,candidate,1,451000
AppleM1,import,16,250000,8,1,candidate,2,457000
AppleM1,import,16,250000,8,1,candidate,3,453000
AppleM1,import,16,250000,8,1,candidate,4,452000
AppleM1,import,16,250000,8,1,baseline,0,451000
AppleM1,import,16,250000,8,1,baseline,1,451000
AppleM1,import,16,250000,8,1,baseline,2,449000
AppleM1,import,16,250000,8,1,baseline,3,448000
AppleM1,import,16,250000,8,1,baseline,4,448000
AppleM1,import,16,1000000,2,0,baseline,0,436000
AppleM1,import,16,1000000,2,0,baseline,1,464000
AppleM1,import,16,1000000,2,0,baseline,2,439000
AppleM1,import,16,1000000,2,0,baseline,3,440000
AppleM1,import,16,1000000,2,0,baseline,4,440000
AppleM1,import,16,1000000,2,0,candidate,0,442000
AppleM1,import,16,1000000,2,0,candidate,1,439000
AppleM1,import,16,1000000,2,0,candidate,2,438000
AppleM1,import,16,1000000,2,0,candidate,3,439000
AppleM1,import,16,1000000,2,0,candidate,4,437000
AppleM1,import,16,1000000,2,1,candidate,0,428000
AppleM1,import,16,1000000,2,1,candidate,1,445000
AppleM1,import,16,1000000,2,1,candidate,2,438000
AppleM1,import,16,1000000,2,1,candidate,3,438000
AppleM1,import,16,1000000,2,1,candidate,4,435000
AppleM1,import,16,1000000,2,1,baseline,0,431000
AppleM1,import,16,1000000,2,1,baseline,1,447000
AppleM1,import,16,1000000,2,1,baseline,2,437000
AppleM1,import,16,1000000,2,1,baseline,3,447000
AppleM1,import,16,1000000,2,1,baseline,4,437000
AppleM1,import,16,1000000,8,0,baseline,0,2936000
AppleM1,import,16,1000000,8,0,baseline,1,2106000
AppleM1,import,16,1000000,8,0,baseline,2,2053000
AppleM1,import,16,1000000,8,0,baseline,3,2055000
AppleM1,import,16,1000000,8,0,baseline,4,2055000
AppleM1,import,16,1000000,8,0,candidate,0,2069000
AppleM1,import,16,1000000,8,0,candidate,1,2071000
AppleM1,import,16,1000000,8,0,candidate,2,2077000
AppleM1,import,16,1000000,8,0,candidate,3,2074000
AppleM1,import,16,1000000,8,0,candidate,4,2059000
AppleM1,import,16,1000000,8,1,candidate,0,2065000
AppleM1,import,16,1000000,8,1,candidate,1,2075000
AppleM1,import,16,1000000,8,1,candidate,2,2061000
AppleM1,import,16,1000000,8,1,candidate,3,2084000
AppleM1,import,16,1000000,8,1,candidate,4,2056000
AppleM1,import,16,1000000,8,1,baseline,0,2058000
AppleM1,import,16,1000000,8,1,baseline,1,2058000
AppleM1,import,16,1000000,8,1,baseline,2,2072000
AppleM1,import,16,1000000,8,1,baseline,3,2075000
AppleM1,import,16,1000000,8,1,baseline,4,2055000
AppleM1,import,16,10000000,2,0,baseline,0,5254000
AppleM1,import,16,10000000,2,0,baseline,1,5329000
AppleM1,import,16,10000000,2,0,baseline,2,5231000
AppleM1,import,16,10000000,2,0,baseline,3,5299000
AppleM1,import,16,10000000,2,0,baseline,4,5227000
AppleM1,import,16,10000000,2,0,candidate,0,5244000
AppleM1,import,16,10000000,2,0,candidate,1,5240000
AppleM1,import,16,10000000,2,0,candidate,2,5228000
AppleM1,import,16,10000000,2,0,candidate,3,5241000
AppleM1,import,16,10000000,2,0,candidate,4,5311000
AppleM1,import,16,10000000,2,1,candidate,0,5234000
AppleM1,import,16,10000000,2,1,candidate,1,5421000
AppleM1,import,16,10000000,2,1,candidate,2,6383000
AppleM1,import,16,10000000,2,1,candidate,3,5227000
AppleM1,import,16,10000000,2,1,candidate,4,5251000
AppleM1,import,16,10000000,2,1,baseline,0,5250000
AppleM1,import,16,10000000,2,1,baseline,1,5403000
AppleM1,import,16,10000000,2,1,baseline,2,5291000
AppleM1,import,16,10000000,2,1,baseline,3,5270000
AppleM1,import,16,10000000,2,1,baseline,4,5259000
AppleM1,import,16,10000000,8,0,baseline,0,21472000
AppleM1,import,16,10000000,8,0,baseline,1,43242000
AppleM1,import,16,10000000,8,0,baseline,2,21951000
AppleM1,import,16,10000000,8,0,baseline,3,21711000
AppleM1,import,16,10000000,8,0,baseline,4,22285000
AppleM1,import,16,10000000,8,0,candidate,0,22099000
AppleM1,import,16,10000000,8,0,candidate,1,42700000
AppleM1,import,16,10000000,8,0,candidate,2,21790000
AppleM1,import,16,10000000,8,0,candidate,3,21473000
AppleM1,import,16,10000000,8,0,candidate,4,21558000
AppleM1,import,16,10000000,8,1,candidate,0,21591000
AppleM1,import,16,10000000,8,1,candidate,1,42897000
AppleM1,import,16,10000000,8,1,candidate,2,21703000
AppleM1,import,16,10000000,8,1,candidate,3,21660000
AppleM1,import,16,10000000,8,1,candidate,4,21920000
AppleM1,import,16,10000000,8,1,baseline,0,21760000
AppleM1,import,16,10000000,8,1,baseline,1,43366000
AppleM1,import,16,10000000,8,1,baseline,2,22068000
AppleM1,import,16,10000000,8,1,baseline,3,21771000
AppleM1,import,16,10000000,8,1,baseline,4,21670000
AppleM1,read,16,1000000,8,0,baseline,0,22347000
AppleM1,read,16,1000000,8,0,candidate,0,22042000
AppleM1,read,16,1000000,8,1,candidate,0,21999000
AppleM1,read,16,1000000,8,1,baseline,0,22413000
AppleM1,read,16,1000000,8,2,baseline,0,22308000
AppleM1,read,16,1000000,8,2,candidate,0,22634000
AppleM1,read,16,10000000,8,0,baseline,0,196492000
AppleM1,read,16,10000000,8,0,candidate,0,196274000
AppleM1,read,16,10000000,8,1,candidate,0,199562000
AppleM1,read,16,10000000,8,1,baseline,0,196533000
AppleM1,read,16,10000000,8,2,baseline,0,196810000
AppleM1,read,16,10000000,8,2,candidate,0,197579000
AppleM1-parallel-trial,import,4,65536,2,0,baseline,0,72000
AppleM1-parallel-trial,import,4,65536,2,0,baseline,1,71000
AppleM1-parallel-trial,import,4,65536,2,0,baseline,2,69000
AppleM1-parallel-trial,import,4,65536,2,0,baseline,3,63000
AppleM1-parallel-trial,import,4,65536,2,0,baseline,4,56000
AppleM1-parallel-trial,import,4,65536,2,0,candidate,0,90000
AppleM1-parallel-trial,import,4,65536,2,0,candidate,1,87000
AppleM1-parallel-trial,import,4,65536,2,0,candidate,2,88000
AppleM1-parallel-trial,import,4,65536,2,0,candidate,3,76000
AppleM1-parallel-trial,import,4,65536,2,0,candidate,4,55000
AppleM1-parallel-trial,import,4,65536,2,1,candidate,0,29000
AppleM1-parallel-trial,import,4,65536,2,1,candidate,1,27000
AppleM1-parallel-trial,import,4,65536,2,1,candidate,2,26000
AppleM1-parallel-trial,import,4,65536,2,1,candidate,3,26000
AppleM1-parallel-trial,import,4,65536,2,1,candidate,4,27000
AppleM1-parallel-trial,import,4,65536,2,1,baseline,0,26000
AppleM1-parallel-trial,import,4,65536,2,1,baseline,1,28000
AppleM1-parallel-trial,import,4,65536,2,1,baseline,2,27000
AppleM1-parallel-trial,import,4,65536,2,1,baseline,3,26000
AppleM1-parallel-trial,import,4,65536,2,1,baseline,4,27000
AppleM1-parallel-trial,import,4,65536,8,0,baseline,0,104000
AppleM1-parallel-trial,import,4,65536,8,0,baseline,1,108000
AppleM1-parallel-trial,import,4,65536,8,0,baseline,2,116000
AppleM1-parallel-trial,import,4,65536,8,0,baseline,3,107000
AppleM1-parallel-trial,import,4,65536,8,0,baseline,4,105000
AppleM1-parallel-trial,import,4,65536,8,0,candidate,0,104000
AppleM1-parallel-trial,import,4,65536,8,0,candidate,1,109000
AppleM1-parallel-trial,import,4,65536,8,0,candidate,2,108000
AppleM1-parallel-trial,import,4,65536,8,0,candidate,3,108000
AppleM1-parallel-trial,import,4,65536,8,0,candidate,4,106000
AppleM1-parallel-trial,import,4,65536,8,1,candidate,0,104000
AppleM1-parallel-trial,import,4,65536,8,1,candidate,1,106000
AppleM1-parallel-trial,import,4,65536,8,1,candidate,2,105000
AppleM1-parallel-trial,import,4,65536,8,1,candidate,3,107000
AppleM1-parallel-trial,import,4,65536,8,1,candidate,4,105000
AppleM1-parallel-trial,import,4,65536,8,1,baseline,0,102000
AppleM1-parallel-trial,import,4,65536,8,1,baseline,1,106000
AppleM1-parallel-trial,import,4,65536,8,1,baseline,2,105000
AppleM1-parallel-trial,import,4,65536,8,1,baseline,3,105000
AppleM1-parallel-trial,import,4,65536,8,1,baseline,4,104000
AppleM1-parallel-trial,import,4,125000,2,0,baseline,0,45000
AppleM1-parallel-trial,import,4,125000,2,0,baseline,1,48000
AppleM1-parallel-trial,import,4,125000,2,0,baseline,2,47000
AppleM1-parallel-trial,import,4,125000,2,0,baseline,3,47000
AppleM1-parallel-trial,import,4,125000,2,0,baseline,4,47000
AppleM1-parallel-trial,import,4,125000,2,0,candidate,0,49000
AppleM1-parallel-trial,import,4,125000,2,0,candidate,1,51000
AppleM1-parallel-trial,import,4,125000,2,0,candidate,2,51000
AppleM1-parallel-trial,import,4,125000,2,0,candidate,3,52000
AppleM1-parallel-trial,import,4,125000,2,0,candidate,4,49000
AppleM1-parallel-trial,import,4,125000,2,1,candidate,0,46000
AppleM1-parallel-trial,import,4,125000,2,1,candidate,1,48000
AppleM1-parallel-trial,import,4,125000,2,1,candidate,2,47000
AppleM1-parallel-trial,import,4,125000,2,1,candidate,3,47000
AppleM1-parallel-trial,import,4,125000,2,1,candidate,4,47000
AppleM1-parallel-trial,import,4,125000,2,1,baseline,0,45000
AppleM1-parallel-trial,import,4,125000,2,1,baseline,1,48000
AppleM1-parallel-trial,import,4,125000,2,1,baseline,2,46000
AppleM1-parallel-trial,import,4,125000,2,1,baseline,3,47000
AppleM1-parallel-trial,import,4,125000,2,1,baseline,4,46000
AppleM1-parallel-trial,import,4,125000,8,0,baseline,0,204000
AppleM1-parallel-trial,import,4,125000,8,0,baseline,1,210000
AppleM1-parallel-trial,import,4,125000,8,0,baseline,2,212000
AppleM1-parallel-trial,import,4,125000,8,0,baseline,3,254000
AppleM1-parallel-trial,import,4,125000,8,0,baseline,4,206000
AppleM1-parallel-trial,import,4,125000,8,0,candidate,0,204000
AppleM1-parallel-trial,import,4,125000,8,0,candidate,1,213000
AppleM1-parallel-trial,import,4,125000,8,0,candidate,2,210000
AppleM1-parallel-trial,import,4,125000,8,0,candidate,3,208000
AppleM1-parallel-trial,import,4,125000,8,0,candidate,4,209000
AppleM1-parallel-trial,import,4,125000,8,1,candidate,0,203000
AppleM1-parallel-trial,import,4,125000,8,1,candidate,1,212000
AppleM1-parallel-trial,import,4,125000,8,1,candidate,2,218000
AppleM1-parallel-trial,import,4,125000,8,1,candidate,3,210000
AppleM1-parallel-trial,import,4,125000,8,1,candidate,4,210000
AppleM1-parallel-trial,import,4,125000,8,1,baseline,0,201000
AppleM1-parallel-trial,import,4,125000,8,1,baseline,1,207000
AppleM1-parallel-trial,import,4,125000,8,1,baseline,2,214000
AppleM1-parallel-trial,import,4,125000,8,1,baseline,3,207000
AppleM1-parallel-trial,import,4,125000,8,1,baseline,4,206000
AppleM1-parallel-trial,import,4,250000,2,0,baseline,0,88000
AppleM1-parallel-trial,import,4,250000,2,0,baseline,1,91000
AppleM1-parallel-trial,import,4,250000,2,0,baseline,2,90000
AppleM1-parallel-trial,import,4,250000,2,0,baseline,3,90000
AppleM1-parallel-trial,import,4,250000,2,0,baseline,4,90000
AppleM1-parallel-trial,import,4,250000,2,0,candidate,0,90000
AppleM1-parallel-trial,import,4,250000,2,0,candidate,1,93000
AppleM1-parallel-trial,import,4,250000,2,0,candidate,2,92000
AppleM1-parallel-trial,import,4,250000,2,0,candidate,3,92000
AppleM1-parallel-trial,import,4,250000,2,0,candidate,4,92000
AppleM1-parallel-trial,import,4,250000,2,1,candidate,0,88000
AppleM1-parallel-trial,import,4,250000,2,1,candidate,1,92000
AppleM1-parallel-trial,import,4,250000,2,1,candidate,2,91000
AppleM1-parallel-trial,import,4,250000,2,1,candidate,3,90000
AppleM1-parallel-trial,import,4,250000,2,1,candidate,4,89000
AppleM1-parallel-trial,import,4,250000,2,1,baseline,0,88000
AppleM1-parallel-trial,import,4,250000,2,1,baseline,1,91000
AppleM1-parallel-trial,import,4,250000,2,1,baseline,2,90000
AppleM1-parallel-trial,import,4,250000,2,1,baseline,3,90000
AppleM1-parallel-trial,import,4,250000,2,1,baseline,4,89000
AppleM1-parallel-trial,import,4,250000,8,0,baseline,0,454000
AppleM1-parallel-trial,import,4,250000,8,0,baseline,1,453000
AppleM1-parallel-trial,import,4,250000,8,0,baseline,2,451000
AppleM1-parallel-trial,import,4,250000,8,0,baseline,3,449000
AppleM1-parallel-trial,import,4,250000,8,0,baseline,4,449000
AppleM1-parallel-trial,import,4,250000,8,0,candidate,0,484000
AppleM1-parallel-trial,import,4,250000,8,0,candidate,1,473000
AppleM1-parallel-trial,import,4,250000,8,0,candidate,2,472000
AppleM1-parallel-trial,import,4,250000,8,0,candidate,3,472000
AppleM1-parallel-trial,import,4,250000,8,0,candidate,4,471000
AppleM1-parallel-trial,import,4,250000,8,1,candidate,0,500000
AppleM1-parallel-trial,import,4,250000,8,1,candidate,1,476000
AppleM1-parallel-trial,import,4,250000,8,1,candidate,2,474000
AppleM1-parallel-trial,import,4,250000,8,1,candidate,3,472000
AppleM1-parallel-trial,import,4,250000,8,1,candidate,4,471000
AppleM1-parallel-trial,import,4,250000,8,1,baseline,0,454000
AppleM1-parallel-trial,import,4,250000,8,1,baseline,1,448000
AppleM1-parallel-trial,import,4,250000,8,1,baseline,2,453000
AppleM1-parallel-trial,import,4,250000,8,1,baseline,3,449000
AppleM1-parallel-trial,import,4,250000,8,1,baseline,4,450000
AppleM1-parallel-trial,import,4,1000000,2,0,baseline,0,431000
AppleM1-parallel-trial,import,4,1000000,2,0,baseline,1,440000
AppleM1-parallel-trial,import,4,1000000,2,0,baseline,2,440000
AppleM1-parallel-trial,import,4,1000000,2,0,baseline,3,446000
AppleM1-parallel-trial,import,4,1000000,2,0,baseline,4,437000
AppleM1-parallel-trial,import,4,1000000,2,0,candidate,0,465000
AppleM1-parallel-trial,import,4,1000000,2,0,candidate,1,456000
AppleM1-parallel-trial,import,4,1000000,2,0,candidate,2,455000
AppleM1-parallel-trial,import,4,1000000,2,0,candidate,3,451000
AppleM1-parallel-trial,import,4,1000000,2,0,candidate,4,453000
AppleM1-parallel-trial,import,4,1000000,2,1,candidate,0,467000
AppleM1-parallel-trial,import,4,1000000,2,1,candidate,1,452000
AppleM1-parallel-trial,import,4,1000000,2,1,candidate,2,452000
AppleM1-parallel-trial,import,4,1000000,2,1,candidate,3,458000
AppleM1-parallel-trial,import,4,1000000,2,1,candidate,4,479000
AppleM1-parallel-trial,import,4,1000000,2,1,baseline,0,447000
AppleM1-parallel-trial,import,4,1000000,2,1,baseline,1,443000
AppleM1-parallel-trial,import,4,1000000,2,1,baseline,2,443000
AppleM1-parallel-trial,import,4,1000000,2,1,baseline,3,442000
AppleM1-parallel-trial,import,4,1000000,2,1,baseline,4,442000
AppleM1-parallel-trial,import,4,1000000,8,0,baseline,0,2068000
AppleM1-parallel-trial,import,4,1000000,8,0,baseline,1,2065000
AppleM1-parallel-trial,import,4,1000000,8,0,baseline,2,2054000
AppleM1-parallel-trial,import,4,1000000,8,0,baseline,3,2060000
AppleM1-parallel-trial,import,4,1000000,8,0,baseline,4,2062000
AppleM1-parallel-trial,import,4,1000000,8,0,candidate,0,2137000
AppleM1-parallel-trial,import,4,1000000,8,0,candidate,1,2149000
AppleM1-parallel-trial,import,4,1000000,8,0,candidate,2,2141000
AppleM1-parallel-trial,import,4,1000000,8,0,candidate,3,2130000
AppleM1-parallel-trial,import,4,1000000,8,0,candidate,4,2128000
AppleM1-parallel-trial,import,4,1000000,8,1,candidate,0,2144000
AppleM1-parallel-trial,import,4,1000000,8,1,candidate,1,2149000
AppleM1-parallel-trial,import,4,1000000,8,1,candidate,2,2132000
AppleM1-parallel-trial,import,4,1000000,8,1,candidate,3,2149000
AppleM1-parallel-trial,import,4,1000000,8,1,candidate,4,2140000
AppleM1-parallel-trial,import,4,1000000,8,1,baseline,0,2072000
AppleM1-parallel-trial,import,4,1000000,8,1,baseline,1,2063000
AppleM1-parallel-trial,import,4,1000000,8,1,baseline,2,2064000
AppleM1-parallel-trial,import,4,1000000,8,1,baseline,3,2067000
AppleM1-parallel-trial,import,4,1000000,8,1,baseline,4,2263000
AppleM1-parallel-trial,import,4,10000000,2,0,baseline,0,5246000
AppleM1-parallel-trial,import,4,10000000,2,0,baseline,1,5242000
AppleM1-parallel-trial,import,4,10000000,2,0,baseline,2,5522000
AppleM1-parallel-trial,import,4,10000000,2,0,baseline,3,5251000
AppleM1-parallel-trial,import,4,10000000,2,0,baseline,4,5223000
AppleM1-parallel-trial,import,4,10000000,2,0,candidate,0,5280000
AppleM1-parallel-trial,import,4,10000000,2,0,candidate,1,5267000
AppleM1-parallel-trial,import,4,10000000,2,0,candidate,2,5278000
AppleM1-parallel-trial,import,4,10000000,2,0,candidate,3,5262000
AppleM1-parallel-trial,import,4,10000000,2,0,candidate,4,5253000
AppleM1-parallel-trial,import,4,10000000,2,1,candidate,0,5261000
AppleM1-parallel-trial,import,4,10000000,2,1,candidate,1,5272000
AppleM1-parallel-trial,import,4,10000000,2,1,candidate,2,5264000
AppleM1-parallel-trial,import,4,10000000,2,1,candidate,3,5287000
AppleM1-parallel-trial,import,4,10000000,2,1,candidate,4,5301000
AppleM1-parallel-trial,import,4,10000000,2,1,baseline,0,5246000
AppleM1-parallel-trial,import,4,10000000,2,1,baseline,1,5248000
AppleM1-parallel-trial,import,4,10000000,2,1,baseline,2,5224000
AppleM1-parallel-trial,import,4,10000000,2,1,baseline,3,5236000
AppleM1-parallel-trial,import,4,10000000,2,1,baseline,4,5241000
AppleM1-parallel-trial,import,4,10000000,8,0,baseline,0,21666000
AppleM1-parallel-trial,import,4,10000000,8,0,baseline,1,31734000
AppleM1-parallel-trial,import,4,10000000,8,0,baseline,2,21731000
AppleM1-parallel-trial,import,4,10000000,8,0,baseline,3,21782000
AppleM1-parallel-trial,import,4,10000000,8,0,baseline,4,21576000
AppleM1-parallel-trial,import,4,10000000,8,0,candidate,0,22087000
AppleM1-parallel-trial,import,4,10000000,8,0,candidate,1,24242000
AppleM1-parallel-trial,import,4,10000000,8,0,candidate,2,22150000
AppleM1-parallel-trial,import,4,10000000,8,0,candidate,3,21893000
AppleM1-parallel-trial,import,4,10000000,8,0,candidate,4,22486000
AppleM1-parallel-trial,import,4,10000000,8,1,candidate,0,21698000
AppleM1-parallel-trial,import,4,10000000,8,1,candidate,1,24320000
AppleM1-parallel-trial,import,4,10000000,8,1,candidate,2,21741000
AppleM1-parallel-trial,import,4,10000000,8,1,candidate,3,22046000
AppleM1-parallel-trial,import,4,10000000,8,1,candidate,4,22252000
AppleM1-parallel-trial,import,4,10000000,8,1,baseline,0,21453000
AppleM1-parallel-trial,import,4,10000000,8,1,baseline,1,29416000
AppleM1-parallel-trial,import,4,10000000,8,1,baseline,2,22003000
AppleM1-parallel-trial,import,4,10000000,8,1,baseline,3,23804000
AppleM1-parallel-trial,import,4,10000000,8,1,baseline,4,21427000
AppleM1-parallel-trial,read,4,1000000,8,0,baseline,0,46038000
AppleM1-parallel-trial,read,4,1000000,8,0,candidate,0,44359000
AppleM1-parallel-trial,read,4,1000000,8,1,candidate,0,21535000
AppleM1-parallel-trial,read,4,1000000,8,1,baseline,0,21625000
AppleM1-parallel-trial,read,4,1000000,8,2,baseline,0,21789000
AppleM1-parallel-trial,read,4,1000000,8,2,candidate,0,21464000
AppleM1-parallel-trial,read,4,10000000,8,0,baseline,0,198131000
AppleM1-parallel-trial,read,4,10000000,8,0,candidate,0,196229000
AppleM1-parallel-trial,read,4,10000000,8,1,candidate,0,196794000
AppleM1-parallel-trial,read,4,10000000,8,1,baseline,0,196389000
AppleM1-parallel-trial,read,4,10000000,8,2,baseline,0,197080000
AppleM1-parallel-trial,read,4,10000000,8,2,candidate,0,203170000
AppleM1-parallel-trial,import,8,65536,2,0,baseline,0,26000
AppleM1-parallel-trial,import,8,65536,2,0,baseline,1,27000
AppleM1-parallel-trial,import,8,65536,2,0,baseline,2,26000
AppleM1-parallel-trial,import,8,65536,2,0,baseline,3,27000
AppleM1-parallel-trial,import,8,65536,2,0,baseline,4,26000
AppleM1-parallel-trial,import,8,65536,2,0,candidate,0,27000
AppleM1-parallel-trial,import,8,65536,2,0,candidate,1,28000
AppleM1-parallel-trial,import,8,65536,2,0,candidate,2,27000
AppleM1-parallel-trial,import,8,65536,2,0,candidate,3,27000
AppleM1-parallel-trial,import,8,65536,2,0,candidate,4,27000
AppleM1-parallel-trial,import,8,65536,2,1,candidate,0,27000
AppleM1-parallel-trial,import,8,65536,2,1,candidate,1,27000
AppleM1-parallel-trial,import,8,65536,2,1,candidate,2,27000
AppleM1-parallel-trial,import,8,65536,2,1,candidate,3,27000
AppleM1-parallel-trial,import,8,65536,2,1,candidate,4,27000
AppleM1-parallel-trial,import,8,65536,2,1,baseline,0,26000
AppleM1-parallel-trial,import,8,65536,2,1,baseline,1,28000
AppleM1-parallel-trial,import,8,65536,2,1,baseline,2,27000
AppleM1-parallel-trial,import,8,65536,2,1,baseline,3,27000
AppleM1-parallel-trial,import,8,65536,2,1,baseline,4,26000
AppleM1-parallel-trial,import,8,65536,8,0,baseline,0,105000
AppleM1-parallel-trial,import,8,65536,8,0,baseline,1,107000
AppleM1-parallel-trial,import,8,65536,8,0,baseline,2,107000
AppleM1-parallel-trial,import,8,65536,8,0,baseline,3,106000
AppleM1-parallel-trial,import,8,65536,8,0,baseline,4,106000
AppleM1-parallel-trial,import,8,65536,8,0,candidate,0,104000
AppleM1-parallel-trial,import,8,65536,8,0,candidate,1,108000
AppleM1-parallel-trial,import,8,65536,8,0,candidate,2,107000
AppleM1-parallel-trial,import,8,65536,8,0,candidate,3,105000
AppleM1-parallel-trial,import,8,65536,8,0,candidate,4,105000
AppleM1-parallel-trial,import,8,65536,8,1,candidate,0,106000
AppleM1-parallel-trial,import,8,65536,8,1,candidate,1,109000
AppleM1-parallel-trial,import,8,65536,8,1,candidate,2,108000
AppleM1-parallel-trial,import,8,65536,8,1,candidate,3,108000
AppleM1-parallel-trial,import,8,65536,8,1,candidate,4,106000
AppleM1-parallel-trial,import,8,65536,8,1,baseline,0,103000
AppleM1-parallel-trial,import,8,65536,8,1,baseline,1,106000
AppleM1-parallel-trial,import,8,65536,8,1,baseline,2,105000
AppleM1-parallel-trial,import,8,65536,8,1,baseline,3,106000
AppleM1-parallel-trial,import,8,65536,8,1,baseline,4,104000
AppleM1-parallel-trial,import,8,125000,2,0,baseline,0,46000
AppleM1-parallel-trial,import,8,125000,2,0,baseline,1,48000
AppleM1-parallel-trial,import,8,125000,2,0,baseline,2,46000
AppleM1-parallel-trial,import,8,125000,2,0,baseline,3,47000
AppleM1-parallel-trial,import,8,125000,2,0,baseline,4,47000
AppleM1-parallel-trial,import,8,125000,2,0,candidate,0,46000
AppleM1-parallel-trial,import,8,125000,2,0,candidate,1,48000
AppleM1-parallel-trial,import,8,125000,2,0,candidate,2,47000
AppleM1-parallel-trial,import,8,125000,2,0,candidate,3,47000
AppleM1-parallel-trial,import,8,125000,2,0,candidate,4,48000
AppleM1-parallel-trial,import,8,125000,2,1,candidate,0,46000
AppleM1-parallel-trial,import,8,125000,2,1,candidate,1,48000
AppleM1-parallel-trial,import,8,125000,2,1,candidate,2,47000
AppleM1-parallel-trial,import,8,125000,2,1,candidate,3,47000
AppleM1-parallel-trial,import,8,125000,2,1,candidate,4,47000
AppleM1-parallel-trial,import,8,125000,2,1,baseline,0,46000
AppleM1-parallel-trial,import,8,125000,2,1,baseline,1,48000
AppleM1-parallel-trial,import,8,125000,2,1,baseline,2,47000
AppleM1-parallel-trial,import,8,125000,2,1,baseline,3,47000
AppleM1-parallel-trial,import,8,125000,2,1,baseline,4,46000
AppleM1-parallel-trial,import,8,125000,8,0,baseline,0,204000
AppleM1-parallel-trial,import,8,125000,8,0,baseline,1,210000
AppleM1-parallel-trial,import,8,125000,8,0,baseline,2,206000
AppleM1-parallel-trial,import,8,125000,8,0,baseline,3,207000
AppleM1-parallel-trial,import,8,125000,8,0,baseline,4,205000
AppleM1-parallel-trial,import,8,125000,8,0,candidate,0,207000
AppleM1-parallel-trial,import,8,125000,8,0,candidate,1,213000
AppleM1-parallel-trial,import,8,125000,8,0,candidate,2,213000
AppleM1-parallel-trial,import,8,125000,8,0,candidate,3,210000
AppleM1-parallel-trial,import,8,125000,8,0,candidate,4,211000
AppleM1-parallel-trial,import,8,125000,8,1,candidate,0,205000
AppleM1-parallel-trial,import,8,125000,8,1,candidate,1,210000
AppleM1-parallel-trial,import,8,125000,8,1,candidate,2,209000
AppleM1-parallel-trial,import,8,125000,8,1,candidate,3,208000
AppleM1-parallel-trial,import,8,125000,8,1,candidate,4,209000
AppleM1-parallel-trial,import,8,125000,8,1,baseline,0,204000
AppleM1-parallel-trial,import,8,125000,8,1,baseline,1,208000
AppleM1-parallel-trial,import,8,125000,8,1,baseline,2,214000
AppleM1-parallel-trial,import,8,125000,8,1,baseline,3,208000
AppleM1-parallel-trial,import,8,125000,8,1,baseline,4,209000
AppleM1-parallel-trial,import,8,250000,2,0,baseline,0,89000
AppleM1-parallel-trial,import,8,250000,2,0,baseline,1,91000
AppleM1-parallel-trial,import,8,250000,2,0,baseline,2,90000
AppleM1-parallel-trial,import,8,250000,2,0,baseline,3,90000
AppleM1-parallel-trial,import,8,250000,2,0,baseline,4,90000
AppleM1-parallel-trial,import,8,250000,2,0,candidate,0,88000
AppleM1-parallel-trial,import,8,250000,2,0,candidate,1,92000
AppleM1-parallel-trial,import,8,250000,2,0,candidate,2,91000
AppleM1-parallel-trial,import,8,250000,2,0,candidate,3,90000
AppleM1-parallel-trial,import,8,250000,2,0,candidate,4,92000
AppleM1-parallel-trial,import,8,250000,2,1,candidate,0,88000
AppleM1-parallel-trial,import,8,250000,2,1,candidate,1,92000
AppleM1-parallel-trial,import,8,250000,2,1,candidate,2,91000
AppleM1-parallel-trial,import,8,250000,2,1,candidate,3,91000
AppleM1-parallel-trial,import,8,250000,2,1,candidate,4,90000
AppleM1-parallel-trial,import,8,250000,2,1,baseline,0,88000
AppleM1-parallel-trial,import,8,250000,2,1,baseline,1,91000
AppleM1-parallel-trial,import,8,250000,2,1,baseline,2,90000
AppleM1-parallel-trial,import,8,250000,2,1,baseline,3,92000
AppleM1-parallel-trial,import,8,250000,2,1,baseline,4,90000
AppleM1-parallel-trial,import,8,250000,8,0,baseline,0,470000
AppleM1-parallel-trial,import,8,250000,8,0,baseline,1,449000
AppleM1-parallel-trial,import,8,250000,8,0,baseline,2,447000
AppleM1-parallel-trial,import,8,250000,8,0,baseline,3,452000
AppleM1-parallel-trial,import,8,250000,8,0,baseline,4,447000
AppleM1-parallel-trial,import,8,250000,8,0,candidate,0,491000
AppleM1-parallel-trial,import,8,250000,8,0,candidate,1,480000
AppleM1-parallel-trial,import,8,250000,8,0,candidate,2,489000
AppleM1-parallel-trial,import,8,250000,8,0,candidate,3,478000
AppleM1-parallel-trial,import,8,250000,8,0,candidate,4,475000
AppleM1-parallel-trial,import,8,250000,8,1,candidate,0,514000
AppleM1-parallel-trial,import,8,250000,8,1,candidate,1,499000
AppleM1-parallel-trial,import,8,250000,8,1,candidate,2,502000
AppleM1-parallel-trial,import,8,250000,8,1,candidate,3,502000
AppleM1-parallel-trial,import,8,250000,8,1,candidate,4,512000
AppleM1-parallel-trial,import,8,250000,8,1,baseline,0,464000
AppleM1-parallel-trial,import,8,250000,8,1,baseline,1,462000
AppleM1-parallel-trial,import,8,250000,8,1,baseline,2,463000
AppleM1-parallel-trial,import,8,250000,8,1,baseline,3,481000
AppleM1-parallel-trial,import,8,250000,8,1,baseline,4,460000
AppleM1-parallel-trial,import,8,1000000,2,0,baseline,0,459000
AppleM1-parallel-trial,import,8,1000000,2,0,baseline,1,441000
AppleM1-parallel-trial,import,8,1000000,2,0,baseline,2,436000
AppleM1-parallel-trial,import,8,1000000,2,0,baseline,3,442000
AppleM1-parallel-trial,import,8,1000000,2,0,baseline,4,440000
AppleM1-parallel-trial,import,8,1000000,2,0,candidate,0,476000
AppleM1-parallel-trial,import,8,1000000,2,0,candidate,1,456000
AppleM1-parallel-trial,import,8,1000000,2,0,candidate,2,467000
AppleM1-parallel-trial,import,8,1000000,2,0,candidate,3,456000
AppleM1-parallel-trial,import,8,1000000,2,0,candidate,4,453000
AppleM1-parallel-trial,import,8,1000000,2,1,candidate,0,464000
AppleM1-parallel-trial,import,8,1000000,2,1,candidate,1,455000
AppleM1-parallel-trial,import,8,1000000,2,1,candidate,2,454000
AppleM1-parallel-trial,import,8,1000000,2,1,candidate,3,451000
AppleM1-parallel-trial,import,8,1000000,2,1,candidate,4,454000
AppleM1-parallel-trial,import,8,1000000,2,1,baseline,0,434000
AppleM1-parallel-trial,import,8,1000000,2,1,baseline,1,456000
AppleM1-parallel-trial,import,8,1000000,2,1,baseline,2,441000
AppleM1-parallel-trial,import,8,1000000,2,1,baseline,3,442000
AppleM1-parallel-trial,import,8,1000000,2,1,baseline,4,439000
AppleM1-parallel-trial,import,8,1000000,8,0,baseline,0,2057000
AppleM1-parallel-trial,import,8,1000000,8,0,baseline,1,2060000
AppleM1-parallel-trial,import,8,1000000,8,0,baseline,2,2057000
AppleM1-parallel-trial,import,8,1000000,8,0,baseline,3,2059000
AppleM1-parallel-trial,import,8,1000000,8,0,baseline,4,2077000
AppleM1-parallel-trial,import,8,1000000,8,0,candidate,0,2915000
AppleM1-parallel-trial,import,8,1000000,8,0,candidate,1,2676000
AppleM1-parallel-trial,import,8,1000000,8,0,candidate,2,2970000
AppleM1-parallel-trial,import,8,1000000,8,0,candidate,3,3315000
AppleM1-parallel-trial,import,8,1000000,8,0,candidate,4,3527000
AppleM1-parallel-trial,import,8,1000000,8,1,candidate,0,2880000
AppleM1-parallel-trial,import,8,1000000,8,1,candidate,1,2856000
AppleM1-parallel-trial,import,8,1000000,8,1,candidate,2,2878000
AppleM1-parallel-trial,import,8,1000000,8,1,candidate,3,3626000
AppleM1-parallel-trial,import,8,1000000,8,1,candidate,4,3174000
AppleM1-parallel-trial,import,8,1000000,8,1,baseline,0,2062000
AppleM1-parallel-trial,import,8,1000000,8,1,baseline,1,2053000
AppleM1-parallel-trial,import,8,1000000,8,1,baseline,2,2058000
AppleM1-parallel-trial,import,8,1000000,8,1,baseline,3,2060000
AppleM1-parallel-trial,import,8,1000000,8,1,baseline,4,2079000
AppleM1-parallel-trial,import,8,10000000,2,0,baseline,0,5249000
AppleM1-parallel-trial,import,8,10000000,2,0,baseline,1,5255000
AppleM1-parallel-trial,import,8,10000000,2,0,baseline,2,5223000
AppleM1-parallel-trial,import,8,10000000,2,0,baseline,3,5257000
AppleM1-parallel-trial,import,8,10000000,2,0,baseline,4,5235000
AppleM1-parallel-trial,import,8,10000000,2,0,candidate,0,5315000
AppleM1-parallel-trial,import,8,10000000,2,0,candidate,1,5267000
AppleM1-parallel-trial,import,8,10000000,2,0,candidate,2,5256000
AppleM1-parallel-trial,import,8,10000000,2,0,candidate,3,5270000
AppleM1-parallel-trial,import,8,10000000,2,0,candidate,4,5259000
AppleM1-parallel-trial,import,8,10000000,2,1,candidate,0,5281000
AppleM1-parallel-trial,import,8,10000000,2,1,candidate,1,5265000
AppleM1-parallel-trial,import,8,10000000,2,1,candidate,2,5281000
AppleM1-parallel-trial,import,8,10000000,2,1,candidate,3,5263000
AppleM1-parallel-trial,import,8,10000000,2,1,candidate,4,5264000
AppleM1-parallel-trial,import,8,10000000,2,1,baseline,0,5308000
AppleM1-parallel-trial,import,8,10000000,2,1,baseline,1,5279000
AppleM1-parallel-trial,import,8,10000000,2,1,baseline,2,5247000
AppleM1-parallel-trial,import,8,10000000,2,1,baseline,3,5241000
AppleM1-parallel-trial,import,8,10000000,2,1,baseline,4,5233000
AppleM1-parallel-trial,import,8,10000000,8,0,baseline,0,21575000
AppleM1-parallel-trial,import,8,10000000,8,0,baseline,1,29804000
AppleM1-parallel-trial,import,8,10000000,8,0,baseline,2,21721000
AppleM1-parallel-trial,import,8,10000000,8,0,baseline,3,21797000
AppleM1-parallel-trial,import,8,10000000,8,0,baseline,4,21568000
AppleM1-parallel-trial,import,8,10000000,8,0,candidate,0,29240000
AppleM1-parallel-trial,import,8,10000000,8,0,candidate,1,30298000
AppleM1-parallel-trial,import,8,10000000,8,0,candidate,2,28515000
AppleM1-parallel-trial,import,8,10000000,8,0,candidate,3,28256000
AppleM1-parallel-trial,import,8,10000000,8,0,candidate,4,28455000
AppleM1-parallel-trial,import,8,10000000,8,1,candidate,0,29063000
AppleM1-parallel-trial,import,8,10000000,8,1,candidate,1,29032000
AppleM1-parallel-trial,import,8,10000000,8,1,candidate,2,28174000
AppleM1-parallel-trial,import,8,10000000,8,1,candidate,3,28850000
AppleM1-parallel-trial,import,8,10000000,8,1,candidate,4,28929000
AppleM1-parallel-trial,import,8,10000000,8,1,baseline,0,21615000
AppleM1-parallel-trial,import,8,10000000,8,1,baseline,1,29135000
AppleM1-parallel-trial,import,8,10000000,8,1,baseline,2,21892000
AppleM1-parallel-trial,import,8,10000000,8,1,baseline,3,22095000
AppleM1-parallel-trial,import,8,10000000,8,1,baseline,4,21840000
AppleM1-parallel-trial,read,8,1000000,8,0,baseline,0,21825000
AppleM1-parallel-trial,read,8,1000000,8,0,candidate,0,21132000
AppleM1-parallel-trial,read,8,1000000,8,1,candidate,0,21183000
AppleM1-parallel-trial,read,8,1000000,8,1,baseline,0,21636000
AppleM1-parallel-trial,read,8,1000000,8,2,baseline,0,22314000
AppleM1-parallel-trial,read,8,1000000,8,2,candidate,0,21563000
AppleM1-parallel-trial,read,8,10000000,8,0,baseline,0,197156000
AppleM1-parallel-trial,read,8,10000000,8,0,candidate,0,196785000
AppleM1-parallel-trial,read,8,10000000,8,1,candidate,0,195912000
AppleM1-parallel-trial,read,8,10000000,8,1,baseline,0,212263000
AppleM1-parallel-trial,read,8,10000000,8,2,baseline,0,195879000
AppleM1-parallel-trial,read,8,10000000,8,2,candidate,0,196332000
AppleM1-parallel-trial,import,16,65536,2,0,baseline,0,27000
AppleM1-parallel-trial,import,16,65536,2,0,baseline,1,28000
AppleM1-parallel-trial,import,16,65536,2,0,baseline,2,27000
AppleM1-parallel-trial,import,16,65536,2,0,baseline,3,27000
AppleM1-parallel-trial,import,16,65536,2,0,baseline,4,26000
AppleM1-parallel-trial,import,16,65536,2,0,candidate,0,27000
AppleM1-parallel-trial,import,16,65536,2,0,candidate,1,28000
AppleM1-parallel-trial,import,16,65536,2,0,candidate,2,27000
AppleM1-parallel-trial,import,16,65536,2,0,candidate,3,26000
AppleM1-parallel-trial,import,16,65536,2,0,candidate,4,26000
AppleM1-parallel-trial,import,16,65536,2,1,candidate,0,27000
AppleM1-parallel-trial,import,16,65536,2,1,candidate,1,27000
AppleM1-parallel-trial,import,16,65536,2,1,candidate,2,27000
AppleM1-parallel-trial,import,16,65536,2,1,candidate,3,27000
AppleM1-parallel-trial,import,16,65536,2,1,candidate,4,27000
AppleM1-parallel-trial,import,16,65536,2,1,baseline,0,26000
AppleM1-parallel-trial,import,16,65536,2,1,baseline,1,27000
AppleM1-parallel-trial,import,16,65536,2,1,baseline,2,26000
AppleM1-parallel-trial,import,16,65536,2,1,baseline,3,26000
AppleM1-parallel-trial,import,16,65536,2,1,baseline,4,26000
AppleM1-parallel-trial,import,16,65536,8,0,baseline,0,102000
AppleM1-parallel-trial,import,16,65536,8,0,baseline,1,109000
AppleM1-parallel-trial,import,16,65536,8,0,baseline,2,106000
AppleM1-parallel-trial,import,16,65536,8,0,baseline,3,109000
AppleM1-parallel-trial,import,16,65536,8,0,baseline,4,104000
AppleM1-parallel-trial,import,16,65536,8,0,candidate,0,104000
AppleM1-parallel-trial,import,16,65536,8,0,candidate,1,107000
AppleM1-parallel-trial,import,16,65536,8,0,candidate,2,104000
AppleM1-parallel-trial,import,16,65536,8,0,candidate,3,104000
AppleM1-parallel-trial,import,16,65536,8,0,candidate,4,104000
AppleM1-parallel-trial,import,16,65536,8,1,candidate,0,104000
AppleM1-parallel-trial,import,16,65536,8,1,candidate,1,107000
AppleM1-parallel-trial,import,16,65536,8,1,candidate,2,105000
AppleM1-parallel-trial,import,16,65536,8,1,candidate,3,105000
AppleM1-parallel-trial,import,16,65536,8,1,candidate,4,105000
AppleM1-parallel-trial,import,16,65536,8,1,baseline,0,104000
AppleM1-parallel-trial,import,16,65536,8,1,baseline,1,108000
AppleM1-parallel-trial,import,16,65536,8,1,baseline,2,104000
AppleM1-parallel-trial,import,16,65536,8,1,baseline,3,105000
AppleM1-parallel-trial,import,16,65536,8,1,baseline,4,105000
AppleM1-parallel-trial,import,16,125000,2,0,baseline,0,46000
AppleM1-parallel-trial,import,16,125000,2,0,baseline,1,47000
AppleM1-parallel-trial,import,16,125000,2,0,baseline,2,47000
AppleM1-parallel-trial,import,16,125000,2,0,baseline,3,47000
AppleM1-parallel-trial,import,16,125000,2,0,baseline,4,47000
AppleM1-parallel-trial,import,16,125000,2,0,candidate,0,47000
AppleM1-parallel-trial,import,16,125000,2,0,candidate,1,48000
AppleM1-parallel-trial,import,16,125000,2,0,candidate,2,47000
AppleM1-parallel-trial,import,16,125000,2,0,candidate,3,48000
AppleM1-parallel-trial,import,16,125000,2,0,candidate,4,47000
AppleM1-parallel-trial,import,16,125000,2,1,candidate,0,46000
AppleM1-parallel-trial,import,16,125000,2,1,candidate,1,48000
AppleM1-parallel-trial,import,16,125000,2,1,candidate,2,47000
AppleM1-parallel-trial,import,16,125000,2,1,candidate,3,47000
AppleM1-parallel-trial,import,16,125000,2,1,candidate,4,47000
AppleM1-parallel-trial,import,16,125000,2,1,baseline,0,45000
AppleM1-parallel-trial,import,16,125000,2,1,baseline,1,47000
AppleM1-parallel-trial,import,16,125000,2,1,baseline,2,47000
AppleM1-parallel-trial,import,16,125000,2,1,baseline,3,46000
AppleM1-parallel-trial,import,16,125000,2,1,baseline,4,47000
AppleM1-parallel-trial,import,16,125000,8,0,baseline,0,202000
AppleM1-parallel-trial,import,16,125000,8,0,baseline,1,209000
AppleM1-parallel-trial,import,16,125000,8,0,baseline,2,216000
AppleM1-parallel-trial,import,16,125000,8,0,baseline,3,209000
AppleM1-parallel-trial,import,16,125000,8,0,baseline,4,207000
AppleM1-parallel-trial,import,16,125000,8,0,candidate,0,208000
AppleM1-parallel-trial,import,16,125000,8,0,candidate,1,213000
AppleM1-parallel-trial,import,16,125000,8,0,candidate,2,215000
AppleM1-parallel-trial,import,16,125000,8,0,candidate,3,211000
AppleM1-parallel-trial,import,16,125000,8,0,candidate,4,215000
AppleM1-parallel-trial,import,16,125000,8,1,candidate,0,204000
AppleM1-parallel-trial,import,16,125000,8,1,candidate,1,211000
AppleM1-parallel-trial,import,16,125000,8,1,candidate,2,214000
AppleM1-parallel-trial,import,16,125000,8,1,candidate,3,208000
AppleM1-parallel-trial,import,16,125000,8,1,candidate,4,209000
AppleM1-parallel-trial,import,16,125000,8,1,baseline,0,202000
AppleM1-parallel-trial,import,16,125000,8,1,baseline,1,210000
AppleM1-parallel-trial,import,16,125000,8,1,baseline,2,214000
AppleM1-parallel-trial,import,16,125000,8,1,baseline,3,207000
AppleM1-parallel-trial,import,16,125000,8,1,baseline,4,208000
AppleM1-parallel-trial,import,16,250000,2,0,baseline,0,88000
AppleM1-parallel-trial,import,16,250000,2,0,baseline,1,92000
AppleM1-parallel-trial,import,16,250000,2,0,baseline,2,89000
AppleM1-parallel-trial,import,16,250000,2,0,baseline,3,89000
AppleM1-parallel-trial,import,16,250000,2,0,baseline,4,89000
AppleM1-parallel-trial,import,16,250000,2,0,candidate,0,91000
AppleM1-parallel-trial,import,16,250000,2,0,candidate,1,91000
AppleM1-parallel-trial,import,16,250000,2,0,candidate,2,90000
AppleM1-parallel-trial,import,16,250000,2,0,candidate,3,90000
AppleM1-parallel-trial,import,16,250000,2,0,candidate,4,102000
AppleM1-parallel-trial,import,16,250000,2,1,candidate,0,90000
AppleM1-parallel-trial,import,16,250000,2,1,candidate,1,92000
AppleM1-parallel-trial,import,16,250000,2,1,candidate,2,91000
AppleM1-parallel-trial,import,16,250000,2,1,candidate,3,91000
AppleM1-parallel-trial,import,16,250000,2,1,candidate,4,91000
AppleM1-parallel-trial,import,16,250000,2,1,baseline,0,88000
AppleM1-parallel-trial,import,16,250000,2,1,baseline,1,91000
AppleM1-parallel-trial,import,16,250000,2,1,baseline,2,91000
AppleM1-parallel-trial,import,16,250000,2,1,baseline,3,89000
AppleM1-parallel-trial,import,16,250000,2,1,baseline,4,89000
AppleM1-parallel-trial,import,16,250000,8,0,baseline,0,453000
AppleM1-parallel-trial,import,16,250000,8,0,baseline,1,449000
AppleM1-parallel-trial,import,16,250000,8,0,baseline,2,448000
AppleM1-parallel-trial,import,16,250000,8,0,baseline,3,451000
AppleM1-parallel-trial,import,16,250000,8,0,baseline,4,450000
AppleM1-parallel-trial,import,16,250000,8,0,candidate,0,492000
AppleM1-parallel-trial,import,16,250000,8,0,candidate,1,491000
AppleM1-parallel-trial,import,16,250000,8,0,candidate,2,487000
AppleM1-parallel-trial,import,16,250000,8,0,candidate,3,485000
AppleM1-parallel-trial,import,16,250000,8,0,candidate,4,487000
AppleM1-parallel-trial,import,16,250000,8,1,candidate,0,498000
AppleM1-parallel-trial,import,16,250000,8,1,candidate,1,484000
AppleM1-parallel-trial,import,16,250000,8,1,candidate,2,491000
AppleM1-parallel-trial,import,16,250000,8,1,candidate,3,478000
AppleM1-parallel-trial,import,16,250000,8,1,candidate,4,490000
AppleM1-parallel-trial,import,16,250000,8,1,baseline,0,458000
AppleM1-parallel-trial,import,16,250000,8,1,baseline,1,456000
AppleM1-parallel-trial,import,16,250000,8,1,baseline,2,457000
AppleM1-parallel-trial,import,16,250000,8,1,baseline,3,474000
AppleM1-parallel-trial,import,16,250000,8,1,baseline,4,483000
AppleM1-parallel-trial,import,16,1000000,2,0,baseline,0,434000
AppleM1-parallel-trial,import,16,1000000,2,0,baseline,1,446000
AppleM1-parallel-trial,import,16,1000000,2,0,baseline,2,441000
AppleM1-parallel-trial,import,16,1000000,2,0,baseline,3,444000
AppleM1-parallel-trial,import,16,1000000,2,0,baseline,4,441000
AppleM1-parallel-trial,import,16,1000000,2,0,candidate,0,479000
AppleM1-parallel-trial,import,16,1000000,2,0,candidate,1,458000
AppleM1-parallel-trial,import,16,1000000,2,0,candidate,2,452000
AppleM1-parallel-trial,import,16,1000000,2,0,candidate,3,451000
AppleM1-parallel-trial,import,16,1000000,2,0,candidate,4,455000
AppleM1-parallel-trial,import,16,1000000,2,1,candidate,0,473000
AppleM1-parallel-trial,import,16,1000000,2,1,candidate,1,459000
AppleM1-parallel-trial,import,16,1000000,2,1,candidate,2,460000
AppleM1-parallel-trial,import,16,1000000,2,1,candidate,3,456000
AppleM1-parallel-trial,import,16,1000000,2,1,candidate,4,468000
AppleM1-parallel-trial,import,16,1000000,2,1,baseline,0,435000
AppleM1-parallel-trial,import,16,1000000,2,1,baseline,1,446000
AppleM1-parallel-trial,import,16,1000000,2,1,baseline,2,442000
AppleM1-parallel-trial,import,16,1000000,2,1,baseline,3,439000
AppleM1-parallel-trial,import,16,1000000,2,1,baseline,4,440000
AppleM1-parallel-trial,import,16,1000000,8,0,baseline,0,2065000
AppleM1-parallel-trial,import,16,1000000,8,0,baseline,1,2058000
AppleM1-parallel-trial,import,16,1000000,8,0,baseline,2,2055000
AppleM1-parallel-trial,import,16,1000000,8,0,baseline,3,2062000
AppleM1-parallel-trial,import,16,1000000,8,0,baseline,4,2086000
AppleM1-parallel-trial,import,16,1000000,8,0,candidate,0,2873000
AppleM1-parallel-trial,import,16,1000000,8,0,candidate,1,2965000
AppleM1-parallel-trial,import,16,1000000,8,0,candidate,2,2913000
AppleM1-parallel-trial,import,16,1000000,8,0,candidate,3,5382000
AppleM1-parallel-trial,import,16,1000000,8,0,candidate,4,3549000
AppleM1-parallel-trial,import,16,1000000,8,1,candidate,0,2778000
AppleM1-parallel-trial,import,16,1000000,8,1,candidate,1,2857000
AppleM1-parallel-trial,import,16,1000000,8,1,candidate,2,2933000
AppleM1-parallel-trial,import,16,1000000,8,1,candidate,3,2926000
AppleM1-parallel-trial,import,16,1000000,8,1,candidate,4,2723000
AppleM1-parallel-trial,import,16,1000000,8,1,baseline,0,2063000
AppleM1-parallel-trial,import,16,1000000,8,1,baseline,1,2068000
AppleM1-parallel-trial,import,16,1000000,8,1,baseline,2,2065000
AppleM1-parallel-trial,import,16,1000000,8,1,baseline,3,2067000
AppleM1-parallel-trial,import,16,1000000,8,1,baseline,4,2071000
AppleM1-parallel-trial,import,16,10000000,2,0,baseline,0,5229000
AppleM1-parallel-trial,import,16,10000000,2,0,baseline,1,5229000
AppleM1-parallel-trial,import,16,10000000,2,0,baseline,2,5227000
AppleM1-parallel-trial,import,16,10000000,2,0,baseline,3,5241000
AppleM1-parallel-trial,import,16,10000000,2,0,baseline,4,5224000
AppleM1-parallel-trial,import,16,10000000,2,0,candidate,0,5279000
AppleM1-parallel-trial,import,16,10000000,2,0,candidate,1,5286000
AppleM1-parallel-trial,import,16,10000000,2,0,candidate,2,5263000
AppleM1-parallel-trial,import,16,10000000,2,0,candidate,3,5268000
AppleM1-parallel-trial,import,16,10000000,2,0,candidate,4,5257000
AppleM1-parallel-trial,import,16,10000000,2,1,candidate,0,5264000
AppleM1-parallel-trial,import,16,10000000,2,1,candidate,1,5269000
AppleM1-parallel-trial,import,16,10000000,2,1,candidate,2,5256000
AppleM1-parallel-trial,import,16,10000000,2,1,candidate,3,5260000
AppleM1-parallel-trial,import,16,10000000,2,1,candidate,4,5285000
AppleM1-parallel-trial,import,16,10000000,2,1,baseline,0,5232000
AppleM1-parallel-trial,import,16,10000000,2,1,baseline,1,5237000
AppleM1-parallel-trial,import,16,10000000,2,1,baseline,2,5279000
AppleM1-parallel-trial,import,16,10000000,2,1,baseline,3,5229000
AppleM1-parallel-trial,import,16,10000000,2,1,baseline,4,5233000
AppleM1-parallel-trial,import,16,10000000,8,0,baseline,0,21516000
AppleM1-parallel-trial,import,16,10000000,8,0,baseline,1,28700000
AppleM1-parallel-trial,import,16,10000000,8,0,baseline,2,21624000
AppleM1-parallel-trial,import,16,10000000,8,0,baseline,3,21646000
AppleM1-parallel-trial,import,16,10000000,8,0,baseline,4,21617000
AppleM1-parallel-trial,import,16,10000000,8,0,candidate,0,27866000
AppleM1-parallel-trial,import,16,10000000,8,0,candidate,1,28811000
AppleM1-parallel-trial,import,16,10000000,8,0,candidate,2,28167000
AppleM1-parallel-trial,import,16,10000000,8,0,candidate,3,28192000
AppleM1-parallel-trial,import,16,10000000,8,0,candidate,4,27926000
AppleM1-parallel-trial,import,16,10000000,8,1,candidate,0,28330000
AppleM1-parallel-trial,import,16,10000000,8,1,candidate,1,28823000
AppleM1-parallel-trial,import,16,10000000,8,1,candidate,2,27794000
AppleM1-parallel-trial,import,16,10000000,8,1,candidate,3,28739000
AppleM1-parallel-trial,import,16,10000000,8,1,candidate,4,28497000
AppleM1-parallel-trial,import,16,10000000,8,1,baseline,0,21492000
AppleM1-parallel-trial,import,16,10000000,8,1,baseline,1,42223000
AppleM1-parallel-trial,import,16,10000000,8,1,baseline,2,22026000
AppleM1-parallel-trial,import,16,10000000,8,1,baseline,3,21919000
AppleM1-parallel-trial,import,16,10000000,8,1,baseline,4,21771000
AppleM1-parallel-trial,read,16,1000000,8,0,baseline,0,21807000
AppleM1-parallel-trial,read,16,1000000,8,0,candidate,0,21471000
AppleM1-parallel-trial,read,16,1000000,8,1,candidate,0,21011000
AppleM1-parallel-trial,read,16,1000000,8,1,baseline,0,21909000
AppleM1-parallel-trial,read,16,1000000,8,2,baseline,0,21805000
AppleM1-parallel-trial,read,16,1000000,8,2,candidate,0,21680000
AppleM1-parallel-trial,read,16,10000000,8,0,baseline,0,196315000
AppleM1-parallel-trial,read,16,10000000,8,0,candidate,0,200133000
AppleM1-parallel-trial,read,16,10000000,8,1,candidate,0,195258000
AppleM1-parallel-trial,read,16,10000000,8,1,baseline,0,196923000
AppleM1-parallel-trial,read,16,10000000,8,2,baseline,0,197776000
AppleM1-parallel-trial,read,16,10000000,8,2,candidate,0,197283000
