suite,round,variant,kind,rows,spacing,probe,width,algorithm,threads,min_ns,median_ns,max_ns,samples_ns
basic-32,0,serial,csr,100000,1,100000,1,serial,32,972804,975624,976674,975624;976154;975484;976674;972804
basic-32,0,serial,csr,100000,1,100000,1,parallel,32,2106695,2163434,2187034,2106695;2107266;2163434;2187034;2170304
basic-32,1,serial,csr,100000,1,100000,1,parallel,32,2183314,2190444,2211603,2190444;2184194;2183314;2211603;2195404
basic-32,1,serial,csr,100000,1,100000,1,serial,32,883935,890375,911475,889686;891415;883935;890375;911475
basic-32,0,serial,csr,100000,16,100000,1,serial,32,595610,598860,602870,598860;595610;602870;602360;597151
basic-32,0,serial,csr,100000,16,100000,1,parallel,32,1671473,1677792,1690852,1675052;1671473;1690852;1689542;1677792
basic-32,1,serial,csr,100000,16,100000,1,parallel,32,1637463,1650383,1656913,1651193;1650383;1643152;1637463;1656913
basic-32,1,serial,csr,100000,16,100000,1,serial,32,601040,607210,610529,610529;601040;610170;602900;607210
basic-32,0,serial,csr,100000,1024,100000,1,serial,32,487542,492652,493562,492652;487942;493562;487542;493122
basic-32,0,serial,csr,100000,1024,100000,1,parallel,32,1516345,1521865,1547105,1517055;1547105;1522695;1521865;1516345
basic-32,1,serial,csr,100000,1024,100000,1,parallel,32,1508665,1520245,1542154,1542154;1540345;1520245;1510415;1508665
basic-32,1,serial,csr,100000,1024,100000,1,serial,32,530702,616490,761048,616490;690308;761048;530702;539231
basic-32,0,serial,progression,100000,17,100000,1,serial,32,843596,849226,850646,850646;843596;848886;849226;849356
basic-32,0,parallel,progression,100000,17,100000,1,parallel,32,840096,844306,849376,841166;849376;845946;844306;840096
basic-32,1,parallel,progression,100000,17,100000,1,parallel,32,843787,852905,856186,852926;852905;843787;856186;847726
basic-32,1,serial,progression,100000,17,100000,1,serial,32,840156,852076,855796,852076;849706;840156;855796;853065
basic-32,0,serial,gather,100000,1,100000,2,serial,32,797187,893006,982314,831936;893006;982314;914794;797187
basic-32,0,serial,gather,100000,1,100000,2,parallel,32,642240,673159,808607,808607;732968;665289;673159;642240
basic-32,1,serial,gather,100000,1,100000,2,parallel,32,637689,651209,847676,847676;753178;637689;644969;651209
basic-32,1,serial,gather,100000,1,100000,2,serial,32,855885,896775,964924,925825;855885;887525;964924;896775
basic-32,0,serial,gather,100000,1,100000,8,serial,32,1163271,1225189,1365048,1365048;1299879;1225189;1203591;1163271
basic-32,0,serial,gather,100000,1,100000,8,parallel,32,2034846,2044336,2159764,2101405;2159764;2044336;2043907;2034846
basic-32,1,serial,gather,100000,1,100000,8,parallel,32,1957818,2007087,2105895,2105895;2028407;1957818;1960008;2007087
basic-32,1,serial,gather,100000,1,100000,8,serial,32,1173301,1402357,1590914,1590914;1523005;1402357;1176241;1173301
basic-32,0,serial,csr,250000,1,250000,1,serial,32,2348831,2359231,2420950,2348831;2359231;2420950;2374521;2350701
basic-32,0,serial,csr,250000,1,250000,1,parallel,32,8595118,10129803,11477331,11477331;8938742;10129803;8595118;10140762
basic-32,1,serial,csr,250000,1,250000,1,parallel,32,8205515,9082140,10175372,10175372;8205515;9082140;8274003;9232918
basic-32,1,serial,csr,250000,1,250000,1,serial,32,2525569,2533938,2551108,2549198;2533938;2529319;2551108;2525569
basic-32,0,serial,csr,250000,16,250000,1,serial,32,1736481,1770071,1820990,1770071;1767551;1820990;1802210;1736481
basic-32,0,serial,csr,250000,16,250000,1,parallel,32,6032141,6571002,7555985,6032141;6571002;7555985;6090729;7115573
basic-32,1,serial,csr,250000,16,250000,1,parallel,32,6179508,6481323,7092083,6179508;6481323;7092083;6319735;6981495
basic-32,1,serial,csr,250000,16,250000,1,serial,32,1746571,1770901,1773050,1770901;1773050;1759701;1746571;1770901
basic-32,0,serial,csr,250000,1024,250000,1,serial,32,1248480,1254789,1270678,1268779;1254789;1254230;1270678;1248480
basic-32,0,serial,csr,250000,1024,250000,1,parallel,32,5229603,5929422,7225131,5929422;5506059;6005901;5229603;7225131
basic-32,1,serial,csr,250000,1024,250000,1,parallel,32,5467510,5724385,6293886,5515009;5467510;6293886;5724385;5836064
basic-32,1,serial,csr,250000,1024,250000,1,serial,32,1257899,1260729,1266129,1266129;1260729;1259629;1264039;1257899
basic-32,0,serial,progression,250000,17,250000,1,serial,32,2129775,2137795,2171365,2171365;2129775;2132035;2137795;2156904
basic-32,0,parallel,progression,250000,17,250000,1,parallel,32,3656180,3889635,4132982,3889635;3970915;3876826;4132982;3656180
basic-32,1,parallel,progression,250000,17,250000,1,parallel,32,3746658,3935465,4050233,3935465;4050233;4024574;3907365;3746658
basic-32,1,serial,progression,250000,17,250000,1,serial,32,2168304,2193994,2297862,2297862;2226363;2193994;2168304;2183434
basic-32,0,serial,gather,250000,1,250000,2,serial,32,1589844,1703792,3057510,1703792;3057510;1762491;1638583;1589844
basic-32,0,serial,gather,250000,1,250000,2,parallel,32,1015233,1231089,1398677,1398677;1231089;1346937;1015233;1124422
basic-32,1,serial,gather,250000,1,250000,2,parallel,32,1014244,1045053,1173441,1173441;1124151;1041593;1045053;1014244
basic-32,1,serial,gather,250000,1,250000,2,serial,32,1546494,1754762,1765791,1760931;1754762;1625193;1765791;1546494
basic-32,0,serial,gather,250000,1,250000,8,serial,32,2406130,2494889,2882233,2500308;2406130;2494889;2407670;2882233
basic-32,0,serial,gather,250000,1,250000,8,parallel,32,2590387,2660796,2770944,2770944;2741524;2590387;2660796;2634697
basic-32,1,serial,gather,250000,1,250000,8,parallel,32,2673686,2702396,3431243,3431243;2702396;2692845;2673686;2773455
basic-32,1,serial,gather,250000,1,250000,8,serial,32,2269702,2478120,2926482,2478120;2269702;2316102;2926482;2902702
basic-32,0,serial,csr,500000,1,500000,1,serial,32,5542138,5654396,5685336,5685336;5655877;5654396;5549678;5542138
basic-32,0,serial,csr,500000,1,500000,1,parallel,32,11071087,11446851,15436675,15436675;11071087;11446851;11432371;13216792
basic-32,1,serial,csr,500000,1,500000,1,parallel,32,11499450,11903683,14809565,14809565;11903683;11499450;12303807;11749736
basic-32,1,serial,csr,500000,1,500000,1,serial,32,5624408,5652416,5748865,5748865;5652416;5677807;5626007;5624408
basic-32,0,serial,csr,500000,16,500000,1,serial,32,3956805,3968564,4669633,3991673;3962735;3968564;3956805;4669633
basic-32,0,serial,csr,500000,16,500000,1,parallel,32,7770302,8427071,9894257,9894257;8427071;8260284;8856243;7770302
basic-32,1,serial,csr,500000,16,500000,1,parallel,32,8087877,8265723,8469930,8087877;8283654;8265723;8469930;8225904
basic-32,1,serial,csr,500000,16,500000,1,serial,32,3961355,3975504,4050793,4050793;4028304;3966734;3975504;3961355
basic-32,0,serial,csr,500000,1024,500000,1,serial,32,2604487,2609447,2644026,2611497;2644026;2609447;2604487;2607007
basic-32,0,serial,csr,500000,1024,500000,1,parallel,32,6370985,6720928,7728903,7728903;7160981;6370985;6557792;6720928
basic-32,1,serial,csr,500000,1024,500000,1,parallel,32,6575532,6794978,8014608,6794978;6817637;8014608;6786778;6575532
basic-32,1,serial,csr,500000,1024,500000,1,serial,32,2602007,2621296,2633796,2619987;2633796;2627017;2621296;2602007
basic-32,0,serial,progression,500000,17,500000,1,serial,32,4777631,4798760,5011717,5011717;4777631;4809191;4783991;4798760
basic-32,0,parallel,progression,500000,17,500000,1,parallel,32,6560501,6632391,6921236,6921236;6632391;6618900;6720059;6560501
basic-32,1,parallel,progression,500000,17,500000,1,parallel,32,6516032,6676620,7046963,7046963;6516032;6826197;6676620;6601791
basic-32,1,serial,progression,500000,17,500000,1,serial,32,4756601,4783111,5073266,4816060;4783111;4762431;5073266;4756601
basic-32,0,serial,gather,500000,1,500000,2,serial,32,3253616,3385303,4110042,3385303;3829237;3253616;4110042;3324335
basic-32,0,serial,gather,500000,1,500000,2,parallel,32,1945488,2511549,3657999,3657999;2576567;1945488;1967668;2511549
basic-32,1,serial,gather,500000,1,500000,2,parallel,32,2005487,2494008,3662989,3662989;2729684;2494008;2005487;2213583
basic-32,1,serial,gather,500000,1,500000,2,serial,32,3181908,3257366,5271923,5271923;3253926;3474873;3181908;3257366
basic-32,0,serial,gather,500000,1,500000,8,serial,32,4905859,5587427,6330266,5995311;6330266;5492219;5587427;4905859
basic-32,0,serial,gather,500000,1,500000,8,parallel,32,4653033,4910069,5076156,4855930;4653033;4910069;5076156;4964908
basic-32,1,serial,gather,500000,1,500000,8,parallel,32,4518395,5080746,5284433,4518395;5080746;4857880;5216854;5284433
basic-32,1,serial,gather,500000,1,500000,8,serial,32,4654713,5478069,5734995,5734995;5343502;5478069;4654713;5589477
basic-32,0,serial,csr,1000000,1,1000000,1,serial,32,32930945,33042794,34036827,34036827;32935246;32930945;33504276;33042794
basic-32,0,serial,csr,1000000,1,1000000,1,parallel,32,21240468,21763950,24480395,24480395;22747974;21240468;21525274;21763950
basic-32,1,serial,csr,1000000,1,1000000,1,parallel,32,26263026,26573701,31328582,31328582;26263026;26573701;26282516;27278058
basic-32,1,serial,csr,1000000,1,1000000,1,serial,32,32787058,33664763,63241174,33664763;33021584;32787058;34112525;63241174
basic-32,0,serial,csr,1000000,16,1000000,1,serial,32,9426824,9481463,9559402,9559402;9426824;9470643;9481463;9553442
basic-32,0,serial,csr,1000000,16,1000000,1,parallel,32,14629078,15545113,17406332,17406332;15545113;14941163;16472367;14629078
basic-32,1,serial,csr,1000000,16,1000000,1,parallel,32,15070011,16142783,17150027,16223761;16142783;17150027;15221387;15070011
basic-32,1,serial,csr,1000000,16,1000000,1,serial,32,9266356,9287727,9396665,9396665;9266356;9287727;9282036;9303896
basic-32,0,serial,csr,1000000,1024,1000000,1,serial,32,5588948,5611117,5826813,5826813;5607097;5588948;5707056;5611117
basic-32,0,serial,csr,1000000,1024,1000000,1,parallel,32,12344716,12537293,12689310,12689310;12654250;12344716;12364375;12537293
basic-32,1,serial,csr,1000000,1024,1000000,1,parallel,32,13820091,15300317,16831012,15483834;15300317;16831012;15029911;13820091
basic-32,1,serial,csr,1000000,1024,1000000,1,serial,32,5593298,5617807,5775894,5651106;5617807;5593298;5775894;5606517
basic-32,0,serial,progression,1000000,17,1000000,1,serial,32,12956595,13040455,16423819,16423819;13137353;12956595;13040455;12966345
basic-32,0,parallel,progression,1000000,17,1000000,1,parallel,32,11611428,12423505,18819539,18819539;12423505;11611428;12308527;13636984
basic-32,1,parallel,progression,1000000,17,1000000,1,parallel,32,11937493,11954282,18129450,18129450;12077130;11954282;11937493;11950502
basic-32,1,serial,progression,1000000,17,1000000,1,serial,32,13201911,13231021,17126456,17126456;13606825;13231021;13208492;13201911
basic-32,0,serial,gather,1000000,1,1000000,2,serial,32,6140388,7315319,9498643,8584427;7303860;6140388;7315319;9498643
basic-32,0,serial,gather,1000000,1,1000000,2,parallel,32,5253073,5664436,7740962,7740962;5824234;5564268;5253073;5664436
basic-32,1,serial,gather,1000000,1,1000000,2,parallel,32,4547855,5317672,7854280,7791881;5317672;4917359;4547855;7854280
basic-32,1,serial,gather,1000000,1,1000000,2,serial,32,7108743,7321199,8091256,8091256;7520495;7108743;7167862;7321199
basic-32,0,serial,gather,1000000,1,1000000,8,serial,32,10849560,11389762,14099527,14099527;11389762;11030597;11485760;10849560
basic-32,0,serial,gather,1000000,1,1000000,8,parallel,32,8758025,9955285,12789408,9768898;9955285;12789408;8758025;10143522
basic-32,1,serial,gather,1000000,1,1000000,8,parallel,32,9760928,10478546,13350829,13350829;12559562;9760928;10478546;10320239
basic-32,1,serial,gather,1000000,1,1000000,8,serial,32,12048170,13494116,17197006,17197006;13494116;15000561;12325006;12048170
basic-32,0,serial,csr,1500000,1,1500000,1,serial,32,97561975,112762694,138617605,112762694;138617605;114845399;98092235;97561975
basic-32,0,serial,csr,1500000,1,1500000,1,parallel,32,37780854,38838227,43521760,43521760;38838227;39448786;38252357;37780854
basic-32,1,serial,csr,1500000,1,1500000,1,parallel,32,35794137,37403761,38849886,38849886;37403761;36877319;37663456;35794137
basic-32,1,serial,csr,1500000,1,1500000,1,serial,32,89976719,92066075,93041120,93041120;89976719;92233173;90555710;92066075
basic-32,0,serial,csr,1500000,16,1500000,1,serial,32,21565713,21638522,22263861,22263861;21700391;21606092;21565713;21638522
basic-32,0,serial,csr,1500000,16,1500000,1,parallel,32,33133092,34024866,35075639,34700075;34024866;33263159;33133092;35075639
basic-32,1,serial,csr,1500000,16,1500000,1,parallel,32,29056818,29670079,30073482,29670079;29056818;29961923;30073482;29449082
basic-32,1,serial,csr,1500000,16,1500000,1,serial,32,21568803,21850058,23809856,23809856;21850058;21947447;21568803;21586142
basic-32,0,serial,csr,1500000,1024,1500000,1,serial,32,10311729,10703403,10965539,10745172;10311729;10703403;10517005;10965539
basic-32,0,serial,csr,1500000,1024,1500000,1,parallel,32,25565846,26917854,28064385,25565846;27478725;26917854;28064385;26117628
basic-32,1,serial,csr,1500000,1024,1500000,1,parallel,32,23388233,25123133,26833425,23388233;26833425;24722250;25123133;25155593
basic-32,1,serial,csr,1500000,1024,1500000,1,serial,32,10322469,10406177,10766892,10406177;10355078;10766892;10475096;10322469
basic-32,0,serial,progression,1500000,17,1500000,1,serial,32,15339136,15407205,29768807,29768807;15407205;15464743;15339136;15378145
basic-32,0,parallel,progression,1500000,17,1500000,1,parallel,32,16561046,16780132,28210912,28210912;16561046;16706913;17457391;16780132
basic-32,1,parallel,progression,1500000,17,1500000,1,parallel,32,16421088,16560805,27819189,27819189;16575885;16560805;16421088;16537916
basic-32,1,serial,progression,1500000,17,1500000,1,serial,32,15515503,15568111,30453495,30453495;15515503;15533543;15568111;15665991
basic-32,0,serial,gather,1500000,1,1500000,2,serial,32,11225983,13926709,16382588,16382588;12497233;11225983;13926709;14386521
basic-32,0,serial,gather,1500000,1,1500000,2,parallel,32,9236737,9860727,14088907,14088907;9236737;9860727;9302376;10013294
basic-32,1,serial,gather,1500000,1,1500000,2,parallel,32,10304239,10677713,12934316,10378688;10677713;12934316;12302156;10304239
basic-32,1,serial,gather,1500000,1,1500000,2,serial,32,12249497,15389025,18525333,18525333;15389025;12249497;15903436;14794795
basic-32,0,serial,gather,1500000,1,1500000,8,serial,32,23184325,25250731,33669562,33669562;25471178;25250731;23184325;24754469
basic-32,0,serial,gather,1500000,1,1500000,8,parallel,32,15243398,15594171,20061387,20061387;15243398;15594171;15489443;15905797
basic-32,1,serial,gather,1500000,1,1500000,8,parallel,32,15061670,15736769,21925177,21925177;16094963;15061670;15736769;15098549
basic-32,1,serial,gather,1500000,1,1500000,8,serial,32,25047444,26083937,39543024,39543024;28251901;25086684;25047444;26083937
basic-32,0,serial,csr,2000000,1,2000000,1,serial,32,136525795,143913123,144885617,144885617;143626337;143983541;143913123;136525795
basic-32,0,serial,csr,2000000,1,2000000,1,parallel,32,35906314,44599110,55832614,55832614;51000354;44599110;41919335;35906314
basic-32,1,serial,csr,2000000,1,2000000,1,parallel,32,37519767,42137931,56511122,56511122;47555071;42137931;37519767;38706378
basic-32,1,serial,csr,2000000,1,2000000,1,serial,32,135369393,139882298,140570057,138889715;135369393;140570057;139910537;139882298
basic-32,0,serial,csr,2000000,16,2000000,1,serial,32,48221970,50708909,59555401,50708909;50115658;48221970;58879453;59555401
basic-32,0,serial,csr,2000000,16,2000000,1,parallel,32,37710544,38425692,42267338,42267338;37710544;38507900;38425692;38372943
basic-32,1,serial,csr,2000000,16,2000000,1,parallel,32,26541429,28005025,32048428,32048428;31733353;27259288;26541429;28005025
basic-32,1,serial,csr,2000000,16,2000000,1,serial,32,42465275,43394959,43483438,43436889;42702730;43483438;42465275;43394959
basic-32,0,serial,csr,2000000,1024,2000000,1,serial,32,16965668,17157935,17967872,17124755;17164745;17157935;17967872;16965668
basic-32,0,serial,csr,2000000,1024,2000000,1,parallel,32,27059511,38045078,40040685,38045078;40040685;39548443;36909746;27059511
basic-32,1,serial,csr,2000000,1024,2000000,1,parallel,32,30183179,38665818,38938053,38684668;38665818;38938053;37583576;30183179
basic-32,1,serial,csr,2000000,1024,2000000,1,serial,32,16403087,16552115,16706303,16706303;16403087;16552115;16516755;16598145
basic-32,0,serial,progression,2000000,17,2000000,1,serial,32,20565028,20613447,39435935,39435935;20613447;20571338;21080980;20565028
basic-32,0,parallel,progression,2000000,17,2000000,1,parallel,32,21962696,22071093,37358739,37358739;21962696;22220681;22071093;22070024
basic-32,1,parallel,progression,2000000,17,2000000,1,parallel,32,21658150,21781888,36508353,36508353;21781888;22268230;21757278;21658150
basic-32,1,serial,progression,2000000,17,2000000,1,serial,32,20460950,20554238,40158013,40158013;20460950;20554238;20561118;20529629
basic-32,0,serial,gather,2000000,1,2000000,2,serial,32,20618108,21290746,30770589,30770589;24139118;20618108;21290746;21113089
basic-32,0,serial,gather,2000000,1,2000000,2,parallel,32,12049439,12834377,20530609,20530609;12834377;14014117;12049439;12586351
basic-32,1,serial,gather,2000000,1,2000000,2,parallel,32,12529511,13425406,18564011,18564011;13172741;14152745;12529511;13425406
basic-32,1,serial,gather,2000000,1,2000000,2,serial,32,15724908,19249110,29784655,29784655;15724908;18921526;19249110;21989105
basic-32,0,serial,gather,2000000,1,2000000,8,serial,32,34030224,34779132,47373622,47373622;36674020;34030224;34779132;34324399
basic-32,0,serial,gather,2000000,1,2000000,8,parallel,32,20049477,21867197,26464400,26464400;20049477;23731685;21038560;21867197
basic-32,1,serial,gather,2000000,1,2000000,8,parallel,32,20529858,21949005,27292986,27292986;20722886;20529858;21949005;22151771
basic-32,1,serial,gather,2000000,1,2000000,8,serial,32,32691006,35089696,43299700,43299700;32691006;35694086;35089696;33436474
basic-32,0,serial,csr,4000000,1,4000000,1,serial,32,321203105,322768441,334732502,334732502;322768441;322106530;321203105;323109094
basic-32,0,serial,csr,4000000,1,4000000,1,parallel,32,61293390,89651718,104159106,104159106;91568056;61293390;89651718;81540792
basic-32,1,serial,csr,4000000,1,4000000,1,parallel,32,66315216,80677826,93870227,93870227;86112696;80109906;80677826;66315216
basic-32,1,serial,csr,4000000,1,4000000,1,serial,32,319032386,320189345,332583821,332583821;319032386;320703977;319083364;320189345
basic-32,0,serial,csr,4000000,16,4000000,1,serial,32,167993779,168609320,169371638,168491501;168609320;169371638;167993779;168829596
basic-32,0,serial,csr,4000000,16,4000000,1,parallel,32,54187336,56885722,87414403,87414403;54187336;56885722;56655795;65165034
basic-32,1,serial,csr,4000000,16,4000000,1,parallel,32,56890262,59917311,77842362,77842362;64694651;56890262;58821059;59917311
basic-32,1,serial,csr,4000000,16,4000000,1,serial,32,173300239,186464590,204985512,204985512;186464590;180771405;187865256;173300239
basic-32,0,serial,csr,4000000,1024,4000000,1,serial,32,38354820,38613576,39146307,38613576;39136476;38514428;39146307;38354820
basic-32,0,serial,csr,4000000,1024,4000000,1,parallel,32,43398936,55039802,72985782,72985782;55039802;49731900;59661784;43398936
basic-32,1,serial,csr,4000000,1024,4000000,1,parallel,32,42361253,56573836,70647732,70647732;56573836;42636839;57919103;42361253
basic-32,1,serial,csr,4000000,1024,4000000,1,serial,32,38868071,39747736,40091901,39747736;40058871;39138087;40091901;38868071
basic-32,0,serial,progression,4000000,17,4000000,1,serial,32,53565555,53965679,93210594,93210594;56684344;53611825;53565555;53965679
basic-32,0,parallel,progression,4000000,17,4000000,1,parallel,32,42320293,42817195,70126299,70126299;43032952;42817195;42320293;42492720
basic-32,1,parallel,progression,4000000,17,4000000,1,parallel,32,41819631,42110516,69404911,69404911;42110516;42203615;42054408;41819631
basic-32,1,serial,progression,4000000,17,4000000,1,serial,32,52977785,54258014,91841705,91841705;55265237;53764311;52977785;54258014
basic-32,0,serial,gather,4000000,1,4000000,2,serial,32,38591495,42655428,65009374,65009374;38591495;50307009;42267614;42655428
basic-32,0,serial,gather,4000000,1,4000000,2,parallel,32,28569643,30027958,43908606,43908606;28569643;30140426;29884940;30027958
basic-32,1,serial,gather,4000000,1,4000000,2,parallel,32,28359207,30349792,44792742,44792742;43767089;29809762;28359207;30349792
basic-32,1,serial,gather,4000000,1,4000000,2,serial,32,37161359,38868611,76702918,76702918;37916436;37161359;38868611;44153122
basic-32,0,serial,gather,4000000,1,4000000,8,serial,32,81611705,81938780,109528899,109528899;81611705;81850062;81938780;85053889
basic-32,0,serial,gather,4000000,1,4000000,8,parallel,32,43325186,45611397,58549321,58549321;45611397;46871447;44031394;43325186
basic-32,1,serial,gather,4000000,1,4000000,8,parallel,32,42343052,45956601,56482665,56482665;43652050;45956601;42343052;48443240
basic-32,1,serial,gather,4000000,1,4000000,8,serial,32,79573530,85303873,105460736,105460736;80434085;79573530;85303873;86469774
basic-32,0,serial,csr,10000000,1,10000000,1,serial,32,886396917,894855231,917517172,917517172;887323134;886396917;894855231;895578506
basic-32,0,serial,csr,10000000,1,10000000,1,parallel,32,209945030,214969626,282615372,282615372;235424004;214589992;209945030;214969626
basic-32,1,serial,csr,10000000,1,10000000,1,parallel,32,184459915,214297194,279741887,279741887;238060495;214297194;211563310;184459915
basic-32,1,serial,csr,10000000,1,10000000,1,serial,32,872686749,903794693,907064315,903794693;904862090;872686749;888333453;907064315
basic-32,0,serial,csr,10000000,16,10000000,1,serial,32,529553502,531524350,576318095,533212383;531524350;529553502;576318095;530904897
basic-32,0,serial,csr,10000000,16,10000000,1,parallel,32,142068538,153705792,235241340,235241340;167158736;153705792;142068538;150493857
basic-32,1,serial,csr,10000000,16,10000000,1,parallel,32,129512898,153229589,209986743,209986743;170307542;129512898;153229589;145719706
basic-32,1,serial,csr,10000000,16,10000000,1,serial,32,532488564,534137257,536505134,536419090;533877992;534137257;532488564;536505134
basic-32,0,serial,csr,10000000,1024,10000000,1,serial,32,165582557,165857222,166860406,165857222;165582557;166860406;165644996;166768037
basic-32,0,serial,csr,10000000,1024,10000000,1,parallel,32,113776620,132250299,165147963,165147963;113776620;132250299;134252715;123556175
basic-32,1,serial,csr,10000000,1024,10000000,1,parallel,32,112552081,134319543,146017996,146017996;112552081;134319543;134505670;126295078
basic-32,1,serial,csr,10000000,1024,10000000,1,serial,32,256142465,256710336,269198563,256710336;256979471;256142465;269198563;256533138
basic-32,0,serial,progression,10000000,17,10000000,1,serial,32,106526430,106811375,247897252,247897252;203801767;106526430;106660728;106811375
basic-32,0,parallel,progression,10000000,17,10000000,1,parallel,32,106438301,106879783,107272716,106879783;106960522;106438301;107272716;106610907
basic-32,1,parallel,progression,10000000,17,10000000,1,parallel,32,107483862,108363517,109432019,108365028;108363517;109432019;107945614;107483862
basic-32,1,serial,progression,10000000,17,10000000,1,serial,32,105467595,107318584,247208177,247208177;201922163;107318584;106084435;105467595
basic-32,0,serial,gather,10000000,1,10000000,2,serial,32,133578279,162157765,191468100,191468100;172731566;133578279;137014351;162157765
basic-32,0,serial,gather,10000000,1,10000000,2,parallel,32,52563650,58843684,74362131,74362131;58843684;58749406;59688689;52563650
basic-32,1,serial,gather,10000000,1,10000000,2,parallel,32,52292694,57811832,74279562,74279562;56127410;52292694;57811832;60211510
basic-32,1,serial,gather,10000000,1,10000000,2,serial,32,127974783,141472434,188001996,188001996;145713872;141472434;136360771;127974783
basic-32,0,serial,gather,10000000,1,10000000,8,serial,32,178944679,190757808,214244379,214244379;190757808;192642866;186515950;178944679
basic-32,0,serial,gather,10000000,1,10000000,8,parallel,32,129100422,134284263,135280367,135280367;134284263;129100422;134352333;130650435
basic-32,1,serial,gather,10000000,1,10000000,8,parallel,32,130200282,134068957,138004750,137964760;134068957;130200282;130910790;138004750
basic-32,1,serial,gather,10000000,1,10000000,8,serial,32,186555744,197359541,211754357,211754357;186555744;192775789;197359541;208610361
compact-32,0,serial,csr,6000000,93750,6000000,1,serial,32,65056445,66537727,67076196,66573746;67076196;65056445;65520695;66537727
compact-32,0,serial,csr,6000000,93750,6000000,1,parallel,32,81695473,93517893,101053751,101053751;81695473;93517893;93825447;92878024
compact-32,1,serial,csr,6000000,93750,6000000,1,parallel,32,83795494,85179678,103444347,103444347;84079079;85179678;83795494;91397712
compact-32,1,serial,csr,6000000,93750,6000000,1,serial,32,61533130,63812748,64389747,63567602;61533130;64121902;64389747;63812748
compact-32,0,serial,csr,6000000,11718,6000000,1,serial,32,34944906,35032335,36891571,35546805;35032335;36891571;34944906;34963647
compact-32,0,serial,csr,6000000,11718,6000000,1,parallel,32,67695275,68050259,97498168,97498168;67752214;67695275;68050259;79735960
compact-32,1,serial,csr,6000000,11718,6000000,1,parallel,32,66165524,68907112,78613721,75475750;66165524;78613721;68487700;68907112
compact-32,1,serial,csr,6000000,11718,6000000,1,serial,32,34489576,34810510,36247423,35051425;34780490;36247423;34810510;34489576
compact-32,0,serial,csr,6000000,1464,6000000,1,serial,32,62644559,63714739,64363557,63585892;64275869;62644559;63714739;64363557
compact-32,0,serial,csr,6000000,1464,6000000,1,parallel,32,58903849,71513904,90332072,90332072;71513904;58903849;79571012;69949353
compact-32,1,serial,csr,6000000,1464,6000000,1,parallel,32,65292909,71976805,101666000,101666000;81881370;71976805;71930236;65292909
compact-32,1,serial,csr,6000000,1464,6000000,1,serial,32,64913837,66332121,66856581,66332121;65142103;66856581;66405399;64913837
compact-32,0,serial,csr,3000000,256,3000000,1,serial,32,56220479,56929686,57198761,57037294;56220479;57198761;56597572;56929686
compact-32,0,serial,csr,3000000,256,3000000,1,parallel,32,34605503,47092340,51696484,51696484;47092340;41373947;49752270;34605503
compact-32,1,serial,csr,3000000,256,3000000,1,parallel,32,34438736,47118200,59788453,59788453;48064483;41398696;47118200;34438736
compact-32,1,serial,csr,3000000,256,3000000,1,serial,32,53649987,54480502,54523141,54480502;54523141;53649987;54506221;53790615
fine-32,0,serial,csr,625000,1,625000,1,serial,32,10370572,10438000,11560070,10370572;10438000;10394811;10983470;11560070
fine-32,0,serial,csr,625000,1,625000,1,parallel,32,15681464,17447683,17842646,17833825;17842646;17447683;15681464;16588579
fine-32,1,serial,csr,625000,1,625000,1,parallel,32,16335813,16797864,17900264,16335813;17900264;17818136;16797864;16689716
fine-32,1,serial,csr,625000,1,625000,1,serial,32,9184503,9332750,10316602,10316602;9286920;9461758;9332750;9184503
fine-32,0,serial,csr,625000,16,625000,1,serial,32,5149426,5204665,5294053,5294053;5241735;5204665;5157566;5149426
fine-32,0,serial,csr,625000,16,625000,1,parallel,32,13801619,14772421,15299402,15043837;14297589;13801619;15299402;14772421
fine-32,1,serial,csr,625000,16,625000,1,parallel,32,13210430,13947447,14287890,13947447;14287890;13726470;14213361;13210430
fine-32,1,serial,csr,625000,16,625000,1,serial,32,5236335,5254784,5271984,5268974;5254784;5236335;5271984;5244824
fine-32,0,serial,csr,625000,256,625000,1,serial,32,3784931,3806170,3842290,3784931;3842290;3792121;3806170;3812891
fine-32,0,serial,csr,625000,256,625000,1,parallel,32,11828195,12414954,12643810,12188238;11828195;12613960;12414954;12643810
fine-32,1,serial,csr,625000,256,625000,1,parallel,32,11415723,12211247,12898526,11415723;12211247;12898526;11989251;12577711
fine-32,1,serial,csr,625000,256,625000,1,serial,32,3803331,3817711,3937888,3857349;3817711;3937888;3812451;3803331
fine-32,0,serial,progression,625000,17,625000,1,serial,32,6268706,6294105,10083456,10083456;6294105;6318956;6290455;6268706
fine-32,0,parallel,progression,625000,17,625000,1,parallel,32,9515667,9872751,13697321,13697321;10272563;9655134;9515667;9872751
fine-32,1,parallel,progression,625000,17,625000,1,parallel,32,9339420,9466958,13102442,13102442;9875220;9339420;9374040;9466958
fine-32,1,serial,progression,625000,17,625000,1,serial,32,6225267,6266496,10307922,10307922;6266496;6245676;6225267;6273076
fine-32,0,serial,csr,750000,1,750000,1,serial,32,15134204,15364891,15619195,15402580;15314812;15134204;15364891;15619195
fine-32,0,serial,csr,750000,1,750000,1,parallel,32,18084331,19213250,24974466,24974466;21033037;18084331;19213250;19159622
fine-32,1,serial,csr,750000,1,750000,1,parallel,32,18428585,18540063,22967792,22967792;18902606;18531502;18428585;18540063
fine-32,1,serial,csr,750000,1,750000,1,serial,32,15624136,15826071,16280084,16280084;15826071;16274734;15761293;15624136
fine-32,0,serial,csr,750000,16,750000,1,serial,32,6404024,6437483,6551820,6484032;6437483;6551820;6404024;6426712
fine-32,0,serial,csr,750000,16,750000,1,parallel,32,13174950,14205291,14763991,14171582;14763991;14713253;13174950;14205291
fine-32,1,serial,csr,750000,16,750000,1,parallel,32,13635941,14087134,14567405,13635941;14567405;14087134;14172273;14067374
fine-32,1,serial,csr,750000,16,750000,1,serial,32,6381234,6500532,6582841,6520971;6582841;6500532;6381234;6431883
fine-32,0,serial,csr,750000,256,750000,1,serial,32,4643466,4652266,4724994,4724994;4652266;4651085;4655055;4643466
fine-32,0,serial,csr,750000,256,750000,1,parallel,32,12548141,13338627,14916849,12548141;13338627;13200590;14522685;14916849
fine-32,1,serial,csr,750000,256,750000,1,parallel,32,12157608,12424074,13164381,12424074;13164381;12962984;12157608;12396575
fine-32,1,serial,csr,750000,256,750000,1,serial,32,4631236,4637996,4678934,4678934;4636595;4631236;4647505;4637996
fine-32,0,serial,progression,750000,17,750000,1,serial,32,7633221,7673151,10522238,10522238;7666291;7673151;7633221;7707390
fine-32,0,parallel,progression,750000,17,750000,1,parallel,32,8922798,9250082,15363570,15363570;8922798;9250082;9308571;9110624
fine-32,1,parallel,progression,750000,17,750000,1,parallel,32,8754320,9001376,15232403,15232403;8754320;9001376;9028286;8999756
fine-32,1,serial,progression,750000,17,750000,1,serial,32,7513133,7547092,10232424,10232424;7513133;7594552;7542663;7547092
fine-32,0,serial,csr,875000,1,875000,1,serial,32,24527213,28669398,31917859,24527213;31917859;28669398;28955642;28213377
fine-32,0,serial,csr,875000,1,875000,1,parallel,32,21620097,22356803,22906614,22822245;22906614;22356803;21951321;21620097
fine-32,1,serial,csr,875000,1,875000,1,parallel,32,21433310,22134368,22771066,22771066;22374242;22134368;21851302;21433310
fine-32,1,serial,csr,875000,1,875000,1,serial,32,22895533,22923893,27244054,23768348;22923893;22895533;22913533;27244054
fine-32,0,serial,csr,875000,16,875000,1,serial,32,7589712,7642491,7696590,7696590;7597211;7589712;7642491;7651151
fine-32,0,serial,csr,875000,16,875000,1,parallel,32,15255302,16847243,17136078,16939652;15632386;15255302;17136078;16847243
fine-32,1,serial,csr,875000,16,875000,1,parallel,32,15461678,15579656,16702426,16702426;15579656;15781963;15550447;15461678
fine-32,1,serial,csr,875000,16,875000,1,serial,32,7788548,7926026,8227761,8227761;8012905;7926026;7788548;7836788
fine-32,0,serial,csr,875000,256,875000,1,serial,32,5518800,5538879,5628717,5628717;5602238;5538879;5521859;5518800
fine-32,0,serial,csr,875000,256,875000,1,parallel,32,14044025,14327719,14840369,14840369;14149463;14649023;14327719;14044025
fine-32,1,serial,csr,875000,256,875000,1,parallel,32,13954196,14671143,15287952,14671143;13954196;15287952;14180241;14702563
fine-32,1,serial,csr,875000,256,875000,1,serial,32,5562048,5588039,5605028,5605028;5586308;5588039;5562048;5600168
fine-32,0,serial,progression,875000,17,875000,1,serial,32,11804165,12543642,15928910,15928910;12543642;11818174;11804165;15173943
fine-32,0,parallel,progression,875000,17,875000,1,parallel,32,13035593,13366757,17912684,17912684;13727550;13366757;13231529;13035593
fine-32,1,parallel,progression,875000,17,875000,1,parallel,32,13107991,13368027,17668028,17668028;13991556;13261418;13107991;13368027
fine-32,1,serial,progression,875000,17,875000,1,serial,32,11940493,12444324,15944389,15944389;12879636;12127310;12444324;11940493
fine-32,0,serial,csr,1250000,1,1250000,1,serial,32,67444002,87786852,89435522,89435522;87348110;88440530;87786852;67444002
fine-32,0,serial,csr,1250000,1,1250000,1,parallel,32,29531882,31654574,35977405,35977405;31467997;31654574;32983599;29531882
fine-32,1,serial,csr,1250000,1,1250000,1,parallel,32,27733755,30810809,34966863,34966863;27733755;30810809;33419962;30319158
fine-32,1,serial,csr,1250000,1,1250000,1,serial,32,66267694,67471341,67745497,67745497;67433202;67471341;67526200;66267694
fine-32,0,serial,csr,1250000,16,1250000,1,serial,32,14610034,14699182,14789811,14786140;14699182;14610034;14693493;14789811
fine-32,0,serial,csr,1250000,16,1250000,1,parallel,32,20025765,20944689,22656617,22656617;22021569;20387149;20025765;20944689
fine-32,1,serial,csr,1250000,16,1250000,1,parallel,32,19860049,22502271,27810043,22502271;21832032;27810043;19860049;25116192
fine-32,1,serial,csr,1250000,16,1250000,1,serial,32,15018667,15184163,15700674,15700674;15287131;15172654;15184163;15018667
fine-32,0,serial,csr,1250000,256,1250000,1,serial,32,9394929,9426588,9540866,9540866;9426588;9394929;9433288;9413539
fine-32,0,serial,csr,1250000,256,1250000,1,parallel,32,18007792,19047693,19758670,19233270;19047693;19758670;18007792;18008732
fine-32,1,serial,csr,1250000,256,1250000,1,parallel,32,17239726,17862375,18584711,18026732;18584711;17862375;17572480;17239726
fine-32,1,serial,csr,1250000,256,1250000,1,serial,32,9605165,9697144,9867320,9867320;9697144;9605165;9657754;9784382
fine-32,0,serial,progression,1250000,17,1250000,1,serial,32,12743058,12899255,20894130,20894130;13365736;12787937;12743058;12899255
fine-32,0,parallel,progression,1250000,17,1250000,1,parallel,32,14799280,15176854,25397477,25397477;14815690;15191243;14799280;15176854
fine-32,1,parallel,progression,1250000,17,1250000,1,parallel,32,14784781,14959108,25450347,25450347;15003316;14959108;14784781;14866299
fine-32,1,serial,progression,1250000,17,1250000,1,serial,32,13117501,13156561,21008238,21008238;13156561;13144891;13162860;13117501
fine-32,0,serial,csr,1750000,1,1750000,1,serial,32,123078309,130052651,131171941,131171941;130389416;129354604;130052651;123078309
fine-32,0,serial,csr,1750000,1,1750000,1,parallel,32,31174372,37207872,50217856,50217856;41868638;36277449;37207872;31174372
fine-32,1,serial,csr,1750000,1,1750000,1,parallel,32,31731503,41925917,45901744,45901744;43004536;41925917;41405785;31731503
fine-32,1,serial,csr,1750000,1,1750000,1,serial,32,122584707,128416352,129908914,129908914;128416352;128797844;128321422;122584707
fine-32,0,serial,csr,1750000,16,1750000,1,serial,32,36664122,38052347,38423800,38423800;38052347;38060537;36664122;37426428
fine-32,0,serial,csr,1750000,16,1750000,1,parallel,32,28848585,38999330,40064310,40064310;38999330;38952110;39482011;28848585
fine-32,1,serial,csr,1750000,16,1750000,1,parallel,32,33631437,38421290,40572760,40572760;39581129;38421290;36939817;33631437
fine-32,1,serial,csr,1750000,16,1750000,1,serial,32,35809298,36172281,37088655,36408827;35809298;36117182;36172281;37088655
fine-32,0,serial,csr,1750000,256,1750000,1,serial,32,16033638,16440800,16829154,16440800;16327482;16829154;16544989;16033638
fine-32,0,serial,csr,1750000,256,1750000,1,parallel,32,24697520,30590162,35793878,29216057;31156553;35793878;30590162;24697520
fine-32,1,serial,csr,1750000,256,1750000,1,parallel,32,24368786,31185022,32280662,31185022;31542236;32280662;30290918;24368786
fine-32,1,serial,csr,1750000,256,1750000,1,serial,32,16189634,16305003,17025850,16305003;16189634;16245974;16620277;17025850
fine-32,0,serial,progression,1750000,17,1750000,1,serial,32,18530603,18625120,36674362,36674362;18530603;18625120;18611021;18656740
fine-32,0,parallel,progression,1750000,17,1750000,1,parallel,32,20262121,20986067,33386761,33386761;20986067;20262121;21115916;20287950
fine-32,1,parallel,progression,1750000,17,1750000,1,parallel,32,20145533,20375959,33422921,33422921;20671604;20232161;20375959;20145533
fine-32,1,serial,progression,1750000,17,1750000,1,serial,32,18519392,18553502,35763549,35763549;18553502;18670830;18523703;18519392
fine-32,0,serial,csr,3000000,1,3000000,1,serial,32,251615125,252504329,263079746,263079746;251973519;252504329;251615125;252552258
fine-32,0,serial,csr,3000000,1,3000000,1,parallel,32,58869307,63108500,73430482,73430482;71540166;58869307;61341862;63108500
fine-32,1,serial,csr,3000000,1,3000000,1,parallel,32,50965131,70762701,74640450,74640450;70762701;71568356;50965131;67192386
fine-32,1,serial,csr,3000000,1,3000000,1,serial,32,251655494,252174444,263946469,263946469;251655494;252174444;251794870;253133447
fine-32,0,serial,csr,3000000,16,3000000,1,serial,32,119313265,120154320,120544763,119943094;119313265;120154320;120251069;120544763
fine-32,0,serial,csr,3000000,16,3000000,1,parallel,32,45427412,53015044,61968910,61968910;55000158;46443593;53015044;45427412
fine-32,1,serial,csr,3000000,16,3000000,1,parallel,32,52063081,54317700,62429582,62429582;52063081;53539304;54718012;54317700
fine-32,1,serial,csr,3000000,16,3000000,1,serial,32,132039203,133589885,135704917,135704917;133589885;132916017;132039203;134683184
fine-32,0,serial,csr,3000000,256,3000000,1,serial,32,54044005,54168992,54599545,54044005;54438328;54141532;54599545;54168992
fine-32,0,serial,csr,3000000,256,3000000,1,parallel,32,33840813,47433485,57542020,57542020;33840813;48048214;41224939;47433485
fine-32,1,serial,csr,3000000,256,3000000,1,parallel,32,42429436,47817248,60415599,60415599;46820307;49464248;42429436;47817248
fine-32,1,serial,csr,3000000,256,3000000,1,serial,32,53386016,53931617,54032135,54010955;53386016;54032135;53589763;53931617
fine-32,0,serial,progression,3000000,17,3000000,1,serial,32,40224107,40297585,69441264,69441264;42327188;40297585;40224107;40226967
fine-32,0,parallel,progression,3000000,17,3000000,1,parallel,32,33105966,33487040,54974857,54974857;33487040;33105966;33307133;33623067
fine-32,1,parallel,progression,3000000,17,3000000,1,parallel,32,32761112,33968411,55077666,55077666;34172467;32975569;32761112;33968411
fine-32,1,serial,progression,3000000,17,3000000,1,serial,32,40805626,41823277,71039454,71039454;42707601;41823277;40834005;40805626
fine-32,0,serial,csr,6000000,1,6000000,1,serial,32,533260794,534161927,554226753,554226753;536606254;534161927;533803653;533260794
fine-32,0,serial,csr,6000000,1,6000000,1,parallel,32,105759320,127853858,165482821,165482821;119938212;105759320;128105313;127853858
fine-32,1,serial,csr,6000000,1,6000000,1,parallel,32,102557439,102936362,160184498,160184498;102557439;123363520;102936362;102657267
fine-32,1,serial,csr,6000000,1,6000000,1,serial,32,550963946,552579016,571321716,571321716;552139295;553737636;552579016;550963946
fine-32,0,serial,csr,6000000,16,6000000,1,serial,32,309535061,310109280,311277039,311277039;309535061;309967093;310109280;310178358
fine-32,0,serial,csr,6000000,16,6000000,1,parallel,32,91738096,100375877,134430157,134430157;100375877;96418290;102155805;91738096
fine-32,1,serial,csr,6000000,16,6000000,1,parallel,32,81038230,83090193,117743280,117743280;87868476;83090193;81292956;81038230
fine-32,1,serial,csr,6000000,16,6000000,1,serial,32,288831697,289793689,289947386,289947386;289793689;288831697;289867228;289560183
fine-32,0,serial,csr,6000000,256,6000000,1,serial,32,215558144,217191694,221914458,215798420;221914458;220346837;217191694;215558144
fine-32,0,serial,csr,6000000,256,6000000,1,parallel,32,74325682,87370175,94813259,94813259;87370175;74325682;87592441;85243233
fine-32,1,serial,csr,6000000,256,6000000,1,parallel,32,62324301,77323638,108178224,108178224;88398156;77323638;62324301;75553801
fine-32,1,serial,csr,6000000,256,6000000,1,serial,32,209545843,209898206,210397537,209842328;209955835;209545843;210397537;209898206
fine-32,0,serial,progression,6000000,17,6000000,1,serial,32,81712717,82202528,145194218,145194218;82202528;81712717;81798445;82370675
fine-32,0,parallel,progression,6000000,17,6000000,1,parallel,32,64921894,65769768,107874420,107874420;65769768;66382797;64921894;65249718
fine-32,1,parallel,progression,6000000,17,6000000,1,parallel,32,65938086,66796639,110647139,110647139;66329738;66796639;66850729;65938086
fine-32,1,serial,progression,6000000,17,6000000,1,serial,32,80944821,81622658,140864667,140864667;81622658;81078639;80944821;81843385
fine-32,0,serial,gather,20000,1,20000,2,serial,32,368783,384083,401912,401912;384083;393933;369023;368783
fine-32,0,serial,gather,20000,1,20000,2,parallel,32,435052,452382,488591,475172;443282;452382;435052;488591
fine-32,1,serial,gather,20000,1,20000,2,parallel,32,420992,466811,481171,470061;466811;481171;420992;460611
fine-32,1,serial,gather,20000,1,20000,2,serial,32,308435,336513,435552,358233;435552;336513;333714;308435
fine-32,0,serial,gather,20000,1,20000,8,serial,32,599599,643478,777965,636579;643478;777965;729676;599599
fine-32,0,serial,gather,20000,1,20000,8,parallel,32,1824686,1826276,1840726,1824757;1835276;1824686;1826276;1840726
fine-32,1,serial,gather,20000,1,20000,8,parallel,32,1809387,1821977,1855307,1824067;1809387;1855307;1810007;1821977
fine-32,1,serial,gather,20000,1,20000,8,serial,32,610519,658178,733576,661148;658178;733576;622519;610519
fine-32,0,serial,gather,50000,1,50000,2,serial,32,471002,580280,883124,556470;634288;883124;580280;471002
fine-32,0,serial,gather,50000,1,50000,2,parallel,32,503841,526061,558500,558500;516181;503841;526061;530611
fine-32,1,serial,gather,50000,1,50000,2,parallel,32,507921,521910,555959,555959;531090;507921;518690;521910
fine-32,1,serial,gather,50000,1,50000,2,serial,32,488301,546729,617469,546729;610869;617469;541380;488301
fine-32,0,serial,gather,50000,1,50000,8,serial,32,890454,898273,1027301,1027301;898273;890454;892154;919543
fine-32,0,serial,gather,50000,1,50000,8,parallel,32,1830456,1912826,1928255,1921665;1912826;1928255;1902795;1830456
fine-32,1,serial,gather,50000,1,50000,8,parallel,32,1864596,1928385,1938355,1928385;1938355;1936505;1864596;1899575
fine-32,1,serial,gather,50000,1,50000,8,serial,32,934423,953083,1086430,1086430;953083;973682;934423;948053
fine-32,0,serial,gather,75000,1,75000,2,serial,32,656688,696007,1029132,698327;691547;696007;1029132;656688
fine-32,0,serial,gather,75000,1,75000,2,parallel,32,811315,846405,865934,865934;858275;844515;846405;811315
fine-32,1,serial,gather,75000,1,75000,2,parallel,32,564799,592289,619328,619328;599179;588319;592289;564799
fine-32,1,serial,gather,75000,1,75000,2,serial,32,605499,616429,652268,644328;652268;614479;616429;605499
fine-32,0,serial,gather,75000,1,75000,8,serial,32,1083581,1201388,1493663,1201388;1493663;1083581;1356066;1188368
fine-32,0,serial,gather,75000,1,75000,8,parallel,32,1960324,2000254,2038562,2038562;1960324;2000843;2000254;1990634
fine-32,1,serial,gather,75000,1,75000,8,parallel,32,1945595,1970654,2022093,2022093;1992113;1970654;1945595;1947865
fine-32,1,serial,gather,75000,1,75000,8,serial,32,1125160,1169219,1241418,1169219;1125160;1241418;1218087;1141719
fine-32,0,serial,gather,125000,1,125000,2,serial,32,959633,1063991,1674319,1082910;959633;967043;1063991;1674319
fine-32,0,serial,gather,125000,1,125000,2,parallel,32,730107,748877,827765,733337;730107;748877;764426;827765
fine-32,1,serial,gather,125000,1,125000,2,parallel,32,725836,731417,772186,772186;747466;725836;731417;728577
fine-32,1,serial,gather,125000,1,125000,2,serial,32,929123,1026741,1176378,1009861;1026741;1176378;929123;1134379
fine-32,0,serial,gather,125000,1,125000,8,serial,32,1330165,1404115,1559011,1503843;1404115;1365135;1330165;1559011
fine-32,0,serial,gather,125000,1,125000,8,parallel,32,2036783,2097892,2200470,2200470;2105092;2085212;2097892;2036783
fine-32,1,serial,gather,125000,1,125000,8,parallel,32,2038743,2083552,2192870,2175070;2192870;2083552;2038743;2059353
fine-32,1,serial,gather,125000,1,125000,8,serial,32,1336916,1413185,1635341,1526702;1635341;1336916;1413185;1379694
fine-32,0,serial,gather,375000,1,375000,2,serial,32,2355337,2507944,4964769,4964769;2507944;2491065;2532084;2355337
fine-32,0,serial,gather,375000,1,375000,2,parallel,32,1570881,1646600,3080944,3080944;1844797;1646600;1578811;1570881
fine-32,1,serial,gather,375000,1,375000,2,parallel,32,1697379,1911225,2831758,2831758;2180171;1842176;1911225;1697379
fine-32,1,serial,gather,375000,1,375000,2,serial,32,2316638,3186522,4832061,4832061;4456329;2316638;3186522;3080613
fine-32,0,serial,gather,375000,1,375000,8,serial,32,3901859,4727094,6354783,4900141;4727094;4711245;6354783;3901859
fine-32,0,serial,gather,375000,1,375000,8,parallel,32,3957758,4878001,5161636,4878001;5040347;4082926;3957758;5161636
fine-32,1,serial,gather,375000,1,375000,8,parallel,32,4268892,4370451,5448431,4370451;5448431;5258393;4279121;4268892
fine-32,1,serial,gather,375000,1,375000,8,serial,32,3559995,4402929,6528741,4883630;3780221;6528741;4402929;3559995
fine-32,0,serial,gather,750000,1,750000,2,serial,32,4623676,5127477,7506552,7506552;5127477;5166116;4945549;4623676
fine-32,0,serial,gather,750000,1,750000,2,parallel,32,3494956,3686852,6133477,6133477;3631454;3494956;4104326;3686852
fine-32,1,serial,gather,750000,1,750000,2,parallel,32,3081244,3581934,6574930,6574930;4061086;3581934;3425688;3081244
fine-32,1,serial,gather,750000,1,750000,2,serial,32,5194935,5608148,12074610,12074610;5929851;5208115;5194935;5608148
fine-32,0,serial,gather,750000,1,750000,8,serial,32,8085793,9246661,11529900,11529900;9640244;9246661;8649372;8085793
fine-32,0,serial,gather,750000,1,750000,8,parallel,32,7949205,8036063,10069806,10069806;8036063;7979575;8690781;7949205
fine-32,1,serial,gather,750000,1,750000,8,parallel,32,8052013,8225860,8384977,8225860;8052013;8104902;8384977;8354888
fine-32,1,serial,gather,750000,1,750000,8,serial,32,7612821,8493695,10235993,10235993;7612821;8493695;8205930;9497177
fine-32,0,serial,bounded,250000,1,250000,1,bounded,32,6767776,6869534,11701566,11701566;6767776;6906154;6857105;6869534
fine-32,0,parallel,bounded,250000,1,250000,1,bounded,32,8595233,9452417,13891086,13891086;9451947;9495767;8595233;9452417
fine-32,0,serial,bounded,250000,1,250000,1,hash,32,10254212,10786912,11580319,11580319;10254212;10365651;10786912;10939911
fine-32,1,serial,bounded,250000,1,250000,1,hash,32,10354941,11023548,11886833,11886833;11023548;10354941;11031908;10497649
fine-32,1,parallel,bounded,250000,1,250000,1,bounded,32,8235800,8764570,13582812,13582812;8986305;8739021;8764570;8235800
fine-32,1,serial,bounded,250000,1,250000,1,bounded,32,6769386,6985322,11949601,11949601;7148420;6985322;6842475;6769386
fine-32,0,serial,bounded,250000,2,250000,1,bounded,32,7569811,7597822,12749087,12749087;7639490;7597822;7569811;7597461
fine-32,0,parallel,bounded,250000,2,250000,1,bounded,32,10191894,10225733,15146763,15146763;10191894;10225733;10193993;10791313
fine-32,0,serial,bounded,250000,2,250000,1,hash,32,10373120,11010219,11390372,10978120;11125916;11390372;11010219;10373120
fine-32,1,serial,bounded,250000,2,250000,1,hash,32,10111765,10787183,11391712,11391712;10111765;11190415;10787183;10332961
fine-32,1,parallel,bounded,250000,2,250000,1,bounded,32,9359858,10141395,14741670,14741670;10141395;10293762;9359858;9891490
fine-32,1,serial,bounded,250000,2,250000,1,bounded,32,7763018,7916925,13056752,13056752;7799118;7920425;7763018;7916925
fine-32,0,serial,bounded,250000,4,250000,1,bounded,32,11123216,12282006,14044964,14044964;12876395;12282006;11123216;12057410
fine-32,0,parallel,bounded,250000,4,250000,1,bounded,32,11932202,13094710,16835693,16835693;13094710;12791267;14069503;11932202
fine-32,0,serial,bounded,250000,4,250000,1,hash,32,10547177,11445781,12405363,12405363;11817814;10717054;10547177;11445781
fine-32,1,serial,bounded,250000,4,250000,1,hash,32,11334733,11633907,12515181,12515181;12437603;11459001;11633907;11334733
fine-32,1,parallel,bounded,250000,4,250000,1,bounded,32,11974901,12583940,16934441,16934441;12583940;11974901;12930793;12426763
fine-32,1,serial,bounded,250000,4,250000,1,bounded,32,10057706,10161184,13551812,13551812;10161184;10644346;10116735;10057706
fine-32,0,serial,bounded,750000,1,750000,1,bounded,32,18097949,18976753,24142189,24142189;21677964;18976753;18433484;18097949
fine-32,0,parallel,bounded,750000,1,750000,1,bounded,32,17459680,17798684,23600449,23600449;19638012;17459680;17498481;17798684
fine-32,0,serial,bounded,750000,1,750000,1,hash,32,21483397,22531338,29142487,29142487;23737897;21483397;22531338;21729473
fine-32,1,serial,bounded,750000,1,750000,1,hash,32,21739523,21790781,29746666,29746666;23042809;21790781;21745833;21739523
fine-32,1,parallel,bounded,750000,1,750000,1,bounded,32,17699807,18291135,23147957,23147957;19698990;18205897;17699807;18291135
fine-32,1,serial,bounded,750000,1,750000,1,bounded,32,18477812,19122321,24631150,24631150;21490607;19122321;18477812;18704218
fine-32,0,serial,bounded,750000,2,750000,1,bounded,32,29200866,29735427,36920745,36920745;29783946;29200866;29674257;29735427
fine-32,0,parallel,bounded,750000,2,750000,1,bounded,32,20193761,20456256,26967248,26967248;20193761;20456256;21369109;20418537
fine-32,0,serial,bounded,750000,2,750000,1,hash,32,21732123,22704705,28472789,28472789;23886213;21732123;22565687;22704705
fine-32,1,serial,bounded,750000,2,750000,1,hash,32,22051407,22120645,28910352,28910352;24224737;22066147;22120645;22051407
fine-32,1,parallel,bounded,750000,2,750000,1,bounded,32,20103992,20782851,26657853,26657853;20848949;20437366;20103992;20782851
fine-32,1,serial,bounded,750000,2,750000,1,bounded,32,29572509,30604060,37203060,37203060;30604060;31040493;29572509;29704477
fine-32,0,serial,bounded,750000,4,750000,1,bounded,32,62757534,64658198,68974998,68797533;68974998;62757534;62926880;64658198
fine-32,0,parallel,bounded,750000,4,750000,1,bounded,32,26825160,28193454,37793929,37793929;28321322;26825160;27073525;28193454
fine-32,0,serial,bounded,750000,4,750000,1,hash,32,21582415,22613177,28141736,28141736;23112698;21582415;22613177;21864600
fine-32,1,serial,bounded,750000,4,750000,1,hash,32,21582555,22180605,28128276,28128276;22583828;21582555;22180605;22143386
fine-32,1,parallel,bounded,750000,4,750000,1,bounded,32,27814342,28198274,37470655,37470655;29120988;27936109;28198274;27814342
fine-32,1,serial,bounded,750000,4,750000,1,bounded,32,62494398,62633905,68806892,68806892;64572069;62494398;62633905;62526417
fine-32,0,serial,membership,2000000,5,2000000,1,bounded,32,33310661,34916541,45665905,44466617;34916541;45665905;34120986;33310661
fine-32,0,serial,membership,2000000,5,2000000,1,hash,32,39071515,40429871,50325140,50325140;41318845;39071515;40429871;39205043
fine-32,1,serial,membership,2000000,5,2000000,1,hash,32,38905569,41749866,48916146,48916146;41749866;38905569;42523902;39281602
fine-32,1,serial,membership,2000000,5,2000000,1,bounded,32,31309888,31741820,39131804,39131804;31319968;32118072;31741820;31309888
fine-32,0,serial,membership,2000000,6,2000000,1,bounded,32,37919307,41394433,50862170,50862170;44201901;41394433;39483878;37919307
fine-32,0,serial,membership,2000000,6,2000000,1,hash,32,38938298,40942102,48957176,48957176;41977713;38938298;39564417;40942102
fine-32,1,serial,membership,2000000,6,2000000,1,hash,32,39853861,41978163,50837790,50837790;42975414;41978163;39853861;41390203
fine-32,1,serial,membership,2000000,6,2000000,1,bounded,32,38307539,41613410,51859231,51859231;41999902;41613410;38307539;38932218
fine-32,0,serial,membership,2000000,7,2000000,1,bounded,32,46549389,47226266,63702465,63702465;50938858;47000791;47226266;46549389
fine-32,0,serial,membership,2000000,7,2000000,1,hash,32,39314781,42208028,51238733,51238733;42208028;39875091;42936905;39314781
fine-32,1,serial,membership,2000000,7,2000000,1,hash,32,39098595,41827335,49169881,49169881;43004474;39098595;41827335;39745193
fine-32,1,serial,membership,2000000,7,2000000,1,bounded,32,45034646,47685498,59666929,59666929;47685498;47854425;46483510;45034646
fine-32,0,serial,membership,2000000,8,2000000,1,bounded,32,55340268,56752932,69123315,69123315;57321272;56752932;55340268;55707302
fine-32,0,serial,membership,2000000,8,2000000,1,hash,32,39320741,40221834,49644623,49644623;41842635;39320741;39778613;40221834
fine-32,1,serial,membership,2000000,8,2000000,1,hash,32,39687914,40403481,49570404,49570404;42321707;39961189;39687914;40403481
fine-32,1,serial,membership,2000000,8,2000000,1,bounded,32,54959895,60925806,68466448,68466448;63548897;60925806;55235640;54959895
ids-32,0,serial,ids,100000,1,100000,1,bounded,32,2125492,2134082,2484855,2484855;2134082;2125492;2128831;2141452
ids-32,0,hash,ids,100000,1,100000,1,hash,32,10777556,11089779,11437433,10919233;11089779;10777556;11217468;11437433
ids-32,1,hash,ids,100000,1,100000,1,hash,32,9048397,9793353,11406405,9048397;10247655;9660696;9793353;11406405
ids-32,1,serial,ids,100000,1,100000,1,bounded,32,2205860,2217709,2577624,2577624;2238950;2217709;2210271;2205860
ids-32,0,serial,ids,100000,2,100000,1,bounded,32,2374147,2385227,2415197,2386477;2377077;2374147;2385227;2415197
ids-32,0,hash,ids,100000,2,100000,1,hash,32,9750574,10936333,11937904,9750574;11937904;10936333;10971202;10882744
ids-32,1,hash,ids,100000,2,100000,1,hash,32,9491649,9608587,10460621,10450832;10460621;9608587;9491649;9526738
ids-32,1,serial,ids,100000,2,100000,1,bounded,32,2361037,2367378,2378807,2378807;2367378;2361037;2376787;2364037
ids-32,0,serial,ids,100000,4,100000,1,bounded,32,2909557,2930577,3368930,3368930;2946257;2926517;2930577;2909557
ids-32,0,hash,ids,100000,4,100000,1,hash,32,10029949,11075650,11557292,11557292;11311706;10029949;11075650;10627639
ids-32,1,hash,ids,100000,4,100000,1,hash,32,10001840,10990322,11746058,10990322;10001840;11746058;11207088;10317424
ids-32,1,serial,ids,100000,4,100000,1,bounded,32,2927897,2957316,3438248,3438248;2957316;2937297;2961877;2927897
ids-32,0,serial,ids,100000,10,100000,1,bounded,32,7361917,7451525,7937747,7937747;7496035;7397857;7451525;7361917
ids-32,0,hash,ids,100000,10,100000,1,hash,32,9394581,9591296,10751846,10751846;10010380;9591296;9394581;9481939
ids-32,1,hash,ids,100000,10,100000,1,hash,32,9855682,10065768,12078792,10573809;9997720;10065768;9855682;12078792
ids-32,1,serial,ids,100000,10,100000,1,bounded,32,7078953,7476235,7665492,7665492;7476235;7257709;7557023;7078953
ids-32,0,serial,ids,500000,1,500000,1,bounded,32,14038517,14210914,14280122,14280122;14249313;14038517;14210914;14106455
ids-32,0,hash,ids,500000,1,500000,1,hash,32,48028133,49655725,72866006,72866006;67290496;48028133;49655725;48515955
ids-32,1,hash,ids,500000,1,500000,1,hash,32,47483703,55761864,70357560,63618773;47483703;50532639;70357560;55761864
ids-32,1,serial,ids,500000,1,500000,1,bounded,32,14199644,14359730,14607226,14359730;14199644;14294452;14498169;14607226
ids-32,0,serial,ids,500000,2,500000,1,bounded,32,21136978,21665709,25574938,25574938;21762848;21136978;21520652;21665709
ids-32,0,hash,ids,500000,2,500000,1,hash,32,54789102,55275772,62021601,62021601;54789102;55275772;58367907;55120346
ids-32,1,hash,ids,500000,2,500000,1,hash,32,55982810,59278081,66790905,59278081;66790905;64086674;56751027;55982810
ids-32,1,serial,ids,500000,2,500000,1,bounded,32,21566771,21676179,25280174,25280174;21676179;21566771;21615150;21786577
ids-32,0,serial,ids,500000,4,500000,1,bounded,32,41365933,41959153,54627534,54627534;42064411;41400803;41365933;41959153
ids-32,0,hash,ids,500000,4,500000,1,hash,32,56464001,58526604,60163054,60163054;59199191;58526604;56464001;56651208
ids-32,1,hash,ids,500000,4,500000,1,hash,32,48759360,63497264,73098132,63497264;64324440;48759360;73098132;60612976
ids-32,1,serial,ids,500000,4,500000,1,bounded,32,41380943,41624959,55040517,55040517;41422413;41825805;41380943;41624959
ids-32,0,serial,ids,500000,10,500000,1,bounded,32,61852394,62066920,93192229,93192229;62066920;61877233;62643770;61852394
ids-32,0,hash,ids,500000,10,500000,1,hash,32,48239079,57503462,66591839,66591839;64744592;48288439;48239079;57503462
ids-32,1,hash,ids,500000,10,500000,1,hash,32,57289086,63152810,66365372,66365372;64854660;63152810;57692899;57289086
ids-32,1,serial,ids,500000,10,500000,1,bounded,32,61322643,62097690,92242545,92242545;62097690;61322643;61674747;62127049
ids-32,0,serial,ids,1000000,1,1000000,1,bounded,32,53757060,54037555,63745499,63745499;53978816;54037555;53757060;54150653
ids-32,0,hash,ids,1000000,1,1000000,1,hash,32,135220940,136160403,175379565,175379565;135220940;136160403;136042224;148127457
ids-32,1,hash,ids,1000000,1,1000000,1,hash,32,126715723,146768190,182485857,182485857;159754667;146768190;126715723;130086882
ids-32,1,serial,ids,1000000,1,1000000,1,bounded,32,53543843,53692001,63416165,63416165;53842818;53692001;53605893;53543843
ids-32,0,serial,ids,1000000,2,1000000,1,bounded,32,87597408,87971182,106950500,106950500;87670228;87971182;87597408;88180639
ids-32,0,hash,ids,1000000,2,1000000,1,hash,32,142999478,148522879,187181322,187181322;148190275;142999478;148522879;152478687
ids-32,1,hash,ids,1000000,2,1000000,1,hash,32,133430461,136506335,185152928,185152928;154198626;133430461;136047404;136506335
ids-32,1,serial,ids,1000000,2,1000000,1,bounded,32,87824215,88258716,104455714,104455714;88258716;87824215;88029330;88674889
ids-32,0,serial,ids,1000000,4,1000000,1,bounded,32,113294984,113428252,145230987,145230987;114968085;113294984;113366253;113428252
ids-32,0,hash,ids,1000000,4,1000000,1,hash,32,125279238,137895750,173928639,173928639;158140084;127179414;125279238;137895750
ids-32,1,hash,ids,1000000,4,1000000,1,hash,32,130820727,153083976,169100306,169100306;145525302;155065579;153083976;130820727
ids-32,1,serial,ids,1000000,4,1000000,1,bounded,32,111484297,111902309,142107623,142107623;111902309;111484297;111763512;112134564
ids-32,0,serial,ids,1000000,10,1000000,1,bounded,32,136337327,136528044,201658828,201658828;136528044;136337327;136958287;136464945
ids-32,0,hash,ids,1000000,10,1000000,1,hash,32,128631307,156909376,187787398,187787398;156909376;163566256;128631307;129847655
ids-32,1,hash,ids,1000000,10,1000000,1,hash,32,139149866,141993354,184838831,184838831;139149866;141536294;141993354;143002507
ids-32,1,serial,ids,1000000,10,1000000,1,bounded,32,139334373,139731095,204457146,204457146;140571170;139346263;139731095;139334373
ids-32,0,serial,ids,2000000,1,2000000,1,bounded,32,195788863,195979400,212033699,212033699;195990789;195979400;195788863;195869661
ids-32,0,hash,ids,2000000,1,2000000,1,hash,32,292090112,312072940,359871618,359871618;312072940;292090112;292593053;318070462
ids-32,1,hash,ids,2000000,1,2000000,1,hash,32,292464715,316345223,352541428,325769533;316345223;352541428;292464715;293778090
ids-32,1,serial,ids,2000000,1,2000000,1,bounded,32,205202011,208206506,224290866,224290866;208236976;208206506;205202011;206359960
ids-32,0,serial,ids,2000000,2,2000000,1,bounded,32,233225833,233838042,259572668,259572668;234430232;233225833;233283853;233838042
ids-32,0,hash,ids,2000000,2,2000000,1,hash,32,284790791,312632108,325980096,322623447;284790791;312632108;312511639;325980096
ids-32,1,hash,ids,2000000,2,2000000,1,hash,32,293381265,302305003,343497009,343497009;320813189;293381265;302305003;295453127
ids-32,1,serial,ids,2000000,2,2000000,1,bounded,32,237813409,238376558,270499948,270499948;239708844;237813409;238376558;238214972
ids-32,0,serial,ids,2000000,4,2000000,1,bounded,32,261120197,262324695,327036904,327036904;262270496;262764166;262324695;261120197
ids-32,0,hash,ids,2000000,4,2000000,1,hash,32,289274867,297656695,329585108,329585108;297058936;297656695;307369219;289274867
ids-32,1,hash,ids,2000000,4,2000000,1,hash,32,297084315,305852885,342943425,342943425;297084315;305852885;298442330;306190279
ids-32,1,serial,ids,2000000,4,2000000,1,bounded,32,257394233,259073362,319755643,319755643;257394233;259028153;259073362;259151470
ids-32,0,serial,ids,2000000,10,2000000,1,bounded,32,306343725,309881861,440525327,440525327;306343725;307707360;309881861;313388047
ids-32,0,hash,ids,2000000,10,2000000,1,hash,32,288801112,304014306,346056605,346056605;326659286;304014306;288801112;302650441
ids-32,1,hash,ids,2000000,10,2000000,1,hash,32,290566649,296055499,342460769,342460769;324148171;291910324;290566649;296055499
ids-32,1,serial,ids,2000000,10,2000000,1,bounded,32,305383359,307145728,440125240,440125240;307145728;307593670;306946741;305383359
ids-32,0,serial,ids,4000000,1,4000000,1,bounded,32,495345278,497132305,533792672,533792672;497723955;495345278;497132305;495874127
ids-32,0,hash,ids,4000000,1,4000000,1,hash,32,652047646,655178388,704259571,704259571;652047646;652153074;680968142;655178388
ids-32,1,hash,ids,4000000,1,4000000,1,hash,32,655231714,660929602,683002152,683002152;660929602;655231714;669361298;659989496
ids-32,1,serial,ids,4000000,1,4000000,1,bounded,32,495867180,511282190,570953600,570953600;547060112;509549342;511282190;495867180
ids-32,0,serial,ids,4000000,2,4000000,1,bounded,32,525173536,525926502,593846382,593846382;532046542;525926502;525365703;525173536
ids-32,0,hash,ids,4000000,2,4000000,1,hash,32,647623202,657433425,681820383,681820383;657433425;648432138;664095732;647623202
ids-32,1,hash,ids,4000000,2,4000000,1,hash,32,660737830,677568485,695975392,695975392;684087608;660737830;677568485;672997377
ids-32,1,serial,ids,4000000,2,4000000,1,bounded,32,522042014,525108649,587683084,587683084;528435978;525108649;523705534;522042014
ids-32,0,serial,ids,4000000,4,4000000,1,bounded,32,561011224,584727913,700317426,700317426;564117028;586986333;561011224;584727913
ids-32,0,hash,ids,4000000,4,4000000,1,hash,32,659507682,668093217,701262365,701262365;663239725;668093217;659507682;688206260
ids-32,1,hash,ids,4000000,4,4000000,1,hash,32,655372564,660734066,693529952,693529952;661689499;657729821;655372564;660734066
ids-32,1,serial,ids,4000000,4,4000000,1,bounded,32,565570051,567416039,695084120,695084120;567671385;567416039;565906576;565570051
ids-32,0,serial,ids,4000000,10,4000000,1,bounded,32,640553495,644806679,917312848,917312848;669665957;644806679;642856374;640553495
ids-32,0,hash,ids,4000000,10,4000000,1,hash,32,647071503,655609289,683865866,683865866;654571509;657765960;655609289;647071503
ids-32,1,hash,ids,4000000,10,4000000,1,hash,32,652344436,657904333,699975280,699975280;658604772;652344436;657904333;654946877
ids-32,1,serial,ids,4000000,10,4000000,1,bounded,32,634838820,636996330,901095597,901095597;634838820;635382819;637647398;636996330
portability-8,0,serial,csr,500000,1,500000,1,serial,8,5637897,5788234,6009480,6009480;5738575;5795004;5788234;5637897
portability-8,0,serial,csr,500000,1,500000,1,parallel,8,11822734,11993461,15202372,15202372;11993461;11950381;12091529;11822734
portability-8,1,serial,csr,500000,1,500000,1,parallel,8,11248574,11771645,15572505,15572505;11872363;11641778;11248574;11771645
portability-8,1,serial,csr,500000,1,500000,1,serial,8,5664617,5715325,5890832,5890832;5715325;5748525;5672726;5664617
portability-8,0,serial,csr,500000,16,500000,1,serial,8,4008457,4015287,4065055,4065055;4015287;4028156;4010006;4008457
portability-8,0,serial,csr,500000,16,500000,1,parallel,8,8406666,8869457,12274306,12274306;10823583;8406666;8694751;8869457
portability-8,1,serial,csr,500000,16,500000,1,parallel,8,7810747,8288448,9430538,9430538;8288448;8704071;7810747;8245559
portability-8,1,serial,csr,500000,16,500000,1,serial,8,3986637,3997577,4025086,4025086;4000337;3986637;3992617;3997577
portability-8,0,serial,csr,500000,1024,500000,1,serial,8,2635742,2642382,2658422,2653681;2658422;2640191;2642382;2635742
portability-8,0,serial,csr,500000,1024,500000,1,parallel,8,6772966,6891554,8157800,8157800;6788786;6891554;7678040;6772966
portability-8,1,serial,csr,500000,1024,500000,1,parallel,8,6776817,6908323,8897627,6908323;6776817;6975582;6817795;8897627
portability-8,1,serial,csr,500000,1024,500000,1,serial,8,2538814,2543983,2551744,2551744;2539424;2546933;2538814;2543983
portability-8,0,serial,progression,500000,17,500000,1,serial,8,4942340,4959749,5023768,5023768;4959749;5010599;4944289;4942340
portability-8,0,parallel,progression,500000,17,500000,1,parallel,8,6602920,6849454,6976472,6976472;6640629;6877344;6849454;6602920
portability-8,1,parallel,progression,500000,17,500000,1,parallel,8,6495681,6684158,6924474,6924474;6784096;6684158;6582479;6495681
portability-8,1,serial,progression,500000,17,500000,1,serial,8,4949980,5017108,5086636,4996759;5017108;4949980;5086636;5040328
portability-8,0,serial,gather,500000,1,500000,2,serial,8,3357589,3631243,4623746,4623746;3790351;3631243;3521775;3357589
portability-8,0,serial,gather,500000,1,500000,2,parallel,8,2122960,2139091,3816730,3816730;2145751;2131611;2122960;2139091
portability-8,1,serial,gather,500000,1,500000,2,parallel,8,2129471,2516534,3942498,3942498;2516534;2550783;2129471;2431286
portability-8,1,serial,gather,500000,1,500000,2,serial,8,3368159,3576395,3654143,3528786;3368159;3589314;3576395;3654143
portability-8,0,serial,gather,500000,1,500000,8,serial,8,5619917,5781454,6053529,5619917;6053529;5639397;5957301;5781454
portability-8,0,serial,gather,500000,1,500000,8,parallel,8,4693424,5617537,6542371,6542371;5668656;5617537;4907001;4693424
portability-8,1,serial,gather,500000,1,500000,8,parallel,8,4385980,5469370,5904792,5871602;5469370;5904792;4385980;5082067
portability-8,1,serial,gather,500000,1,500000,8,serial,8,5289603,5702586,6766806,5729986;5299033;5289603;6766806;5702586
portability-8,0,serial,bounded,500000,1,500000,1,bounded,8,12248276,12459562,16515468,16515468;14194601;12283195;12459562;12248276
portability-8,0,parallel,bounded,500000,1,500000,1,bounded,8,13302036,14577104,16870942,16870942;16583336;14356878;13302036;14577104
portability-8,0,serial,bounded,500000,1,500000,1,hash,8,16544298,16635385,20662032,20662032;18600820;16544298;16564087;16635385
portability-8,1,serial,bounded,500000,1,500000,1,hash,8,16348141,16781603,19930185,19930185;17061577;16518328;16781603;16348141
portability-8,1,parallel,bounded,500000,1,500000,1,bounded,8,13991324,15477207,17952012,17952012;15979348;15477207;14288339;13991324
portability-8,1,serial,bounded,500000,1,500000,1,bounded,8,12026580,12241886,16678465,16678465;14235309;12102979;12241886;12026580
portability-8,0,serial,bounded,500000,4,500000,1,bounded,8,32378107,33460598,38203382,38203382;37004283;32962547;33460598;32378107
portability-8,0,parallel,bounded,500000,4,500000,1,bounded,8,19500294,20416366,24425843,24425843;22642396;19803697;19500294;20416366
portability-8,0,serial,bounded,500000,4,500000,1,hash,8,16972259,17556799,21072734,21072734;17587799;17556799;16972259;17082658
portability-8,1,serial,bounded,500000,4,500000,1,hash,8,16360571,16776133,21188383,21188383;16776133;16827373;16368210;16360571
portability-8,1,parallel,bounded,500000,4,500000,1,bounded,8,20050553,20628223,24977273,24830206;24977273;20628223;20050553;20257079
portability-8,1,serial,bounded,500000,4,500000,1,bounded,8,33233602,34099376,38114863,37604582;38114863;33233602;33678423;34099376
portability-8,0,serial,csr,1000000,1,1000000,1,serial,8,36651130,37236959,38684502,38684502;36902895;38240620;36651130;37236959
portability-8,0,serial,csr,1000000,1,1000000,1,parallel,8,20465095,22505988,23943143,23943143;22505988;20465095;21441898;22568237
portability-8,1,serial,csr,1000000,1,1000000,1,parallel,8,22643626,23118027,24076260,23894803;24076260;23118027;22643626;22924391
portability-8,1,serial,csr,1000000,1,1000000,1,serial,8,35502731,35899154,36317025,36058480;35899154;36317025;35502731;35661527
portability-8,0,serial,csr,1000000,16,1000000,1,serial,8,9260571,9348239,9453737,9453737;9390708;9260571;9326910;9348239
portability-8,0,serial,csr,1000000,16,1000000,1,parallel,8,15690733,15749802,16133845,15749802;15690733;15872329;15708213;16133845
portability-8,1,serial,csr,1000000,16,1000000,1,parallel,8,19634941,20402247,20677722,19634941;20662971;20677722;19898336;20402247
portability-8,1,serial,csr,1000000,16,1000000,1,serial,8,10069496,10240793,10326681,10326681;10069496;10240793;10188723;10278052
portability-8,0,serial,csr,1000000,1024,1000000,1,serial,8,5466720,5507929,5772855,5548959;5479210;5466720;5507929;5772855
portability-8,0,serial,csr,1000000,1024,1000000,1,parallel,8,12576890,13933546,15303840,15303840;12576890;14981416;13406794;13933546
portability-8,1,serial,csr,1000000,1024,1000000,1,parallel,8,12512791,13321506,15974838,15974838;13321506;13246857;14097262;12512791
portability-8,1,serial,csr,1000000,1024,1000000,1,serial,8,5441931,5508119,5582807,5497480;5582807;5508119;5441931;5539278
portability-8,0,serial,progression,1000000,17,1000000,1,serial,8,13502653,13779559,17100667,17100667;13779559;14043743;13614441;13502653
portability-8,0,parallel,progression,1000000,17,1000000,1,parallel,8,15241671,15547225,19022442,19022442;15547225;15834850;15241671;15378939
portability-8,1,parallel,progression,1000000,17,1000000,1,parallel,8,15267451,15850250,18916684,18916684;15850250;16030307;15506176;15267451
portability-8,1,serial,progression,1000000,17,1000000,1,serial,8,13468804,13478974,17063628,17063628;13649690;13468804;13478974;13477233
portability-8,0,serial,gather,1000000,1,1000000,2,serial,8,6600350,8107042,11780315,6600350;10847321;8107042;11780315;7085910
portability-8,0,serial,gather,1000000,1,1000000,2,parallel,8,4856391,6053229,8915676,8915676;6151778;5216135;6053229;4856391
portability-8,1,serial,gather,1000000,1,1000000,2,parallel,8,5311273,5801004,9540966,9540966;5801004;5987440;5311273;5408171
portability-8,1,serial,gather,1000000,1,1000000,2,serial,8,6618928,7798618,10344511,7798618;7734918;8305168;6618928;10344511
portability-8,0,serial,gather,1000000,1,1000000,8,serial,8,11585398,13453254,17206315,17206315;13453254;11585398;13197879;14230299
portability-8,0,serial,gather,1000000,1,1000000,8,parallel,8,11536058,12511982,17986051,17986051;11536058;11553458;12511982;14002194
portability-8,1,serial,gather,1000000,1,1000000,8,parallel,8,11001509,11898053,15463977,15463977;11898053;11038698;12157158;11001509
portability-8,1,serial,gather,1000000,1,1000000,8,serial,8,11348812,12163637,14654101,14654101;12515011;11439580;12163637;11348812
portability-8,0,serial,bounded,1000000,1,1000000,1,bounded,8,29154947,30236946,38141492,38141492;30236946;29154947;30288455;30061180
portability-8,0,parallel,bounded,1000000,1,1000000,1,bounded,8,25308717,26264460,34967350,34967350;26264460;25308717;26421016;25624801
portability-8,0,serial,bounded,1000000,1,1000000,1,hash,8,30507592,31455774,38113613,38113613;31455774;31129540;30507592;31826478
portability-8,1,serial,bounded,1000000,1,1000000,1,hash,8,31571083,33378039,39021086,39021086;33378039;31571083;32069832;35132098
portability-8,1,parallel,bounded,1000000,1,1000000,1,bounded,8,24877594,26037783,33781122,33781122;26037783;25270888;24877594;27899089
portability-8,1,serial,bounded,1000000,1,1000000,1,bounded,8,27761333,28068167,38205721,38205721;29248654;27867800;28068167;27761333
portability-8,0,serial,bounded,1000000,4,1000000,1,bounded,8,91704782,92589975,100440892,100440892;93298693;92378179;91704782;92589975
portability-8,0,parallel,bounded,1000000,4,1000000,1,bounded,8,40959230,42569171,53648328,53648328;42569171;41974202;42779437;40959230
portability-8,0,serial,bounded,1000000,4,1000000,1,hash,8,30565581,31959585,38154352,38154352;30565581;31959585;31274888;32611503
portability-8,1,serial,bounded,1000000,4,1000000,1,hash,8,29716676,30914795,38584404,38584404;31436035;30749777;30914795;29716676
portability-8,1,parallel,bounded,1000000,4,1000000,1,bounded,8,40098216,42569580,53375553,53375553;44411147;40098216;40194825;42569580
portability-8,1,serial,bounded,1000000,4,1000000,1,bounded,8,93345692,93712225,105123486,105123486;95438483;93712225;93397121;93345692
portability-8,0,serial,csr,2000000,1,2000000,1,serial,8,154262506,159066589,160276627,160250487;159066589;160276627;158846033;154262506
portability-8,0,serial,csr,2000000,1,2000000,1,parallel,8,37764989,41063108,62168842,62168842;45932689;40007377;37764989;41063108
portability-8,1,serial,csr,2000000,1,2000000,1,parallel,8,38102262,38960556,49081022,49081022;38790070;38102262;39465138;38960556
portability-8,1,serial,csr,2000000,1,2000000,1,serial,8,145898939,153168886,154985213,153168886;154985213;152603606;154638929;145898939
portability-8,0,serial,csr,2000000,16,2000000,1,serial,8,50668822,50971207,54192717,51413809;50771671;50668822;50971207;54192717
portability-8,0,serial,csr,2000000,16,2000000,1,parallel,8,35851404,40562167,48534332,48534332;43135720;40373221;40562167;35851404
portability-8,1,serial,csr,2000000,16,2000000,1,parallel,8,41885733,48964823,50041074,50041074;49409346;48964823;48797177;41885733
portability-8,1,serial,csr,2000000,16,2000000,1,serial,8,52113156,52806433,60101029,53063098;60101029;52806433;52113156;52668716
portability-8,0,serial,csr,2000000,1024,2000000,1,serial,8,17482180,17537619,18884374,17824464;17537619;18884374;17522599;17482180
portability-8,0,serial,csr,2000000,1024,2000000,1,parallel,8,30234887,31393295,36716778,36716778;31393295;30234887;30744147;32552694
portability-8,1,serial,csr,2000000,1024,2000000,1,parallel,8,24778546,36865405,41549919,40040996;41549919;36865405;31908096;24778546
portability-8,1,serial,csr,2000000,1024,2000000,1,serial,8,17540079,17712336,18655008,17891513;17712336;17548429;17540079;18655008
portability-8,0,serial,progression,2000000,17,2000000,1,serial,8,20905408,21111533,40572937,40572937;21213841;21078454;20905408;21111533
portability-8,0,parallel,progression,2000000,17,2000000,1,parallel,8,23477980,23696186,39112653,39112653;23872063;23696186;23477980;23536159
portability-8,1,parallel,progression,2000000,17,2000000,1,parallel,8,23477150,23992611,39664084,39664084;23992611;23883612;24050390;23477150
portability-8,1,serial,progression,2000000,17,2000000,1,serial,8,21370379,21485897,42563350,42563350;21485897;21480736;22330121;21370379
portability-8,0,serial,gather,2000000,1,2000000,2,serial,8,19917046,22701545,27243121,27243121;22701545;19917046;22721504;21884669
portability-8,0,serial,gather,2000000,1,2000000,2,parallel,8,13198778,14796039,19529122,19529122;13198778;14451425;14796039;14871807
portability-8,1,serial,gather,2000000,1,2000000,2,parallel,8,13116640,13780798,18728548,18651188;18728548;13599261;13780798;13116640
portability-8,1,serial,gather,2000000,1,2000000,2,serial,8,16722604,19564212,27477167,27477167;20400836;19236178;16722604;19564212
portability-8,0,serial,gather,2000000,1,2000000,8,serial,8,35279654,37388106,47300314,47300314;37388106;39484146;35279654;36393523
portability-8,0,serial,gather,2000000,1,2000000,8,parallel,8,34773823,35873423,47489760,47489760;35873423;34773823;36685908;35678256
portability-8,1,serial,gather,2000000,1,2000000,8,parallel,8,35032568,36019741,45634274,45634274;35230755;35032568;36019741;36394254
portability-8,1,serial,gather,2000000,1,2000000,8,serial,8,33494117,36256866,46143695,46143695;36256866;33494117;34838682;38093902
portability-8,0,serial,bounded,2000000,1,2000000,1,bounded,8,99365001,100690495,140459578,140459578;100840794;99365001;100690495;99444619
portability-8,0,parallel,bounded,2000000,1,2000000,1,bounded,8,49719960,50443086,64947710,64947710;50269870;50443086;49719960;51841530
portability-8,0,serial,bounded,2000000,1,2000000,1,hash,8,61605362,64219813,80162342,80162342;67077081;61605362;64219813;63876190
portability-8,1,serial,bounded,2000000,1,2000000,1,hash,8,63404669,64679005,78327535,78327535;64821733;64679005;64130725;63404669
portability-8,1,parallel,bounded,2000000,1,2000000,1,bounded,8,49055191,49345916,63112374,63112374;49055191;49345916;50000235;49128179
portability-8,1,serial,bounded,2000000,1,2000000,1,bounded,8,96962803,97711061,114998673,114998673;97711061;96962803;97641482;98330918
portability-8,0,serial,bounded,2000000,4,2000000,1,bounded,8,170771142,187464505,212567996,212567996;170771142;187464505;187050394;190473071
portability-8,0,parallel,bounded,2000000,4,2000000,1,bounded,8,64493418,77861373,103982875,103982875;64493418;77903283;77286054;77861373
portability-8,0,serial,bounded,2000000,4,2000000,1,hash,8,61828197,63855380,79088591,79088591;64812662;63855380;61828197;63153873
portability-8,1,serial,bounded,2000000,4,2000000,1,hash,8,63613735,67020423,78957824,78957824;67020423;63613735;64043776;67466814
portability-8,1,parallel,bounded,2000000,4,2000000,1,bounded,8,64481638,77905593,102989473,102989473;64481638;77905593;77484110;78090239
portability-8,1,serial,bounded,2000000,4,2000000,1,bounded,8,174487003,188603654,214204995,214204995;174487003;206798151;188603654;188358459
portability-8,0,serial,csr,4000000,1,4000000,1,serial,8,364472881,365492191,379623733,379623733;365633490;364472881;365492191;364761535
portability-8,0,serial,csr,4000000,1,4000000,1,parallel,8,88018347,91135090,104100742,104100742;88018347;91835957;91135090;88918450
portability-8,1,serial,csr,4000000,1,4000000,1,parallel,8,80454056,87395549,110212920,110212920;87395549;82859902;80454056;93507496
portability-8,1,serial,csr,4000000,1,4000000,1,serial,8,354279515,355419675,369152593,369152593;356240719;355419675;354689408;354279515
portability-8,0,serial,csr,4000000,16,4000000,1,serial,8,183495996,184111025,185281263,185281263;183910058;185245084;183495996;184111025
portability-8,0,serial,csr,4000000,16,4000000,1,parallel,8,57313049,59660566,68633611,67359885;57313049;59660566;68633611;59621087
portability-8,1,serial,csr,4000000,16,4000000,1,parallel,8,53538209,57945827,79148129,79148129;53538209;57945827;56978165;58501608
portability-8,1,serial,csr,4000000,16,4000000,1,serial,8,189166892,191536658,203235593,203235593;191536658;190811172;189166892;195743450
portability-8,0,serial,csr,4000000,1024,4000000,1,serial,8,40100415,41151236,41833273,40404049;41429960;40100415;41833273;41151236
portability-8,0,serial,csr,4000000,1024,4000000,1,parallel,8,46042775,46418069,65942591,65942591;46418069;46042775;48576419;46401029
portability-8,1,serial,csr,4000000,1024,4000000,1,parallel,8,46840451,47934050,60358513,60358513;50014193;46840451;47226205;47934050
portability-8,1,serial,csr,4000000,1024,4000000,1,serial,8,51699842,52664774,53354422,53354422;51699842;52883020;51703712;52664774
portability-8,0,serial,progression,4000000,17,4000000,1,serial,8,54036769,54480411,94783202,94783202;57146822;54277685;54036769;54480411
portability-8,0,parallel,progression,4000000,17,4000000,1,parallel,8,45212020,45942277,74347216,74347216;45942277;45755311;45212020;46566836
portability-8,1,parallel,progression,4000000,17,4000000,1,parallel,8,45518065,46373450,75747321,75747321;46373450;45518065;46135593;47933291
portability-8,1,serial,progression,4000000,17,4000000,1,serial,8,55453623,55858705,96174526,96174526;57819479;55597980;55453623;55858705
portability-8,0,serial,gather,4000000,1,4000000,2,serial,8,37761268,43358145,74119080,74119080;47340832;39503715;37761268;43358145
portability-8,0,serial,gather,4000000,1,4000000,2,parallel,8,27441917,32058062,43126689,43126689;27681592;32058062;39207771;27441917
portability-8,1,serial,gather,4000000,1,4000000,2,parallel,8,27438656,38361416,43066540,43066540;29968470;39442157;38361416;27438656
portability-8,1,serial,gather,4000000,1,4000000,2,serial,8,39907548,50775889,73447173,73447173;39907548;40589836;51586823;50775889
portability-8,0,serial,gather,4000000,1,4000000,8,serial,8,75614683,85560561,109962923,109962923;86330796;75614683;85560561;82451897
portability-8,0,serial,gather,4000000,1,4000000,8,parallel,8,82323880,85064399,109246665,109246665;86506243;82323880;82786221;85064399
portability-8,1,serial,gather,4000000,1,4000000,8,parallel,8,80923575,84362203,114631677,114631677;81993056;84881213;84362203;80923575
portability-8,1,serial,gather,4000000,1,4000000,8,serial,8,78803624,84132287,109321364,109321364;89330231;84132287;78803624;81055134
portability-8,0,serial,bounded,4000000,1,4000000,1,bounded,8,294844400,295985478,324072103,324072103;294844400;294897759;295985478;296585538
portability-8,0,parallel,bounded,4000000,1,4000000,1,bounded,8,99605503,105080081,133351843,133351843;105089972;105080081;99605503;102628506
portability-8,0,serial,bounded,4000000,1,4000000,1,hash,8,131759732,132340891,177874985,177874985;135665700;132340891;131759732;132133215
portability-8,1,serial,bounded,4000000,1,4000000,1,hash,8,130969876,132521128,175528718,175528718;132550407;132521128;132043126;130969876
portability-8,1,parallel,bounded,4000000,1,4000000,1,bounded,8,102919571,107150124,134678698,134678698;102919571;112862299;105859356;107150124
portability-8,1,serial,bounded,4000000,1,4000000,1,bounded,8,301686251,303547818,332751812,332751812;303547818;304589598;303358952;301686251
portability-8,0,serial,bounded,4000000,4,4000000,1,bounded,8,379550532,385577771,416298567,416298567;381236021;379550532;385577771;386431945
portability-8,0,parallel,bounded,4000000,4,4000000,1,bounded,8,148422825,150521966,180520975,180520975;148422825;159200237;148728679;150521966
portability-8,0,serial,bounded,4000000,4,4000000,1,hash,8,133637706,135055180,178565811,178565811;134952132;135055180;133637706;135531931
portability-8,1,serial,bounded,4000000,4,4000000,1,hash,8,134476311,138986478,178213437,178213437;134476311;138986478;139986859;135163408
portability-8,1,parallel,bounded,4000000,4,4000000,1,bounded,8,147084019,150264030,185738429,185738429;150264030;147084019;154670979;147525410
portability-8,1,serial,bounded,4000000,4,4000000,1,bounded,8,382620342,384075425,418530313,418530313;382620342;383173992;384075425;386353743
ranges-32,0,serial,bounded,100000,1,100000,1,bounded,32,2073515,2078345,2101554,2089765;2101554;2073515;2078174;2078345
ranges-32,0,parallel,bounded,100000,1,100000,1,bounded,32,2065855,2072195,2084215,2084215;2073375;2069895;2072195;2065855
ranges-32,0,serial,bounded,100000,1,100000,1,hash,32,7174919,7246096,8707552,8707552;7174919;7246096;7176858;7576131
ranges-32,1,serial,bounded,100000,1,100000,1,hash,32,7509672,7570101,7678879,7678879;7575111;7532272;7509672;7570101
ranges-32,1,parallel,bounded,100000,1,100000,1,bounded,32,2073865,2080254,2093824,2073865;2076595;2093824;2090745;2080254
ranges-32,1,serial,bounded,100000,1,100000,1,bounded,32,2076474,2079505,2095695,2079405;2076474;2079505;2089394;2095695
ranges-32,0,serial,membership,100000,1,100000,1,bounded,32,973803,985864,989393,973803;985864;989393;986193;984003
ranges-32,0,serial,membership,100000,1,100000,1,hash,32,5888550,5958679,6039517,5958679;6039517;6003048;5912389;5888550
ranges-32,1,serial,membership,100000,1,100000,1,hash,32,5791361,5881730,5995648,5848410;5963899;5995648;5881730;5791361
ranges-32,1,serial,membership,100000,1,100000,1,bounded,32,976773,980833,985333,980214;980833;976773;985333;984114
ranges-32,0,serial,bounded,100000,2,100000,1,bounded,32,2209902,2285341,2440689,2269041;2285341;2305491;2209902;2440689
ranges-32,0,parallel,bounded,100000,2,100000,1,bounded,32,2166604,2200073,2860461,2860461;2166604;2180922;2200073;2216912
ranges-32,0,serial,bounded,100000,2,100000,1,hash,32,6923053,7019220,7435813,7113999;7435813;6924252;6923053;7019220
ranges-32,1,serial,bounded,100000,2,100000,1,hash,32,6837554,6912302,7469343,7053860;7469343;6912302;6876913;6837554
ranges-32,1,parallel,bounded,100000,2,100000,1,bounded,32,2405739,2705904,3754506,2405739;2489597;3375933;2705904;3754506
ranges-32,1,serial,bounded,100000,2,100000,1,bounded,32,2186013,2192663,2220292,2220292;2188683;2198352;2192663;2186013
ranges-32,0,serial,membership,100000,2,100000,1,bounded,32,988764,1001393,1499374,1499374;1035082;992363;988764;1001393
ranges-32,0,serial,membership,100000,2,100000,1,hash,32,5702463,5762732,5936039,5936039;5702463;5746752;5762732;5838371
ranges-32,1,serial,membership,100000,2,100000,1,hash,32,5861880,5927070,6266343,5861880;6020138;6266343;5927070;5892219
ranges-32,1,serial,membership,100000,2,100000,1,bounded,32,999893,1002073,1009912,1002073;1009912;999893;1004353;1000543
ranges-32,0,serial,bounded,100000,4,100000,1,bounded,32,2314480,2322111,2701704,2701704;2376960;2314480;2322111;2315511
ranges-32,0,parallel,bounded,100000,4,100000,1,bounded,32,2309081,2311061,2686685,2686685;2324211;2311061;2310790;2309081
ranges-32,0,serial,bounded,100000,4,100000,1,hash,32,6988931,7071250,8155321,7185048;6988931;7071250;8155321;7028690
ranges-32,1,serial,bounded,100000,4,100000,1,hash,32,7399054,7448873,7680629,7680629;7518902;7428244;7399054;7448873
ranges-32,1,parallel,bounded,100000,4,100000,1,bounded,32,2260292,2276521,2623556,2623556;2277892;2276521;2274561;2260292
ranges-32,1,serial,bounded,100000,4,100000,1,bounded,32,2301351,2317831,2674455,2674455;2316100;2317831;2361440;2301351
ranges-32,0,serial,membership,100000,4,100000,1,bounded,32,1077742,1096081,1103581,1077742;1089811;1096081;1096582;1103581
ranges-32,0,serial,membership,100000,4,100000,1,hash,32,5958989,6066327,6249924,5978838;6211644;6249924;5958989;6066327
ranges-32,1,serial,membership,100000,4,100000,1,hash,32,5821101,5897489,6164815,5821101;5897489;6011218;6164815;5867380
ranges-32,1,serial,membership,100000,4,100000,1,bounded,32,1075571,1082812,1089482,1085211;1082812;1075571;1089482;1079992
ranges-32,0,serial,bounded,100000,10,100000,1,bounded,32,2865782,2879791,3569520,3569520;2896211;2879791;2871951;2865782
ranges-32,0,parallel,bounded,100000,10,100000,1,bounded,32,2822411,2878502,3555499,3555499;2878502;2822411;2881731;2846952
ranges-32,0,serial,bounded,100000,10,100000,1,hash,32,6953432,7524892,8010794,7524892;8010794;6986351;6953432;7603780
ranges-32,1,serial,bounded,100000,10,100000,1,hash,32,6929442,7542972,7962534,7542972;6929442;7962534;7514232;7558332
ranges-32,1,parallel,bounded,100000,10,100000,1,bounded,32,2870082,2972859,3596158,3596158;2972859;2870082;2897720;3073608
ranges-32,1,serial,bounded,100000,10,100000,1,bounded,32,2712764,2725924,3445721,3445721;2776983;2722263;2725924;2712764
ranges-32,0,serial,membership,100000,10,100000,1,bounded,32,1215419,1221470,1570883,1570883;1221470;1239069;1215419;1215599
ranges-32,0,serial,membership,100000,10,100000,1,hash,32,5528396,5712553,5967279,5528396;5967279;5664063;5819731;5712553
ranges-32,1,serial,membership,100000,10,100000,1,hash,32,5900419,5985598,6105096,5901580;5900419;5985598;6099156;6105096
ranges-32,1,serial,membership,100000,10,100000,1,bounded,32,1225959,1229330,1632042,1632042;1229330;1225959;1228019;1231629
ranges-32,0,serial,bounded,500000,1,500000,1,bounded,32,12021595,12159533,16110486,16110486;14199858;12078675;12159533;12021595
ranges-32,0,parallel,bounded,500000,1,500000,1,bounded,32,12687084,14604911,17387064,17387064;14386875;12687084;14959175;14604911
ranges-32,0,serial,bounded,500000,1,500000,1,hash,32,16197524,16958942,20070608,20070608;16958942;16289242;17110859;16197524
ranges-32,1,serial,bounded,500000,1,500000,1,hash,32,16302472,17651840,19698785,19698785;18302908;17651840;16302472;16332352
ranges-32,1,parallel,bounded,500000,1,500000,1,bounded,32,14021631,14330256,17690309,17690309;15486076;14055791;14021631;14330256
ranges-32,1,serial,bounded,500000,1,500000,1,bounded,32,12388089,12472617,16165405,16165405;14463063;12438459;12472617;12388089
ranges-32,0,serial,membership,500000,1,500000,1,bounded,32,5820721,6185995,6663437,6603207;6663437;6185995;6166884;5820721
ranges-32,0,serial,membership,500000,1,500000,1,hash,32,13296724,13483420,14824998,13987932;14824998;13483420;13296724;13345403
ranges-32,1,serial,membership,500000,1,500000,1,hash,32,13173255,13334703,14936886,14547332;14936886;13173255;13334703;13219705
ranges-32,1,serial,membership,500000,1,500000,1,bounded,32,5843930,5900780,6819554,6819554;5921519;5900780;5843930;5881830
ranges-32,0,serial,bounded,500000,2,500000,1,bounded,32,15418048,15675523,18343388,18343388;16905832;15675523;15420068;15418048
ranges-32,0,parallel,bounded,500000,2,500000,1,bounded,32,14940026,15794761,19663966,19663966;17098869;15251010;14940026;15794761
ranges-32,0,serial,bounded,500000,2,500000,1,hash,32,16352581,17131618,20679198,20679198;17602930;16632277;16352581;17131618
ranges-32,1,serial,bounded,500000,2,500000,1,hash,32,16362751,16471300,21133530,21133530;20068868;16415510;16471300;16362751
ranges-32,1,parallel,bounded,500000,2,500000,1,bounded,32,16302133,17338374,20189536,20189536;17338374;16302133;18272389;16750385
ranges-32,1,serial,bounded,500000,2,500000,1,bounded,32,14004052,14295786,18034843,18034843;15828940;14101900;14295786;14004052
ranges-32,0,serial,membership,500000,2,500000,1,bounded,32,6433441,6600467,7495313,7495313;6773004;6433441;6588728;6600467
ranges-32,0,serial,membership,500000,2,500000,1,hash,32,13281964,13752826,15100513,15100513;14928856;13752826;13281964;13414371
ranges-32,1,serial,membership,500000,2,500000,1,hash,32,13341323,13698807,14801438,14801438;14131119;13698807;13341323;13386792
ranges-32,1,serial,membership,500000,2,500000,1,bounded,32,6614158,6620447,7443243,7443243;6614158;6620447;6616617;6624047
ranges-32,0,serial,bounded,500000,4,500000,1,bounded,32,33172514,33752146,38141970,38141970;37256026;33752146;33172514;33274044
ranges-32,0,parallel,bounded,500000,4,500000,1,bounded,32,18682662,20232875,25142942,25142942;21214149;18682662;20232875;18972367
ranges-32,0,serial,bounded,500000,4,500000,1,hash,32,16344302,16561018,19953240,19953240;16344302;16529648;16561018;17000940
ranges-32,1,serial,bounded,500000,4,500000,1,hash,32,15432328,16037077,20007079,20007079;16037077;15432328;15586335;16174144
ranges-32,1,parallel,bounded,500000,4,500000,1,bounded,32,19912471,20467611,25064573,25064573;24113970;20467611;20305724;19912471
ranges-32,1,serial,bounded,500000,4,500000,1,bounded,32,32407707,33382752,37787146,37787146;35702532;32427988;33382752;32407707
ranges-32,0,serial,membership,500000,4,500000,1,bounded,32,7519702,7595600,8357348,7951395;7595600;7519702;7593271;8357348
ranges-32,0,serial,membership,500000,4,500000,1,hash,32,13178455,14019532,15180641,14019532;15180641;14138780;13178455;13366862
ranges-32,1,serial,membership,500000,4,500000,1,hash,32,13560969,14001722,14705819,14670740;14705819;13560969;13726047;14001722
ranges-32,1,serial,membership,500000,4,500000,1,bounded,32,7277076,7605730,8189181,8189181;7605730;7277076;7409004;7614270
ranges-32,0,serial,bounded,500000,10,500000,1,bounded,32,54687928,56211442,73412119,73412119;58843407;54687928;56166233;56211442
ranges-32,0,parallel,bounded,500000,10,500000,1,bounded,32,29618475,32091403,41712880,41712880;34648629;29618475;31907017;32091403
ranges-32,0,serial,bounded,500000,10,500000,1,hash,32,16245523,16514389,21203069,21203069;17381994;16324252;16245523;16514389
ranges-32,1,serial,bounded,500000,10,500000,1,hash,32,16142925,16417870,20047648,20047648;16653446;16142925;16417870;16204004
ranges-32,1,parallel,bounded,500000,10,500000,1,bounded,32,30030118,32178901,42767251,42767251;36325001;30030118;32112463;32178901
ranges-32,1,serial,bounded,500000,10,500000,1,bounded,32,55524313,57513100,70133295,70133295;59197791;55524313;56612346;57513100
ranges-32,0,serial,membership,500000,10,500000,1,bounded,32,8086392,8411037,11493034,11493034;8086392;8459866;8384776;8411037
ranges-32,0,serial,membership,500000,10,500000,1,hash,32,13594788,14197598,14846777,14203398;14846777;13855764;13594788;14197598
ranges-32,1,serial,membership,500000,10,500000,1,hash,32,12946679,14025101,14678860,14606381;14678860;12946679;13585669;14025101
ranges-32,1,serial,membership,500000,10,500000,1,bounded,32,8262939,8384167,11433445,11433445;8262939;8343068;8384167;8638273
ranges-32,0,serial,bounded,1000000,1,1000000,1,bounded,32,25117942,25500445,33740835,33740835;25117942;25634242;25242600;25500445
ranges-32,0,parallel,bounded,1000000,1,1000000,1,bounded,32,23252214,24194267,30980822,30980822;23751155;24194267;23252214;24544041
ranges-32,0,serial,bounded,1000000,1,1000000,1,hash,32,26404320,27613269,34830396,34830396;27613269;26404320;26837272;27897864
ranges-32,1,serial,bounded,1000000,1,1000000,1,hash,32,26061345,26265212,35025783,35025783;26558597;26265212;26064686;26061345
ranges-32,1,parallel,bounded,1000000,1,1000000,1,bounded,32,23273773,23845923,30793645,30793645;23273773;23845923;23290933;23890132
ranges-32,1,serial,bounded,1000000,1,1000000,1,bounded,32,25110282,25468775,33433420,33433420;25213121;25468775;25778980;25110282
ranges-32,0,serial,membership,1000000,1,1000000,1,bounded,32,11370936,11763120,15213910,15213910;11417825;11370936;11763120;12110444
ranges-32,0,serial,membership,1000000,1,1000000,1,hash,32,21716130,23019717,31618850,31618850;24738168;22168792;21716130;23019717
ranges-32,1,serial,membership,1000000,1,1000000,1,hash,32,20474231,21515513,30554659,30554659;22536515;20474231;21469103;21515513
ranges-32,1,serial,membership,1000000,1,1000000,1,bounded,32,11619602,11752769,12714713,12714713;11619602;11752769;12541646;11683841
ranges-32,0,serial,bounded,1000000,2,1000000,1,bounded,32,48828997,49438747,61488991,61488991;48828997;49438747;50026847;49063063
ranges-32,0,parallel,bounded,1000000,2,1000000,1,bounded,32,25777950,26258362,36916441,36916441;25777950;26010897;26258362;27081417
ranges-32,0,serial,bounded,1000000,2,1000000,1,hash,32,25486935,27095227,34719988,34719988;28437045;25486935;27095227;26278742
ranges-32,1,serial,bounded,1000000,2,1000000,1,hash,32,25587284,26629926,33618997,33618997;26629926;26069185;27673147;25587284
ranges-32,1,parallel,bounded,1000000,2,1000000,1,bounded,32,25850389,26509008,36040735,36040735;25850389;26215173;26509008;27672038
ranges-32,1,serial,bounded,1000000,2,1000000,1,bounded,32,48358504,48465453,59374597,59374597;48465453;48358504;49047323;48382695
ranges-32,0,serial,membership,1000000,2,1000000,1,bounded,32,12575925,13391991,13861184,13391991;13596488;12575925;13861184;13307703
ranges-32,0,serial,membership,1000000,2,1000000,1,hash,32,22100493,22566116,30344242,30344242;22100493;22116922;23316512;22566116
ranges-32,1,serial,membership,1000000,2,1000000,1,hash,32,20820425,21834608,30713506,30713506;22166021;21834608;21685639;20820425
ranges-32,1,serial,membership,1000000,2,1000000,1,bounded,32,12529546,12922600,13707336,12922600;13707336;13019847;12579316;12529546
ranges-32,0,serial,bounded,1000000,4,1000000,1,bounded,32,85826125,91804364,100495805,100495805;85826125;91471579;91804364;92446722
ranges-32,0,parallel,bounded,1000000,4,1000000,1,bounded,32,30514049,34263905,49280909,49280909;30514049;34787156;34263905;34051909
ranges-32,0,serial,bounded,1000000,4,1000000,1,hash,32,26500248,27197355,34509131,34509131;27860235;27197355;26962240;26500248
ranges-32,1,serial,bounded,1000000,4,1000000,1,hash,32,26270941,26463089,34809126,34809126;26463089;26313351;26721544;26270941
ranges-32,1,parallel,bounded,1000000,4,1000000,1,bounded,32,29282670,33552027,48209387,48209387;29282670;33645786;33552027;33117624
ranges-32,1,serial,bounded,1000000,4,1000000,1,bounded,32,79581641,86772298,95654617,95654617;79581641;86772298;86484323;86837477
ranges-32,0,serial,membership,1000000,4,1000000,1,bounded,32,13295733,13688766,15726612,15726612;13968332;13295733;13623297;13688766
ranges-32,0,serial,membership,1000000,4,1000000,1,hash,32,21553322,22147072,32326408,32326408;22892879;21553322;22147072;22069413
ranges-32,1,serial,membership,1000000,4,1000000,1,hash,32,21725799,22169571,32680852,32680852;22169571;21725799;22010594;23424620
ranges-32,1,serial,membership,1000000,4,1000000,1,bounded,32,13109696,13813774,16389240,16389240;15182030;13109696;13472800;13813774
ranges-32,0,serial,bounded,1000000,10,1000000,1,bounded,32,109637667,111746341,133419762,133419762;112636756;111070963;111746341;109637667
ranges-32,0,parallel,bounded,1000000,10,1000000,1,bounded,32,51198625,54131915,79316735,79316735;51198625;54555958;53585414;54131915
ranges-32,0,serial,bounded,1000000,10,1000000,1,hash,32,26142633,26638635,37474920,37474920;26822152;26638635;26319230;26142633
ranges-32,1,serial,bounded,1000000,10,1000000,1,hash,32,25274588,26226232,33563146,33563146;28090000;25274588;26054395;26226232
ranges-32,1,parallel,bounded,1000000,10,1000000,1,bounded,32,50798662,54099335,80695041,80695041;50798662;54581987;52890537;54099335
ranges-32,1,serial,bounded,1000000,10,1000000,1,bounded,32,110175427,111653152,135312198,135312198;111775620;110175427;111653152;110719227
ranges-32,0,serial,membership,1000000,10,1000000,1,bounded,32,17475831,18072041,24333054,24333054;18641822;18072041;17475831;17525201
ranges-32,0,serial,membership,1000000,10,1000000,1,hash,32,21611021,21787727,31405883,31405883;21787727;21611021;21648520;22844149
ranges-32,1,serial,membership,1000000,10,1000000,1,hash,32,21756308,22882349,30911272,30911272;22999527;21756308;21851976;22882349
ranges-32,1,serial,membership,1000000,10,1000000,1,bounded,32,17250985,17747557,23205543,23205543;17676698;17250985;17747557;18013232
ranges-32,0,serial,bounded,2000000,1,2000000,1,bounded,32,101459506,101561353,117693598,117693598;101561353;102231792;101459506;101530204
ranges-32,0,parallel,bounded,2000000,1,2000000,1,bounded,32,41206266,42056391,58110307,58110307;42301136;41206266;42056391;41493570
ranges-32,0,serial,bounded,2000000,1,2000000,1,hash,32,44513518,45707188,67104613,67104613;45707188;45622290;44513518;48072068
ranges-32,1,serial,bounded,2000000,1,2000000,1,hash,32,44673326,46028882,65430691,65430691;46028882;44673326;46251799;45160767
ranges-32,1,parallel,bounded,2000000,1,2000000,1,bounded,32,40407589,41490220,55928543,55928543;40407589;42544772;41490220;40883031
ranges-32,1,serial,bounded,2000000,1,2000000,1,bounded,32,86461461,87490524,102396439,102396439;86945543;86461461;87741958;87490524
ranges-32,0,serial,membership,2000000,1,2000000,1,bounded,32,22465916,23058635,26345239,26345239;23021216;22465916;23058635;24070718
ranges-32,0,serial,membership,2000000,1,2000000,1,hash,32,38224406,40877701,48820125,48820125;40877701;41380002;38374133;38224406
ranges-32,1,serial,membership,2000000,1,2000000,1,hash,32,38269736,41794045,47984060,47984060;41794045;38477392;41851943;38269736
ranges-32,1,serial,membership,2000000,1,2000000,1,bounded,32,22705541,22961808,25646871,25646871;23079455;22705541;22908568;22961808
ranges-32,0,serial,bounded,2000000,2,2000000,1,bounded,32,136933586,140129932,150459065,150459065;146702989;140129932;136933586;137266691
ranges-32,0,parallel,bounded,2000000,2,2000000,1,bounded,32,45405533,47852451,61760393,61760393;50177141;47852451;45878825;45405533
ranges-32,0,serial,bounded,2000000,2,2000000,1,hash,32,45456422,46022612,66047629,66047629;46011782;45456422;46022612;48831164
ranges-32,1,serial,bounded,2000000,2,2000000,1,hash,32,44321331,45058548,66153128,66153128;46184189;44321331;44908321;45058548
ranges-32,1,parallel,bounded,2000000,2,2000000,1,bounded,32,44499018,45932543,58470949,58470949;50146471;44499018;45932543;45841745
ranges-32,1,serial,bounded,2000000,2,2000000,1,bounded,32,134343159,134921279,151059742,151059742;147402365;134921279;134658704;134343159
ranges-32,0,serial,membership,2000000,2,2000000,1,bounded,32,23552537,23768123,26695683,26695683;23768123;23552537;23849791;23686475
ranges-32,0,serial,membership,2000000,2,2000000,1,hash,32,37525878,43838369,48833023,48833023;44787172;43838369;37525878;38664157
ranges-32,1,serial,membership,2000000,2,2000000,1,hash,32,38856855,41412400,47867900,47867900;42082120;38856855;41412400;40669894
ranges-32,1,serial,membership,2000000,2,2000000,1,bounded,32,24712997,26286680,31881704,31881704;27485109;25695270;26286680;24712997
ranges-32,0,serial,bounded,2000000,4,2000000,1,bounded,32,157680698,173978768,201746114,201746114;157680698;174122106;173978768;173779802
ranges-32,0,parallel,bounded,2000000,4,2000000,1,bounded,32,49684939,63402782,97465499,97465499;49684939;63402782;62552348;63887075
ranges-32,0,serial,bounded,2000000,4,2000000,1,hash,32,44663575,46679350,65020685,65020685;46679350;48221613;46295366;44663575
ranges-32,1,serial,bounded,2000000,4,2000000,1,hash,32,45021938,45899523,65805792,65805792;45899523;45630748;48663035;45021938
ranges-32,1,parallel,bounded,2000000,4,2000000,1,bounded,32,48424399,65526697,92365326,92365326;48424399;65788432;65526697;63969793
ranges-32,1,serial,bounded,2000000,4,2000000,1,bounded,32,157345551,176083860,209069434,209069434;157345551;174249802;176083860;177800230
ranges-32,0,serial,membership,2000000,4,2000000,1,bounded,32,25960324,26144412,33655072,33655072;27921101;26144412;25960324;26126182
ranges-32,0,serial,membership,2000000,4,2000000,1,hash,32,38314803,41290362,51291340,51291340;41290362;38314803;41125164;41480368
ranges-32,1,serial,membership,2000000,4,2000000,1,hash,32,38985251,42260345,48023376,48023376;42550600;39210417;38985251;42260345
ranges-32,1,serial,membership,2000000,4,2000000,1,bounded,32,25916836,26910138,35730367,35730367;25922276;27426439;26910138;25916836
ranges-32,0,serial,bounded,2000000,10,2000000,1,bounded,32,198813758,206897089,283309408,283309408;202112671;215475533;206897089;198813758
ranges-32,0,parallel,bounded,2000000,10,2000000,1,bounded,32,81676708,94423869,149680631,149680631;81676708;97654214;92298756;94423869
ranges-32,0,serial,bounded,2000000,10,2000000,1,hash,32,46110128,47998426,68988546,68988546;46192917;46110128;47998426;49287674
ranges-32,1,serial,bounded,2000000,10,2000000,1,hash,32,45114296,46265775,66718544,66718544;45747714;45114296;46265775;48218462
ranges-32,1,parallel,bounded,2000000,10,2000000,1,bounded,32,81233055,94996558,146416986,146416986;81233055;97721602;94996558;94311601
ranges-32,1,serial,bounded,2000000,10,2000000,1,bounded,32,204127344,217617142,273960224,273960224;204127344;217617142;214271570;218640074
ranges-32,0,serial,membership,2000000,10,2000000,1,bounded,32,63853444,65759371,82247447,82247447;69449317;63853444;65759371;65494274
ranges-32,0,serial,membership,2000000,10,2000000,1,hash,32,38391960,39256695,48164132,48164132;41623515;38391960;38589047;39256695
ranges-32,1,serial,membership,2000000,10,2000000,1,hash,32,38370281,40351476,47647051,47647051;41886740;40351476;38370281;39014639
ranges-32,1,serial,membership,2000000,10,2000000,1,bounded,32,65222110,79012903,85458951,82336626;85458951;79012903;65222110;65912857
ranges-32,0,serial,bounded,4000000,1,4000000,1,bounded,32,254194850,257757889,283357739,283357739;259143216;257757889;254194850;257328887
ranges-32,0,parallel,bounded,4000000,1,4000000,1,bounded,32,84436278,85205925,112311269,112311269;85205925;84436278;86514572;84819312
ranges-32,0,serial,bounded,4000000,1,4000000,1,hash,32,93996713,95613605,128860234,128860234;98139942;95613605;95060645;93996713
ranges-32,1,serial,bounded,4000000,1,4000000,1,hash,32,93656909,94750820,132695667,132695667;95426129;94243159;93656909;94750820
ranges-32,1,parallel,bounded,4000000,1,4000000,1,bounded,32,83888257,84426397,113056555,113056555;84821880;84328689;83888257;84426397
ranges-32,1,serial,bounded,4000000,1,4000000,1,bounded,32,282582166,285125762,312954584,312954584;285125762;282582166;286184903;283581489
ranges-32,0,serial,membership,4000000,1,4000000,1,bounded,32,44451604,57582429,61778707,57582429;44451604;60091276;61778707;46236564
ranges-32,0,serial,membership,4000000,1,4000000,1,hash,32,83083190,84989536,100110936,100110936;89611376;83083190;84989536;83357195
ranges-32,1,serial,membership,4000000,1,4000000,1,hash,32,83026990,83428933,94202827,94202827;89283443;83026990;83428933;83178057
ranges-32,1,serial,membership,4000000,1,4000000,1,bounded,32,44652121,45158182,58249377,58249377;45158182;45548536;45041854;44652121
ranges-32,0,serial,bounded,4000000,2,4000000,1,bounded,32,315490594,324716614,352257651,352257651;315490594;325768557;324525818;324716614
ranges-32,0,parallel,bounded,4000000,2,4000000,1,bounded,32,92403087,102257998,123066789,123066789;92403087;101986672;102480684;102257998
ranges-32,0,serial,bounded,4000000,2,4000000,1,hash,32,94663218,95386576,136063685,136063685;97487360;94663218;95386576;95114200
ranges-32,1,serial,bounded,4000000,2,4000000,1,hash,32,91755268,95754779,130703616,130703616;97577867;94731026;95754779;91755268
ranges-32,1,parallel,bounded,4000000,2,4000000,1,bounded,32,92238600,100989829,122412469,122412469;92238600;100989829;101729405;99570473
ranges-32,1,serial,bounded,4000000,2,4000000,1,bounded,32,310278376,327620416,343469073,343469073;310278376;332421154;327620416;325069070
ranges-32,0,serial,membership,4000000,2,4000000,1,bounded,32,49475866,50263403,62145567,62145567;49475866;50031137;50263403;51144937
ranges-32,0,serial,membership,4000000,2,4000000,1,hash,32,77668180,83311152,105062816,105062816;88612880;77668180;82379468;83311152
ranges-32,1,serial,membership,4000000,2,4000000,1,hash,32,85780949,86005075,99151799,99151799;87175675;86005075;85984816;85780949
ranges-32,1,serial,membership,4000000,2,4000000,1,bounded,32,48891846,49312399,61419400,61419400;49174240;48891846;49312399;55694028
ranges-32,0,serial,bounded,4000000,4,4000000,1,bounded,32,345417803,346755120,380681956,380681956;347722495;346755120;346110592;345417803
ranges-32,0,parallel,bounded,4000000,4,4000000,1,bounded,32,116434449,119333938,149966609,149966609;119025194;119333938;119713071;116434449
ranges-32,0,serial,bounded,4000000,4,4000000,1,hash,32,92705747,95973701,138816121,138816121;92705747;96153139;95973701;95401970
ranges-32,1,serial,bounded,4000000,4,4000000,1,hash,32,95579458,96668839,135216623,135216623;99146785;96579561;96668839;95579458
ranges-32,1,parallel,bounded,4000000,4,4000000,1,bounded,32,109414008,119406915,152052341,152052341;109414008;119406915;121545509;114229814
ranges-32,1,serial,bounded,4000000,4,4000000,1,bounded,32,354646885,361125322,391756985,391756985;361228182;356774098;354646885;361125322
ranges-32,0,serial,membership,4000000,4,4000000,1,bounded,32,103318022,105663302,118664577,118664577;114455620;105663302;103318022;105016823
ranges-32,0,serial,membership,4000000,4,4000000,1,hash,32,83851039,89185036,99621357,99621357;89091368;83851039;90169320;89185036
ranges-32,1,serial,membership,4000000,4,4000000,1,hash,32,82468723,85230765,98649553,98649553;89310164;82468723;85230765;83844258
ranges-32,1,serial,membership,4000000,4,4000000,1,bounded,32,144762954,150776789,171716497,171716497;144984831;150776789;144762954;156730877
ranges-32,0,serial,bounded,4000000,10,4000000,1,bounded,32,403731029,418838364,521611457,521611457;403731029;410583339;419486695;418838364
ranges-32,0,parallel,bounded,4000000,10,4000000,1,bounded,32,166597244,173596002,275913509,275913509;166597244;170057683;177036773;173596002
ranges-32,0,serial,bounded,4000000,10,4000000,1,hash,32,94237517,95430866,135408004,135408004;95215190;95599783;95430866;94237517
ranges-32,1,serial,bounded,4000000,10,4000000,1,hash,32,94645949,95133241,134018796,134018796;96704404;94981733;95133241;94645949
ranges-32,1,parallel,bounded,4000000,10,4000000,1,bounded,32,163001764,173212916,270866173,270866173;164704374;173212916;163001764;176819253
ranges-32,1,serial,bounded,4000000,10,4000000,1,bounded,32,422333633,426375383,546326314,546326314;422333633;434379803;426375383;422376211
ranges-32,0,serial,membership,4000000,10,4000000,1,bounded,32,169393641,192579938,208668409,208258186;169393641;208668409;192579938;182123428
ranges-32,0,serial,membership,4000000,10,4000000,1,hash,32,85151722,87168347,99188499,99188499;89865500;85151722;86486148;87168347
ranges-32,1,serial,membership,4000000,10,4000000,1,hash,32,82403329,85428227,102094588,102094588;88976165;82403329;85299069;85428227
ranges-32,1,serial,membership,4000000,10,4000000,1,bounded,32,178186027,191877567,214651663,210770490;214651663;179144379;178186027;191877567
ranges-32,0,serial,bounded,10000000,1,10000000,1,bounded,32,783971232,790745729,849385313,849385313;790745729;838813193;786855414;783971232
ranges-32,0,parallel,bounded,10000000,1,10000000,1,bounded,32,216757820,224115603,251043214,251043214;220895229;224115603;224476736;216757820
ranges-32,0,serial,bounded,10000000,1,10000000,1,hash,32,231471092,238773465,273211516,273211516;231471092;238773465;235646139;240355787
ranges-32,1,serial,bounded,10000000,1,10000000,1,hash,32,225628591,238680995,273911211,273911211;239388973;238680995;225628591;226946849
ranges-32,1,parallel,bounded,10000000,1,10000000,1,bounded,32,217997343,223177992,268142879,268142879;225457523;217997343;221860775;223177992
ranges-32,1,serial,bounded,10000000,1,10000000,1,bounded,32,801002185,801568301,844854694,844854694;841733067;801002185;801424626;801568301
ranges-32,0,serial,membership,10000000,1,10000000,1,bounded,32,136161595,141184607,189023262,189023262;141998783;136161595;137675068;141184607
ranges-32,0,serial,membership,10000000,1,10000000,1,hash,32,207232474,211896563,241521876,241521876;207232474;211896563;213234419;207353342
ranges-32,1,serial,membership,10000000,1,10000000,1,hash,32,206032514,208707407,241268179,241268179;206032514;208801326;208707407;208610548
ranges-32,1,serial,membership,10000000,1,10000000,1,bounded,32,136281301,144933529,178196259,144933529;147899688;136281301;178196259;136423128
ranges-32,0,serial,bounded,10000000,2,10000000,1,bounded,32,849685512,855093101,983968141,983968141;855093101;855638099;849685512;851229212
ranges-32,0,parallel,bounded,10000000,2,10000000,1,bounded,32,240788790,245722803,316548445,316548445;240788790;251739108;242179535;245722803
ranges-32,0,serial,bounded,10000000,2,10000000,1,hash,32,239370962,242393709,281798250,281798250;242393709;239370962;247138156;241135791
ranges-32,1,serial,bounded,10000000,2,10000000,1,hash,32,236904163,240481080,285462403,285462403;243359170;236904163;238178530;240481080
ranges-32,1,parallel,bounded,10000000,2,10000000,1,bounded,32,230273146,240512278,316503927,316503927;240395770;240754394;240512278;230273146
ranges-32,1,serial,bounded,10000000,2,10000000,1,bounded,32,874953661,876474979,955642504,955642504;876474979;878096308;874953661;876436933
ranges-32,0,serial,membership,10000000,2,10000000,1,bounded,32,324013418,328360461,338510052,334175750;324013418;328360461;338510052;326254228
ranges-32,0,serial,membership,10000000,2,10000000,1,hash,32,206878561,209732181,243617767,243617767;212317175;209732181;208269145;206878561
ranges-32,1,serial,membership,10000000,2,10000000,1,hash,32,209456904,211010497,251106624,251106624;211834683;211010497;210584244;209456904
ranges-32,1,serial,membership,10000000,2,10000000,1,bounded,32,319231696,324080681,357977906,357977906;330200393;324080681;319231696;322593225
ranges-32,0,serial,bounded,10000000,4,10000000,1,bounded,32,916382950,929727841,1009608185,1009608185;916382950;977218729;929727841;921520744
ranges-32,0,parallel,bounded,10000000,4,10000000,1,bounded,32,265944574,308514575,397134477,397134477;265944574;304055733;308514575;311569071
ranges-32,0,serial,bounded,10000000,4,10000000,1,hash,32,234066572,241312834,278762206,278762206;244977860;241312834;240499779;234066572
ranges-32,1,serial,bounded,10000000,4,10000000,1,hash,32,231856069,242319545,280142909,280142909;247172239;242319545;231856069;234147699
ranges-32,1,parallel,bounded,10000000,4,10000000,1,bounded,32,288629367,304804902,393798276,393798276;288629367;315679040;304804902;303354747
ranges-32,1,serial,bounded,10000000,4,10000000,1,bounded,32,938628178,965745544,1065342377,1065342377;938628178;968005818;954177800;965745544
ranges-32,0,serial,membership,10000000,4,10000000,1,bounded,32,461268006,468314711,476721123,476721123;461268006;468314711;465883994;475882886
ranges-32,0,serial,membership,10000000,4,10000000,1,hash,32,206321450,210364669,250642748,250642748;210364669;211640996;206321450;208370163
ranges-32,1,serial,membership,10000000,4,10000000,1,hash,32,208256445,211361549,238823716,238823716;210733631;212309933;208256445;211361549
ranges-32,1,serial,membership,10000000,4,10000000,1,bounded,32,450650483,456821324,471122623,469602140;455899702;456821324;471122623;450650483
ranges-32,0,serial,bounded,10000000,10,10000000,1,bounded,32,890562161,947031285,1298509361,1298509361;1122504377;947031285;890562161;942174967
ranges-32,0,parallel,bounded,10000000,10,10000000,1,bounded,32,288648195,298371153,648541842,648541842;517154664;298371153;288648195;290063650
ranges-32,0,serial,bounded,10000000,10,10000000,1,hash,32,238857613,242578148,279072492,279072492;240104582;242578148;245807850;238857613
ranges-32,1,serial,bounded,10000000,10,10000000,1,hash,32,235678078,241722211,271563993,271563993;245598322;239530170;235678078;241722211
ranges-32,1,parallel,bounded,10000000,10,10000000,1,bounded,32,287105335,303445016,645059306,645059306;516282947;303445016;287105335;299274820
ranges-32,1,serial,bounded,10000000,10,10000000,1,bounded,32,885887494,951297067,1300356316,1300356316;1121154878;951297067;885887494;935555832
ranges-32,0,serial,membership,10000000,10,10000000,1,bounded,32,486260264,490156416,564005988,564005988;487568392;490156416;486260264;505583872
ranges-32,0,serial,membership,10000000,10,10000000,1,hash,32,203605588,209183128,241146312,241146312;207924250;203605588;211249171;209183128
ranges-32,1,serial,membership,10000000,10,10000000,1,hash,32,196449234,205981214,243718175,243718175;197435016;196449234;205981214;206238739
ranges-32,1,serial,membership,10000000,10,10000000,1,bounded,32,488803801,495046481,577275302,577275302;495046481;496397827;489718105;488803801
recheck-32,0,baseline,join,2000000,1,2000000,1,inner,32,49572278,51916774,66950811,66950811;49572278;54545904;54418797;51348545;51819146;51916774
recheck-32,0,candidate,join,2000000,1,2000000,1,inner,32,46881349,53691630,65237503,65237503;46881349;53415545;53998295;53691630;54769770;50965422
recheck-32,1,candidate,join,2000000,1,2000000,1,inner,32,47828411,51834416,64825541,64825541;47828411;55157103;51477302;51589970;51834416;52539682
recheck-32,1,baseline,join,2000000,1,2000000,1,inner,32,50065378,52480323,66971521,66971521;50065378;55083605;52363195;51799376;52802887;52480323
recheck-32,2,baseline,join,2000000,1,2000000,1,inner,32,47608435,53861057,70075872,70075872;47608435;53816648;52804457;53861057;54615483;54409547
recheck-32,2,candidate,join,2000000,1,2000000,1,inner,32,48540047,51693998,64016866,64016866;48540047;54681632;51807536;51693998;51172258;51520721
recheck-32,3,candidate,join,2000000,1,2000000,1,inner,32,49353862,51249446,65160675,65160675;49353862;56748193;50960652;51328505;51249446;51014061
recheck-32,3,baseline,join,2000000,1,2000000,1,inner,32,49515959,51413853,65087506,65087506;49515959;52265068;53888326;50829735;50783275;51413853
recheck-32,0,baseline,join,2000000,4,2000000,1,semi,32,38886159,43998643,52702229,52702229;42989462;38886159;43931774;44226949;44362396;43998643
recheck-32,0,candidate,join,2000000,4,2000000,1,semi,32,40536928,44089891,46589544,46589544;40536928;43601280;44043382;44394275;44089891;44529963
recheck-32,1,candidate,join,2000000,4,2000000,1,semi,32,38474316,38865540,51214367,51214367;44127881;39450198;38737702;38520196;38474316;38865540
recheck-32,1,baseline,join,2000000,4,2000000,1,semi,32,38332500,44665871,48813502,48813502;44685890;44665871;43871866;43973803;44851957;38332500
recheck-32,2,baseline,join,2000000,4,2000000,1,semi,32,43416263,44323627,49141736,49141736;44175119;44387265;44408975;43547691;44323627;43416263
recheck-32,2,candidate,join,2000000,4,2000000,1,semi,32,37098532,39575866,48403150,48403150;44696840;37098532;38919518;39041546;39575866;39701723
recheck-32,3,candidate,join,2000000,4,2000000,1,semi,32,43111729,43621589,49184286,49184286;44982514;43621589;43603090;43266516;43870795;43111729
recheck-32,3,baseline,join,2000000,4,2000000,1,semi,32,41080747,49117337,60762928,49117337;44689590;49630217;60762928;53913286;46474856;41080747
recheck-32,0,baseline,join,1000000,10,1000000,1,inner,32,29562634,29850658,39820462,39820462;29850658;29736881;30451708;29562634;30851209;29714472
recheck-32,0,candidate,join,1000000,10,1000000,1,inner,32,29130042,29954887,39460498,39460498;30140533;29485096;31044256;29376438;29954887;29130042
recheck-32,1,candidate,join,1000000,10,1000000,1,inner,32,27980254,29483395,38827600,38827600;29857398;28593483;29483395;29463266;30095494;27980254
recheck-32,1,baseline,join,1000000,10,1000000,1,inner,32,28035853,29572944,40345681,40345681;30716442;28910217;29572944;28525733;30008306;28035853
recheck-32,2,baseline,join,1000000,10,1000000,1,inner,32,28620971,29040414,39550927,39550927;28831308;28620971;29220031;29040414;29958747;28892776
recheck-32,2,candidate,join,1000000,10,1000000,1,inner,32,27376465,28715530,38550315,38550315;28657521;28715530;29627103;27425424;28939086;27376465
recheck-32,3,candidate,join,1000000,10,1000000,1,inner,32,27538972,29268230,38332770,38332770;29746770;27938915;29268230;27694690;29395767;27538972
recheck-32,3,baseline,join,1000000,10,1000000,1,inner,32,27659520,28310117,38136192,38136192;28302138;27659520;29173682;28310117;29853569;28130951
shape-32,0,serial,csr,1000000,1,1000000,2,serial,32,6091287,6146266,6295544,6295544;6091287;6146266;6185355;6113647
shape-32,0,serial,csr,1000000,1,1000000,2,parallel,32,18546526,18909740,25584536,25584536;19392641;18546526;18909740;18760831
shape-32,1,serial,csr,1000000,1,1000000,2,parallel,32,18477658,19241433,25432978,25432978;19372880;19241433;18515926;18477658
shape-32,1,serial,csr,1000000,1,1000000,2,serial,32,6146376,6174415,6373292,6373292;6146376;6174415;6160116;6184005
shape-32,0,serial,csr,1000000,16,1000000,2,serial,32,5071925,5080956,5132514,5132514;5075616;5106895;5080956;5071925
shape-32,0,serial,csr,1000000,16,1000000,2,parallel,32,15365395,15686619,16019183,15365395;15686619;15691429;15561831;16019183
shape-32,1,serial,csr,1000000,16,1000000,2,parallel,32,15556341,15627791,16451924,15556341;15714558;15608051;16451924;15627791
shape-32,1,serial,csr,1000000,16,1000000,2,serial,32,5072136,5082446,5122545,5122545;5080556;5072136;5102275;5082446
shape-32,0,serial,progression,1000000,17,1000000,32,serial,32,13837534,13855093,17826209,17826209;14173777;13855093;13852773;13837534
shape-32,0,parallel,progression,1000000,17,1000000,32,parallel,32,13434091,13504440,22420084,22420084;13566288;13504440;13434091;13461660
shape-32,1,parallel,progression,1000000,17,1000000,32,parallel,32,13066787,13484390,22018341,22018341;13661577;13066787;13484390;13253584
shape-32,1,serial,progression,1000000,17,1000000,32,serial,32,13599048,13763465,17274119,17274119;13940752;13599048;13763465;13703146
shape-32,0,serial,csr,2000000,1,2000000,2,serial,32,13026069,19405270,19459269,19405270;19440169;19059977;19459269;13026069
shape-32,0,serial,csr,2000000,1,2000000,2,parallel,32,38717341,50055721,56428673,56428673;54846852;50055721;41039579;38717341
shape-32,1,serial,csr,2000000,1,2000000,2,parallel,32,40373951,47501139,58507325,58507325;48097407;47501139;41889753;40373951
shape-32,1,serial,csr,2000000,1,2000000,2,serial,32,12879852,18805761,19088266,19088266;18805761;18753923;19037327;12879852
shape-32,0,serial,csr,2000000,16,2000000,2,serial,32,10913847,10948897,10988866,10988866;10937807;10969196;10948897;10913847
shape-32,0,serial,csr,2000000,16,2000000,2,parallel,32,38173262,41926482,45689172,43003512;38173262;45689172;39207633;41926482
shape-32,1,serial,csr,2000000,16,2000000,2,parallel,32,33716175,37929136,48693857,41886522;33716175;37378926;37929136;48693857
shape-32,1,serial,csr,2000000,16,2000000,2,serial,32,10805599,10879428,10896008,10805599;10866388;10879428;10896008;10893747
shape-32,0,serial,progression,2000000,17,2000000,32,serial,32,20863053,20958121,40021107,40021107;20988101;20958121;20863053;20864883
shape-32,0,parallel,progression,2000000,17,2000000,32,parallel,32,26507698,26812003,42668579,41493861;42668579;26812003;26507698;26617986
shape-32,1,parallel,progression,2000000,17,2000000,32,parallel,32,26245023,26646796,42196317,42196317;41542449;26589136;26646796;26245023
shape-32,1,serial,progression,2000000,17,2000000,32,serial,32,21091509,21462671,42001721,42001721;27792864;21091509;21223486;21462671
shape-32,0,serial,csr,4000000,1,4000000,2,serial,32,25319130,25520256,38130543,38130543;25440718;25853330;25319130;25520256
shape-32,0,serial,csr,4000000,1,4000000,2,parallel,32,69214886,72470665,123878821,123878821;69214886;85398165;70802306;72470665
shape-32,1,serial,csr,4000000,1,4000000,2,parallel,32,68920321,72407936,119817966,119817966;68920321;72407936;70924624;98707798
shape-32,1,serial,csr,4000000,1,4000000,2,serial,32,25556925,25777522,38679432,38679432;25787941;25575295;25556925;25777522
shape-32,0,serial,csr,4000000,16,4000000,2,serial,32,22068991,22395825,22702719,22702719;22170648;22395825;22466073;22068991
shape-32,0,serial,csr,4000000,16,4000000,2,parallel,32,59672262,60520947,100762000,100762000;60520947;60213942;75061027;59672262
shape-32,1,serial,csr,4000000,16,4000000,2,parallel,32,60857871,86410096,98600840,98600840;86410096;61127885;97452841;60857871
shape-32,1,serial,csr,4000000,16,4000000,2,serial,32,21839514,21916563,22567202,22567202;22216728;21916563;21885504;21839514
shape-32,0,serial,progression,4000000,17,4000000,32,serial,32,42216127,42278425,98751508,98751508;81769472;42216127;42278425;42273256
shape-32,0,parallel,progression,4000000,17,4000000,32,parallel,32,50519622,50782338,82121476,82121476;79331777;50782338;50519622;50718959
shape-32,1,parallel,progression,4000000,17,4000000,32,parallel,32,49678788,51808468,79357307,79357307;77716517;49678788;51331107;51808468
shape-32,1,serial,progression,4000000,17,4000000,32,serial,32,43071151,43742798,102936939,102936939;83623547;43071151;43440543;43742798
shape-32,0,serial,csr,2000000,125,2000000,1,serial,32,18616114,18704063,19474519,19164164;18676203;19474519;18616114;18704063
shape-32,0,serial,csr,2000000,125,2000000,1,parallel,32,25037735,31958606,35660488,30380146;31958606;35660488;33552887;25037735
shape-32,1,serial,csr,2000000,125,2000000,1,parallel,32,32720033,41022529,42385683,41022529;42385683;41694466;39946978;32720033
shape-32,1,serial,csr,2000000,125,2000000,1,serial,32,18198442,18313650,18615834,18604925;18313650;18307940;18615834;18198442
shape-32,0,serial,csr,2000000,250,2000000,1,serial,32,17919587,17975667,19139694,18081314;19139694;17975667;17953077;17919587
shape-32,0,serial,csr,2000000,250,2000000,1,parallel,32,32247741,39038106,40504168,39038106;40257842;40504168;38160181;32247741
shape-32,1,serial,csr,2000000,250,2000000,1,parallel,32,31868178,39448437,40280623,39767422;39448437;40280623;38781710;31868178
shape-32,1,serial,csr,2000000,250,2000000,1,serial,32,17419847,17463296,18791861,17739961;18791861;17463296;17435486;17419847
shape-32,0,serial,csr,2000000,500,2000000,1,serial,32,16156910,16202939,18794231,18794231;16318147;16156910;16202939;16193679
shape-32,0,serial,csr,2000000,500,2000000,1,parallel,32,32139594,39594955,40698195,39594955;40698195;40012807;38549075;32139594
shape-32,1,serial,csr,2000000,500,2000000,1,parallel,32,23035142,39052725,40337741,39488137;39052725;40337741;33530997;23035142
shape-32,1,serial,csr,2000000,500,2000000,1,serial,32,18733222,19035177,19454809,19454809;18733222;19035177;18795801;19418150
shape-32,0,serial,csr,2000000,1000,2000000,1,serial,32,18712503,19291262,20014398,18712503;19660975;19291262;19110205;20014398
shape-32,0,serial,csr,2000000,1000,2000000,1,parallel,32,26364821,30609142,38281579,38281579;34419301;30609142;29230427;26364821
shape-32,1,serial,csr,2000000,1000,2000000,1,parallel,32,26242943,33262092,34917772,34917772;33262092;34277243;29608081;26242943
shape-32,1,serial,csr,2000000,1000,2000000,1,serial,32,18389499,18745542,19524988,18389499;18753911;19524988;18633364;18745542
shape-32,0,serial,csr,4000000,125,4000000,1,serial,32,47318222,47868102,49784206,49784206;48958062;47868102;47318222;47715165
shape-32,0,serial,csr,4000000,125,4000000,1,parallel,32,59986576,61948459,74290851,74290851;59986576;62196575;61088816;61948459
shape-32,1,serial,csr,4000000,125,4000000,1,parallel,32,61051996,61600016,76084857,76084857;61051996;61600016;62506619;61538148
shape-32,1,serial,csr,4000000,125,4000000,1,serial,32,44872187,45000664,46133693,46133693;45000664;46086274;44872187;44962615
shape-32,0,serial,csr,4000000,250,4000000,1,serial,32,40288602,40744604,40979558,40744604;40288602;40882411;40511198;40979558
shape-32,0,serial,csr,4000000,250,4000000,1,parallel,32,43120310,60400128,75585857,75585857;60400128;52114602;61280662;43120310
shape-32,1,serial,csr,4000000,250,4000000,1,parallel,32,50036470,52513255,65754549,65754549;50036470;52513255;52630643;52324018
shape-32,1,serial,csr,4000000,250,4000000,1,serial,32,40435589,40473189,41537909,41537909;40473189;40435589;41487330;40446129
shape-32,0,serial,csr,4000000,500,4000000,1,serial,32,38304049,38758251,39682943,38758251;39058215;38596643;39682943;38304049
shape-32,0,serial,csr,4000000,500,4000000,1,parallel,32,43160258,60272881,75494428,75494428;50677829;43160258;60272881;61192053
shape-32,1,serial,csr,4000000,500,4000000,1,parallel,32,48135286,60019916,75818822,75818822;48135286;60019916;51403406;60918368
shape-32,1,serial,csr,4000000,500,4000000,1,serial,32,38546144,38977746,40226003,38977746;40226003;38546144;38969527;39617304
shape-32,0,serial,csr,4000000,1000,4000000,1,serial,32,40063256,40509318,41396301,40509318;40965549;40087496;41396301;40063256
shape-32,0,serial,csr,4000000,1000,4000000,1,parallel,32,42236046,56254386,73417597,73417597;54548768;56254386;58226379;42236046
shape-32,1,serial,csr,4000000,1000,4000000,1,parallel,32,42098108,49111248,73967846,73967846;49111248;42419212;58152500;42098108
shape-32,1,serial,csr,4000000,1000,4000000,1,serial,32,39626044,39761652,40342331,40263742;39699162;40342331;39626044;39761652
strided-32,0,serial,strided,100000,17,25000,1,bounded,32,2168552,3665515,4202725,3665515;4202725;3731944;3044875;2168552
strided-32,0,serial,strided,100000,17,25000,1,hash,32,3962789,4050158,5072800,5072800;4050158;3962789;3994209;4148737
strided-32,1,serial,strided,100000,17,25000,1,hash,32,3443409,3623836,4296443,4296443;3623836;3455528;4069168;3443409
strided-32,1,serial,strided,100000,17,25000,1,bounded,32,2173921,2182102,2574784,2574784;2173921;2182102;2178402;2228520
strided-32,0,serial,strided,100000,17,50000,1,bounded,32,2387117,2405158,4782025,4782025;2387117;2405158;2394517;2416917
strided-32,0,serial,strided,100000,17,50000,1,hash,32,5032850,5784507,6687161,5784507;5163329;5032850;5922695;6687161
strided-32,1,serial,strided,100000,17,50000,1,hash,32,4661097,5036341,5314646,5056410;5036341;5004921;4661097;5314646
strided-32,1,serial,strided,100000,17,50000,1,bounded,32,2393548,2404607,3169373,3169373;2422227;2404607;2393548;2398087
strided-32,0,serial,strided,100000,17,100000,1,bounded,32,2901239,2915398,2960357,2960357;2947597;2901239;2915398;2911978
strided-32,0,serial,strided,100000,17,100000,1,hash,32,7428358,7446137,8281483,8281483;7446137;7438028;7428358;7454767
strided-32,1,serial,strided,100000,17,100000,1,hash,32,7061034,7559185,8097506,7288871;7061034;8097506;7559185;7622605
strided-32,1,serial,strided,100000,17,100000,1,bounded,32,2914258,2974937,3006896,2916068;2914258;3006896;2994607;2974937
strided-32,0,serial,strided,100000,17,200000,1,bounded,32,4528969,4872523,5191268,5191268;4877543;4817105;4528969;4872523
strided-32,0,serial,strided,100000,17,200000,1,hash,32,7690834,7836071,8362641,8362641;7829911;7836071;7864040;7690834
strided-32,1,serial,strided,100000,17,200000,1,hash,32,8089556,8512148,9037710,8533088;8256153;9037710;8089556;8512148
strided-32,1,serial,strided,100000,17,200000,1,bounded,32,4570088,4589268,5030281,5030281;4589268;4583459;4605648;4570088
strided-32,0,serial,strided,250000,17,62500,1,bounded,32,5528123,5534492,6237689,6237689;5542411;5534492;5528123;5530031
strided-32,0,serial,strided,250000,17,62500,1,hash,32,7713613,7781582,8830913,8830913;7743112;7908549;7713613;7781582
strided-32,1,serial,strided,250000,17,62500,1,hash,32,7644674,7802431,8512079,8413671;8512079;7802431;7775162;7644674
strided-32,1,serial,strided,250000,17,62500,1,bounded,32,5540102,5559241,6298618,6298618;5580341;5557151;5559241;5540102
strided-32,0,serial,strided,250000,17,125000,1,bounded,32,6258149,6275918,6742260,6742260;6275918;6270379;6258149;6381686
strided-32,0,serial,strided,250000,17,125000,1,hash,32,11336249,11431196,12234912,12234912;11618314;11349799;11431196;11336249
strided-32,1,serial,strided,250000,17,125000,1,hash,32,11168571,11772501,12329551,12329551;11182651;11168571;11772501;12014116
strided-32,1,serial,strided,250000,17,125000,1,bounded,32,6244389,6311217,6806789,6806789;6330507;6244389;6265369;6311217
strided-32,0,serial,strided,250000,17,250000,1,bounded,32,8924581,9277195,14161289,14161289;9303035;9248325;8924581;9277195
strided-32,0,serial,strided,250000,17,250000,1,hash,32,10702270,11083793,11315979,11315979;10702270;11122232;10821158;11083793
strided-32,1,serial,strided,250000,17,250000,1,hash,32,10702640,11130802,11610364,11388148;11021184;11130802;10702640;11610364
strided-32,1,serial,strided,250000,17,250000,1,bounded,32,8756334,8777974,14000132,14000132;8777974;8756334;8770804;8895982
strided-32,0,serial,strided,250000,17,500000,1,bounded,32,10313427,10729169,13154537,13154537;10711519;10827957;10313427;10729169
strided-32,0,serial,strided,250000,17,500000,1,hash,32,11684942,11892898,15929427,15929427;14379365;11892898;11684942;11708912
strided-32,1,serial,strided,250000,17,500000,1,hash,32,12944590,13547039,16377539,16377539;16036915;13324493;13547039;12944590
strided-32,1,serial,strided,250000,17,500000,1,bounded,32,10044372,10378575,13330873,13330873;10044372;10253287;10807738;10378575
strided-32,0,serial,strided,500000,17,125000,1,bounded,32,11438687,11489045,12150564,12150564;11650993;11441246;11489045;11438687
strided-32,0,serial,strided,500000,17,125000,1,hash,32,14756447,15119992,15980886,15980886;15192040;15043602;14756447;15119992
strided-32,1,serial,strided,500000,17,125000,1,hash,32,15037142,15283218,16443958,16300369;15257869;16443958;15037142;15283218
strided-32,1,serial,strided,500000,17,125000,1,bounded,32,11601124,11635853,12304591,12304591;11652503;11602823;11601124;11635853
strided-32,0,serial,strided,500000,17,250000,1,bounded,32,14639409,14798106,19716210,19716210;14808807;14798106;14757818;14639409
strided-32,0,serial,strided,500000,17,250000,1,hash,32,14634920,14912774,16317720,16317720;15615882;14653090;14912774;14634920
strided-32,1,serial,strided,500000,17,250000,1,hash,32,13883843,14737588,15270218,14737588;15270218;14027491;15116861;13883843
strided-32,1,serial,strided,500000,17,250000,1,bounded,32,14590960,14940414,19082100,19082100;15086292;14940414;14590960;14764177
strided-32,0,serial,strided,500000,17,500000,1,bounded,32,16335410,16865609,20242910,20242910;17875762;16865609;16335410;16705733
strided-32,0,serial,strided,500000,17,500000,1,hash,32,16205012,16754942,20630632,20630632;16754942;16380668;16205012;16954848
strided-32,1,serial,strided,500000,17,500000,1,hash,32,15540783,16008956,20448196,20448196;15939686;15540783;16008956;16823050
strided-32,1,serial,strided,500000,17,500000,1,bounded,32,16545735,16650553,20260430,20260430;18128098;16545735;16595465;16650553
strided-32,0,serial,strided,500000,17,1000000,1,bounded,32,20190681,20817919,27129107,27129107;20817919;20652373;21091194;20190681
strided-32,0,serial,strided,500000,17,1000000,1,hash,32,18796285,19348136,30776482,30776482;20219920;19348136;18869974;18796285
strided-32,1,serial,strided,500000,17,1000000,1,hash,32,18869004,20048703,31607897,31607897;19893666;20048703;20680012;18869004
strided-32,1,serial,strided,500000,17,1000000,1,bounded,32,19385845,19731938,26963680,26963680;19731938;19385845;19969375;19486263
strided-32,0,serial,strided,1000000,17,250000,1,bounded,32,31056247,31314633,33603971,33603971;31227305;31314633;31056247;32919274
strided-32,0,serial,strided,1000000,17,250000,1,hash,32,20672752,20929127,24391436,24391436;20929127;20885418;20672752;21505238
strided-32,1,serial,strided,1000000,17,250000,1,hash,32,20658412,21505177,25176222,25176222;21505177;20870318;21827022;20658412
strided-32,1,serial,strided,1000000,17,250000,1,bounded,32,30395339,31278954,33716690,33716690;30395339;31062027;31624446;31278954
strided-32,0,serial,strided,1000000,17,500000,1,bounded,32,32646509,34745741,38100592,38100592;34745741;32646509;33188659;36297724
strided-32,0,serial,strided,1000000,17,500000,1,hash,32,20473456,20662662,28847666,28847666;20662662;20473456;20716671;20541044
strided-32,1,serial,strided,1000000,17,500000,1,hash,32,20776080,21575696,29185460,29185460;22380752;20776080;21575696;21445178
strided-32,1,serial,strided,1000000,17,500000,1,bounded,32,32726307,33162300,38422546,38422546;35094625;33162300;32853125;32726307
strided-32,0,serial,strided,1000000,17,1000000,1,bounded,32,34753421,34964168,44034967,44034967;35286862;34932498;34753421;34964168
strided-32,0,serial,strided,1000000,17,1000000,1,hash,32,26674945,26980460,35633046,35633046;26674945;26761313;26980460;27135477
strided-32,1,serial,strided,1000000,17,1000000,1,hash,32,27865163,28234398,35545717,35545717;27865163;28234398;28486383;28139148
strided-32,1,serial,strided,1000000,17,1000000,1,bounded,32,40116545,41681768,48437198,48437198;41681768;40116545;40380222;42797667
strided-32,0,serial,strided,1000000,17,2000000,1,bounded,32,44125754,44564186,54367652,54367652;44125754;44564186;44264012;45072477
strided-32,0,serial,strided,1000000,17,2000000,1,hash,32,32085209,34191401,46490592,46490592;34191401;32085209;35153874;32484742
strided-32,1,serial,strided,1000000,17,2000000,1,hash,32,33220808,35045376,46844426,46844426;36813645;33220808;35045376;33727999
strided-32,1,serial,strided,1000000,17,2000000,1,bounded,32,42141170,43403177,54394741,54394741;43403177;43409557;42141170;42779238
strided-32,0,serial,strided,2000000,17,500000,1,bounded,32,102050103,103559605,114642059,114642059;103848661;102428125;102050103;103559605
strided-32,0,serial,strided,2000000,17,500000,1,hash,32,32454012,33196829,50416422,50416422;35643825;32454012;33196829;32584290
strided-32,1,serial,strided,2000000,17,500000,1,hash,32,31530549,34023164,51800557,51800557;34741361;32768196;31530549;34023164
strided-32,1,serial,strided,2000000,17,500000,1,bounded,32,105127007,116027012,120305427,119187237;114794095;120305427;116027012;105127007
strided-32,0,serial,strided,2000000,17,1000000,1,bounded,32,96069208,96370623,110701698,110701698;96297924;96069208;96370623;97261528
strided-32,0,serial,strided,2000000,17,1000000,1,hash,32,35465368,37715128,48305869,48305869;37715128;36372562;35465368;39844310
strided-32,1,serial,strided,2000000,17,1000000,1,hash,32,36587388,37406983,47359986,47359986;37406983;37400454;37733038;36587388
strided-32,1,serial,strided,2000000,17,1000000,1,bounded,32,95765143,96042969,111254227,111254227;96042969;95765143;95767254;96230395
strided-32,0,serial,strided,2000000,17,2000000,1,bounded,32,102994945,103239460,122299851,122299851;103239460;103100842;103410507;102994945
strided-32,0,serial,strided,2000000,17,2000000,1,hash,32,45825233,46493282,71460426,71460426;48588404;46125348;46493282;45825233
strided-32,1,serial,strided,2000000,17,2000000,1,hash,32,45851792,47166999,69512771,69512771;47166999;48374108;46403274;45851792
strided-32,1,serial,strided,2000000,17,2000000,1,bounded,32,137511979,138384823,153574763,153574763;140212070;137674316;137511979;138384823
strided-32,0,serial,strided,2000000,17,4000000,1,bounded,32,119449941,130037432,150865280,150865280;122622484;130037432;119449941;144843828
strided-32,0,serial,strided,2000000,17,4000000,1,hash,32,67436528,70789378,95440988,95440988;68233044;67436528;70789378;71796460
strided-32,1,serial,strided,2000000,17,4000000,1,hash,32,67092784,68235003,98201649,98201649;67401608;68235003;68546198;67092784
strided-32,1,serial,strided,2000000,17,4000000,1,bounded,32,117235459,120757287,151002457,151002457;119780724;117235459;121989594;120757287
strided-32,0,serial,strided,4000000,17,1000000,1,bounded,32,286510730,287384923,319281424,319281424;292661759;286510730;286567598;287384923
strided-32,0,serial,strided,4000000,17,1000000,1,hash,32,59223383,61268157,78276933,78276933;59223383;59978490;62568624;61268157
strided-32,1,serial,strided,4000000,17,1000000,1,hash,32,56903815,58693554,73835453,73835453;61181428;56903815;57566462;58693554
strided-32,1,serial,strided,4000000,17,1000000,1,bounded,32,287022138,288150758,318717293,318717293;293980274;287390551;287022138;288150758
strided-32,0,serial,strided,4000000,17,2000000,1,bounded,32,286459697,288872324,303930846,303930846;290576844;286459697;288743016;288872324
strided-32,0,serial,strided,4000000,17,2000000,1,hash,32,66062691,66879405,84618558,84618558;66062691;66879405;68507717;66726879
strided-32,1,serial,strided,4000000,17,2000000,1,hash,32,67483305,70264746,87592677,87592677;70264746;68118374;67483305;70414493
strided-32,1,serial,strided,4000000,17,2000000,1,bounded,32,290179738,293803573,307780984,307780984;297025686;290179738;292796671;293803573
strided-32,0,serial,strided,4000000,17,4000000,1,bounded,32,306371028,308984331,337651860,337651860;310680111;306371028;306798630;308984331
strided-32,0,serial,strided,4000000,17,4000000,1,hash,32,96561305,97440830,137073641,137073641;98253265;97440830;96973068;96561305
strided-32,1,serial,strided,4000000,17,4000000,1,hash,32,90521923,96196331,135871842,135871842;93075476;90521923;97201493;96196331
strided-32,1,serial,strided,4000000,17,4000000,1,bounded,32,303867689,307462575,362153777,339179139;304183364;303867689;307462575;362153777
strided-32,0,serial,strided,4000000,17,8000000,1,bounded,32,335343745,337572945,399914801,399914801;337572945;335343745;337494416;338457219
strided-32,0,serial,strided,4000000,17,8000000,1,hash,32,132324334,140982529,191400447,191400447;188376311;132324334;140410339;140982529
strided-32,1,serial,strided,4000000,17,8000000,1,hash,32,134308207,139763760,194074359,187970318;194074359;134308207;139763760;139474775
strided-32,1,serial,strided,4000000,17,8000000,1,bounded,32,327523350,330490526,408837595,408837595;356857025;327523350;330490526;330400498
strided-32,0,serial,strided,10000000,17,2500000,1,bounded,32,807441053,833546379,901949956,901949956;815649590;833546379;893090561;807441053
strided-32,0,serial,strided,10000000,17,2500000,1,hash,32,138413311,144521862,243086837,243086837;151938849;143211475;144521862;138413311
strided-32,1,serial,strided,10000000,17,2500000,1,hash,32,141678343,142815542,241628643,241628643;141678343;144726357;142815542;142360550
strided-32,1,serial,strided,10000000,17,2500000,1,bounded,32,839852551,843860746,920462259,920462259;844037156;839852551;842935674;843860746
strided-32,0,serial,strided,10000000,17,5000000,1,bounded,32,842426995,893963142,913688150,913688150;893963142;842426995;899543180;843414315
strided-32,0,serial,strided,10000000,17,5000000,1,hash,32,171442325,175393104,206347279,206347279;191659792;172025714;171442325;175393104
strided-32,1,serial,strided,10000000,17,5000000,1,hash,32,169990511,175318745,204514960,204514960;190997743;175318745;169990511;173341359
strided-32,1,serial,strided,10000000,17,5000000,1,bounded,32,844100476,847329809,929149935,929149935;850831290;846048154;847329809;844100476
strided-32,0,serial,strided,10000000,17,10000000,1,bounded,32,862069085,863903824,911059908,911059908;863903824;862576656;862069085;864658547
strided-32,0,serial,strided,10000000,17,10000000,1,hash,32,230826262,235022266,276310825,276310825;232863256;230826262;235022266;235742894
strided-32,1,serial,strided,10000000,17,10000000,1,hash,32,227012379,234825239,271324823,271324823;238013511;227012379;234825239;229670611
strided-32,1,serial,strided,10000000,17,10000000,1,bounded,32,887257909,890936876,917072429,917072429;894201069;890936876;889024310;887257909
strided-32,0,serial,strided,10000000,17,20000000,1,bounded,32,918720024,949804261,1046131603,1046131603;950039731;918720024;931943124;949804261
strided-32,0,serial,strided,10000000,17,20000000,1,hash,32,323507523,341234644,437149187,437149187;323507523;343748439;338847147;341234644
strided-32,1,serial,strided,10000000,17,20000000,1,hash,32,340099422,348627348,439076728,439076728;342382130;340099422;357202413;348627348
strided-32,1,serial,strided,10000000,17,20000000,1,bounded,32,944005667,966108866,1050511601,1050511601;972035264;959289562;944005667;966108866
tails-32,0,serial,csr,6000000,64,6000000,1,serial,32,288543101,290521513,291944118,291944118;289020882;288543101;290521513;290803549
tails-32,0,serial,csr,6000000,64,6000000,1,parallel,32,88131767,93840881,113476734,113476734;94757284;93828191;93840881;88131767
tails-32,1,serial,csr,6000000,64,6000000,1,parallel,32,81003390,86131854,114939838,114939838;81510131;93676723;81003390;86131854
tails-32,1,serial,csr,6000000,64,6000000,1,serial,32,301480779,304834887,306790330,301480779;306790330;302037599;305706081;304834887
tails-32,0,serial,csr,6000000,256,6000000,1,serial,32,240018714,241293641,241572366,240326509;240018714;241328781;241293641;241572366
tails-32,0,serial,csr,6000000,256,6000000,1,parallel,32,75015001,81737456,88778515,81737456;75015001;88778515;85855199;75727588
tails-32,1,serial,csr,6000000,256,6000000,1,parallel,32,62161271,77185281,106599862,106599862;87772064;77185281;62161271;75274667
tails-32,1,serial,csr,6000000,256,6000000,1,serial,32,222985352,223570291,224433585,222985352;224433585;223719568;223501022;223570291
tails-32,0,serial,csr,6000000,1024,6000000,1,serial,32,127819657,128107291,130788001,127949804;127819657;128107291;130788001;128220319
tails-32,0,serial,csr,6000000,1024,6000000,1,parallel,32,71007907,84070723,92637842,92637842;71007907;83601901;84070723;86581716
tails-32,1,serial,csr,6000000,1024,6000000,1,parallel,32,71098454,83769459,103617597,103617597;77335958;71098454;83901395;83769459
tails-32,1,serial,csr,6000000,1024,6000000,1,serial,32,125439811,125998481,126626018,125998481;125439811;126071449;126626018;125763265
tails-32,0,serial,progression,6000000,17,6000000,32,serial,32,65167084,65329062,154490838,154490838;126815875;65272363;65167084;65329062
tails-32,0,parallel,progression,6000000,17,6000000,32,parallel,32,74763305,75799196,119134168,118823514;119134168;75799196;75713518;74763305
tails-32,1,parallel,progression,6000000,17,6000000,32,parallel,32,76149259,79238612,122636543,122636543;119721377;76300937;79238612;76149259
tails-32,1,serial,progression,6000000,17,6000000,32,serial,32,65345671,65627765,157878216,157878216;128416205;65345671;65625476;65627765
tails-32,0,serial,csr,8000000,64,8000000,1,serial,32,415451431,417864385,419075353,418870237;417864385;419075353;417601670;415451431
tails-32,0,serial,csr,8000000,64,8000000,1,parallel,32,103318073,109283031,144758320,144758320;109283031;103861652;103318073;121865757
tails-32,1,serial,csr,8000000,64,8000000,1,parallel,32,100631343,103754555,144417626,144417626;103754555;122796840;100631343;100942957
tails-32,1,serial,csr,8000000,64,8000000,1,serial,32,409343124,410477472,423090827,409343124;423090827;412068163;409819354;410477472
tails-32,0,serial,csr,8000000,256,8000000,1,serial,32,357192396,357768115,358654759,358257266;358654759;357192396;357768115;357226025
tails-32,0,serial,csr,8000000,256,8000000,1,parallel,32,98948033,114611132,140919581,140919581;114629252;112785755;114611132;98948033
tails-32,1,serial,csr,8000000,256,8000000,1,parallel,32,114103791,116166173,141745356,141745356;116930579;116166173;115548934;114103791
tails-32,1,serial,csr,8000000,256,8000000,1,serial,32,356488698,357651437,359195288,357651437;357469151;359195288;358055209;356488698
tails-32,0,serial,csr,8000000,1024,8000000,1,serial,32,196864726,197367167,198741721,197417577;196931896;196864726;198741721;197367167
tails-32,0,serial,csr,8000000,1024,8000000,1,parallel,32,110687545,112668467,138492175,138492175;111082668;110687545;112668467;115452596
tails-32,1,serial,csr,8000000,1024,8000000,1,parallel,32,87191133,94584326,136828777,136828777;92902596;87191133;111496709;94584326
tails-32,1,serial,csr,8000000,1024,8000000,1,serial,32,129924605,130663611,131015745,131015745;130663611;130200380;129924605;130685632
tails-32,0,serial,progression,8000000,17,8000000,32,serial,32,87090694,88130125,214060026,214060026;170893951;87567846;88130125;87090694
tails-32,0,parallel,progression,8000000,17,8000000,32,parallel,32,100197370,100925036,159217658,159217658;156064637;100925036;100197370;100486625
tails-32,1,parallel,progression,8000000,17,8000000,32,parallel,32,98900124,99355616,162111644,162111644;158421233;99355616;98900124;99227058
tails-32,1,serial,progression,8000000,17,8000000,32,serial,32,86526924,86631573,207073424,207073424;166267627;86541585;86526924;86631573
tails-32,0,serial,csr,10000000,64,10000000,1,serial,32,538109185,539866552,540497690,540356583;538109185;538577766;539866552;540497690
tails-32,0,serial,csr,10000000,64,10000000,1,parallel,32,125466448,127540879,160297718,160297718;148704233;125742583;127540879;125466448
tails-32,1,serial,csr,10000000,64,10000000,1,parallel,32,125985478,133084066,171424450,171424450;125985478;130858737;133084066;149280343
tails-32,1,serial,csr,10000000,64,10000000,1,serial,32,536811239,539586786,540280013,536811239;537441346;540173965;539586786;540280013
tails-32,0,serial,csr,10000000,256,10000000,1,serial,32,468432654,470333908,471604634,468432654;470606103;470333908;470308679;471604634
tails-32,0,serial,csr,10000000,256,10000000,1,parallel,32,121475862,144294696,155276010,155276010;144294696;121475862;121617170;145269657
tails-32,1,serial,csr,10000000,256,10000000,1,parallel,32,121762657,122800727,177879429,177879429;122573021;121762657;145644950;122800727
tails-32,1,serial,csr,10000000,256,10000000,1,serial,32,475209846,476321006,477557692,477321987;476321006;477557692;475441232;475209846
tails-32,0,serial,csr,10000000,1024,10000000,1,serial,32,189658478,190127049,191211980,191211980;189889714;189658478;190127049;191090502
tails-32,0,serial,csr,10000000,1024,10000000,1,parallel,32,116746160,129267286,152512272,152512272;130453924;127282952;116746160;129267286
tails-32,1,serial,csr,10000000,1024,10000000,1,parallel,32,119362241,138937445,173247935,173247935;148632214;138937445;119362241;132367338
tails-32,1,serial,csr,10000000,1024,10000000,1,serial,32,191245228,191731170,192472856,191492314;191245228;191731170;192472856;191964535
tails-32,0,serial,progression,10000000,17,10000000,32,serial,32,109657592,110368379,262294961,262294961;213218878;110368379;109657592;110121753
tails-32,0,parallel,progression,10000000,17,10000000,32,parallel,32,124241580,125338749,131029382,131029382;124241580;125369098;124537564;125338749
tails-32,1,parallel,progression,10000000,17,10000000,32,parallel,32,123426804,124822708,130250257,130250257;123426804;124654641;124822708;124950257
tails-32,1,serial,progression,10000000,17,10000000,32,serial,32,109080492,109254819,263418259,263418259;211266353;109087972;109254819;109080492
validation-32,0,baseline,join,250000,1,250000,1,inner,32,8279424,8398102,15938501,15938501;9805396;8388513;8398102;8279424
validation-32,0,candidate,join,250000,1,250000,1,inner,32,7846583,8254645,11893447,11893447;7846583;7869812;8341603;8254645
validation-32,1,candidate,join,250000,1,250000,1,inner,32,7937111,8213906,12442567,12442567;8103127;8213906;8262815;7937111
validation-32,1,baseline,join,250000,1,250000,1,inner,32,7890002,8055109,12609523,12609523;8102937;8055109;7890002;8043459
validation-32,0,baseline,join,250000,1,250000,1,full,32,18352845,22182034,27566702,18955024;26377765;22182034;18352845;27566702
validation-32,0,candidate,join,250000,1,250000,1,full,32,18571901,21765201,28078653,18571901;25342213;21765201;20061753;28078653
validation-32,1,candidate,join,250000,1,250000,1,full,32,17761306,23675735,26992213,19295978;26936694;23675735;17761306;26992213
validation-32,1,baseline,join,250000,1,250000,1,full,32,19027373,22672524,26752387,19027373;26752387;22672524;19337806;26589661
validation-32,0,baseline,join,250000,1,250000,1,semi,32,4711432,5105284,5463177,5463177;5175353;4882938;5105284;4711432
validation-32,0,candidate,join,250000,1,250000,1,semi,32,4929068,5071265,5288810,5288810;5083954;4929068;5071265;5049155
validation-32,1,candidate,join,250000,1,250000,1,semi,32,4767510,4879599,5078774,4767510;4879599;5078774;4979677;4865298
validation-32,1,baseline,join,250000,1,250000,1,semi,32,4888498,5223422,5731822,5731822;4888498;5064105;5324850;5223422
validation-32,0,baseline,join,250000,4,250000,1,inner,32,11815758,12115882,15037587,15037587;11895607;12115882;11815758;12162241
validation-32,0,candidate,join,250000,4,250000,1,inner,32,11973405,12214410,15612106,15612106;12094333;12337328;12214410;11973405
validation-32,1,candidate,join,250000,4,250000,1,inner,32,11875857,12151162,15236064,15236064;11875857;12026724;14268771;12151162
validation-32,1,baseline,join,250000,4,250000,1,inner,32,11939126,12113473,14919469,14919469;11939126;12060303;12113473;12189381
validation-32,0,baseline,join,250000,4,250000,1,full,32,33544409,36458255,41300074,41300074;38323870;36458255;35959874;33544409
validation-32,0,candidate,join,250000,4,250000,1,full,32,32873102,33838395,40880042,40880042;33838395;32873102;35492123;33339153
validation-32,1,candidate,join,250000,4,250000,1,full,32,33966531,34518622,38408028,38408028;34965043;34048190;34518622;33966531
validation-32,1,baseline,join,250000,4,250000,1,full,32,33007000,36755399,41323033,41323033;36755399;36997325;33007000;33591928
validation-32,0,baseline,join,250000,4,250000,1,semi,32,5638834,5741202,6355281,6355281;6045866;5741202;5718243;5638834
validation-32,0,candidate,join,250000,4,250000,1,semi,32,5648804,5728003,6060146,5777022;5728003;5693073;6060146;5648804
validation-32,1,candidate,join,250000,4,250000,1,semi,32,5677973,5727353,5898239,5834220;5898239;5727353;5677973;5688283
validation-32,1,baseline,join,250000,4,250000,1,semi,32,5642454,5754772,6252762,6252762;5996417;5699653;5642454;5754772
validation-32,0,baseline,join,250000,10,250000,1,inner,32,11695720,11866787,12688842,12688842;11866787;11839897;12181631;11695720
validation-32,0,candidate,join,250000,10,250000,1,inner,32,11956456,12143151,12433517,12143151;12188691;12433517;12004304;11956456
validation-32,1,candidate,join,250000,10,250000,1,inner,32,11015923,11223259,12288579,12288579;11015923;11095641;11223259;11757259
validation-32,1,baseline,join,250000,10,250000,1,inner,32,11661061,12675732,12796879,12796879;12675732;12720231;12175021;11661061
validation-32,0,baseline,join,250000,10,250000,1,full,32,35322376,36938236,41710707,35322376;36938236;41710707;37588694;36296118
validation-32,0,candidate,join,250000,10,250000,1,full,32,34246236,39888140,41345884,40601897;39450419;41345884;34246236;39888140
validation-32,1,candidate,join,250000,10,250000,1,full,32,30691533,35287477,42161438,30691533;42161438;35287477;35544732;34743387
validation-32,1,baseline,join,250000,10,250000,1,full,32,33484071,36398976,39071406,35265147;36398976;37923407;33484071;39071406
validation-32,0,baseline,join,250000,10,250000,1,semi,32,12561084,12935397,13156763,13156763;12935397;12561084;12968516;12762220
validation-32,0,candidate,join,250000,10,250000,1,semi,32,6723124,6798802,7013848,7013848;6798802;6773833;6723124;6926879
validation-32,1,candidate,join,250000,10,250000,1,semi,32,6893220,7335332,8762746,8762746;7335332;7231664;6893220;7426411
validation-32,1,baseline,join,250000,10,250000,1,semi,32,12593404,12867737,13227301,13171152;12593404;13227301;12753441;12867737
validation-32,0,baseline,join,1000000,1,1000000,1,inner,32,32072457,32278893,41931083,41045348;41931083;32278893;32224295;32072457
validation-32,0,candidate,join,1000000,1,1000000,1,inner,32,28738970,28974065,36729240,36729240;28974065;30206923;28820098;28738970
validation-32,1,candidate,join,1000000,1,1000000,1,inner,32,27276857,27953035,36532624,36532624;27953035;27276857;27300517;28086012
validation-32,1,baseline,join,1000000,1,1000000,1,inner,32,32296303,32679755,41619148,41619148;41534250;32679755;32296303;32584908
validation-32,0,baseline,join,1000000,1,1000000,1,full,32,103509355,104724153,131599167,131599167;107990511;104724153;103509355;103565904
validation-32,0,candidate,join,1000000,1,1000000,1,full,32,103338558,107821164,131211734,131211734;108332594;103357548;107821164;103338558
validation-32,1,candidate,join,1000000,1,1000000,1,full,32,104070295,107769005,132100368,132100368;107769005;104070295;105271752;114721144
validation-32,1,baseline,join,1000000,1,1000000,1,full,32,123500299,127306528,140772724,140772724;123500299;125995113;127306528;130687295
validation-32,0,baseline,join,1000000,1,1000000,1,semi,32,20019114,21756652,24601378,23537578;20093163;24601378;21756652;20019114
validation-32,0,candidate,join,1000000,1,1000000,1,semi,32,17905644,18604101,23057947,23057947;17905644;18796677;18473513;18604101
validation-32,1,candidate,join,1000000,1,1000000,1,semi,32,19857327,21874530,23790473,23790473;20661312;21874530;19857327;22068066
validation-32,1,baseline,join,1000000,1,1000000,1,semi,32,16721586,16959301,21366698,21366698;17036230;16959301;16951701;16721586
validation-32,0,baseline,join,1000000,4,1000000,1,inner,32,88777102,89536967,101420305,101420305;91894963;89536967;89171065;88777102
validation-32,0,candidate,join,1000000,4,1000000,1,inner,32,28377707,28979585,38463117,38463117;28377707;28979585;29854130;28558723
validation-32,1,candidate,join,1000000,4,1000000,1,inner,32,27805068,28995285,38433338,38433338;28883757;28995285;29741271;27805068
validation-32,1,baseline,join,1000000,4,1000000,1,inner,32,88339930,88719083,100638119,100638119;93208508;88719083;88420789;88339930
validation-32,0,baseline,join,1000000,4,1000000,1,full,32,162290810,174867164,196947649,196947649;162290810;177359957;174867164;165778195
validation-32,0,candidate,join,1000000,4,1000000,1,full,32,139570338,152924417,164046957,164046957;139570338;152924417;149143047;160824978
validation-32,1,candidate,join,1000000,4,1000000,1,full,32,140731496,152783889,162753152,162753152;140731496;152783889;150443893;155119185
validation-32,1,baseline,join,1000000,4,1000000,1,full,32,158568040,172267103,194866928,194866928;158568040;186910758;172267103;168570913
validation-32,0,baseline,join,1000000,4,1000000,1,semi,32,20682371,21071514,25549000,25549000;20682371;21381859;20793389;21071514
validation-32,0,candidate,join,1000000,4,1000000,1,semi,32,22608945,22867070,25587180,25587180;22608945;22685634;23106466;22867070
validation-32,1,candidate,join,1000000,4,1000000,1,semi,32,21830950,22148824,23604727,23604727;21830950;22189593;22148824;21990986
validation-32,1,baseline,join,1000000,4,1000000,1,semi,32,22124105,22621775,24093767,24093767;22218772;22124105;22621775;22728853
validation-32,0,baseline,join,1000000,10,1000000,1,inner,32,28633392,29202091,38086924,38086924;29202091;28633392;29130503;34813105
validation-32,0,candidate,join,1000000,10,1000000,1,inner,32,27442265,28535374,39175603,39175603;28535374;27855427;29133862;27442265
validation-32,1,candidate,join,1000000,10,1000000,1,inner,32,28832958,29166042,40696795,40696795;28902547;29166042;29319309;28832958
validation-32,1,baseline,join,1000000,10,1000000,1,inner,32,27545132,29091933,38218202,38218202;29301129;28001964;29091933;27545132
validation-32,0,baseline,join,1000000,10,1000000,1,full,32,175673288,181117806,202294619,202294619;199644268;181117806;176669221;175673288
validation-32,0,candidate,join,1000000,10,1000000,1,full,32,175709198,176335826,214387451,214387451;175709198;175766707;176425585;176335826
validation-32,1,candidate,join,1000000,10,1000000,1,full,32,158135389,165313073,212322020,212322020;164460080;158135389;165915812;165313073
validation-32,1,baseline,join,1000000,10,1000000,1,full,32,163689954,187155193,199222126,199222126;192352216;187155193;178172611;163689954
validation-32,0,baseline,join,1000000,10,1000000,1,semi,32,33572909,35938515,37076193,33572909;37076193;35938515;35949674;34995172
validation-32,0,candidate,join,1000000,10,1000000,1,semi,32,26672689,27039962,28440736,28440736;28001644;26773226;26672689;27039962
validation-32,1,candidate,join,1000000,10,1000000,1,semi,32,25103068,26346634,26520992,25103068;26438903;26243747;26520992;26346634
validation-32,1,baseline,join,1000000,10,1000000,1,semi,32,33342563,36076352,37906008,33342563;37906008;36733669;36076352;36016984
validation-32,0,baseline,join,2000000,1,2000000,1,inner,32,46084484,51751018,63488037,63488037;46084484;51113689;53784719;51751018
validation-32,0,candidate,join,2000000,1,2000000,1,inner,32,51925304,52524293,63393099,63393099;51925304;53459825;52296708;52524293
validation-32,1,candidate,join,2000000,1,2000000,1,inner,32,51033971,51756958,65875792,65875792;51341585;53297328;51756958;51033971
validation-32,1,baseline,join,2000000,1,2000000,1,inner,32,48769113,52913076,62823110,62823110;48769113;52913076;53529664;52911396
validation-32,0,baseline,join,2000000,1,2000000,1,full,32,147751584,151405325,219671092,219671092;165121678;151405325;150262156;147751584
validation-32,0,candidate,join,2000000,1,2000000,1,full,32,150383374,154002506,215893354,215893354;158210487;150383374;151801418;154002506
validation-32,1,candidate,join,2000000,1,2000000,1,full,32,150767777,156641926,226065662,226065662;158347254;150767777;152055732;156641926
validation-32,1,baseline,join,2000000,1,2000000,1,full,32,149191997,149407782,213007138,213007138;152635881;149201856;149191997;149407782
validation-32,0,baseline,join,2000000,1,2000000,1,semi,32,36498034,37492106,43998323,43067030;37492106;43998323;36498034;36778529
validation-32,0,candidate,join,2000000,1,2000000,1,semi,32,33287744,41362843,42695518,41362843;33287744;42695518;33969382;41649867
validation-32,1,candidate,join,2000000,1,2000000,1,semi,32,35547382,37159072,42460842,40383472;37159072;35747688;42460842;35547382
validation-32,1,baseline,join,2000000,1,2000000,1,semi,32,35871536,36996085,51977483,51977483;35871536;45649442;36656501;36996085
validation-32,0,baseline,join,2000000,4,2000000,1,inner,32,66651417,70218851,102759829,102759829;66651417;69986715;71608454;70218851
validation-32,0,candidate,join,2000000,4,2000000,1,inner,32,51844105,52199760,72683775,72683775;55130244;52199760;51844105;51907595
validation-32,1,candidate,join,2000000,4,2000000,1,inner,32,51636920,51954044,72939889,72939889;54907589;51954044;51928764;51636920
validation-32,1,baseline,join,2000000,4,2000000,1,inner,32,69588902,71223611,104636413,104636413;69588902;73884572;70991266;71223611
validation-32,0,baseline,join,2000000,4,2000000,1,full,32,217765427,225261537,316154329,316154329;269996796;225261537;217765427;219295919
validation-32,0,candidate,join,2000000,4,2000000,1,full,32,219114192,221280732,334073012,334073012;272916041;219114192;219822559;221280732
validation-32,1,candidate,join,2000000,4,2000000,1,full,32,227122462,233602360,325403675,325403675;288775753;227122462;233602360;232581549
validation-32,1,baseline,join,2000000,4,2000000,1,full,32,217851556,219814839,322855903,322855903;271443039;218528473;219814839;217851556
validation-32,0,baseline,join,2000000,4,2000000,1,semi,32,38115914,44282008,49735536,49735536;44845077;38115914;38956358;44282008
validation-32,0,candidate,join,2000000,4,2000000,1,semi,32,45451206,47498047,50941993,50941993;45451206;47781042;47498047;47248782
validation-32,1,candidate,join,2000000,4,2000000,1,semi,32,39109415,44408516,45920167,44408516;45745730;39109415;45920167;40010739
validation-32,1,baseline,join,2000000,4,2000000,1,semi,32,38529776,39016417,51245007,51245007;47055505;38529776;39011997;39016417
validation-32,0,baseline,join,2000000,10,2000000,1,inner,32,52161860,53360417,72296991,72296991;55350480;52390736;52161860;53360417
validation-32,0,candidate,join,2000000,10,2000000,1,inner,32,52300007,52466614,72779232,72779232;55061165;52300007;52330267;52466614
validation-32,1,candidate,join,2000000,10,2000000,1,inner,32,52044211,52638601,72936629,72936629;55066105;52334257;52638601;52044211
validation-32,1,baseline,join,2000000,10,2000000,1,inner,32,52616011,54600524,75365654,75365654;56397890;52616011;52830947;54600524
validation-32,0,baseline,join,2000000,10,2000000,1,full,32,384842978,405448350,412958790,405575358;403137764;384842978;412958790;405448350
validation-32,0,candidate,join,2000000,10,2000000,1,full,32,385649833,386167392,401639353,401639353;385649833;385716341;390765246;386167392
validation-32,1,candidate,join,2000000,10,2000000,1,full,32,356989441,396085636,415965123,415965123;414186466;396085636;373404143;356989441
validation-32,1,baseline,join,2000000,10,2000000,1,full,32,369359679,395402929,411635554,411635554;369359679;395402929;376274299;402096103
validation-32,0,baseline,join,2000000,10,2000000,1,semi,32,58221066,59688789,70679991,70679991;59688789;58221066;62493766;59633669
validation-32,0,candidate,join,2000000,10,2000000,1,semi,32,58285645,59042560,73992070,73992070;59469592;58285645;59042560;58324334
validation-32,1,candidate,join,2000000,10,2000000,1,semi,32,58536100,58675337,71116674,71116674;59809086;58536100;58589799;58675337
validation-32,1,baseline,join,2000000,10,2000000,1,semi,32,59054810,59418423,70930687,70930687;59054810;59418423;60258498;59219807
validation-32,0,baseline,join,4000000,1,4000000,1,inner,32,94534203,102092191,122167694,122167694;94534203;101592621;102092191;102649201
validation-32,0,candidate,join,4000000,1,4000000,1,inner,32,98912041,102070352,124468881,124468881;98912041;100609589;102070352;107147996
validation-32,1,candidate,join,4000000,1,4000000,1,inner,32,94077502,106407480,121069065,121069065;94077502;106407480;106695455;101068310
validation-32,1,baseline,join,4000000,1,4000000,1,inner,32,96460787,107815194,133297635,133297635;96460787;108515881;103318018;107815194
validation-32,0,baseline,join,4000000,1,4000000,1,full,32,315721007,384511404,388247254,384511404;315721007;379302012;388247254;385257969
validation-32,0,candidate,join,4000000,1,4000000,1,full,32,323041689,386822891,418117712,418117712;323041689;386822891;374566300;389248175
validation-32,1,candidate,join,4000000,1,4000000,1,full,32,351945955,385434646,427802881,427802881;351945955;401315448;383426094;385434646
validation-32,1,baseline,join,4000000,1,4000000,1,full,32,320029476,372182825,411022185,411022185;320029476;366085210;372182825;376779849
validation-32,0,baseline,join,4000000,1,4000000,1,semi,32,62352098,65611967,107093407,107093407;62352098;65611967;64963959;75311645
validation-32,0,candidate,join,4000000,1,4000000,1,semi,32,62295419,63748532,101768798,101768798;62676633;65008428;62295419;63748532
validation-32,1,candidate,join,4000000,1,4000000,1,semi,32,63254712,75867134,100509481,100509481;63254712;78531045;75867134;63626474
validation-32,1,baseline,join,4000000,1,4000000,1,semi,32,63518586,76020591,100581470,100581470;63518586;76450843;76020591;74855173
validation-32,0,baseline,join,4000000,4,4000000,1,inner,32,126516062,135126871,170285550,170285550;139446929;126516062;132849903;135126871
validation-32,0,candidate,join,4000000,4,4000000,1,inner,32,106834272,111252829,152644301,152644301;111252829;108702248;106834272;111319698
validation-32,1,candidate,join,4000000,4,4000000,1,inner,32,100319044,112403857,150076540,150076540;113695523;112403857;107454411;100319044
validation-32,1,baseline,join,4000000,4,4000000,1,inner,32,126879506,130843901,164943750,164943750;126879506;129380498;132660617;130843901
validation-32,0,baseline,join,4000000,4,4000000,1,full,32,761861312,786050836,789962495,788570510;761861312;786050836;789962495;774439926
validation-32,0,candidate,join,4000000,4,4000000,1,full,32,775350878,784714292,799173340,799173340;792642893;784714292;775350878;781669179
validation-32,1,candidate,join,4000000,4,4000000,1,full,32,781075090,796225025,815988574,794345961;796225025;815988574;781075090;805685608
validation-32,1,baseline,join,4000000,4,4000000,1,full,32,796916983,812113687,828751494,828751494;796916983;799652801;812113687;813263964
validation-32,0,baseline,join,4000000,4,4000000,1,semi,32,129106693,140030609,181976870,181976870;142753647;140030609;129106693;132316133
validation-32,0,candidate,join,4000000,4,4000000,1,semi,32,115441800,118053311,128136932,128136932;118053311;115441800;123316343;115502309
validation-32,1,candidate,join,4000000,4,4000000,1,semi,32,112312509,114836322,128503435,128503435;114511217;121280991;112312509;114836322
validation-32,1,baseline,join,4000000,4,4000000,1,semi,32,139911171,141397673,170198881,170198881;140187785;139911171;143717029;141397673
validation-32,0,baseline,join,4000000,10,4000000,1,inner,32,99841403,106075966,142808525,142808525;109322526;106075966;102641131;99841403
validation-32,0,candidate,join,4000000,10,4000000,1,inner,32,99659537,107637237,144617012,144617012;108229656;107637237;101312996;99659537
validation-32,1,candidate,join,4000000,10,4000000,1,inner,32,98110106,101313756,142266496,142266496;103674161;98110106;101313756;98854142
validation-32,1,baseline,join,4000000,10,4000000,1,inner,32,97833321,101056510,140560388,140560388;103508955;97833321;99510410;101056510
validation-32,0,baseline,join,4000000,10,4000000,1,full,32,773980823,780344584,790512172,780344584;776081654;773980823;790512172;786387519
validation-32,0,candidate,join,4000000,10,4000000,1,full,32,800713490,818068724,824583962,808686381;800713490;824583962;818068724;824351016
validation-32,1,candidate,join,4000000,10,4000000,1,full,32,811629316,813343072,818834020,811699174;818834020;811629316;813343072;818700712
validation-32,1,baseline,join,4000000,10,4000000,1,full,32,783671310,792048153,807957974,792048153;783671310;807957974;788131466;792198630
validation-32,0,baseline,join,4000000,10,4000000,1,semi,32,111796929,114380390,127919695,127919695;115085067;114380390;111796929;114255832
validation-32,0,candidate,join,4000000,10,4000000,1,semi,32,115681345,119327067,130546397,130546397;115681345;122647005;115857912;119327067
validation-32,1,candidate,join,4000000,10,4000000,1,semi,32,114390720,123674975,137710931,137710931;124728606;123674975;123171225;114390720
validation-32,1,baseline,join,4000000,10,4000000,1,semi,32,114329471,120296088,134914545,134914545;120296088;123114366;114329471;115281054
validation-32,0,baseline,ordered_join,1000000,1,1000000,1,full,32,66518590,66964391,95444676,95444676;70827069;66964391;66822304;66518590
validation-32,0,candidate,ordered_join,1000000,1,1000000,1,full,32,67134228,68298566,96332959,96332959;72180373;68298566;67316695;67134228
validation-32,1,candidate,ordered_join,1000000,1,1000000,1,full,32,67813606,68774647,97231882,97231882;73575368;68774647;67946033;67813606
validation-32,1,baseline,ordered_join,1000000,1,1000000,1,full,32,65157936,66475000,95780490,95780490;72033506;66063548;65157936;66475000
validation-32,0,baseline,ordered_join,1250000,1,1250000,1,full,32,79780570,80668894,115105986,115105986;79780570;80433978;80668894;80999367
validation-32,0,candidate,ordered_join,1250000,1,1250000,1,full,32,82484219,83461822,115331952,115331952;83715186;83461822;82928230;82484219
validation-32,1,candidate,ordered_join,1250000,1,1250000,1,full,32,81854511,82257533,113358819,113358819;82091937;82257533;82339573;81854511
validation-32,1,baseline,ordered_join,1250000,1,1250000,1,full,32,81530208,82437360,115811903,115811903;84879315;81530208;82437360;82217045
validation-32,0,baseline,ordered_join,2000000,1,2000000,1,full,32,130044256,132984460,194592233,194592233;134567760;130044256;132984460;132585188
validation-32,0,candidate,ordered_join,2000000,1,2000000,1,full,32,127774039,128223920,171213532,171213532;131767384;128173101;127774039;128223920
validation-32,1,candidate,ordered_join,2000000,1,2000000,1,full,32,100216706,129044244,176612750,176612750;136822668;129044244;128014204;100216706
validation-32,1,baseline,ordered_join,2000000,1,2000000,1,full,32,131614366,133312394,203618183,203618183;133949002;132491600;133312394;131614366
validation-32,0,baseline,ordered_join,4000000,1,4000000,1,full,32,226035472,294903876,308478802,308478802;226035472;294903876;270297310;298173745
validation-32,0,candidate,ordered_join,4000000,1,4000000,1,full,32,213802941,223520589,300636779,300636779;221149994;228151341;213802941;223520589
validation-32,1,candidate,ordered_join,4000000,1,4000000,1,full,32,218573652,232867373,304266421,304266421;234207858;218573652;232867373;231039247
validation-32,1,baseline,ordered_join,4000000,1,4000000,1,full,32,230413119,283318234,306878122,306878122;230413119;280313882;283318234;283556750
validation-32,0,baseline,join,1250000,1,1250000,1,full,32,152042092,152760709,184509802,184509802;153401806;152360046;152760709;152042092
validation-32,0,candidate,join,1250000,1,1250000,1,full,32,108559239,111723720,153980346,153980346;113266550;108559239;111723720;111185710
validation-32,1,candidate,join,1250000,1,1250000,1,full,32,109510951,111063653,155226152,155226152;109532941;109510951;111307378;111063653
validation-32,1,baseline,join,1250000,1,1250000,1,full,32,146896059,148328342,179449647,164960069;179449647;148328342;148104216;146896059
validation-32,0,baseline,join,1250000,4,1250000,1,full,32,211717610,231500699,258880324,258880324;211717610;212366728;231500699;231712694
validation-32,0,candidate,join,1250000,4,1250000,1,full,32,164178654,169445895,209526422,209526422;164178654;167227946;169445895;173271413
validation-32,1,candidate,join,1250000,4,1250000,1,full,32,161680011,173686075,180504717,180504717;173686075;174108387;166774035;161680011
validation-32,1,baseline,join,1250000,4,1250000,1,full,32,225618829,236401747,260348856,260348856;225618829;228251100;236401747;242246257
validation-32,0,baseline,join,1250000,10,1250000,1,full,32,231665836,233668588,255054796,255054796;237035414;231665836;233668588;233083099
validation-32,0,candidate,join,1250000,10,1250000,1,full,32,235444095,241783285,290970491,290970491;249267325;240916181;241783285;235444095
validation-32,1,candidate,join,1250000,10,1250000,1,full,32,245172562,246538706,301407644,301407644;246353420;246538706;245172562;252470735
validation-32,1,baseline,join,1250000,10,1250000,1,full,32,236776269,243179789,264369680,264369680;243179789;254847940;238199342;236776269
validation-32,0,baseline,join,10000000,1,10000000,1,inner,32,246630024,259399154,288379299,288379299;246630024;259399154;259807056;250445383
validation-32,0,candidate,join,10000000,1,10000000,1,inner,32,245484836,247468868,286339408,286339408;247411069;247468868;255370110;245484836
validation-32,1,candidate,join,10000000,1,10000000,1,inner,32,249540039,251835816,285103331,285103331;251217918;257843553;249540039;251835816
validation-32,1,baseline,join,10000000,1,10000000,1,inner,32,252634611,255620855,291957302,291957302;252634611;262048874;254411348;255620855
validation-32,0,baseline,join,10000000,2,10000000,1,semi,32,342956674,345693352,422983299,422983299;345693352;345071063;363190803;342956674
validation-32,0,candidate,join,10000000,2,10000000,1,semi,32,268300656,278084273,299160867,299160867;273296483;268300656;287538105;278084273
validation-32,1,candidate,join,10000000,2,10000000,1,semi,32,278199221,287079444,292943253,292943253;287381468;287079444;278199221;279029665
validation-32,1,baseline,join,10000000,2,10000000,1,semi,32,385214509,398437490,483712637,483712637;406405320;398437490;385214509;397905390
validation-first-32,0,baseline,join,250000,1,250000,1,inner,32,8070210,8631410,12492188,12492188;8631410;8420204;8070210;8638049
validation-first-32,0,candidate,join,250000,1,250000,1,inner,32,7824845,7955202,12469718,12469718;8593720;7824845;7926823;7955202
validation-first-32,1,candidate,join,250000,1,250000,1,inner,32,7901163,8184748,12050597,12050597;8212517;8184748;8093300;7901163
validation-first-32,1,baseline,join,250000,1,250000,1,inner,32,7982751,8044361,12437549,12437549;8343125;7982751;8026191;8044361
validation-first-32,0,baseline,join,250000,1,250000,1,full,32,18371299,22705648,27610107,18936758;27081477;22705648;18371299;27610107
validation-first-32,0,candidate,join,250000,1,250000,1,full,32,18718842,24021134,27744624,18718842;26148555;24021134;19803513;27744624
validation-first-32,1,candidate,join,250000,1,250000,1,full,32,18641364,23984435,28665128,18641364;26093765;23984435;20001509;28665128
validation-first-32,1,baseline,join,250000,1,250000,1,full,32,18165533,23458875,27688266,20568898;27106627;23458875;18165533;27688266
validation-first-32,0,baseline,join,250000,1,250000,1,semi,32,4212202,5151654,5690744,5690744;4212202;5151654;5185074;4963198
validation-first-32,0,candidate,join,250000,1,250000,1,semi,32,5084826,5468299,5617166,5560586;5468299;5617166;5255592;5084826
validation-first-32,1,candidate,join,250000,1,250000,1,semi,32,4765332,5017227,5231512,5094576;5231512;5017227;4765332;4882819
validation-first-32,1,baseline,join,250000,1,250000,1,semi,32,4762192,5096365,5427720,5239782;5427720;4989817;5096365;4762192
validation-first-32,0,baseline,join,250000,4,250000,1,inner,32,11826971,12110915,14921123,14921123;12110915;11976987;11826971;12178154
validation-first-32,0,candidate,join,250000,4,250000,1,inner,32,11505306,12034676,14464112,14464112;11505306;11899069;12034676;12522727
validation-first-32,1,candidate,join,250000,4,250000,1,inner,32,12468409,12644065,15549141,15549141;12518787;12468409;12755393;12644065
validation-first-32,1,baseline,join,250000,4,250000,1,inner,32,12223293,12564707,15094799,15094799;12522668;13376821;12223293;12564707
validation-first-32,0,baseline,join,250000,4,250000,1,full,32,33561966,36702819,38577394,38577394;37515593;33561966;34247575;36702819
validation-first-32,0,candidate,join,250000,4,250000,1,full,32,34010288,36327445,38835198,38835198;36698789;36327445;35267605;34010288
validation-first-32,1,candidate,join,250000,4,250000,1,full,32,33917620,34606757,37655131,37655131;34708415;33917620;34008169;34606757
validation-first-32,1,baseline,join,250000,4,250000,1,full,32,33907940,34568478,41144766,41144766;34385691;33907940;34568478;36017411
validation-first-32,0,baseline,join,250000,4,250000,1,semi,32,5675045,5740263,5743643,5743643;5675045;5740263;5698805;5742773
validation-first-32,0,candidate,join,250000,4,250000,1,semi,32,5938379,6022068,6349252,6349252;6131106;5942140;6022068;5938379
validation-first-32,1,candidate,join,250000,4,250000,1,semi,32,5693894,5965499,6205935,6205935;6080637;5693894;5873421;5965499
validation-first-32,1,baseline,join,250000,4,250000,1,semi,32,5782143,5867671,6150946,6150946;5943729;5826752;5782143;5867671
validation-first-32,0,baseline,join,250000,10,250000,1,inner,32,11540965,11983857,13054398,13054398;11983857;11944728;12237333;11540965
validation-first-32,0,candidate,join,250000,10,250000,1,inner,32,11569285,12364591,13257004,13257004;11697193;12721893;12364591;11569285
validation-first-32,1,candidate,join,250000,10,250000,1,inner,32,11531225,12188114,13467130,13467130;12188114;11531225;12860352;11732573
validation-first-32,1,baseline,join,250000,10,250000,1,inner,32,12245533,12427340,12950049,12950049;12365270;12427340;12245533;12478268
validation-first-32,0,baseline,join,250000,10,250000,1,full,32,33007807,36663859,40353700,33007807;36663859;35947763;40353700;38726911
validation-first-32,0,candidate,join,250000,10,250000,1,full,32,32374959,37903456,38662442,37903456;37245448;38594193;38662442;32374959
validation-first-32,1,candidate,join,250000,10,250000,1,full,32,34857783,38247369,39731972,39301800;38247369;34857783;37461944;39731972
validation-first-32,1,baseline,join,250000,10,250000,1,full,32,32474126,37774379,44969524,35994601;44969524;38372208;32474126;37774379
validation-first-32,0,baseline,join,250000,10,250000,1,semi,32,12479778,12967139,13344422,12967139;13073937;12479778;12692224;13344422
validation-first-32,0,candidate,join,250000,10,250000,1,semi,32,6896922,7485941,7593308,7485941;6896922;7593308;7033210;7574609
validation-first-32,1,candidate,join,250000,10,250000,1,semi,32,6676396,7165917,7422422,7422422;6676396;6972190;7165917;7290495
validation-first-32,1,baseline,join,250000,10,250000,1,semi,32,12625055,13140046,13607937,13236044;13140046;12811252;12625055;13607937
validation-first-32,0,baseline,join,1000000,1,1000000,1,inner,32,42428003,43159378,51356796,51356796;50107519;42428003;43159378;42781875
validation-first-32,0,candidate,join,1000000,1,1000000,1,inner,32,28006480,28694687,36551912,36551912;31944217;28006480;28303494;28694687
validation-first-32,1,candidate,join,1000000,1,1000000,1,inner,32,28790335,29379034,38866238,38866238;28834734;29379034;30710280;28790335
validation-first-32,1,baseline,join,1000000,1,1000000,1,inner,32,42866134,43583091,52328737,52328737;51932296;43203807;43583091;42866134
validation-first-32,0,baseline,join,1000000,1,1000000,1,full,32,108663212,110489307,133324524,133324524;109566105;110538917;110489307;108663212
validation-first-32,0,candidate,join,1000000,1,1000000,1,full,32,70186786,89032736,115220520,115220520;89032736;89484498;87651822;70186786
validation-first-32,1,candidate,join,1000000,1,1000000,1,full,32,70867713,88608794,119777375,119777375;95563404;88608794;87738090;70867713
validation-first-32,1,baseline,join,1000000,1,1000000,1,full,32,105579498,107508203,137207271,137207271;113114489;107508203;107386386;105579498
validation-first-32,0,baseline,join,1000000,1,1000000,1,semi,32,20318652,21775716,23815218,23815218;20318652;21606219;22510141;21775716
validation-first-32,0,candidate,join,1000000,1,1000000,1,semi,32,20285763,22077860,24236810,24236810;20285763;21799355;22510942;22077860
validation-first-32,1,candidate,join,1000000,1,1000000,1,semi,32,20530159,21668027,23898146,23898146;20530159;21146547;21680497;21668027
validation-first-32,1,baseline,join,1000000,1,1000000,1,semi,32,18691243,19274512,23898246,23898246;20359702;19274512;18848280;18691243
validation-first-32,0,baseline,join,1000000,4,1000000,1,inner,32,93064461,95151822,105521380,105521380;95300800;93824187;93064461;95151822
validation-first-32,0,candidate,join,1000000,4,1000000,1,inner,32,29239126,30568093,39137562,39137562;29696489;31887218;30568093;29239126
validation-first-32,1,candidate,join,1000000,4,1000000,1,inner,32,27833153,29912114,39199762,39199762;30007222;29191068;29912114;27833153
validation-first-32,1,baseline,join,1000000,4,1000000,1,inner,32,92786166,92908924,106186968,106186968;95806020;92908924;92786166;92844096
validation-first-32,0,baseline,join,1000000,4,1000000,1,full,32,167960010,180940469,208454467,208454467;167960010;182833723;180940469;176713137
validation-first-32,0,candidate,join,1000000,4,1000000,1,full,32,142397385,150749279,165650923,165650923;142397385;147589408;150749279;157432056
validation-first-32,1,candidate,join,1000000,4,1000000,1,full,32,143398476,153690895,164753709,164753709;147387482;143398476;155892673;153690895
validation-first-32,1,baseline,join,1000000,4,1000000,1,full,32,165449557,180159473,201182642,201182642;165449557;182097697;180159473;168858943
validation-first-32,0,baseline,join,1000000,4,1000000,1,semi,32,20268084,20316753,26756593,26756593;20567497;20316753;20307352;20268084
validation-first-32,0,candidate,join,1000000,4,1000000,1,semi,32,20118756,20460819,26746023,26746023;20612997;20222135;20118756;20460819
validation-first-32,1,candidate,join,1000000,4,1000000,1,semi,32,22368675,23291297,25882139,25882139;22368675;23291297;23009773;23551252
validation-first-32,1,baseline,join,1000000,4,1000000,1,semi,32,20245174,20294153,26089645,26089645;20552909;20245174;20247554;20294153
validation-first-32,0,baseline,join,1000000,10,1000000,1,inner,32,28790754,29523862,38734820,38734820;29523862;30097201;29231957;28790754
validation-first-32,0,candidate,join,1000000,10,1000000,1,inner,32,28178407,29483382,39768801,39768801;29483382;29143719;31936836;28178407
validation-first-32,1,candidate,join,1000000,10,1000000,1,inner,32,28749516,29692588,40566327,40566327;29692588;29530151;30317337;28749516
validation-first-32,1,baseline,join,1000000,10,1000000,1,inner,32,29242036,30470624,40781332,40781332;29804407;29242036;30897266;30470624
validation-first-32,0,baseline,join,1000000,10,1000000,1,full,32,175950491,177863825,207215210,207215210;178732059;175950491;177863825;176605449
validation-first-32,0,candidate,join,1000000,10,1000000,1,full,32,190942452,194237801,225477480,225477480;194237801;190942452;193642642;195453938
validation-first-32,1,candidate,join,1000000,10,1000000,1,full,32,193541914,197085787,230620415,230620415;200073582;193541914;197085787;193582513
validation-first-32,1,baseline,join,1000000,10,1000000,1,full,32,178930865,179271399,209247842,209247842;179221959;179271399;183077488;178930865
validation-first-32,0,baseline,join,1000000,10,1000000,1,semi,32,33810761,37077811,37545393,33810761;37545393;36021500;37255518;37077811
validation-first-32,0,candidate,join,1000000,10,1000000,1,semi,32,26515197,26985268,28338933,28338933;26515197;26985268;26834582;27001738
validation-first-32,1,candidate,join,1000000,10,1000000,1,semi,32,27204164,27327252,28920793,28920793;27698685;27291223;27204164;27327252
validation-first-32,1,baseline,join,1000000,10,1000000,1,semi,32,33066276,36090059,37301168,33066276;37192319;37301168;35476650;36090059
validation-first-32,0,baseline,join,2000000,1,2000000,1,inner,32,51806717,54140874,66818909,66818909;51806717;54140874;55727194;53092114
validation-first-32,0,candidate,join,2000000,1,2000000,1,inner,32,52015684,52764089,69446129,69446129;52015684;53280649;52338828;52764089
validation-first-32,1,candidate,join,2000000,1,2000000,1,inner,32,47731333,55072127,67656283,67656283;47731333;53752111;56105107;55072127
validation-first-32,1,baseline,join,2000000,1,2000000,1,inner,32,50037760,54760952,66565633,66565633;50037760;54760952;55371521;54001156
validation-first-32,0,baseline,join,2000000,1,2000000,1,full,32,155934432,157911995,225777175,225777175;161503409;156539310;155934432;157911995
validation-first-32,0,candidate,join,2000000,1,2000000,1,full,32,158950626,167497277,232790574,232790574;168069346;158950626;162006129;167497277
validation-first-32,1,candidate,join,2000000,1,2000000,1,full,32,156579380,158377657,221593022,221593022;161379291;157228588;158377657;156579380
validation-first-32,1,baseline,join,2000000,1,2000000,1,full,32,157191969,166020024,223590324,223590324;171761698;166020024;158964625;157191969
validation-first-32,0,baseline,join,2000000,1,2000000,1,semi,32,35630068,36979373,40222042,40222042;35630068;36979373;36642909;37379435
validation-first-32,0,candidate,join,2000000,1,2000000,1,semi,32,37549532,42724495,46742602,46742602;37549532;42604108;42909633;42724495
validation-first-32,1,candidate,join,2000000,1,2000000,1,semi,32,40457258,42189126,45770079,45770079;40457258;42293054;42189126;41721875
validation-first-32,1,baseline,join,2000000,1,2000000,1,semi,32,40475488,42191876,51755138,51755138;42191876;42327073;41938280;40475488
validation-first-32,0,baseline,join,2000000,4,2000000,1,inner,32,65802777,70786714,99593669,99593669;65802777;71456882;70767944;70786714
validation-first-32,0,candidate,join,2000000,4,2000000,1,inner,32,53802100,55641095,73320347,73320347;57597800;54457778;55641095;53802100
validation-first-32,1,candidate,join,2000000,4,2000000,1,inner,32,53586865,53852468,72929995,72929995;58327776;53803759;53586865;53852468
validation-first-32,1,baseline,join,2000000,4,2000000,1,inner,32,70850333,71460562,105982010,105982010;71460562;74205911;71355333;70850333
validation-first-32,0,baseline,join,2000000,4,2000000,1,full,32,223026995,225852252,315923928,315923928;272460395;225852252;223026995;225645485
validation-first-32,0,candidate,join,2000000,4,2000000,1,full,32,226563839,233774095,331511187,331511187;271382886;226563839;227074408;233774095
validation-first-32,1,candidate,join,2000000,4,2000000,1,full,32,225835672,227562460,322601563,322601563;272588912;225835672;227562460;226871302
validation-first-32,1,baseline,join,2000000,4,2000000,1,full,32,229764829,240221945,327431333,327431333;279474155;240221945;229764829;230580503
validation-first-32,0,baseline,join,2000000,4,2000000,1,semi,32,40060075,46127302,51805227,51805227;46127302;45632361;46222391;40060075
validation-first-32,0,candidate,join,2000000,4,2000000,1,semi,32,45246479,46060523,50941773,50941773;46765871;45246479;46060523;45916137
validation-first-32,1,candidate,join,2000000,4,2000000,1,semi,32,44998783,46053964,50952903,50952903;47212343;44998783;46053964;45497064
validation-first-32,1,baseline,join,2000000,4,2000000,1,semi,32,38714390,45232119,50838865,50838865;45232119;45294438;38780539;38714390
validation-first-32,0,baseline,join,2000000,10,2000000,1,inner,32,56794664,58498762,74397227,74397227;58302926;58498762;58915445;56794664
validation-first-32,0,candidate,join,2000000,10,2000000,1,inner,32,53312109,56931431,80645230,80645230;65926935;56931431;53312109;55919640
validation-first-32,1,candidate,join,2000000,10,2000000,1,inner,32,53453896,54658084,76786303,76786303;55474788;53453896;54658084;54200172
validation-first-32,1,baseline,join,2000000,10,2000000,1,inner,32,53541694,57437843,77710625,77710625;57437843;53541694;55625776;57903053
validation-first-32,0,baseline,join,2000000,10,2000000,1,full,32,387441847,412562329,438340130,438340130;387441847;426459101;400697519;412562329
validation-first-32,0,candidate,join,2000000,10,2000000,1,full,32,373529965,410656704,421013622,397092117;411830892;373529965;421013622;410656704
validation-first-32,1,candidate,join,2000000,10,2000000,1,full,32,405068347,418977049,426510399,426039738;405068347;418977049;413447302;426510399
validation-first-32,1,baseline,join,2000000,10,2000000,1,full,32,407637970,413345624,433004297,433004297;431053204;412833833;407637970;413345624
validation-first-32,0,baseline,join,2000000,10,2000000,1,semi,32,60270459,62878361,72442863,72442863;63772644;60505365;60270459;62878361
validation-first-32,0,candidate,join,2000000,10,2000000,1,semi,32,60897588,61295000,73411865,73411865;61295000;61257491;64605998;60897588
validation-first-32,1,candidate,join,2000000,10,2000000,1,semi,32,61504007,62297461,73973044,73973044;64314095;61504007;62134534;62297461
validation-first-32,1,baseline,join,2000000,10,2000000,1,semi,32,60331548,60883767,73395165,73395165;60658282;60883767;64369073;60331548
validation-first-32,0,baseline,join,4000000,1,4000000,1,inner,32,101568491,107230906,126896739,126896739;101568491;108543262;107230906;105483957
validation-first-32,0,candidate,join,4000000,1,4000000,1,inner,32,101988274,109569842,132092894,132092894;101988274;109403185;110181861;109569842
validation-first-32,1,candidate,join,4000000,1,4000000,1,inner,32,100205866,107164657,128135547,128135547;100205866;107164657;106399471;107623849
validation-first-32,1,baseline,join,4000000,1,4000000,1,inner,32,99849323,108671698,131372647,131372647;99849323;107413743;108671698;108744488
validation-first-32,0,baseline,join,4000000,1,4000000,1,full,32,347908048,397430008,429314445,429314445;347908048;397430008;395745459;403859698
validation-first-32,0,candidate,join,4000000,1,4000000,1,full,32,349154366,402022221,432800490,432800490;349154366;402022221;398470798;408315485
validation-first-32,1,candidate,join,4000000,1,4000000,1,full,32,337464982,408796996,429072568,429072568;337464982;400588498;408796996;409420154
validation-first-32,1,baseline,join,4000000,1,4000000,1,full,32,339150741,394192637,423318165,423318165;339150741;398779281;394192637;374125909
validation-first-32,0,baseline,join,4000000,1,4000000,1,semi,32,66221228,67372396,104496476,104496476;79402123;67183920;66221228;67372396
validation-first-32,0,candidate,join,4000000,1,4000000,1,semi,32,65594080,67331327,104274680,104274680;66654570;65594080;67331327;68762981
validation-first-32,1,candidate,join,4000000,1,4000000,1,semi,32,65087899,66555512,103267769,103267769;65087899;66555512;65268436;76388219
validation-first-32,1,baseline,join,4000000,1,4000000,1,semi,32,64931712,66891656,103030564,103030564;77562647;65019811;66891656;64931712
validation-first-32,0,baseline,join,4000000,4,4000000,1,inner,32,130839875,133531266,168154161,168154161;140809420;132348138;130839875;133531266
validation-first-32,0,candidate,join,4000000,4,4000000,1,inner,32,111682451,112185943,147304609,147304609;113055277;112095624;112185943;111682451
validation-first-32,1,candidate,join,4000000,4,4000000,1,inner,32,113762563,114619457,144759947,144759947;114025548;114619457;113762563;114637657
validation-first-32,1,baseline,join,4000000,4,4000000,1,inner,32,134601816,136861863,174558622,174558622;135863432;136861863;134601816;139924646
validation-first-32,0,baseline,join,4000000,4,4000000,1,full,32,787608434,794602223,804727446,804727446;787608434;787815920;798327664;794602223
validation-first-32,0,candidate,join,4000000,4,4000000,1,full,32,818365170,832574215,845930956,825443079;818365170;838044974;832574215;845930956
validation-first-32,1,candidate,join,4000000,4,4000000,1,full,32,819966308,839275159,856167554,839275159;856167554;847411777;819966308;833292049
validation-first-32,1,baseline,join,4000000,4,4000000,1,full,32,853298386,858364890,867663549,867663549;859851344;854941946;853298386;858364890
validation-first-32,0,baseline,join,4000000,4,4000000,1,semi,32,142387100,150835522,189658699,189658699;150835522;144829154;163953528;142387100
validation-first-32,0,candidate,join,4000000,4,4000000,1,semi,32,127124614,127242651,142683983,142683983;127134514;127515546;127242651;127124614
validation-first-32,1,candidate,join,4000000,4,4000000,1,semi,32,126954946,129116687,145746946,145746946;130270415;126954946;127122803;129116687
validation-first-32,1,baseline,join,4000000,4,4000000,1,semi,32,142384119,147117451,186028377,186028377;142384119;148401287;146382965;147117451
validation-first-32,0,baseline,join,4000000,10,4000000,1,inner,32,113042795,115291914,157664194,157664194;116361294;115291914;113456877;113042795
validation-first-32,0,candidate,join,4000000,10,4000000,1,inner,32,113147623,113516836,152855864,152855864;113516836;113526957;113352170;113147623
validation-first-32,1,candidate,join,4000000,10,4000000,1,inner,32,113396159,113555745,154476784,154476784;113555745;113396159;114091086;113546085
validation-first-32,1,baseline,join,4000000,10,4000000,1,inner,32,110762347,112721071,155070723,155070723;114092236;110762347;112377878;112721071
validation-first-32,0,baseline,join,4000000,10,4000000,1,full,32,828889616,835363585,845971537,828889616;835363585;833090338;845971537;838400507
validation-first-32,0,candidate,join,4000000,10,4000000,1,full,32,831007103,839537116,853114502,839537116;831616083;841882962;831007103;853114502
validation-first-32,1,candidate,join,4000000,10,4000000,1,full,32,845354656,858581369,867298287,845354656;857657686;858581369;867298287;863163714
validation-first-32,1,baseline,join,4000000,10,4000000,1,full,32,832198529,845535530,871236901,832198529;845424602;845535530;857445098;871236901
validation-first-32,0,baseline,join,4000000,10,4000000,1,semi,32,125721109,126850827,142497685,142497685;130148376;126528843;125721109;126850827
validation-first-32,0,candidate,join,4000000,10,4000000,1,semi,32,119530473,127337848,139875825,139875825;129967398;127337848;119530473;125018512
validation-first-32,1,candidate,join,4000000,10,4000000,1,semi,32,118311196,127297549,144687895,144687895;129352720;118311196;127297549;126479583
validation-first-32,1,baseline,join,4000000,10,4000000,1,semi,32,121952568,126307517,142542144,142542144;121952568;124721627;126346176;126307517
validation-first-32,0,baseline,join,10000000,1,10000000,1,inner,32,254884261,265478164,301939295,301939295;266244310;254884261;265478164;263614129
validation-first-32,0,candidate,join,10000000,1,10000000,1,inner,32,252244540,263520540,294743329,294743329;263520540;252244540;267081654;260622215
validation-first-32,1,candidate,join,10000000,1,10000000,1,inner,32,249002961,263679757,296329948,296329948;267774181;263679757;249002961;257973683
validation-first-32,1,baseline,join,10000000,1,10000000,1,inner,32,262114216,265674359,303904838,303904838;266987765;264393834;265674359;262114216
validation-first-32,0,baseline,join,10000000,2,10000000,1,semi,32,376191259,399988157,442711200,442711200;383594912;376191259;400610385;399988157
validation-first-32,0,candidate,join,10000000,2,10000000,1,semi,32,293038629,297587325,305461398,305461398;293038629;301287226;297587325;297277500
validation-first-32,1,candidate,join,10000000,2,10000000,1,semi,32,298847041,299954070,305953508,305953508;298847041;299954070;300529049;299741274
validation-first-32,1,baseline,join,10000000,2,10000000,1,semi,32,377346477,403526949,433035319,433035319;403526949;379696724;423697683;377346477
