suite,round,variant,rows,words,distinct,skew,bits,threads,min_ns,median_ns,max_ns,samples_ns
rows-32,0,merge,8192,2,16,0,12,32,1225446,1234026,1243565,1230566;1225446;1237166;1234026;1243565
rows-32,0,bucket,8192,2,16,0,12,32,853503,883103,896492,864093;896492;885633;853503;883103
rows-32,1,bucket,8192,2,16,0,12,32,861103,883193,1029249,878833;1029249;883612;883193;861103
rows-32,1,merge,8192,2,16,0,12,32,1198676,1211277,1218716,1212246;1198676;1218716;1211277;1204186
rows-32,0,merge,8192,2,16,0,47,32,1208046,1214446,1225136,1208046;1225136;1214446;1214175;1219776
rows-32,0,bucket,8192,2,16,0,47,32,858393,873642,1120418,858393;886603;1120418;873642;873413
rows-32,1,bucket,8192,2,16,0,47,32,870193,881243,1102558,1102558;881243;877873;870193;899702
rows-32,1,merge,8192,2,16,0,47,32,1209796,1221406,1240356,1240356;1221406;1213856;1237526;1209796
rows-32,0,merge,8192,3,16,0,12,32,1217696,1219456,1220986,1220986;1219456;1219996;1217696;1218976
rows-32,0,bucket,8192,3,16,0,12,32,902872,904232,914362,914362;902872;911772;903892;904232
rows-32,1,bucket,8192,3,16,0,12,32,894723,907722,1138698,1138698;903733;907722;929011;894723
rows-32,1,merge,8192,3,16,0,12,32,1199206,1205867,1219926,1204217;1207786;1219926;1205867;1199206
rows-32,0,merge,8192,3,16,0,47,32,1205416,1210186,1218676,1215956;1209826;1218676;1210186;1205416
rows-32,0,bucket,8192,3,16,0,47,32,1147108,1176817,1533690,1180436;1176817;1147108;1175036;1533690
rows-32,1,bucket,8192,3,16,0,47,32,931462,947561,1140138,942682;947561;1140138;962001;931462
rows-32,1,merge,8192,3,16,0,47,32,1204217,1209456,1479161,1479161;1204217;1219716;1209456;1207377
rows-32,0,merge,8192,4,16,0,12,32,1216536,1222327,1237225,1237225;1224056;1218376;1216536;1222327
rows-32,0,bucket,8192,4,16,0,12,32,875883,907122,1264495,1264495;969581;907122;875883;883242
rows-32,1,bucket,8192,4,16,0,12,32,909342,932282,1155237,933171;1155237;914983;909342;932282
rows-32,1,merge,8192,4,16,0,12,32,1208276,1215397,1221206,1208276;1220846;1221206;1214506;1215397
rows-32,0,merge,8192,4,16,0,47,32,1208396,1216086,1226126,1208396;1210956;1216086;1226126;1216586
rows-32,0,bucket,8192,4,16,0,47,32,1007230,1025790,1041909,1025790;1020710;1041909;1007230;1034070
rows-32,1,bucket,8192,4,16,0,47,32,986191,997280,1102528,1102528;1011130;995091;986191;997280
rows-32,1,merge,8192,4,16,0,47,32,1196666,1201657,1228946,1201657;1199107;1196666;1205156;1228946
rows-32,0,merge,16384,2,16,0,12,32,2839974,3173897,3231096,3231096;3022471;3173897;2839974;3210687
rows-32,0,bucket,16384,2,16,0,12,32,941401,968281,1013160,1013160;968281;976380;941401;963161
rows-32,1,bucket,16384,2,16,0,12,32,936612,974560,1205136,974560;989080;936612;958201;1205136
rows-32,1,merge,16384,2,16,0,12,32,2768985,2794975,3173768,2768985;2780605;2794975;2811104;3173768
rows-32,0,merge,16384,2,16,0,47,32,2735177,2889003,3136808,2999252;2889003;2735177;2735477;3136808
rows-32,0,bucket,16384,2,16,0,47,32,974341,1005540,1133628,1133628;1042849;1005540;974341;994651
rows-32,1,bucket,16384,2,16,0,47,32,1009160,1033200,1128587,1128587;1017160;1033200;1009160;1048220
rows-32,1,merge,16384,2,16,0,47,32,2749016,2848884,3228527,3065589;2848884;2749016;2780585;3228527
rows-32,0,merge,16384,3,16,0,12,32,3052710,3299075,3813775,3813775;3299075;3372233;3286215;3052710
rows-32,0,bucket,16384,3,16,0,12,32,1001230,1038889,1127688,1127688;1065229;1001230;1038889;1026679
rows-32,1,bucket,16384,3,16,0,12,32,1023990,1079689,1194797,1079689;1034950;1094999;1023990;1194797
rows-32,1,merge,16384,3,16,0,12,32,2852454,2861624,3038110,3038110;2933832;2861624;2852454;2854113
rows-32,0,merge,16384,3,16,0,47,32,2792425,2926283,3322585,3209937;3322585;2926283;2821874;2792425
rows-32,0,bucket,16384,3,16,0,47,32,1083038,1128048,1415622,1415622;1136307;1128048;1107538;1083038
rows-32,1,bucket,16384,3,16,0,47,32,1135058,1142538,1320324,1137557;1142538;1320324;1135058;1165447
rows-32,1,merge,16384,3,16,0,47,32,2778706,2877283,3239836,3239836;2799455;2778706;3212876;2877283
rows-32,0,merge,16384,4,16,0,12,32,2806485,3157728,3348724,3157728;3348724;2827275;2806485;3266366
rows-32,0,bucket,16384,4,16,0,12,32,1063459,1095798,1424762,1063459;1070558;1424762;1105369;1095798
rows-32,1,bucket,16384,4,16,0,12,32,1078909,1122248,1162677,1162677;1098649;1078909;1128788;1122248
rows-32,1,merge,16384,4,16,0,12,32,2909523,3102039,3325615,2909523;3233157;3102039;3325615;2925133
rows-32,0,merge,16384,4,16,0,47,32,2831135,2860525,3214387,2840504;2831135;2860525;3214387;2868814
rows-32,0,bucket,16384,4,16,0,47,32,1220527,1229256,1233896,1233446;1229256;1233896;1226055;1220527
rows-32,1,bucket,16384,4,16,0,47,32,1203756,1273985,1607548,1607548;1203756;1319075;1231935;1273985
rows-32,1,merge,16384,4,16,0,47,32,3263556,3296715,3456582,3296715;3263556;3311205;3456582;3291465
rows-32,0,merge,32768,2,16,0,12,32,3617249,3654968,3823295,3790675;3617249;3823295;3630099;3654968
rows-32,0,bucket,32768,2,16,0,12,32,1117258,1151877,1287004,1287004;1151877;1179647;1122758;1117258
rows-32,1,bucket,32768,2,16,0,12,32,1115618,1137868,1319424,1148937;1137868;1122758;1319424;1115618
rows-32,1,merge,32768,2,16,0,12,32,3107138,3146438,3205517,3107138;3205517;3132449;3146438;3147458
rows-32,0,merge,32768,2,16,0,47,32,2942502,3224897,3509451,3224897;3180628;3509451;2942502;3508591
rows-32,0,bucket,32768,2,16,0,47,32,1179697,1227736,1403352,1403352;1227736;1197767;1341293;1179697
rows-32,1,bucket,32768,2,16,0,47,32,1174236,1225556,1390793,1390793;1225556;1178266;1174236;1249556
rows-32,1,merge,32768,2,16,0,47,32,3106339,3159948,3874173,3874173;3130719;3159948;3445822;3106339
rows-32,0,merge,32768,3,16,0,12,32,3236546,3720377,3804705,3720377;3236546;3465112;3804705;3764996
rows-32,0,bucket,32768,3,16,0,12,32,1212387,1227206,1388682,1388682;1236206;1227206;1212387;1220536
rows-32,1,bucket,32768,3,16,0,12,32,1240535,1302095,1523640,1302095;1523640;1343923;1240535;1254195
rows-32,1,merge,32768,3,16,0,12,32,3215627,3581750,6354075,3215627;3581750;3406553;6354075;3618389
rows-32,0,merge,32768,3,16,0,47,32,3013950,3157377,3343214,3179517;3343214;3157377;3013950;3095899
rows-32,0,bucket,32768,3,16,0,47,32,1406063,1458021,1558839,1558839;1504731;1406063;1458021;1451992
rows-32,1,bucket,32768,3,16,0,47,32,1380813,1525310,1574299,1574299;1525310;1533830;1380813;1413902
rows-32,1,merge,32768,3,16,0,47,32,3244376,4039891,4132799,3244376;4039891;4132799;3974622;4074190
rows-32,0,merge,32768,4,16,0,12,32,3446062,3606359,3740236,3740236;3580229;3710887;3606359;3446062
rows-32,0,bucket,32768,4,16,0,12,32,1323034,1416252,1617089,1617089;1444371;1323034;1416252;1370733
rows-32,1,bucket,32768,4,16,0,12,32,1345463,1367164,1610169,1610169;1345463;1363523;1378153;1367164
rows-32,1,merge,32768,4,16,0,12,32,3626729,3653988,3854484,3772726;3854484;3635289;3626729;3653988
rows-32,0,merge,32768,4,16,0,47,32,3173738,3453082,3895543,3624088;3453082;3243966;3895543;3173738
rows-32,0,bucket,32768,4,16,0,47,32,1606868,1619249,1932292,1932292;1616978;1677647;1619249;1606868
rows-32,1,bucket,32768,4,16,0,47,32,1608519,1680267,1826873,1621238;1740996;1826873;1608519;1680267
rows-32,1,merge,32768,4,16,0,47,32,3077929,3231986,3577980,3238316;3577980;3231986;3077929;3097049
rows-32,0,merge,65536,2,16,0,12,32,3636239,4120589,6715508,4518641;4120589;3636239;4080959;6715508
rows-32,0,bucket,65536,2,16,0,12,32,1469491,1524070,1764976,1764976;1534730;1524070;1497681;1469491
rows-32,1,bucket,65536,2,16,0,12,32,1505491,1549259,1783775,1761615;1539829;1783775;1505491;1549259
rows-32,1,merge,65536,2,16,0,12,32,3526631,3618088,4230507,4230507;4088649;3617859;3618088;3526631
rows-32,0,merge,65536,2,16,0,47,32,3415713,3790296,4268476,4268476;3790296;3415713;3826705;3534251
rows-32,0,bucket,65536,2,16,0,47,32,1676267,1695727,2083939,2083939;1682067;1676267;1695727;1703016
rows-32,1,bucket,65536,2,16,0,47,32,1634698,1722306,1760145,1760145;1722306;1732426;1634698;1639128
rows-32,1,merge,65536,2,16,0,47,32,3834274,4161398,4184158,4161398;4165168;4184158;4133499;3834274
rows-32,0,merge,65536,3,16,0,12,32,4018281,4288645,4385764,4283346;4303365;4018281;4385764;4288645
rows-32,0,bucket,65536,3,16,0,12,32,1739005,1747206,1802084,1775215;1802084;1739005;1746195;1747206
rows-32,1,bucket,65536,3,16,0,12,32,1748086,1760905,1849294,1748086;1771755;1760905;1751616;1849294
rows-32,1,merge,65536,3,16,0,12,32,4004331,4411023,4492502,4492502;4411023;4069720;4004331;4421953
rows-32,0,merge,65536,3,16,0,47,32,4016401,4133279,4275196,4275196;4066090;4149638;4133279;4016401
rows-32,0,bucket,65536,3,16,0,47,32,2075319,2113608,3080379,3080379;2113608;2161067;2076619;2075319
rows-32,1,bucket,65536,3,16,0,47,32,2086499,2317414,2504741,2413823;2317414;2504741;2086499;2100708
rows-32,1,merge,65536,3,16,0,47,32,4196077,4528371,5123750,4658988;5123750;4196077;4363815;4528371
rows-32,0,merge,65536,4,16,0,12,32,3963292,4271096,4576620,4576620;4439413;4028700;3963292;4271096
rows-32,0,bucket,65536,4,16,0,12,32,1919082,2002631,2183727,2183727;2002631;1985391;2074409;1919082
rows-32,1,bucket,65536,4,16,0,12,32,1957621,1982101,2188387,2188387;1982101;1971961;2060880;1957621
rows-32,1,merge,65536,4,16,0,12,32,3925003,4462492,5400664,5400664;4569180;4462492;4102620;3925003
rows-32,0,merge,65536,4,16,0,47,32,3660368,4039010,4250116,3660368;4250116;4005401;4039010;4047421
rows-32,0,bucket,65536,4,16,0,47,32,2494221,2516331,2653708,2646108;2494221;2516331;2653708;2497791
rows-32,1,bucket,65536,4,16,0,47,32,2442182,2475921,2805344,2636208;2442182;2449472;2475921;2805344
rows-32,1,merge,65536,4,16,0,47,32,3670317,3761256,3811835,3761256;3811835;3724527;3670317;3801135
rows-32,0,merge,100000,2,16,0,12,32,5795336,5825315,6582200,6582200;5795336;5811586;5855285;5825315
rows-32,0,bucket,100000,2,16,0,12,32,1889413,2016700,2504821,2504821;1988720;2016700;2201246;1889413
rows-32,1,bucket,100000,2,16,0,12,32,1901353,1976351,2046140,2008670;1976351;2046140;1901353;1932912
rows-32,1,merge,100000,2,16,0,12,32,4987092,5138129,5689499,5609340;5005432;4987092;5689499;5138129
rows-32,0,merge,100000,2,16,0,47,32,5112320,5240927,5470622,5470622;5155129;5112320;5240927;5354095
rows-32,0,bucket,100000,2,16,0,47,32,2222826,2255376,2537760,2537760;2230266;2222826;2255376;2265826
rows-32,1,bucket,100000,2,16,0,47,32,2169077,2202027,2489461,2489461;2202027;2184187;2214337;2169077
rows-32,1,merge,100000,2,16,0,47,32,5047861,5583151,6638700,6638700;5583151;5875144;5047861;5315985
rows-32,0,merge,100000,3,16,0,12,32,5471593,6139239,6203018,6199688;6139239;5473882;6203018;5471593
rows-32,0,bucket,100000,3,16,0,12,32,2226166,2256525,2584790,2584790;2226166;2440532;2256525;2243015
rows-32,1,bucket,100000,3,16,0,12,32,2365404,2421872,2425082,2421872;2425082;2424552;2365404;2402363
rows-32,1,merge,100000,3,16,0,12,32,5512302,5723817,6036492,6036492;5617289;5723817;5512302;5873815
rows-32,0,merge,100000,3,16,0,47,32,5357545,5733237,6040311,5740768;5672198;5357545;6040311;5733237
rows-32,0,bucket,100000,3,16,0,47,32,2746085,2906972,3156098,2906972;2746085;2778655;3156098;2981931
rows-32,1,bucket,100000,3,16,0,47,32,2698976,2745396,3068850,2716327;2745396;3068850;2775205;2698976
rows-32,1,merge,100000,3,16,0,47,32,5229137,5327975,6063990,6063990;5247757;5432433;5229137;5327975
rows-32,0,merge,100000,4,16,0,12,32,5462122,5979063,6168189,6149299;5979063;5462122;6168189;5591800
rows-32,0,bucket,100000,4,16,0,12,32,2617499,2863684,2964912,2863684;2668018;2910003;2964912;2617499
rows-32,1,bucket,100000,4,16,0,12,32,2625098,2763556,2798424,2798424;2763556;2625098;2663298;2771276
rows-32,1,merge,100000,4,16,0,12,32,5547751,5661429,5707507,5700468;5547751;5642208;5707507;5661429
rows-32,0,merge,100000,4,16,0,47,32,5665209,5722807,6277117,6277117;5666249;5665209;5722807;5731267
rows-32,0,bucket,100000,4,16,0,47,32,3262526,3401933,4092769,4092769;3401933;3463523;3353224;3262526
rows-32,1,bucket,100000,4,16,0,47,32,3316184,3413553,4018631,4018631;3349134;3413553;3568259;3316184
rows-32,1,merge,100000,4,16,0,47,32,5311376,5448692,5855615,5855615;5448692;5319775;5311376;5623820
rows-32,0,merge,150000,2,16,0,12,32,6575531,7121610,7521272,7470313;6871094;7521272;6575531;7121610
rows-32,0,bucket,150000,2,16,0,12,32,2553260,2585759,3002321,3002321;2568959;2600349;2585759;2553260
rows-32,1,bucket,150000,2,16,0,12,32,2507341,2587679,2970241,2507341;2593540;2531320;2970241;2587679
rows-32,1,merge,150000,2,16,0,12,32,6436533,6514122,6761536,6761536;6514122;6575880;6481583;6436533
rows-32,0,merge,150000,2,16,0,47,32,6523181,7059191,7343666,6975682;7343666;7059191;7178859;6523181
rows-32,0,bucket,150000,2,16,0,47,32,2851134,2981131,3457952,3018820;2851134;3457952;2981131;2936643
rows-32,1,bucket,150000,2,16,0,47,32,2727396,2941132,3861084,3861084;2997101;2727396;2809884;2941132
rows-32,1,merge,150000,2,16,0,47,32,6418554,6886305,6898924,6863985;6896055;6886305;6418554;6898924
rows-32,0,merge,150000,3,16,0,12,32,7404915,7873265,8634610,8634610;7873265;7404915;8242008;7744088
rows-32,0,bucket,150000,3,16,0,12,32,2976692,3252306,3302355,3211587;3302355;3252306;3295575;2976692
rows-32,1,bucket,150000,3,16,0,12,32,3166067,3250536,3311855,3230346;3297436;3166067;3250536;3311855
rows-32,1,merge,150000,3,16,0,12,32,7843956,7869135,8081691,7864635;8047411;7869135;8081691;7843956
rows-32,0,merge,150000,3,16,0,47,32,6524891,7386665,8284097,8284097;6524891;7509722;7245757;7386665
rows-32,0,bucket,150000,3,16,0,47,32,3849454,3868214,3918653,3913903;3918653;3849454;3853284;3868214
rows-32,1,bucket,150000,3,16,0,47,32,3847174,3851414,4116189,3961892;4116189;3851414;3848494;3847174
rows-32,1,merge,150000,3,16,0,47,32,6354775,6745807,7189608,7082271;6745807;6553871;6354775;7189608
rows-32,0,merge,150000,4,16,0,12,32,7298587,7870785,8361926,8361926;7870785;7298587;7330106;8025342
rows-32,0,bucket,150000,4,16,0,12,32,3601049,3678857,4072770,4072770;3748456;3678857;3601049;3638259
rows-32,1,bucket,150000,4,16,0,12,32,3654368,3907653,4298576,4054690;4298576;3877743;3907653;3654368
rows-32,1,merge,150000,4,16,0,12,32,7381555,7719338,9048302,9048302;8530452;7381555;7425543;7719338
rows-32,0,merge,150000,4,16,0,47,32,6622680,6901854,7900674,7900674;6622680;6901854;6658589;7177769
rows-32,0,bucket,150000,4,16,0,47,32,4806686,4915794,5121099,5109640;4915794;5121099;4806686;4915423
rows-32,1,bucket,150000,4,16,0,47,32,4660098,4796775,4998342,4998342;4796775;4841235;4696208;4660098
rows-32,1,merge,150000,4,16,0,47,32,7423934,8085711,10192680,8103980;7948594;10192680;8085711;7423934
rows-32,0,merge,200000,2,16,0,12,32,8119290,8501443,9425574,9425574;9274148;8289127;8119290;8501443
rows-32,0,bucket,200000,2,16,0,12,32,3202177,3290115,3479862,3479862;3419393;3282865;3290115;3202177
rows-32,1,bucket,200000,2,16,0,12,32,3093589,3363664,3513211,3363664;3513211;3417742;3249576;3093589
rows-32,1,merge,200000,2,16,0,12,32,8676929,9242679,9897836,9897836;9824467;9242679;9185649;8676929
rows-32,0,merge,200000,2,16,0,47,32,8327536,8474333,9223098,9223098;8354906;8691189;8327536;8474333
rows-32,0,bucket,200000,2,16,0,47,32,3655858,3742966,3977151,3687007;3977151;3839734;3742966;3655858
rows-32,1,bucket,200000,2,16,0,47,32,3608559,3683618,3892863,3683618;3892863;3680468;3741076;3608559
rows-32,1,merge,200000,2,16,0,47,32,8259077,9040593,10289628,10289628;9040593;9585102;8259077;8484553
rows-32,0,merge,200000,3,16,0,12,32,9280717,9530412,10726909,10726909;10003173;9390565;9530412;9280717
rows-32,0,bucket,200000,3,16,0,12,32,4066820,4306266,4413253,4413253;4362734;4066820;4126959;4306266
rows-32,1,bucket,200000,3,16,0,12,32,3952762,4061601,4267736,4267736;4213957;4023941;4061601;3952762
rows-32,1,merge,200000,3,16,0,12,32,9224559,10017193,10695360,9935825;10017193;9224559;10025463;10695360
rows-32,0,merge,200000,3,16,0,47,32,8428884,9251718,9792308,9792308;9341796;8564791;9251718;8428884
rows-32,0,bucket,200000,3,16,0,47,32,4871754,5049081,5247716,5064780;5049081;5042601;5247716;4871754
rows-32,1,bucket,200000,3,16,0,47,32,4908974,5180519,6029932,5254006;6029932;5180519;5180128;4908974
rows-32,1,merge,200000,3,16,0,47,32,8638670,9244718,9652411,9652411;8980923;9244718;9284628;8638670
rows-32,0,merge,200000,4,16,0,12,32,8849566,10158391,10846207,10846207;10729359;10158391;8995873;8849566
rows-32,0,bucket,200000,4,16,0,12,32,4834284,4946933,5162579,5162579;4946933;4919924;4834284;5047190
rows-32,1,bucket,200000,4,16,0,12,32,4757297,4940293,5406093,5406093;5270596;4940293;4769337;4757297
rows-32,1,merge,200000,4,16,0,12,32,9988424,10129001,11567813,11567813;10137410;9988424;10098472;10129001
rows-32,0,merge,200000,4,16,0,47,32,8968503,9305537,9602211,8968503;9145750;9353906;9602211;9305537
rows-32,0,bucket,200000,4,16,0,47,32,6386775,6609080,6910134,6386775;6495582;6910134;6609080;6857925
rows-32,1,bucket,200000,4,16,0,47,32,6142609,6380125,7049511,6380125;7049511;6602370;6269226;6142609
rows-32,1,merge,200000,4,16,0,47,32,8426425,8648980,9664430,9664430;8426425;8448944;9237258;8648980
rows-32,0,merge,250000,2,16,0,12,32,8223099,8346666,9290907,9290907;8520342;8230358;8223099;8346666
rows-32,0,bucket,250000,2,16,0,12,32,3808695,4178778,5237937,5237937;4008601;4178778;4209177;3808695
rows-32,1,bucket,250000,2,16,0,12,32,4030501,4184298,4389693,4184298;4240877;4030501;4172038;4389693
rows-32,1,merge,250000,2,16,0,12,32,8458804,8856736,10069392,10069392;8458804;8856736;8575402;9122131
rows-32,0,merge,250000,2,16,0,47,32,8076961,8890405,9727048,9352555;8076961;8890405;8191739;9727048
rows-32,0,bucket,250000,2,16,0,47,32,4525012,4739607,5218318,5218318;4743266;4739607;4647088;4525012
rows-32,1,bucket,250000,2,16,0,47,32,4617848,5057481,5327355,5057481;4617848;5327355;5260917;4711857
rows-32,1,merge,250000,2,16,0,47,32,8612510,8945284,10039553,10039553;8612510;8945284;9091732;8928724
rows-32,0,merge,250000,3,16,0,12,32,9467054,10378786,11040383,10378786;11040383;10776358;10245478;9467054
rows-32,0,bucket,250000,3,16,0,12,32,5061280,5156169,5531870,5061280;5131920;5334856;5531870;5156169
rows-32,1,bucket,250000,3,16,0,12,32,4921423,4965723,5666289,5666289;5416033;4921423;4943652;4965723
rows-32,1,merge,250000,3,16,0,12,32,9668960,10152691,10913755,10913755;10315268;9668960;10152691;9961684
rows-32,0,merge,250000,3,16,0,47,32,8542402,9029712,9566532,9566532;8542402;9397346;8994784;9029712
rows-32,0,bucket,250000,3,16,0,47,32,6163209,6549951,6723938,6549951;6723938;6355905;6640000;6163209
rows-32,1,bucket,250000,3,16,0,47,32,6164729,6396875,6573911,6573911;6433693;6396875;6194258;6164729
rows-32,1,merge,250000,3,16,0,47,32,8947004,9272607,10023693,9272607;8947004;9112210;9685109;10023693
rows-32,0,merge,250000,4,16,0,12,32,9264348,9617481,10955294,9325317;9264348;9617481;10955294;10720929
rows-32,0,bucket,250000,4,16,0,12,32,6399454,6517772,6957484,6957484;6451173;6682108;6399454;6517772
rows-32,1,bucket,250000,4,16,0,12,32,6339905,6402024,6574451,6429764;6382205;6574451;6402024;6339905
rows-32,1,merge,250000,4,16,0,12,32,9543562,10462104,11006773,10246508;10462104;10767248;11006773;9543562
rows-32,0,merge,250000,4,16,0,47,32,8979564,9431734,10027382,9979434;9371406;10027382;9431734;8979564
rows-32,0,bucket,250000,4,16,0,47,32,7829476,8462154,8962744,8861385;8962744;7938904;7829476;8462154
rows-32,1,bucket,250000,4,16,0,47,32,7735628,8017472,8662539,8017472;8104831;8662539;8011423;7735628
rows-32,1,merge,250000,4,16,0,47,32,8614981,9540092,9677360,9677360;9607921;8652079;9540092;8614981
rows-32,0,merge,500000,2,16,0,12,32,15448396,16215541,17530256,17530256;17234431;15448396;16202561;16215541
rows-32,0,bucket,500000,2,16,0,12,32,7647410,8057512,10673350,10673350;8057512;8857536;7764698;7647410
rows-32,1,bucket,500000,2,16,0,12,32,7697518,8761298,9090562,9090562;8894585;8761298;7697518;8120761
rows-32,1,merge,500000,2,16,0,12,32,13280519,16626223,17860079,17804809;17860079;13280519;16626223;15731580
rows-32,0,merge,500000,2,16,0,47,32,15649003,16786760,20156204,20156204;16786760;16274620;16832119;15649003
rows-32,0,bucket,500000,2,16,0,47,32,8802947,10002163,10439785,10439785;8802947;9497983;10002163;10318707
rows-32,1,bucket,500000,2,16,0,47,32,9861507,10189719,10296518,10189719;9861507;10008343;10296518;10247488
rows-32,1,merge,500000,2,16,0,47,32,15091833,15857598,16514315,16290130;15091833;15491296;16514315;15857598
rows-32,0,merge,500000,3,16,0,12,32,17340399,17961297,19294221,19294221;17340399;17961297;18601744;17900028
rows-32,0,bucket,500000,3,16,0,12,32,10337037,11276789,12590452,11930626;11049893;10337037;11276789;12590452
rows-32,1,bucket,500000,3,16,0,12,32,10577652,11306078,13210970,13210970;11212340;11442815;11306078;10577652
rows-32,1,merge,500000,3,16,0,12,32,16093984,18699212,20213703,20213703;19792501;18699212;16093984;17185723
rows-32,0,merge,500000,3,16,0,47,32,14899517,15513485,19881649,19881649;17429146;15513485;15283080;14899517
rows-32,0,bucket,500000,3,16,0,47,32,13066743,13878877,15450336,13066743;13878877;15450336;13758700;14431436
rows-32,1,bucket,500000,3,16,0,47,32,12406226,13137942,16128033,15611993;16128033;12556833;13137942;12406226
rows-32,1,merge,500000,3,16,0,47,32,15727471,16238910,17502076,17502076;17108744;15727471;15901677;16238910
rows-32,0,merge,500000,4,16,0,12,32,17228362,17674912,21388850,21388850;19019666;17674912;17228362;17309130
rows-32,0,bucket,500000,4,16,0,12,32,12612452,13372877,15322699,15322699;14307849;13029984;13372877;12612452
rows-32,1,bucket,500000,4,16,0,12,32,12284409,13500214,15538004,15538004;13942616;12284409;13500214;13295918
rows-32,1,merge,500000,4,16,0,12,32,18284190,19921298,22152745,22152745;21814031;19921298;18284190;18613134
rows-32,0,merge,500000,4,16,0,47,32,16671113,17339969,20581235,20581235;17709732;17339969;16711752;16671113
rows-32,0,bucket,500000,4,16,0,47,32,17638893,19239022,20769162,19239022;17638893;20769162;19237632;19403789
rows-32,1,bucket,500000,4,16,0,47,32,18027226,19015226,19721942,18027226;18940238;19526126;19721942;19015226
rows-32,1,merge,500000,4,16,0,47,32,16071465,16262461,18803021,18803021;17297280;16262461;16071465;16117364
rows-32,0,merge,1000000,2,16,0,12,32,31436792,34427013,38284837,38284837;34427013;35218948;31436792;31561729
rows-32,0,bucket,1000000,2,16,0,12,32,14797099,15107103,21035777,21035777;20155823;14932687;15107103;14797099
rows-32,1,bucket,1000000,2,16,0,12,32,14503545,15207711,27968851,27968851;18481827;15207711;14960506;14503545
rows-32,1,merge,1000000,2,16,0,12,32,28431941,35139429,37403294,37403294;36439954;32901043;35139429;28431941
rows-32,0,merge,1000000,2,16,0,47,32,31254225,34718898,36867825,36806947;36867825;34718898;33036991;31254225
rows-32,0,bucket,1000000,2,16,0,47,32,18864669,19608335,31023921,31023921;26489480;19500017;18864669;19608335
rows-32,1,bucket,1000000,2,16,0,47,32,16872148,19290681,31448193,31448193;22910280;19159934;19290681;16872148
rows-32,1,merge,1000000,2,16,0,47,32,26636736,31354574,45011396,45011396;34366694;30048359;26636736;31354574
rows-32,0,merge,1000000,3,16,0,12,32,37955284,43419847,55583208,55583208;44528515;43419847;38416555;37955284
rows-32,0,bucket,1000000,3,16,0,12,32,19035225,19858070,37071671,37071671;20465568;19858070;19729442;19035225
rows-32,1,bucket,1000000,3,16,0,12,32,18322150,20676104,36851545,36851545;25348752;20676104;18322150;19666114
rows-32,1,merge,1000000,3,16,0,12,32,38518084,41322118,51207834,51207834;45002706;38518084;40444736;41322118
rows-32,0,merge,1000000,3,16,0,47,32,27554609,37570372,41405026,41405026;38410536;27554609;37570372;33411844
rows-32,0,bucket,1000000,3,16,0,47,32,23316802,27180276,40588352,40588352;35096660;27180276;23316802;23849651
rows-32,1,bucket,1000000,3,16,0,47,32,23489458,23714004,45557285,45557285;31640589;23593447;23489458;23714004
rows-32,1,merge,1000000,3,16,0,47,32,31850284,33655139,42850548,42850548;39605502;31850284;33655139;33269697
rows-32,0,merge,1000000,4,16,0,12,32,37840627,39640472,54677286,54677286;40379847;39640472;39112182;37840627
rows-32,0,bucket,1000000,4,16,0,12,32,22182325,22584626,44530115,44530115;33664728;22187215;22584626;22182325
rows-32,1,bucket,1000000,4,16,0,12,32,22333982,23261463,38861907,38861907;27808664;22333982;23261463;22586466
rows-32,1,merge,1000000,4,16,0,12,32,34438764,40031554,55370232,55370232;42456967;39136882;40031554;34438764
rows-32,0,merge,1000000,4,16,0,47,32,27590548,33256067,45714252,45714252;38691371;33256067;32261506;27590548
rows-32,0,bucket,1000000,4,16,0,47,32,29383563,29939452,57496831,57496831;39009144;29383563;29898683;29939452
rows-32,1,bucket,1000000,4,16,0,47,32,29689217,36243248,56715946,56715946;43311570;36243248;29689217;30687878
rows-32,1,merge,1000000,4,16,0,47,32,30535471,36404395,47993458,47993458;38322147;30535471;34610661;36404395
cardinality-32,0,merge,100000,2,8,0,47,32,6134600,6273837,6442514,6442514;6134600;6250907;6273837;6378855
cardinality-32,0,bucket,100000,2,8,0,47,32,2170807,2376443,2734707,2170807;2376443;2283365;2511121;2734707
cardinality-32,1,bucket,100000,2,8,0,47,32,2181498,2288985,2781136,2781136;2478161;2181498;2242286;2288985
cardinality-32,1,merge,100000,2,8,0,47,32,5075510,5494002,5799086,5656749;5075510;5799086;5350885;5494002
cardinality-32,0,merge,100000,2,16,0,47,32,5192808,5598550,6030991,5598550;5192808;6030991;5747028;5262276
cardinality-32,0,bucket,100000,2,16,0,47,32,2135978,2155787,2327134,2327134;2202797;2155787;2150158;2135978
cardinality-32,1,bucket,100000,2,16,0,47,32,2167337,2292485,2503910,2471021;2503910;2292485;2255925;2167337
cardinality-32,1,merge,100000,2,16,0,47,32,5213787,5591010,5933864,5933864;5786646;5213787;5524802;5591010
cardinality-32,0,merge,100000,2,32,0,47,32,5499142,5568811,5938443,5938443;5568811;5860495;5526581;5499142
cardinality-32,0,bucket,100000,2,32,0,47,32,2732436,2934443,3329905,3329905;2959891;2732436;2934443;2821365
cardinality-32,1,bucket,100000,2,32,0,47,32,2796275,2868404,3149218,3149218;2874874;2868404;2796275;2867493
cardinality-32,1,merge,100000,2,32,0,47,32,5476553,5652390,6129130,6129130;5554992;5762737;5652390;5476553
cardinality-32,0,merge,100000,2,64,0,47,32,5093700,5506472,5860415,5860415;5093700;5294376;5506472;5739958
cardinality-32,0,bucket,100000,2,64,0,47,32,2855254,3007671,3521781,3521781;3069880;3007671;2855254;2954362
cardinality-32,1,bucket,100000,2,64,0,47,32,3006561,3125528,3423553,3423553;3270786;3006561;3125528;3055051
cardinality-32,1,merge,100000,2,64,0,47,32,5531672,5613439,5950883,5657609;5551061;5531672;5950883;5613439
cardinality-32,0,merge,100000,2,65,0,47,32,5644329,5967183,6359095,6359095;5967183;5720137;6022331;5644329
cardinality-32,0,bucket,100000,2,65,0,47,32,2956821,3047070,3423383,3423383;3047070;2956821;2977972;3096850
cardinality-32,1,bucket,100000,2,65,0,47,32,3000381,3040730,3765517,3765517;3032440;3040730;3000381;3228667
cardinality-32,1,merge,100000,2,65,0,47,32,5072011,5198028,5579091,5579091;5418503;5072011;5198028;5149449
cardinality-32,0,merge,100000,2,128,0,47,32,5081090,5411423,5802797,5802797;5411423;5708828;5085040;5081090
cardinality-32,0,bucket,100000,2,128,0,47,32,2986632,3023251,3373564,3373564;3033090;2997961;2986632;3023251
cardinality-32,1,bucket,100000,2,128,0,47,32,2997301,3067790,3452922,3452922;3148887;3067790;2997301;3033740
cardinality-32,1,merge,100000,2,128,0,47,32,5111280,5482633,6458634,6458634;5464143;5111280;5482633;5486742
cardinality-32,0,merge,100000,2,256,0,47,32,4999402,5161558,5666529,5666529;5201898;5161558;4999402;5157779
cardinality-32,0,bucket,100000,2,256,0,47,32,3012361,3092789,3451582,3451582;3195028;3092789;3081830;3012361
cardinality-32,1,bucket,100000,2,256,0,47,32,2973502,3139709,3149458,3142878;3139709;3118269;3149458;2973502
cardinality-32,1,merge,100000,2,256,0,47,32,5081060,5154709,5386934,5386934;5134389;5229427;5154709;5081060
cardinality-32,0,merge,100000,3,8,0,47,32,5125900,5237497,5685838,5685838;5237497;5125900;5173709;5249637
cardinality-32,0,bucket,100000,3,8,0,47,32,3134129,3159408,3316805,3316805;3170808;3154028;3159408;3134129
cardinality-32,1,bucket,100000,3,8,0,47,32,3202127,3328275,3770566,3684358;3328275;3770566;3212537;3202127
cardinality-32,1,merge,100000,3,8,0,47,32,5329645,6276097,6813157,6813157;6276097;5626300;6469643;5329645
cardinality-32,0,merge,100000,3,16,0,47,32,5340515,5832896,5994542,5994542;5832896;5934583;5340515;5628839
cardinality-32,0,bucket,100000,3,16,0,47,32,2716257,2769096,3554471,2734437;2716257;3554471;2769096;2818915
cardinality-32,1,bucket,100000,3,16,0,47,32,2744327,2810385,2887893,2828675;2810385;2780976;2744327;2887893
cardinality-32,1,merge,100000,3,16,0,47,32,5297966,5574951,5646959,5646959;5602480;5428733;5297966;5574951
cardinality-32,0,merge,100000,3,32,0,47,32,5213968,5390025,5649469,5649469;5415974;5390025;5213968;5311516
cardinality-32,0,bucket,100000,3,32,0,47,32,3247586,3410084,3620968,3604050;3247586;3620968;3345424;3410084
cardinality-32,1,bucket,100000,3,32,0,47,32,3437493,3492971,3554190,3554190;3492971;3508881;3491071;3437493
cardinality-32,1,merge,100000,3,32,0,47,32,5392354,5664869,5725037,5712258;5664869;5569030;5725037;5392354
cardinality-32,0,merge,100000,3,64,0,47,32,5387114,5601989,6138669,5713638;5387114;5601989;5535141;6138669
cardinality-32,0,bucket,100000,3,64,0,47,32,3271696,3499612,3656228,3656228;3539771;3331605;3271696;3499612
cardinality-32,1,bucket,100000,3,64,0,47,32,3308015,3504421,3831625,3831625;3504421;3491111;3308015;3583590
cardinality-32,1,merge,100000,3,64,0,47,32,5134810,5213748,5627240,5194898;5426814;5213748;5134810;5627240
cardinality-32,0,merge,100000,3,65,0,47,32,5170629,5819446,5959413,5959413;5819446;5951154;5170629;5243317
cardinality-32,0,bucket,100000,3,65,0,47,32,3493122,3729377,4073591,4073591;3606369;3729377;3774496;3493122
cardinality-32,1,bucket,100000,3,65,0,47,32,3340905,3784276,4042121,4042121;3793806;3340905;3462492;3784276
cardinality-32,1,merge,100000,3,65,0,47,32,5190628,5725018,5910515,5877765;5725018;5910515;5234248;5190628
cardinality-32,0,merge,100000,3,128,0,47,32,5333306,5959803,6282887,6194988;6282887;5696148;5333306;5959803
cardinality-32,0,bucket,100000,3,128,0,47,32,3508621,3543431,3779246,3779246;3512571;3556560;3543431;3508621
cardinality-32,1,bucket,100000,3,128,0,47,32,3256306,3570240,3672168,3672168;3668428;3570240;3256306;3483182
cardinality-32,1,merge,100000,3,128,0,47,32,5169528,5522022,6428824,6428824;5641559;5169528;5347165;5522022
cardinality-32,0,merge,100000,3,256,0,47,32,5065791,5354385,6599171,6599171;5466983;5162278;5354385;5065791
cardinality-32,0,bucket,100000,3,256,0,47,32,3522681,3716628,4159578,4159578;3736807;3522681;3716628;3617880
cardinality-32,1,bucket,100000,3,256,0,47,32,3775366,3866124,4075790,4075790;3866124;3893863;3809815;3775366
cardinality-32,1,merge,100000,3,256,0,47,32,5128199,5797257,5971683,5774746;5797257;5971683;5904384;5128199
cardinality-32,0,merge,100000,4,8,0,47,32,5298476,5389544,6137199,6137199;5298476;5389544;5631709;5384814
cardinality-32,0,bucket,100000,4,8,0,47,32,4069290,4238607,4372074,4372074;4260386;4238607;4126679;4069290
cardinality-32,1,bucket,100000,4,8,0,47,32,4059510,4232327,4527032,4337564;4527032;4232327;4059510;4093879
cardinality-32,1,merge,100000,4,8,0,47,32,5767078,6044661,6384374,6384374;6026212;6044661;6151980;5767078
cardinality-32,0,merge,100000,4,16,0,47,32,5364754,5414423,5857755,5682848;5364754;5857755;5414423;5378534
cardinality-32,0,bucket,100000,4,16,0,47,32,3356214,3766226,4074489,3600100;4074489;3356214;3939813;3766226
cardinality-32,1,bucket,100000,4,16,0,47,32,3216117,3486882,3778216,3486882;3778216;3378654;3702677;3216117
cardinality-32,1,merge,100000,4,16,0,47,32,6041702,6249898,6481393,6481393;6454223;6041702;6249898;6191168
cardinality-32,0,merge,100000,4,32,0,47,32,5375484,6262568,6731108,6731108;6262568;6381895;6091371;5375484
cardinality-32,0,bucket,100000,4,32,0,47,32,3663378,4022732,4171358,4171358;4024621;4022732;3995392;3663378
cardinality-32,1,bucket,100000,4,32,0,47,32,3796566,3954132,4138679,4070220;3796566;3808845;4138679;3954132
cardinality-32,1,merge,100000,4,32,0,47,32,5713088,5903184,6323586,6323586;5713088;6015362;5903184;5831995
cardinality-32,0,merge,100000,4,64,0,47,32,5189299,5300676,5540721,5540721;5519121;5189299;5195328;5300676
cardinality-32,0,bucket,100000,4,64,0,47,32,3609899,3742137,4042881,3861764;3742137;4042881;3678618;3609899
cardinality-32,1,bucket,100000,4,64,0,47,32,3943173,4034881,4065820,4034881;4040381;4007851;3943173;4065820
cardinality-32,1,merge,100000,4,64,0,47,32,5518752,5806627,6205878,5518752;5671480;5806627;6205878;6002992
cardinality-32,0,merge,100000,4,65,0,47,32,5385844,5819806,5931844,5666798;5819806;5385844;5853165;5931844
cardinality-32,0,bucket,100000,4,65,0,47,32,3962382,4164818,4663239,4164818;4663239;3962382;4477612;4038041
cardinality-32,1,bucket,100000,4,65,0,47,32,3986682,4183798,4329055,4223486;4082549;4329055;4183798;3986682
cardinality-32,1,merge,100000,4,65,0,47,32,5670928,5977692,6307316,6307316;6136579;5957763;5670928;5977692
cardinality-32,0,merge,100000,4,128,0,47,32,5470533,6013263,6100841,6048671;6100841;5642180;5470533;6013263
cardinality-32,0,bucket,100000,4,128,0,47,32,4019470,4045690,4188008,4043041;4188008;4081940;4019470;4045690
cardinality-32,1,bucket,100000,4,128,0,47,32,4079061,4159949,4195258,4174388;4159949;4079061;4195258;4112799
cardinality-32,1,merge,100000,4,128,0,47,32,5627610,5750707,6104030,5964493;5692189;6104030;5750707;5627610
cardinality-32,0,merge,100000,4,256,0,47,32,5557271,5647699,5933833,5557271;5933833;5647699;5921524;5633759
cardinality-32,0,bucket,100000,4,256,0,47,32,4294196,4544711,4760767,4760767;4406934;4592020;4294196;4544711
cardinality-32,1,bucket,100000,4,256,0,47,32,4218957,4385223,4474342,4474342;4442773;4385223;4218957;4278346
cardinality-32,1,merge,100000,4,256,0,47,32,5658579,5733597,6178999,5733597;6178999;5661369;5982573;5658579
cardinality-32,0,merge,250000,2,8,0,47,32,8825947,9059952,10662021,10662021;8825947;9010013;9059952;9142540
cardinality-32,0,bucket,250000,2,8,0,47,32,5338645,5415873,7030922,7030922;5704298;5409484;5415873;5338645
cardinality-32,1,bucket,250000,2,8,0,47,32,4857665,5599360,5821136,5599360;5742727;5821136;4907313;4857665
cardinality-32,1,merge,250000,2,8,0,47,32,8179530,9155990,9884476,9884476;9539203;8179530;9007023;9155990
cardinality-32,0,merge,250000,2,16,0,47,32,8266818,9039283,10755839,9955885;9039283;10755839;8869676;8266818
cardinality-32,0,bucket,250000,2,16,0,47,32,4506322,4615509,5577931,4506322;5577931;4615509;4610319;4907263
cardinality-32,1,bucket,250000,2,16,0,47,32,4644999,4860924,6008332,6008332;4705418;4644999;4860924;5095190
cardinality-32,1,merge,250000,2,16,0,47,32,8726199,9253728,10513013,10513013;8726199;10123281;9165550;9253728
cardinality-32,0,merge,250000,2,32,0,47,32,8148710,9090562,9984264,9984264;9489424;8829907;9090562;8148710
cardinality-32,0,bucket,250000,2,32,0,47,32,4891094,5259437,6410394,6410394;5259437;4891094;5332796;5021731
cardinality-32,1,bucket,250000,2,32,0,47,32,4864324,5259076,5758437,5276117;5259076;5758437;4864324;5235537
cardinality-32,1,merge,250000,2,32,0,47,32,8167050,8579242,9777398,9777398;8579242;8167050;9082431;8284778
cardinality-32,0,merge,250000,2,64,0,47,32,8184980,8500993,9705600,9705600;8184980;8608691;8436585;8500993
cardinality-32,0,bucket,250000,2,64,0,47,32,5340576,5641120,5920834,5767807;5641120;5920834;5638449;5340576
cardinality-32,1,bucket,250000,2,64,0,47,32,5624309,5786706,6163989,5823996;5644169;5624309;5786706;6163989
cardinality-32,1,merge,250000,2,64,0,47,32,8272548,9015783,10073303,10073303;8672090;9120122;8272548;9015783
cardinality-32,0,merge,250000,2,65,0,47,32,8043622,9070052,9765119,9765119;8043622;9085512;8636810;9070052
cardinality-32,0,bucket,250000,2,65,0,47,32,6383225,6604531,7965454,7965454;6604531;6383225;6561482;6974413
cardinality-32,1,bucket,250000,2,65,0,47,32,5334445,5400834,5704608,5704608;5349065;5661069;5400834;5334445
cardinality-32,1,merge,250000,2,65,0,47,32,8951034,9814998,9905205,9721859;9905205;8951034;9841207;9814998
cardinality-32,0,merge,250000,2,128,0,47,32,8094551,8372156,9599131,9599131;9431235;8150250;8372156;8094551
cardinality-32,0,bucket,250000,2,128,0,47,32,5051641,5274737,5711567,5711567;5295056;5274737;5260977;5051641
cardinality-32,1,bucket,250000,2,128,0,47,32,5103330,5204127,5504252,5504252;5174759;5204127;5296706;5103330
cardinality-32,1,merge,250000,2,128,0,47,32,8524153,9100992,9739669,9739669;9139761;8524153;8862746;9100992
cardinality-32,0,merge,250000,2,256,0,47,32,8219288,8747409,9405226,9405226;8747409;8219288;9103271;8721179
cardinality-32,0,bucket,250000,2,256,0,47,32,5402534,5471333,5545131,5545131;5503162;5402534;5471333;5445023
cardinality-32,1,bucket,250000,2,256,0,47,32,5132459,5620030,6622570,5620030;6071660;6622570;5132459;5271416
cardinality-32,1,merge,250000,2,256,0,47,32,8262158,8572742,10222020,10222020;8918295;8572742;8262158;8470784
cardinality-32,0,merge,250000,3,8,0,47,32,9124731,10481725,12892197,12892197;9124731;9190640;11168461;10481725
cardinality-32,0,bucket,250000,3,8,0,47,32,8069072,8855176,11455446,8975614;8855176;11455446;8069072;8425155
cardinality-32,1,bucket,250000,3,8,0,47,32,8181589,8622130,8813607,8622130;8737069;8181589;8419615;8813607
cardinality-32,1,merge,250000,3,8,0,47,32,9189159,10038442,10668381,10038442;9189159;9951865;10262648;10668381
cardinality-32,0,merge,250000,3,16,0,47,32,8988914,9399816,10110092,9911716;10110092;9399816;8988914;9064892
cardinality-32,0,bucket,250000,3,16,0,47,32,6001682,6609241,7131430,6769817;6609241;7131430;6189609;6001682
cardinality-32,1,bucket,250000,3,16,0,47,32,6366295,6454724,7451314,6454724;6887815;6366295;7451314;6391765
cardinality-32,1,merge,250000,3,16,0,47,32,8536233,9157620,10529474,10529474;9176320;9145821;9157620;8536233
cardinality-32,0,merge,250000,3,32,0,47,32,8183880,8369356,9153591,8369356;9143191;8183880;8366816;9153591
cardinality-32,0,bucket,250000,3,32,0,47,32,5936014,6271756,6872906,6459193;5936014;6271756;6872906;6039181
cardinality-32,1,bucket,250000,3,32,0,47,32,6257328,6635580,6996843,6996843;6489472;6657299;6635580;6257328
cardinality-32,1,merge,250000,3,32,0,47,32,8580141,9501594,12078493,9442915;8580141;9501594;12078493;10062782
cardinality-32,0,merge,250000,3,64,0,47,32,9029563,9392886,10740600,10740600;9483974;9392886;9208090;9029563
cardinality-32,0,bucket,250000,3,64,0,47,32,6156010,6695849,7336646,7336646;6156010;6829086;6566831;6695849
cardinality-32,1,bucket,250000,3,64,0,47,32,6119381,6607470,6964133,6964133;6119381;6695929;6532752;6607470
cardinality-32,1,merge,250000,3,64,0,47,32,8614291,9273988,9861707,9521603;8641800;9861707;9273988;8614291
cardinality-32,0,merge,250000,3,65,0,47,32,8280008,8522033,9118481,9118481;8522033;8280008;8310367;8629431
cardinality-32,0,bucket,250000,3,65,0,47,32,6623689,6936814,7205959,7205959;6623689;6771417;6936814;7075082
cardinality-32,1,bucket,250000,3,65,0,47,32,6603080,7024062,7344096,7197289;7024062;6758888;7344096;6603080
cardinality-32,1,merge,250000,3,65,0,47,32,8534102,8910265,9701700,9233429;8844477;9701700;8910265;8534102
cardinality-32,0,merge,250000,3,128,0,47,32,9096202,9390156,9701269,9121431;9622982;9096202;9701269;9390156
cardinality-32,0,bucket,250000,3,128,0,47,32,5899494,6472863,6622181,6622181;6468223;5899494;6472863;6532602
cardinality-32,1,bucket,250000,3,128,0,47,32,6579161,6759547,6920494,6920494;6759547;6656029;6579161;6769147
cardinality-32,1,merge,250000,3,128,0,47,32,8317977,8426405,8750669,8426405;8750669;8317977;8699659;8420665
cardinality-32,0,merge,250000,3,256,0,47,32,8466913,9027323,9071582,9071582;8863836;8466913;9027323;9059283
cardinality-32,0,bucket,250000,3,256,0,47,32,6254147,6801126,7123700,6801126;6936334;6371335;7123700;6254147
cardinality-32,1,bucket,250000,3,256,0,47,32,6228168,6881835,7046982,7046982;6937813;6881835;6850096;6228168
cardinality-32,1,merge,250000,3,256,0,47,32,8647811,9153390,9373446,9373446;9218069;8832927;8647811;9153390
cardinality-32,0,merge,250000,4,8,0,47,32,8559992,8676500,9362327,8676500;8559992;8672969;9306847;9362327
cardinality-32,0,bucket,250000,4,8,0,47,32,10233920,11023184,11163792,10902106;11023184;10233920;11108702;11163792
cardinality-32,1,bucket,250000,4,8,0,47,32,10487054,11267939,12116542,12116542;11267939;10487054;11272279;10985295
cardinality-32,1,merge,250000,4,8,0,47,32,8635131,9351176,9908145,9908145;8635131;9351176;9373386;9108221
cardinality-32,0,merge,250000,4,16,0,47,32,8521153,8890055,9766598,9186860;8521153;8745418;8890055;9766598
cardinality-32,0,bucket,250000,4,16,0,47,32,7890005,8079862,8429804,8282598;8079862;8045092;8429804;7890005
cardinality-32,1,bucket,250000,4,16,0,47,32,7844156,8150350,8627280,8627280;8235569;8150350;7844156;7901625
cardinality-32,1,merge,250000,4,16,0,47,32,7928934,8559732,9604191,9604191;8516383;9220989;8559732;7928934
cardinality-32,0,merge,250000,4,32,0,47,32,8796207,9482014,10183190,9912676;10183190;8796207;8878206;9482014
cardinality-32,0,bucket,250000,4,32,0,47,32,7770338,8024722,8453954,8453954;7957413;8024722;7770338;8413215
cardinality-32,1,bucket,250000,4,32,0,47,32,7773008,7941574,8040002,7941574;7986574;7934255;8040002;7773008
cardinality-32,1,merge,250000,4,32,0,47,32,8898135,9268259,9292657,8898135;9288298;9292657;9268259;9123131
cardinality-32,0,merge,250000,4,64,0,47,32,8992094,9304207,9732719,9192559;8992094;9344017;9732719;9304207
cardinality-32,0,bucket,250000,4,64,0,47,32,7184199,7624311,8275688,8275688;7624311;7836857;7258468;7184199
cardinality-32,1,bucket,250000,4,64,0,47,32,8241238,8511113,8779868,8241238;8733408;8361746;8511113;8779868
cardinality-32,1,merge,250000,4,64,0,47,32,9115782,9328437,9698550,9698550;9224199;9115782;9328437;9348617
cardinality-32,0,merge,250000,4,65,0,47,32,8434634,9242979,9568023,9568023;9424425;8531533;8434634;9242979
cardinality-32,0,bucket,250000,4,65,0,47,32,8218239,8667010,9602522,8667010;9602522;8712809;8487044;8218239
cardinality-32,1,bucket,250000,4,65,0,47,32,7734148,8478324,9227089,8478324;8671620;9227089;7761298;7734148
cardinality-32,1,merge,250000,4,65,0,47,32,8450255,9139630,9531213,9176201;8601192;8450255;9531213;9139630
cardinality-32,0,merge,250000,4,128,0,47,32,8419785,8576222,9322838,9322838;8437845;8419785;8576222;8978054
cardinality-32,0,bucket,250000,4,128,0,47,32,7830236,8178810,8564162,8456644;8564162;8178810;7830236;8038002
cardinality-32,1,bucket,250000,4,128,0,47,32,7922565,7974663,8032883,8032883;7937914;8032763;7922565;7974663
cardinality-32,1,merge,250000,4,128,0,47,32,8867666,9277578,9981344,9981344;9277578;8867666;8909805;9469554
cardinality-32,0,merge,250000,4,256,0,47,32,8921925,9237939,9659370,9659370;9489304;9237939;8921925;9167131
cardinality-32,0,bucket,250000,4,256,0,47,32,8250568,8371176,9835598,9835598;8250568;9555512;8371176;8362027
cardinality-32,1,bucket,250000,4,256,0,47,32,7480073,8186770,8489043,8489043;8175530;8186770;8287027;7480073
cardinality-32,1,merge,250000,4,256,0,47,32,8493523,8738439,9279279,9279279;8493523;8504914;8738439;8822567
cardinality-32,0,merge,1000000,2,8,0,47,32,29386654,31672099,40702462,40702462;33831066;31672099;30917524;29386654
cardinality-32,0,bucket,1000000,2,8,0,47,32,20720874,20849941,33588322,33588322;29424524;20797192;20849941;20720874
cardinality-32,1,bucket,1000000,2,8,0,47,32,20630765,25504090,33993714,33993714;28549300;25504090;21402210;20630765
cardinality-32,1,merge,1000000,2,8,0,47,32,33508953,36135262,43115695,43115695;35893676;36135262;39129802;33508953
cardinality-32,0,merge,1000000,2,16,0,47,32,30287936,33064242,37668202,37668202;36275068;33064242;30287936;33016143
cardinality-32,0,bucket,1000000,2,16,0,47,32,16782531,22519119,31081111,31081111;27051279;19348270;16782531;22519119
cardinality-32,1,bucket,1000000,2,16,0,47,32,16963977,19306202,30882945,30882945;26661327;19306202;16963977;17150144
cardinality-32,1,merge,1000000,2,16,0,47,32,30499022,36354067,40542715,37554114;36354067;40542715;30499022;34513763
cardinality-32,0,merge,1000000,2,32,0,47,32,29188257,33445244,39551315,39551315;34163031;33445244;29188257;33217908
cardinality-32,0,bucket,1000000,2,32,0,47,32,19487088,22853722,23913041,22853722;23913041;20586217;22953940;19487088
cardinality-32,1,bucket,1000000,2,32,0,47,32,18217763,22684725,24133947,23124077;22684725;19738723;24133947;18217763
cardinality-32,1,merge,1000000,2,32,0,47,32,30782287,36064773,38870898,38870898;38190001;34832037;36064773;30782287
cardinality-32,0,merge,1000000,2,64,0,47,32,30758186,36643232,39521085,38344828;36643232;39521085;34367156;30758186
cardinality-32,0,bucket,1000000,2,64,0,47,32,18047496,18668784,23195046,23195046;18668784;18289532;18047496;21673886
cardinality-32,1,bucket,1000000,2,64,0,47,32,22251954,23084097,26619178,26619178;23084097;22763755;22251954;23954630
cardinality-32,1,merge,1000000,2,64,0,47,32,26254535,35181600,38600444,38600444;35181600;36125952;33152990;26254535
cardinality-32,0,merge,1000000,2,65,0,47,32,27870784,35887987,37312469,37312469;36953255;35887987;32952745;27870784
cardinality-32,0,bucket,1000000,2,65,0,47,32,18839131,22397911,23652766,23652766;22691936;18839131;19325382;22397911
cardinality-32,1,bucket,1000000,2,65,0,47,32,19842421,22184626,27323405,24644547;19842421;22184626;27323405;21905221
cardinality-32,1,merge,1000000,2,65,0,47,32,32445624,34815958,37024764,36813738;37024764;34815958;33908735;32445624
cardinality-32,0,merge,1000000,2,128,0,47,32,26684588,35199461,40492937,40492937;36051753;35199461;30246397;26684588
cardinality-32,0,bucket,1000000,2,128,0,47,32,19679394,20032557,23469850,23469850;20196864;19902071;19679394;20032557
cardinality-32,1,bucket,1000000,2,128,0,47,32,19783282,20915481,24005630,24005630;22337332;20915481;19896991;19783282
cardinality-32,1,merge,1000000,2,128,0,47,32,30390805,34379806,37039464,35122702;34379806;32767068;37039464;30390805
cardinality-32,0,merge,1000000,2,256,0,47,32,29574110,33853497,40198933,37459926;40198933;29574110;32958784;33853497
cardinality-32,0,bucket,1000000,2,256,0,47,32,19945980,20242793,24107707,24107707;20591966;20242793;19945980;20056677
cardinality-32,1,bucket,1000000,2,256,0,47,32,19616306,20251623,26121848,26121848;20251623;21031718;19616306;19796592
cardinality-32,1,merge,1000000,2,256,0,47,32,30126129,34869747,37687301,37687301;34869747;35743440;30126129;34363377
cardinality-32,0,merge,1000000,3,8,0,47,32,29595990,33377777,41910349,41910349;35109452;32403276;33377777;29595990
cardinality-32,0,bucket,1000000,3,8,0,47,32,31711729,31947054,59282389,59282389;38542565;31864356;31711729;31947054
cardinality-32,1,bucket,1000000,3,8,0,47,32,31428045,32769328,59910086,59910086;47391821;31428045;32769328;31954154
cardinality-32,1,merge,1000000,3,8,0,47,32,28918334,35020634,40946298,40946298;37763980;35020634;28918334;31785167
cardinality-32,0,merge,1000000,3,16,0,47,32,26332525,34333788,41545526,41545526;35718281;34333788;31884726;26332525
cardinality-32,0,bucket,1000000,3,16,0,47,32,23570559,28034971,45695106,45695106;34365317;28034971;26081259;23570559
cardinality-32,1,bucket,1000000,3,16,0,47,32,23848493,27860134,46264854,46264854;38511586;27860134;24081088;23848493
cardinality-32,1,merge,1000000,3,16,0,47,32,31924464,33983835,42758813,42758813;37636313;33983835;33439405;31924464
cardinality-32,0,merge,1000000,3,32,0,47,32,29967244,33989084,41895730,41895730;38136933;29967244;31231578;33989084
cardinality-32,0,bucket,1000000,3,32,0,47,32,22901472,26740926,34967435,34967435;28431984;24952941;26740926;22901472
cardinality-32,1,bucket,1000000,3,32,0,47,32,25263216,28175798,32315028,32315028;31211068;28175798;25584659;25263216
cardinality-32,1,merge,1000000,3,32,0,47,32,31643961,35880417,45782693,45782693;34460415;36037824;31643961;35880417
cardinality-32,0,merge,1000000,3,64,0,47,32,31512933,35477835,44766274,44766274;36224990;35477835;31512933;32684829
cardinality-32,0,bucket,1000000,3,64,0,47,32,23732575,25748456,35463075,35463075;27610899;25748456;25392612;23732575
cardinality-32,1,bucket,1000000,3,64,0,47,32,24763815,27275976,31796088,31796088;27275976;24763815;25096628;27822376
cardinality-32,1,merge,1000000,3,64,0,47,32,32629641,36585623,42643565,42643565;37819379;36585623;34218860;32629641
cardinality-32,0,merge,1000000,3,65,0,47,32,28274396,34958596,45254824,45254824;34969045;34958596;33129862;28274396
cardinality-32,0,bucket,1000000,3,65,0,47,32,25706576,28356725,31038052,30928824;31038052;28356725;25706576;26665939
cardinality-32,1,bucket,1000000,3,65,0,47,32,23911082,26980882,30348166,30348166;26980882;23911082;25426753;29581581
cardinality-32,1,merge,1000000,3,65,0,47,32,27116389,33163791,42419640,42419640;35723240;33163791;32569292;27116389
cardinality-32,0,merge,1000000,3,128,0,47,32,30868216,33719880,43464739,43464739;36748821;30868216;33071343;33719880
cardinality-32,0,bucket,1000000,3,128,0,47,32,25211757,25679577,32973955,32973955;25502730;25803055;25679577;25211757
cardinality-32,1,bucket,1000000,3,128,0,47,32,19553947,21728775,33124161,33124161;26826205;20217845;21728775;19553947
cardinality-32,1,merge,1000000,3,128,0,47,32,26586929,35622343,42512728,42512728;35622343;35725370;26586929;30828117
cardinality-32,0,merge,1000000,3,256,0,47,32,32374237,33869287,45883532,45883532;33174071;35321519;33869287;32374237
cardinality-32,0,bucket,1000000,3,256,0,47,32,20148885,22082977,32826257,32826257;25902053;22082977;20148885;21120337
cardinality-32,1,bucket,1000000,3,256,0,47,32,21182366,22216775,32708721,32708721;26049630;21182366;22216775;22187516
cardinality-32,1,merge,1000000,3,256,0,47,32,32105331,33582633,43832562,43832562;39390179;33582633;32105331;32568992
cardinality-32,0,merge,1000000,4,8,0,47,32,28070381,38068365,47762635,47762635;40977088;32409046;38068365;28070381
cardinality-32,0,bucket,1000000,4,8,0,47,32,41747193,42329721,79356456,79356456;65060427;42280913;41747193;42329721
cardinality-32,1,bucket,1000000,4,8,0,47,32,42017358,42264673,75951843,75951843;63132165;42264673;42207534;42017358
cardinality-32,1,merge,1000000,4,8,0,47,32,26615649,28036802,46083608,46083608;27936044;35244150;26615649;28036802
cardinality-32,0,merge,1000000,4,16,0,47,32,33793739,34093593,47227425,47227425;36546845;33793739;33846307;34093593
cardinality-32,0,bucket,1000000,4,16,0,47,32,30012213,31316197,56532274,56532274;45880783;31316197;30012213;30077992
cardinality-32,1,bucket,1000000,4,16,0,47,32,30166130,33201971,53205089,53205089;44407212;33201971;30166130;30426874
cardinality-32,1,merge,1000000,4,16,0,47,32,28213308,32554403,46215146,46215146;32554403;33078303;28213308;31784138
cardinality-32,0,merge,1000000,4,32,0,47,32,28307656,32213589,46996910,46996910;41087635;32213589;28307656;29126389
cardinality-32,0,bucket,1000000,4,32,0,47,32,24984232,29439384,40321761,38734342;40321761;28122860;24984232;29439384
cardinality-32,1,bucket,1000000,4,32,0,47,32,26863255,28391324,38818550,38818550;34461536;27222567;28391324;26863255
cardinality-32,1,merge,1000000,4,32,0,47,32,27181088,33978055,46709676,46709676;33978055;34012374;32528333;27181088
cardinality-32,0,merge,1000000,4,64,0,47,32,28822856,32384616,45337352,45337352;32384616;28822856;33348468;30816446
cardinality-32,0,bucket,1000000,4,64,0,47,32,25326554,32014924,38310110,38310110;32014924;38058065;25554290;25326554
cardinality-32,1,bucket,1000000,4,64,0,47,32,32588733,33741150,39523267,39523267;33176191;37890418;33741150;32588733
cardinality-32,1,merge,1000000,4,64,0,47,32,33634792,34940047,46227976,46227976;35675612;34940047;33634792;34438637
cardinality-32,0,merge,1000000,4,65,0,47,32,26636479,32848338,45813084,45813084;36382658;32343108;32848338;26636479
cardinality-32,0,bucket,1000000,4,65,0,47,32,27632199,31850657,45449191,45449191;31850657;32354737;27632199;27865985
cardinality-32,1,bucket,1000000,4,65,0,47,32,32391506,35014595,42117466,42117466;32391506;32812948;35014595;41479568
cardinality-32,1,merge,1000000,4,65,0,47,32,29629630,33058233,46521510,46521510;37348179;32234590;29629630;33058233
cardinality-32,0,merge,1000000,4,128,0,47,32,31455205,34833379,45922081,45922081;38318461;34833379;31455205;32648361
cardinality-32,0,bucket,1000000,4,128,0,47,32,27598550,28357936,41171974,41171974;31148701;27598550;28357936;27781866
cardinality-32,1,bucket,1000000,4,128,0,47,32,23503880,27646119,41800272,41800272;31205429;23800855;23503880;27646119
cardinality-32,1,merge,1000000,4,128,0,47,32,29360366,32637492,45262235,45262235;37078555;32637492;29959224;29360366
cardinality-32,0,merge,1000000,4,256,0,47,32,28822867,32069553,44998190,44998190;35488417;32069553;28822867;30755038
cardinality-32,0,bucket,1000000,4,256,0,47,32,23352514,27264276,41589657,41589657;30662261;27264276;26175868;23352514
cardinality-32,1,bucket,1000000,4,256,0,47,32,23699157,27443674,41842142,41842142;36709602;23699157;24243076;27443674
cardinality-32,1,merge,1000000,4,256,0,47,32,30231969,32766749,47772065,47772065;31824868;35887668;30231969;32766749
skew-32,0,merge,100000,2,16,20,47,32,6095401,6426044,7650801,6955625;6157740;6095401;7650801;6426044
skew-32,0,bucket,100000,2,16,20,47,32,2771765,2840934,3304195,3304195;2840934;2960692;2795266;2771765
skew-32,1,bucket,100000,2,16,20,47,32,2715437,2937962,3171398,3171398;2937962;3122619;2715437;2752246
skew-32,1,merge,100000,2,16,20,47,32,5262047,6202559,6691769,6691769;6202559;6272127;5631490;5262047
skew-32,0,merge,100000,2,16,25,47,32,5114640,5268747,5605051,5605051;5172869;5114640;5268747;5464223
skew-32,0,bucket,100000,2,16,25,47,32,3191758,3253896,3985712,3985712;3191758;3267866;3245887;3253896
skew-32,1,bucket,100000,2,16,25,47,32,2949832,3237087,3784356,3784356;3297626;3237087;2974632;2949832
skew-32,1,merge,100000,2,16,25,47,32,5017232,5224388,6100640,6100640;5224388;5017232;5080021;5523073
skew-32,0,merge,100000,2,16,30,47,32,5149949,5298907,6298907,6298907;5298907;5242598;5393945;5149949
skew-32,0,bucket,100000,2,16,30,47,32,3205617,3579060,3834185,3834185;3696208;3205617;3290935;3579060
skew-32,1,bucket,100000,2,16,30,47,32,3413193,3593140,3986342,3833945;3593140;3579380;3986342;3413193
skew-32,1,merge,100000,2,16,30,47,32,5155969,5733118,5928774,5928774;5733118;5692448;5867485;5155969
skew-32,0,merge,100000,2,16,50,47,32,5014032,5163059,5721679,5721679;5163059;5028322;5014032;5556291
skew-32,0,bucket,100000,2,16,50,47,32,4913124,4954513,5847076,5847076;4954513;4990293;4951453;4913124
skew-32,1,bucket,100000,2,16,50,47,32,4933253,5010182,6052422,6052422;5068721;4933253;5010182;4940203
skew-32,1,merge,100000,2,16,50,47,32,4993673,5168509,5412504,5412504;5056641;5212648;5168509;4993673
skew-32,0,merge,100000,2,16,80,47,32,5187619,5671789,6467734,6467734;5233889;5671789;5700229;5187619
skew-32,0,bucket,100000,2,16,80,47,32,5745078,6079661,7074132,7074132;6079661;6266588;5745078;5771877
skew-32,1,bucket,100000,2,16,80,47,32,5961293,6030292,8326927,8326927;6030292;6288507;5961293;6012323
skew-32,1,merge,100000,2,16,80,47,32,5249247,6165810,8364336,8364336;5249247;6372465;6142540;6165810
skew-32,0,merge,100000,2,64,20,47,32,5062781,5301247,5822056,5822056;5358955;5301247;5062781;5221308
skew-32,0,bucket,100000,2,64,20,47,32,3688388,4406024,4691789,4408184;4691789;4406024;3739866;3688388
skew-32,1,bucket,100000,2,64,20,47,32,3820095,4511022,4934954,4934954;4511022;4517981;3900534;3820095
skew-32,1,merge,100000,2,64,20,47,32,5321336,5464853,5882835,5882835;5321336;5411834;5464853;5600201
skew-32,0,merge,100000,2,64,25,47,32,5192718,5211868,6099471,6069871;6099471;5211868;5192718;5201938
skew-32,0,bucket,100000,2,64,25,47,32,4056811,4391044,6061101,6061101;4488703;4072770;4391044;4056811
skew-32,1,bucket,100000,2,64,25,47,32,3908464,3991122,4620380,4620380;3926683;4240217;3908464;3991122
skew-32,1,merge,100000,2,64,25,47,32,5085641,5155109,5646100,5547471;5149530;5646100;5155109;5085641
skew-32,0,merge,100000,2,64,30,47,32,5404865,5579131,6044712,6044712;5666649;5467973;5579131;5404865
skew-32,0,bucket,100000,2,64,30,47,32,4373614,4620400,5131939,5131939;4950013;4373614;4603110;4620400
skew-32,1,bucket,100000,2,64,30,47,32,4325236,5265267,5784317,5784317;5271117;4325236;5265267;4501111
skew-32,1,merge,100000,2,64,30,47,32,5171339,5423864,6049052,6049052;5171339;5423864;5586531;5215799
skew-32,0,merge,100000,2,64,50,47,32,5055741,5729019,6269288,6269288;5178909;5729019;5818866;5055741
skew-32,0,bucket,100000,2,64,50,47,32,5390255,6022272,6879196,6879196;6022272;6076491;5552891;5390255
skew-32,1,bucket,100000,2,64,50,47,32,5797066,5953353,6193839,6193839;6040891;5797066;5936234;5953353
skew-32,1,merge,100000,2,64,50,47,32,5050871,5267467,5889745,5889745;5390145;5082480;5267467;5050871
skew-32,0,merge,100000,2,64,80,47,32,5105900,5272877,5557002,5557002;5173719;5298136;5105900;5272877
skew-32,0,bucket,100000,2,64,80,47,32,7498334,7640100,8238848,8238848;8095892;7575662;7498334;7640100
skew-32,1,bucket,100000,2,64,80,47,32,6250837,7238388,7731330,7238388;7304328;6250837;7731330;6935694
skew-32,1,merge,100000,2,64,80,47,32,5145239,5264567,5692989,5462223;5145239;5264567;5233078;5692989
skew-32,0,merge,100000,2,128,20,47,32,5163679,5366716,5663890,5663890;5563411;5163679;5330846;5366716
skew-32,0,bucket,100000,2,128,20,47,32,3850964,4371664,4612490,4535911;4612490;3850964;4371664;3891594
skew-32,1,bucket,100000,2,128,20,47,32,3930123,4122299,4450133,4450133;4075791;4122299;3930123;4345876
skew-32,1,merge,100000,2,128,20,47,32,5152949,5275427,5650250,5650250;5275427;5152949;5272586;5283746
skew-32,0,merge,100000,2,128,25,47,32,5261078,5280167,6128850,6128850;5397894;5276557;5261078;5280167
skew-32,0,bucket,100000,2,128,25,47,32,4349126,5046352,5313876,5129779;4349126;5313876;4661198;5046352
skew-32,1,bucket,100000,2,128,25,47,32,4562441,4594271,5076040,4594271;4592460;4562441;5076040;4672688
skew-32,1,merge,100000,2,128,25,47,32,5105890,5466054,5723928,5562602;5197548;5105890;5723928;5466054
skew-32,0,merge,100000,2,128,30,47,32,5047931,5114010,5972933,5972933;5098340;5047931;5114010;5271957
skew-32,0,bucket,100000,2,128,30,47,32,4294036,5251997,5513052,5513052;5482063;5251997;4657960;4294036
skew-32,1,bucket,100000,2,128,30,47,32,4368075,4706498,5241977,5241977;5072572;4368075;4706498;4444893
skew-32,1,merge,100000,2,128,30,47,32,5276267,5350316,6573961,6573961;5897375;5276267;5291327;5350316
skew-32,0,merge,100000,2,128,50,47,32,5161239,5495592,5890404,5890404;5495592;5161239;5331115;5722198
skew-32,0,bucket,100000,2,128,50,47,32,5621451,5956464,6116341,5621451;5938114;6116341;5956464;6085732
skew-32,1,bucket,100000,2,128,50,47,32,5117370,5233928,6735868,6735868;5422994;5233928;5117370;5145749
skew-32,1,merge,100000,2,128,50,47,32,5053801,5121009,5590042,5590042;5137990;5121009;5058251;5053801
skew-32,0,merge,100000,2,128,80,47,32,5153339,5272647,5848746,5848746;5202848;5272647;5153339;5318376
skew-32,0,bucket,100000,2,128,80,47,32,6703609,7289827,8466574,7663340;6803517;6703609;8466574;7289827
skew-32,1,bucket,100000,2,128,80,47,32,6570182,7145881,7486424,7463394;7145661;7145881;6570182;7486424
skew-32,1,merge,100000,2,128,80,47,32,5189529,5237948,5633440,5633440;5321716;5237948;5204938;5189529
skew-32,0,merge,100000,4,16,20,47,32,5378794,5389995,5917845,5389995;5378794;5917845;5435994;5381085
skew-32,0,bucket,100000,4,16,20,47,32,5278177,5385655,5546642,5505263;5546642;5364256;5278177;5385655
skew-32,1,bucket,100000,4,16,20,47,32,5023202,6624020,8942515,8942515;8147731;6624020;5500563;5023202
skew-32,1,merge,100000,4,16,20,47,32,5330056,5620760,6234768,5396604;5330056;6234768;5931914;5620760
skew-32,0,merge,100000,4,16,25,47,32,5404994,5555892,5651160,5407004;5404994;5555892;5651160;5640959
skew-32,0,bucket,100000,4,16,25,47,32,6320396,6360766,6898835,6615091;6325016;6360766;6320396;6898835
skew-32,1,bucket,100000,4,16,25,47,32,6211618,6303556,8043522,6340246;6254128;8043522;6211618;6303556
skew-32,1,merge,100000,4,16,25,47,32,5526063,5668189,6222758,6222758;5668189;5817326;5611550;5526063
skew-32,0,merge,100000,4,16,30,47,32,5230388,5800687,6024192,5800687;5864806;5432594;6024192;5230388
skew-32,0,bucket,100000,4,16,30,47,32,6517043,7114002,7963455,7963455;7369276;6807467;6517043;7114002
skew-32,1,bucket,100000,4,16,30,47,32,6376756,6969744,7694340,7694340;6969744;7140761;6527203;6376756
skew-32,1,merge,100000,4,16,30,47,32,5244538,5326186,5560702,5560702;5389795;5244538;5283527;5326186
skew-32,0,merge,100000,4,16,50,47,32,5337016,5457203,6052112,5748458;5457203;5377855;5337016;6052112
skew-32,0,bucket,100000,4,16,50,47,32,9786969,9877388,10454795,10454795;10005645;9786969;9846117;9877388
skew-32,1,bucket,100000,4,16,50,47,32,9816839,9858627,13051655,13051655;9840208;9928006;9816839;9858627
skew-32,1,merge,100000,4,16,50,47,32,5213268,5299966,6223528,6223528;5503533;5213268;5258627;5299966
skew-32,0,merge,100000,4,16,80,47,32,5510583,5770148,5987334,5987334;5510583;5693009;5950454;5770148
skew-32,0,bucket,100000,4,16,80,47,32,14060106,14878190,17390591,17390591;14969547;14060106;14858059;14878190
skew-32,1,bucket,100000,4,16,80,47,32,14085715,15040126,16826292,16826292;15040126;14141834;14085715;15164044
skew-32,1,merge,100000,4,16,80,47,32,5408614,5493062,6270437,6270437;5670179;5493062;5413924;5408614
skew-32,0,merge,100000,4,64,20,47,32,5274497,5450964,5512602,5474514;5512602;5450964;5274497;5441914
skew-32,0,bucket,100000,4,64,20,47,32,6512313,6591651,7707779,7707779;6591651;7189499;6512313;6522463
skew-32,1,bucket,100000,4,64,20,47,32,6526083,6661109,7077221,7077221;6549712;6728829;6526083;6661109
skew-32,1,merge,100000,4,64,20,47,32,5339726,5665889,6001552,5758747;5339726;5665889;6001552;5445214
skew-32,0,merge,100000,4,64,25,47,32,5272867,5473252,5651250,5493412;5473252;5272867;5447154;5651250
skew-32,0,bucket,100000,4,64,25,47,32,7607241,7955105,8201489,7607241;8031983;8201489;7770758;7955105
skew-32,1,bucket,100000,4,64,25,47,32,7047482,7426995,8028263,8028263;7534413;7426995;7123481;7047482
skew-32,1,merge,100000,4,64,25,47,32,5178519,5336625,5610780,5610780;5318846;5369684;5178519;5336625
skew-32,0,merge,100000,4,64,30,47,32,5332676,5848476,6586531,6586531;5332676;5796177;5848476;5853835
skew-32,0,bucket,100000,4,64,30,47,32,8107952,8472925,9255570,8319488;9255570;8107952;8740520;8472925
skew-32,1,bucket,100000,4,64,30,47,32,8623532,8909916,9297678,8779938;9297678;8909916;8910396;8623532
skew-32,1,merge,100000,4,64,30,47,32,5450474,5544551,5597531,5597531;5544551;5450474;5581550;5472973
skew-32,0,merge,100000,4,64,50,47,32,5265387,5403404,6201828,6201828;5287687;5403404;5449654;5265387
skew-32,0,bucket,100000,4,64,50,47,32,11663442,11728361,12022066,12022066;11923277;11728361;11665273;11663442
skew-32,1,bucket,100000,4,64,50,47,32,10804429,10829838,11832478,11832478;11206491;10826538;10804429;10829838
skew-32,1,merge,100000,4,64,50,47,32,5281747,5650060,5903885,5702699;5903885;5650060;5360446;5281747
skew-32,0,merge,100000,4,64,80,47,32,5206678,5866535,5984572,5866535;5976323;5206678;5984572;5398834
skew-32,0,bucket,100000,4,64,80,47,32,14807020,14954848,16647985,16647985;15456638;14954848;14824351;14807020
skew-32,1,bucket,100000,4,64,80,47,32,15302881,15712943,16544866,16544866;15596225;15793731;15712943;15302881
skew-32,1,merge,100000,4,64,80,47,32,5260297,5590911,5769237,5260297;5692390;5590911;5310586;5769237
skew-32,0,merge,100000,4,128,20,47,32,5259097,5349206,5673049,5673049;5259097;5349206;5267607;5600870
skew-32,0,bucket,100000,4,128,20,47,32,6339586,6589661,7124981,7124981;6748658;6587312;6589661;6339586
skew-32,1,bucket,100000,4,128,20,47,32,6581661,6770747,7528033,7528033;6770747;6581661;7460105;6691580
skew-32,1,merge,100000,4,128,20,47,32,5227358,5334916,6223589,6223589;5334916;5854476;5227358;5241448
skew-32,0,merge,100000,4,128,25,47,32,5329316,5396324,5815776,5553691;5337996;5815776;5329316;5396324
skew-32,0,bucket,100000,4,128,25,47,32,7614292,8085742,8389086,7618101;8085742;7614292;8389086;8180490
skew-32,1,bucket,100000,4,128,25,47,32,7398646,8190479,8394797,8190479;8363376;8394797;7507284;7398646
skew-32,1,merge,100000,4,128,25,47,32,5218578,5605340,6638901,5687479;5605340;6638901;5218578;5353106
skew-32,0,merge,100000,4,128,30,47,32,5289237,5420685,5931444,5420685;5931444;5353615;5289237;5442003
skew-32,0,bucket,100000,4,128,30,47,32,8448025,8683811,9178320,9027384;9178320;8448025;8683811;8608922
skew-32,1,bucket,100000,4,128,30,47,32,8198800,8498284,9240040,9240040;8498284;9029053;8198800;8478254
skew-32,1,merge,100000,4,128,30,47,32,5232317,5633560,5638610,5633560;5638489;5638610;5232317;5473163
skew-32,0,merge,100000,4,128,50,47,32,5277988,5649239,6006012,6006012;5347046;5649239;5277988;5930543
skew-32,0,bucket,100000,4,128,50,47,32,11084924,11894948,12398788,12398788;11084924;11829779;11894948;12021315
skew-32,1,bucket,100000,4,128,50,47,32,10485386,11405637,14742912,12140783;14742912;11405637;10485386;10706731
skew-32,1,merge,100000,4,128,50,47,32,5262368,5554731,6365416,6365416;5554731;5284576;5262368;5597341
skew-32,0,merge,100000,4,128,80,47,32,5249378,5756927,6671300,6671300;5756927;5488612;5249378;5773797
skew-32,0,bucket,100000,4,128,80,47,32,15330400,16131015,17054517,17054517;15330400;16131015;15981928;16243263
skew-32,1,bucket,100000,4,128,80,47,32,15054446,17833862,27036881,17833862;27036881;15054446;15879210;22523810
skew-32,1,merge,100000,4,128,80,47,32,5656090,6119110,6455754,6165149;6119110;5656090;6455754;5672079
skew-32,0,merge,250000,2,16,20,47,32,8236919,8539703,9793438,9793438;8236919;9462315;8330457;8539703
skew-32,0,bucket,250000,2,16,20,47,32,6260347,7292737,8511983,7943215;8511983;6260347;7292737;6414195
skew-32,1,bucket,250000,2,16,20,47,32,6225898,7159190,7231529,6225898;7231529;7192510;6229658;7159190
skew-32,1,merge,250000,2,16,20,47,32,8475755,9402257,10023964,9884497;10023964;9076493;9402257;8475755
skew-32,0,merge,250000,2,16,25,47,32,8543953,8949485,9786489,9786489;8949485;8605092;8543953;9019574
skew-32,0,bucket,250000,2,16,25,47,32,6857366,7525383,7999973,6857366;7972214;6861367;7999973;7525383
skew-32,1,bucket,250000,2,16,25,47,32,6522792,7058772,8938646,7262358;6957464;7058772;8938646;6522792
skew-32,1,merge,250000,2,16,25,47,32,8876007,9151682,9998395,9998395;8876007;9038404;9417816;9151682
skew-32,0,merge,250000,2,16,30,47,32,8457144,8760038,9710660,9710660;8896146;8533803;8760038;8457144
skew-32,0,bucket,250000,2,16,30,47,32,7205919,8252029,8609332,8252029;7205919;7384615;8609332;8544303
skew-32,1,bucket,250000,2,16,30,47,32,7247998,7371906,9590072,7548153;9590072;7247998;7301787;7371906
skew-32,1,merge,250000,2,16,30,47,32,8558823,9130961,10211091,10211091;9471825;8558823;8699980;9130961
skew-32,0,merge,250000,2,16,50,47,32,8344077,8794288,9353787,9353787;8344077;9142811;8378647;8794288
skew-32,0,bucket,250000,2,16,50,47,32,9909127,11652112,12587524,12587524;11652112;12468476;9909127;10031104
skew-32,1,bucket,250000,2,16,50,47,32,9658051,10172941,10814919,10259989;10172941;9658051;9764179;10814919
skew-32,1,merge,250000,2,16,50,47,32,8159661,8455365,9864868,9864868;8612032;8262199;8159661;8455365
skew-32,0,merge,250000,2,16,80,47,32,8383106,9187620,10312269,8707130;10312269;8383106;9405127;9187620
skew-32,0,bucket,250000,2,16,80,47,32,15272201,16235903,21826783,20625607;21826783;15272201;16235903;16126284
skew-32,1,bucket,250000,2,16,80,47,32,12752771,15715513,20482679,20482679;16284651;15715513;12752771;13847610
skew-32,1,merge,250000,2,16,80,47,32,8443265,8667870,10127252,10127252;8614581;8667870;8443265;9564703
skew-32,0,merge,250000,2,64,20,47,32,8248509,8341757,10215870,10215870;9229380;8321627;8341757;8248509
skew-32,0,bucket,250000,2,64,20,47,32,7789347,9166711,9567753,9166711;8746969;9567753;9322867;7789347
skew-32,1,bucket,250000,2,64,20,47,32,7563223,7888287,8767919,8767919;7888287;7563223;7680780;8291158
skew-32,1,merge,250000,2,64,20,47,32,8322838,9097282,9720190,9119232;9720190;9097282;8322838;8480604
skew-32,0,merge,250000,2,64,25,47,32,7955215,8956755,9727910,9727910;9285779;8956755;7955215;8790918
skew-32,0,bucket,250000,2,64,25,47,32,8259669,9038694,9503404,9503404;9038694;9412427;8834288;8259669
skew-32,1,bucket,250000,2,64,25,47,32,8228989,9092703,9542183,9542183;8331407;9410116;9092703;8228989
skew-32,1,merge,250000,2,64,25,47,32,8018204,8844897,10030484,10030484;8980704;8723700;8018204;8844897
skew-32,0,merge,250000,2,64,30,47,32,8641721,8960216,9743680,9743680;9362726;8641721;8960216;8884747
skew-32,0,bucket,250000,2,64,30,47,32,9259799,10952686,12353448,12353448;11298779;9259799;10952686;9406586
skew-32,1,bucket,250000,2,64,30,47,32,9486775,9583043,10009324,10009324;9583043;9486775;9574343;9843058
skew-32,1,merge,250000,2,64,30,47,32,8512123,8930466,10124382,10124382;8930466;8518754;9234949;8512123
skew-32,0,merge,250000,2,64,50,47,32,9241930,9275939,10096503,10096503;9392766;9252899;9241930;9275939
skew-32,0,bucket,250000,2,64,50,47,32,13098434,15401089,15685504,13756332;15685504;13098434;15401089;15417648
skew-32,1,bucket,250000,2,64,50,47,32,12401648,12457147,13243161,13243161;12438277;12401648;12457147;12754091
skew-32,1,merge,250000,2,64,50,47,32,8244079,8773839,9431436,9095473;8691300;9431436;8244079;8773839
skew-32,0,merge,250000,2,64,80,47,32,8332148,8569923,10000605,10000605;8332148;8931026;8569923;8447565
skew-32,0,bucket,250000,2,64,80,47,32,15136185,17541618,19190195,19190195;17067747;15136185;17541618;17647305
skew-32,1,bucket,250000,2,64,80,47,32,16092936,16681634,29594113,29594113;16092936;16585496;17961699;16681634
skew-32,1,merge,250000,2,64,80,47,32,8427055,9073253,9976685,9976685;8685140;8427055;9073253;9397716
skew-32,0,merge,250000,2,128,20,47,32,8854987,9089222,10262840,10262840;8948575;9185361;8854987;9089222
skew-32,0,bucket,250000,2,128,20,47,32,7334567,7959865,8127001,7959865;7334567;7359096;8018984;8127001
skew-32,1,bucket,250000,2,128,20,47,32,7309397,7588652,7816168,7588652;7630011;7455555;7816168;7309397
skew-32,1,merge,250000,2,128,20,47,32,8477814,8948805,10051474,10051474;9651322;8948805;8477814;8906506
skew-32,0,merge,250000,2,128,25,47,32,8466454,8901366,9508785,9508785;9004794;8466454;8901366;8488414
skew-32,0,bucket,250000,2,128,25,47,32,8792359,8852667,9038504,9038504;8961305;8852667;8792359;8818888
skew-32,1,bucket,250000,2,128,25,47,32,8887376,9073233,10072833,10072833;8887376;9073233;8925366;9413826
skew-32,1,merge,250000,2,128,25,47,32,8338427,8563333,9694381,9694381;8584382;8338427;8563333;8363707
skew-32,0,merge,250000,2,128,30,47,32,8600052,9037803,9404587,9367307;9037803;9404587;8600052;8667481
skew-32,0,bucket,250000,2,128,30,47,32,8966145,9686611,10431626,10431626;10371367;9686611;9171341;8966145
skew-32,1,bucket,250000,2,128,30,47,32,8782489,9214650,10221970,8782489;10221970;9807979;9071003;9214650
skew-32,1,merge,250000,2,128,30,47,32,8487514,8791299,10476446,10476446;8841287;8731450;8487514;8791299
skew-32,0,merge,250000,2,128,50,47,32,8214139,8461874,9497245,9497245;8214139;8888736;8461874;8231499
skew-32,0,bucket,250000,2,128,50,47,32,11027444,12449257,12748551,11419387;11027444;12449257;12664413;12748551
skew-32,1,bucket,250000,2,128,50,47,32,10974376,12444127,15728143,15728143;10974376;12388538;12444127;12568985
skew-32,1,merge,250000,2,128,50,47,32,8707300,9220859,10201041,10201041;8917916;8707300;9456516;9220859
skew-32,0,merge,250000,2,128,80,47,32,8384926,9361098,9811388,9811388;9564353;8510054;9361098;8384926
skew-32,0,bucket,250000,2,128,80,47,32,14050185,14864259,16862171,15616195;16862171;14864259;14167323;14050185
skew-32,1,bucket,250000,2,128,80,47,32,14268221,15047296,18922861,18922861;18095597;14268221;15047296;14638904
skew-32,1,merge,250000,2,128,80,47,32,8105452,9193670,9836158,9575423;8939336;9193670;8105452;9836158
skew-32,0,merge,250000,4,16,20,47,32,9042544,9204480,9542314,9204480;9542314;9297769;9147561;9042544
skew-32,0,bucket,250000,4,16,20,47,32,12637193,13014315,13567375,13567375;13061455;12796250;13014315;12637193
skew-32,1,bucket,250000,4,16,20,47,32,12336489,12687723,19036488,12336489;12361659;12687723;19036488;18926711
skew-32,1,merge,250000,4,16,20,47,32,8702090,9302588,10546474,9112862;8702090;10546474;9302588;9888797
skew-32,0,merge,250000,4,16,25,47,32,9315588,9381807,9828598,9828598;9315588;9381807;9357088;9431416
skew-32,0,bucket,250000,4,16,25,47,32,13783151,15173134,15761612,15173134;15653154;15761612;14766411;13783151
skew-32,1,bucket,250000,4,16,25,47,32,14208503,15387009,16241332,14208503;14625795;15792941;15387009;16241332
skew-32,1,merge,250000,4,16,25,47,32,8853447,9143132,9705701,9705701;8853447;8870707;9143132;9363297
skew-32,0,merge,250000,4,16,30,47,32,8625892,8857517,9555543,9555543;9233379;8625892;8790339;8857517
skew-32,0,bucket,250000,4,16,30,47,32,15835840,16998098,22891333,17194684;22891333;15835840;16219263;16998098
skew-32,1,bucket,250000,4,16,30,47,32,15803801,16516807,17722873,17376751;16178134;17722873;15803801;16516807
skew-32,1,merge,250000,4,16,30,47,32,8986134,9482425,9610842,9610842;9576933;9345078;8986134;9482425
skew-32,0,merge,250000,4,16,50,47,32,8868126,9156051,9495145,9495145;9099482;8868126;9156051;9292019
skew-32,0,bucket,250000,4,16,50,47,32,23379474,25476242,26002452,25476242;25811116;26002452;24193198;23379474
skew-32,1,bucket,250000,4,16,50,47,32,23885294,24574250,26625961,24574250;24305566;25854035;23885294;26625961
skew-32,1,merge,250000,4,16,50,47,32,8441136,9142401,9449976,9449976;9402527;8441136;9142401;8772339
skew-32,0,merge,250000,4,16,80,47,32,8780449,9459796,9714300,9714300;8873347;9459796;8780449;9515244
skew-32,0,bucket,250000,4,16,80,47,32,35342520,38439610,48806487,40074037;38439610;35342520;37307031;48806487
skew-32,1,bucket,250000,4,16,80,47,32,35868430,56011607,60362772,40621397;56011607;35868430;60362772;60042597
skew-32,1,merge,250000,4,16,80,47,32,9594363,9649122,9885737,9885737;9722400;9594363;9635962;9649122
skew-32,0,merge,250000,4,64,20,47,32,9007024,9136041,9224939,9224939;9007024;9191311;9089353;9136041
skew-32,0,bucket,250000,4,64,20,47,32,14066375,14979297,15638535,14066375;15294721;15638535;14979297;14900489
skew-32,1,bucket,250000,4,64,20,47,32,14244203,14537836,15639745,14537836;15639745;14244203;14475548;14818631
skew-32,1,merge,250000,4,64,20,47,32,8241389,8635381,9443796,9443796;8281448;9197940;8635381;8241389
skew-32,0,merge,250000,4,64,25,47,32,8404246,8605111,9474625,8805609;9474625;8532694;8605111;8404246
skew-32,0,bucket,250000,4,64,25,47,32,16237033,16875050,17405071,17375240;16542827;16875050;17405071;16237033
skew-32,1,bucket,250000,4,64,25,47,32,15717063,16310782,17513078,17513078;15717063;15888501;16572816;16310782
skew-32,1,merge,250000,4,64,25,47,32,8571102,9341698,9752480,9752480;9341698;8571102;8869516;9441905
skew-32,0,merge,250000,4,64,30,47,32,8434485,8747099,10302319,10302319;8747099;8656541;8910556;8434485
skew-32,0,bucket,250000,4,64,30,47,32,17221353,18990239,20303304,20303304;18990239;18948440;17221353;19704755
skew-32,1,bucket,250000,4,64,30,47,32,18010579,18406011,19706945,19706945;18010579;18318542;18406011;19589948
skew-32,1,merge,250000,4,64,30,47,32,9002585,9347417,9661801,9661801;9347417;9453745;9002585;9222181
skew-32,0,merge,250000,4,64,50,47,32,8639761,9300458,9518774,9518774;9352767;8905656;9300458;8639761
skew-32,0,bucket,250000,4,64,50,47,32,26018732,26421604,27555682,26018732;26421604;27555682;26855425;26222388
skew-32,1,bucket,250000,4,64,50,47,32,25706588,26485003,36543877,36543877;26269368;25706588;26485003;26733368
skew-32,1,merge,250000,4,64,50,47,32,8816698,9076933,9298559,9298559;9076933;9251449;8950895;8816698
skew-32,0,merge,250000,4,64,80,47,32,8496664,8556803,9419176,9419176;8496664;8513804;8696041;8556803
skew-32,0,bucket,250000,4,64,80,47,32,36851581,37519918,43836174,43836174;36851581;37982779;36896919;37519918
skew-32,1,bucket,250000,4,64,80,47,32,34983587,38523248,60829003,48439895;34983587;36128595;38523248;60829003
skew-32,1,merge,250000,4,64,80,47,32,9204760,9285749,9564393,9564393;9272198;9563543;9204760;9285749
skew-32,0,merge,250000,4,128,20,47,32,8372597,9262909,9479715,9479715;9437146;8372597;8550653;9262909
skew-32,0,bucket,250000,4,128,20,47,32,14165953,14275271,15775912,15005947;14165953;15775912;14275271;14228432
skew-32,1,bucket,250000,4,128,20,47,32,14149904,14449548,15479507,14449548;15479507;14221653;14623065;14149904
skew-32,1,merge,250000,4,128,20,47,32,8797039,8890606,9323618,9006405;9323618;8890606;8889246;8797039
skew-32,0,merge,250000,4,128,25,47,32,9073253,9486295,9776289,9776289;9486295;9480205;9680101;9073253
skew-32,0,bucket,250000,4,128,25,47,32,16584676,17039417,17950800,17628236;16584676;16767603;17950800;17039417
skew-32,1,bucket,250000,4,128,25,47,32,16895020,17466809,18191575,16895020;17466809;17688934;18191575;16927680
skew-32,1,merge,250000,4,128,25,47,32,8580873,9311858,10299138,10299138;9230100;9455396;8580873;9311858
skew-32,0,merge,250000,4,128,30,47,32,8861467,9350308,9658031,9658031;9350308;8861467;9226830;9611973
skew-32,0,bucket,250000,4,128,30,47,32,18611836,19826303,20107538,18611836;19826303;20107538;19183056;19932561
skew-32,1,bucket,250000,4,128,30,47,32,18549448,23845505,26140839,18774334;26140839;25815996;23845505;18549448
skew-32,1,merge,250000,4,128,30,47,32,8991774,9361448,9750670,9547843;9750670;9361448;8991774;9351768
skew-32,0,merge,250000,4,128,50,47,32,8488934,9147051,10441806,10441806;9234450;9147051;8662921;8488934
skew-32,0,bucket,250000,4,128,50,47,32,25622070,25827686,27263828,25821167;27263828;25827686;25622070;25834116
skew-32,1,bucket,250000,4,128,50,47,32,25287446,25805466,42943172,38940190;25805466;25287446;42943172;25456274
skew-32,1,merge,250000,4,128,50,47,32,8612511,9108302,9965266,9965266;9203690;9108302;8612511;8959746
skew-32,0,merge,250000,4,128,80,47,32,8447336,8621112,9488725,9488725;8640092;8570613;8447336;8621112
skew-32,0,bucket,250000,4,128,80,47,32,37819742,38864821,60024808,38864821;57781232;38095046;60024808;37819742
skew-32,1,bucket,250000,4,128,80,47,32,37437970,37801812,42355803,42355803;40238935;37578296;37437970;37801812
skew-32,1,merge,250000,4,128,80,47,32,8179590,8519093,9448526,9448526;8519093;8652141;8515854;8179590
skew-32,0,merge,1000000,2,16,20,47,32,29627072,35304031,41472570,41472570;35304031;35748202;32306860;29627072
skew-32,0,bucket,1000000,2,16,20,47,32,22733927,23985042,33239281,33239281;27367676;22733927;23985042;23110629
skew-32,1,bucket,1000000,2,16,20,47,32,23687587,24175358,42052009,42052009;26015953;24175358;23762096;23687587
skew-32,1,merge,1000000,2,16,20,47,32,30362287,37690405,38764593,38764593;37690405;34638194;30362287;38090446
skew-32,0,merge,1000000,2,16,25,47,32,28123691,33408149,37748653,37748653;36856901;33408149;29358777;28123691
skew-32,0,bucket,1000000,2,16,25,47,32,25142240,30279539,36805532,36623045;30279539;36805532;25142240;25477663
skew-32,1,bucket,1000000,2,16,25,47,32,24885034,25974993,37054036,37054036;28131411;24885034;25974993;25335666
skew-32,1,merge,1000000,2,16,25,47,32,30844498,34849380,38861162,38861162;36842221;34849380;34605295;30844498
skew-32,0,merge,1000000,2,16,30,47,32,34058685,35281702,36740353,36740353;34512197;36459058;35281702;34058685
skew-32,0,bucket,1000000,2,16,30,47,32,27638391,29030534,41555759,41555759;29030534;30371437;28220439;27638391
skew-32,1,bucket,1000000,2,16,30,47,32,26623581,33926638,49206519,49206519;33926638;27644511;26623581;36040006
skew-32,1,merge,1000000,2,16,30,47,32,35046066,35926769,37502488,37502488;36058757;35121165;35046066;35926769
skew-32,0,merge,1000000,2,16,50,47,32,30589353,33056165,35190384,35190384;33056165;34744662;33031315;30589353
skew-32,0,bucket,1000000,2,16,50,47,32,37757503,48595802,67477994,48595802;67477994;51706641;37757503;47098380
skew-32,1,bucket,1000000,2,16,50,47,32,39071458,47290297,60132997,55790761;60132997;47290297;46189049;39071458
skew-32,1,merge,1000000,2,16,50,47,32,30603922,36230123,38259994,38259994;36290512;36230123;34778231;30603922
skew-32,0,merge,1000000,2,16,80,47,32,30613223,34895269,49264679,49264679;35401700;34895269;30613223;33763102
skew-32,0,bucket,1000000,2,16,80,47,32,51971236,54998976,88011754,88011754;58823093;51971236;54998976;54591985
skew-32,1,bucket,1000000,2,16,80,47,32,52220521,53556535,66612150,66612150;60151216;52220521;52237640;53556535
skew-32,1,merge,1000000,2,16,80,47,32,29583513,33032836,38655816,38655816;37344922;33032836;31149622;29583513
skew-32,0,merge,1000000,2,64,20,47,32,31078534,33678053,36969359,36969359;35772822;33678053;31913337;31078534
skew-32,0,bucket,1000000,2,64,20,47,32,27933615,32934747,43089739,32934747;43089739;36569916;27933615;32552645
skew-32,1,bucket,1000000,2,64,20,47,32,27653641,30458485,44217087,44217087;27661910;30458485;31561055;27653641
skew-32,1,merge,1000000,2,64,20,47,32,32335459,33859350,37114386,37114386;33859350;34113274;32335459;32903828
skew-32,0,merge,1000000,2,64,25,47,32,36114776,37115975,41941642,37115975;36114776;37291543;36308191;41941642
skew-32,0,bucket,1000000,2,64,25,47,32,32347569,32616204,40158217,37375510;40158217;32616204;32347569;32395658
skew-32,1,bucket,1000000,2,64,25,47,32,29259609,33348080,38798573,34794591;33348080;29259609;38798573;29411826
skew-32,1,merge,1000000,2,64,25,47,32,33799421,34793132,37305833,37305833;33799421;35160125;34793132;34353970
skew-32,0,merge,1000000,2,64,30,47,32,30921487,32781211,39903251,39903251;33146484;31977507;32781211;30921487
skew-32,0,bucket,1000000,2,64,30,47,32,31906988,35791832,36545648,35792542;35791832;36545648;32424047;31906988
skew-32,1,bucket,1000000,2,64,30,47,32,30914297,33177232,34882779,34882779;33431068;33177232;30914297;31945097
skew-32,1,merge,1000000,2,64,30,47,32,34238332,35828201,37690595,37690595;36884361;35828201;34383409;34238332
skew-32,0,merge,1000000,2,64,50,47,32,33653523,35749953,37084437,37084437;35291871;35749953;36606546;33653523
skew-32,0,bucket,1000000,2,64,50,47,32,40415412,47136630,54769902,54769902;47815788;47136630;40532830;40415412
skew-32,1,bucket,1000000,2,64,50,47,32,39965931,41205526,51677582,50886538;51677582;41205526;39965931;40908472
skew-32,1,merge,1000000,2,64,50,47,32,30871958,35895860,37276793,37276793;36742604;35559627;35895860;30871958
skew-32,0,merge,1000000,2,64,80,47,32,32041675,35983608,37043037,37043037;36811653;35983608;34122754;32041675
skew-32,0,bucket,1000000,2,64,80,47,32,58156176,58507269,88809668,88809668;58507269;64334485;58156176;58365892
skew-32,1,bucket,1000000,2,64,80,47,32,55109725,56572627,68630881,68630881;64473623;55293332;55109725;56572627
skew-32,1,merge,1000000,2,64,80,47,32,34759792,36217923,37452050,37452050;36217923;36808022;35571677;34759792
skew-32,0,merge,1000000,2,128,20,47,32,33381329,35852060,37682836,37682836;37071337;35852060;33381329;33918879
skew-32,0,bucket,1000000,2,128,20,47,32,28694840,33013576,37617446,33013576;37182984;37617446;28694840;29519204
skew-32,1,bucket,1000000,2,128,20,47,32,28340358,31437487,32864049,32864049;28340358;31582084;30797210;31437487
skew-32,1,merge,1000000,2,128,20,47,32,26339796,32858999,44847395,44847395;35782702;32858999;26339796;27399856
skew-32,0,merge,1000000,2,128,25,47,32,30248310,35389040,36515358,36515358;35801242;35389040;30248310;31334909
skew-32,0,bucket,1000000,2,128,25,47,32,27144251,30743091,33037836,33037836;30849369;30743091;28149221;27144251
skew-32,1,bucket,1000000,2,128,25,47,32,32009566,35313632,47262029,35313632;35514858;47262029;34783092;32009566
skew-32,1,merge,1000000,2,128,25,47,32,30995656,33591875,38067117,38067117;35521408;33591875;31503156;30995656
skew-32,0,merge,1000000,2,128,30,47,32,34296321,35143544,38515229,38515229;34296321;34436948;35143544;37151636
skew-32,0,bucket,1000000,2,128,30,47,32,30010444,34722103,56523768,56523768;51660723;34722103;30010444;30329809
skew-32,1,bucket,1000000,2,128,30,47,32,29420407,35359881,41583780,41583780;35359881;35377631;29746620;29420407
skew-32,1,merge,1000000,2,128,30,47,32,30718481,32953357,37517428,37517428;37227454;32953357;30718481;31230630
skew-32,0,merge,1000000,2,128,50,47,32,27872876,34143555,36942940,36942940;34975698;31986397;34143555;27872876
skew-32,0,bucket,1000000,2,128,50,47,32,38939541,41165148,50106203,50106203;41165148;47205780;38939541;39200416
skew-32,1,bucket,1000000,2,128,50,47,32,38750625,45760978,53143414,53143414;46395655;45760978;39714255;38750625
skew-32,1,merge,1000000,2,128,50,47,32,29551424,33749312,36976339,36976339;36361361;33749312;31698022;29551424
skew-32,0,merge,1000000,2,128,80,47,32,32020006,36120746,36846462,36846462;36120746;32020006;36822272;35277092
skew-32,0,bucket,1000000,2,128,80,47,32,55140295,57031359,69039744,69039744;64726938;57031359;56799323;55140295
skew-32,1,bucket,1000000,2,128,80,47,32,57298744,57755235,70269021,70269021;64935344;57543279;57298744;57755235
skew-32,1,merge,1000000,2,128,80,47,32,30797080,34430759,38125716,38125716;34430759;34900699;30797080;32322350
skew-32,0,merge,1000000,4,16,20,47,32,36295552,42755157,48863147,48863147;45507863;42628789;42755157;36295552
skew-32,0,bucket,1000000,4,16,20,47,32,49894377,54905700,71661004,71661004;55116226;51132163;54905700;49894377
skew-32,1,bucket,1000000,4,16,20,47,32,48640312,50884989,70883479,70883479;54439309;50572575;50884989;48640312
skew-32,1,merge,1000000,4,16,20,47,32,31904528,36226824,45674610,45674610;31904528;36226824;36221005;37343533
skew-32,0,merge,1000000,4,16,25,47,32,31783430,34050337,46505634,46505634;39951582;34050337;32527216;31783430
skew-32,0,bucket,1000000,4,16,25,47,32,59251585,60653629,77886342,77886342;61337765;60653629;59348964;59251585
skew-32,1,bucket,1000000,4,16,25,47,32,58116588,60898573,78743546,78743546;64006842;58116588;60898573;58237875
skew-32,1,merge,1000000,4,16,25,47,32,31330920,33794551,46187570,46187570;33235103;33794551;36044557;31330920
skew-32,0,merge,1000000,4,16,30,47,32,32668053,35847812,46527923,46527923;38001789;33983467;35847812;32668053
skew-32,0,bucket,1000000,4,16,30,47,32,63308226,65182610,81150948,81150948;65182610;63308226;63701949;66211230
skew-32,1,bucket,1000000,4,16,30,47,32,63515322,66923506,102963504,102963504;69776830;66923506;63515322;65801328
skew-32,1,merge,1000000,4,16,30,47,32,32618675,35309083,47535604,47535604;37570398;32618675;35309083;33825641
skew-32,0,merge,1000000,4,16,50,47,32,31110794,34170314,45208219,45208219;31110794;31423418;34170314;35085707
skew-32,0,bucket,1000000,4,16,50,47,32,96768554,100988192,114561118,114561118;104115241;99183938;96768554;100988192
skew-32,1,bucket,1000000,4,16,50,47,32,92912410,110251481,117559590,117559590;112844221;110251481;103962044;92912410
skew-32,1,merge,1000000,4,16,50,47,32,31454337,35124316,45359756,45359756;33034236;35124316;37330253;31454337
skew-32,0,merge,1000000,4,16,80,47,32,31782541,33383590,47232459,47232459;33383590;33277731;31782541;39670867
skew-32,0,bucket,1000000,4,16,80,47,32,147708332,151343632,177914473,177914473;151343632;147708332;152472979;147919118
skew-32,1,bucket,1000000,4,16,80,47,32,148766682,160171710,171227385,169785142;171227385;148973748;160171710;148766682
skew-32,1,merge,1000000,4,16,80,47,32,32131184,34432469,45993414,45993414;33666785;37533839;32131184;34432469
skew-32,0,merge,1000000,4,64,20,47,32,32587045,35263503,50383399,50383399;35263503;32587045;35243313;36782264
skew-32,0,bucket,1000000,4,64,20,47,32,51970208,59106948,63006772,62258897;63006772;59106948;51970208;52384000
skew-32,1,bucket,1000000,4,64,20,47,32,52630595,55706185,67534724,67534724;60064110;52630595;55706185;52734663
skew-32,1,merge,1000000,4,64,20,47,32,27912727,42069121,54150636,42069121;44165300;27912727;54150636;35002878
skew-32,0,merge,1000000,4,64,25,47,32,31352020,33220513,46229120,46229120;32394819;36819733;33220513;31352020
skew-32,0,bucket,1000000,4,64,25,47,32,61645960,66451906,100700039,100700039;66451906;66060954;79754407;61645960
skew-32,1,bucket,1000000,4,64,25,47,32,60103780,65413866,95689776,95689776;66068883;65413866;60103780;62310256
skew-32,1,merge,1000000,4,64,25,47,32,30898728,32378160,44979794,44979794;31415568;32378160;30898728;34557247
skew-32,0,merge,1000000,4,64,30,47,32,32378109,33465098,46163721,46163721;33465098;37434461;33196083;32378109
skew-32,0,bucket,1000000,4,64,30,47,32,66782139,74623206,80632640,80632640;80218928;74623206;66782139;67715941
skew-32,1,bucket,1000000,4,64,30,47,32,67176421,74203225,81691899,81691899;77809684;74203225;70031736;67176421
skew-32,1,merge,1000000,4,64,30,47,32,30372518,33016997,45099292,45099292;30722542;33016997;30372518;35892931
skew-32,0,merge,1000000,4,64,50,47,32,32407049,33374720,43930724,43930724;32407049;33374720;32895119;33890280
skew-32,0,bucket,1000000,4,64,50,47,32,97079849,100849106,117449483,117449483;100849106;103156591;98535081;97079849
skew-32,1,bucket,1000000,4,64,50,47,32,98943883,99520012,114051389,114051389;102336557;99520012;99201378;98943883
skew-32,1,merge,1000000,4,64,50,47,32,32123304,33738183,43950484,43950484;32123304;36162805;32780962;33738183
skew-32,0,merge,1000000,4,64,80,47,32,30705363,35684056,50896649,50896649;35684056;37279294;32013267;30705363
skew-32,0,bucket,1000000,4,64,80,47,32,149647307,158710640,168448780,168448780;162689423;151357652;158710640;149647307
skew-32,1,bucket,1000000,4,64,80,47,32,151888673,154986453,172029591,172029591;164899079;154986453;153534961;151888673
skew-32,1,merge,1000000,4,64,80,47,32,31657994,36706185,46846728,46846728;36706185;34498048;39220597;31657994
skew-32,0,merge,1000000,4,128,20,47,32,33387490,35276333,42865075,42865075;36722065;33387490;34071017;35276333
skew-32,0,bucket,1000000,4,128,20,47,32,50806761,55579708,64582792,64582792;57732386;55579708;50806761;51332821
skew-32,1,bucket,1000000,4,128,20,47,32,52517088,56218195,68817611,68817611;56218195;52517088;57112658;54764294
skew-32,1,merge,1000000,4,128,20,47,32,30449208,34680205,44392885,44392885;36229405;34680205;33533717;30449208
skew-32,0,merge,1000000,4,128,25,47,32,30914538,31950128,46570743,46570743;39194407;31564726;31950128;30914538
skew-32,0,bucket,1000000,4,128,25,47,32,58975142,61525942,74441822,74441822;62911255;59361134;61525942;58975142
skew-32,1,bucket,1000000,4,128,25,47,32,58461042,62570912,76742886,76742886;68637165;60457933;62570912;58461042
skew-32,1,merge,1000000,4,128,25,47,32,31666114,32909569,45284989,45284989;32909569;34003458;32441258;31666114
skew-32,0,merge,1000000,4,128,30,47,32,32875390,33766913,46651092,46651092;32875390;35201374;33766913;33399070
skew-32,0,bucket,1000000,4,128,30,47,32,65360928,66222821,81803638,81803638;80209329;66222821;65360928;66038245
skew-32,1,bucket,1000000,4,128,30,47,32,66172842,73887902,98821076,85623114;98821076;73887902;69112784;66172842
skew-32,1,merge,1000000,4,128,30,47,32,31067135,32752273,50098145,50098145;32752273;37092588;31067135;32439199
skew-32,0,merge,1000000,4,128,50,47,32,31850790,32004337,43982774,43982774;31850790;34408990;32004337;31985968
skew-32,0,bucket,1000000,4,128,50,47,32,97023041,104636223,118939345,118939345;104636223;107377380;98848047;97023041
skew-32,1,bucket,1000000,4,128,50,47,32,97826516,104722562,118464984,118464984;104722562;107343261;98032092;97826516
skew-32,1,merge,1000000,4,128,50,47,32,32436229,34419830,45059783,45059783;32436229;34522448;34419830;33041337
skew-32,0,merge,1000000,4,128,80,47,32,32250963,33944319,49602335,49602335;33944319;32250963;36523489;32635104
skew-32,0,bucket,1000000,4,128,80,47,32,146387211,150092619,171808657,171808657;157283030;148611688;150092619;146387211
skew-32,1,bucket,1000000,4,128,80,47,32,148107278,150304615,355001922,201591318;355001922;150304615;148107278;149569130
skew-32,1,merge,1000000,4,128,80,47,32,32079316,32995068,47135703,47135703;32079316;39876903;32995068;32697884
edge-32,0,merge,65536,2,256,0,47,32,4390795,4493624,5228560,5228560;4561222;4413446;4390795;4493624
edge-32,0,bucket,65536,2,256,0,47,32,2741908,2925784,3292906,3292906;2925784;3091620;2741908;2780706
edge-32,1,bucket,65536,2,256,0,47,32,2760597,2859516,3197219,3197219;2760597;2902975;2859516;2784187
edge-32,1,merge,65536,2,256,0,47,32,3663680,3875436,4368096,4161810;3712179;4368096;3875436;3663680
edge-32,0,merge,65536,2,257,0,47,32,3890625,4019303,4295607,4295607;4000083;4037482;4019303;3890625
edge-32,0,bucket,65536,2,257,0,47,32,2702228,2762006,4370386,4370386;2815036;2738747;2762006;2702228
edge-32,1,bucket,65536,2,257,0,47,32,2710238,2769786,2853145,2853145;2716168;2847465;2769786;2710238
edge-32,1,merge,65536,2,257,0,47,32,3627190,3863666,4890956,4890956;3894115;3627190;3863666;3833377
edge-32,0,merge,65536,2,512,0,47,32,3789087,3925564,4213019,4213019;3980603;3789087;3925564;3918665
edge-32,0,bucket,65536,2,512,0,47,32,3092330,3199068,3304747,3304747;3199068;3149669;3092330;3200049
edge-32,1,bucket,65536,2,512,0,47,32,3089331,3199069,3308926,3199069;3308926;3275468;3089331;3171929
edge-32,1,merge,65536,2,512,0,47,32,3761198,3911525,4871026,4871026;3911525;3955184;3869136;3761198
edge-32,0,merge,65536,2,1024,0,47,32,3623920,3896065,4043352,4043352;3623920;3896065;3979384;3699509
edge-32,0,bucket,65536,2,1024,0,47,32,3926055,3971393,4089591,3981513;3971393;4089591;3926055;3951974
edge-32,1,bucket,65536,2,1024,0,47,32,3945224,4020423,4225889,3945224;4093001;4020423;4006653;4225889
edge-32,1,merge,65536,2,1024,0,47,32,3626621,3943454,4881096,4881096;3906035;4176490;3943454;3626621
edge-32,0,merge,65536,3,256,0,47,32,4022372,4196459,4354706,4130071;4248449;4354706;4196459;4022372
edge-32,0,bucket,65536,3,256,0,47,32,3092321,3189148,3514813,3514813;3092321;3189148;3309996;3103800
edge-32,1,bucket,65536,3,256,0,47,32,3035152,3103901,3319016,3319016;3162059;3103901;3035152;3058002
edge-32,1,merge,65536,3,256,0,47,32,3793047,4037372,4294277,4174920;4018163;3793047;4037372;4294277
edge-32,0,merge,65536,3,257,0,47,32,4048262,4104301,4130731,4130731;4048262;4121271;4104301;4070431
edge-32,0,bucket,65536,3,257,0,47,32,3067961,3135180,3332525,3332525;3136559;3135180;3069661;3067961
edge-32,1,bucket,65536,3,257,0,47,32,3080011,3120050,3322216,3322216;3207119;3116510;3120050;3080011
edge-32,1,merge,65536,3,257,0,47,32,3835407,4400895,4519573,4372286;4400895;4452634;4519573;3835407
edge-32,0,merge,65536,3,512,0,47,32,3990444,4001533,4322067,4001533;4030373;4322067;3990444;4000534
edge-32,0,bucket,65536,3,512,0,47,32,3528233,3666340,4030123,4030123;3528233;3711609;3666340;3547452
edge-32,1,bucket,65536,3,512,0,47,32,3569621,3627050,3907355,3907355;3619481;3569621;3627050;3708829
edge-32,1,merge,65536,3,512,0,47,32,3796267,3852226,4218829,3852226;3908045;3796267;3822217;4218829
edge-32,0,merge,65536,3,1024,0,47,32,3585261,3916655,4060192,3916655;3669009;4060192;4003954;3585261
edge-32,0,bucket,65536,3,1024,0,47,32,4438565,4740849,4776549,4740849;4776549;4524243;4438565;4752509
edge-32,1,bucket,65536,3,1024,0,47,32,4364626,4488743,4804608,4804608;4502533;4464214;4364626;4488743
edge-32,1,merge,65536,3,1024,0,47,32,3692439,3875495,4137421,4137421;3893816;3692439;3719909;3875495
edge-32,0,merge,65536,4,256,0,47,32,3760598,4022033,4065941,3988323;4054172;4065941;3760598;4022033
edge-32,0,bucket,65536,4,256,0,47,32,3368545,3463953,3642590,3642590;3382235;3496893;3463953;3368545
edge-32,1,bucket,65536,4,256,0,47,32,3323196,3416414,3600421,3600421;3398324;3467634;3416414;3323196
edge-32,1,merge,65536,4,256,0,47,32,3810016,3958444,4078142,3810016;4067962;4078142;3835977;3958444
edge-32,0,merge,65536,4,257,0,47,32,3682379,3936474,4312737,4312737;3813666;4069552;3682379;3936474
edge-32,0,bucket,65536,4,257,0,47,32,3421475,3499733,3588011,3588011;3508882;3499733;3423554;3421475
edge-32,1,bucket,65536,4,257,0,47,32,3334106,3346856,3547681,3547681;3391264;3341666;3334106;3346856
edge-32,1,merge,65536,4,257,0,47,32,3651320,4013033,4064702,4064702;4054662;4003124;4013033;3651320
edge-32,0,merge,65536,4,512,0,47,32,3752648,3944694,4159180,3997603;4159180;3944694;3924345;3752648
edge-32,0,bucket,65536,4,512,0,47,32,3887965,3955874,4097701,4097701;3955874;3887965;4094051;3919075
edge-32,1,bucket,65536,4,512,0,47,32,3937835,4026653,4222319,4222319;4140380;4026653;3937835;4025783
edge-32,1,merge,65536,4,512,0,47,32,3802517,3999103,4387036,4387036;3999103;4139811;3892655;3802517
edge-32,0,merge,65536,4,1024,0,47,32,3701099,3803487,3914935,3914935;3865516;3803487;3701099;3726418
edge-32,0,bucket,65536,4,1024,0,47,32,4772238,4959964,5151121,5151121;4772238;5049673;4959964;4801208
edge-32,1,bucket,65536,4,1024,0,47,32,4596492,5190330,5206360,5163361;5206360;5205710;4596492;5190330
edge-32,1,merge,65536,4,1024,0,47,32,3714099,3859576,3986374,3859576;3986374;3851646;3714099;3930184
edge-32,0,merge,150000,2,256,0,47,32,6649233,6886698,7418177,7064844;7418177;6649233;6886698;6693532
edge-32,0,bucket,150000,2,256,0,47,32,3735918,3850446,4401315,4401315;3895705;3850446;3763078;3735918
edge-32,1,bucket,150000,2,256,0,47,32,3656089,3785617,4514984,4514984;3785617;3804277;3679729;3656089
edge-32,1,merge,150000,2,256,0,47,32,6997325,7105874,7488856,7488856;7238271;7105874;6997325;7097804
edge-32,0,merge,150000,2,257,0,47,32,6608713,6789209,6933447,6933447;6789209;6795199;6675762;6608713
edge-32,0,bucket,150000,2,257,0,47,32,3758348,3812397,4385066,4385066;3758348;3794617;3860056;3812397
edge-32,1,bucket,150000,2,257,0,47,32,3696889,3799728,4248609,4248609;3799728;3922435;3696889;3789597
edge-32,1,merge,150000,2,257,0,47,32,6372867,6649903,7278360,7278360;7059774;6526774;6372867;6649903
edge-32,0,merge,150000,2,512,0,47,32,6523695,6610993,7443147,7443147;7358079;6572314;6523695;6610993
edge-32,0,bucket,150000,2,512,0,47,32,4129371,4292817,4367576,4367576;4304107;4292817;4129371;4251538
edge-32,1,bucket,150000,2,512,0,47,32,4218619,4361536,4482584,4361536;4482584;4474774;4218619;4229779
edge-32,1,merge,150000,2,512,0,47,32,6614873,6865179,7155843,6958276;7155843;6614873;6863989;6865179
edge-32,0,merge,150000,2,1024,0,47,32,6641802,6831688,7116893,7116893;6641802;6940406;6725751;6831688
edge-32,0,bucket,150000,2,1024,0,47,32,5229179,5592742,5863977,5404715;5229179;5863977;5592742;5752439
edge-32,1,bucket,150000,2,1024,0,47,32,5311218,5481685,5570753,5570753;5481685;5539834;5311218;5357057
edge-32,1,merge,150000,2,1024,0,47,32,6534425,6700962,7322999,7134843;7322999;6534425;6700962;6572543
edge-32,0,merge,150000,3,256,0,47,32,6640552,6850858,7447797,7447797;6850858;6640552;6842489;7059514
edge-32,0,bucket,150000,3,256,0,47,32,4573162,4640661,5145461,5145461;4635881;4651590;4640661;4573162
edge-32,1,bucket,150000,3,256,0,47,32,4539503,4610231,5197910,5197910;4660271;4539503;4566322;4610231
edge-32,1,merge,150000,3,256,0,47,32,6545744,6928277,7379908,7379908;6545744;6934127;6766930;6928277
edge-32,0,merge,150000,3,257,0,47,32,6606763,6986946,7453797,7453797;7110734;6606763;6986946;6915747
edge-32,0,bucket,150000,3,257,0,47,32,4574522,4664010,5143392,5143392;4574522;4690320;4631231;4664010
edge-32,1,bucket,150000,3,257,0,47,32,4659981,4735460,5244130,5244130;4687120;4736559;4659981;4735460
edge-32,1,merge,150000,3,257,0,47,32,6582613,6671692,7540555,7540555;7251640;6582613;6609814;6671692
edge-32,0,merge,150000,3,512,0,47,32,6708901,6942897,7505156,7505156;6942897;6962826;6708901;6824539
edge-32,0,bucket,150000,3,512,0,47,32,5049343,5055043,5331788,5331788;5120192;5049343;5052243;5055043
edge-32,1,bucket,150000,3,512,0,47,32,5076472,5216290,5428396,5216290;5256119;5076472;5428396;5101112
edge-32,1,merge,150000,3,512,0,47,32,6764720,6937417,7323070,7323070;6847658;6764720;6937417;7208892
edge-32,0,merge,150000,3,1024,0,47,32,6508655,6977776,7279051,7263530;6977776;6508655;6821699;7279051
edge-32,0,bucket,150000,3,1024,0,47,32,6137731,6275320,6647063,6647063;6404168;6275320;6211580;6137731
edge-32,1,bucket,150000,3,1024,0,47,32,6296979,6445056,6479416,6445056;6425687;6296979;6472625;6479416
edge-32,1,merge,150000,3,1024,0,47,32,6565174,6839968,7598134,7598134;6839968;6565174;7115943;6791550
edge-32,0,merge,150000,4,256,0,47,32,6990506,7054744,8833480,8833480;8105554;6990506;7011755;7054744
edge-32,0,bucket,150000,4,256,0,47,32,5579723,5673331,6030494,6030494;5673331;5579723;5610962;5826738
edge-32,1,bucket,150000,4,256,0,47,32,5883707,5951935,6118783,6093493;6118783;5883707;5951935;5899367
edge-32,1,merge,150000,4,256,0,47,32,7049674,7528675,8994277,8240712;7049674;8994277;7528675;7286590
edge-32,0,merge,150000,4,257,0,47,32,6703141,6965596,7826850,7826850;6965596;6703141;7109703;6710231
edge-32,0,bucket,150000,4,257,0,47,32,4990074,5496505,5891557,5891557;5494064;5564773;4990074;5496505
edge-32,1,bucket,150000,4,257,0,47,32,5237459,5579443,6278949,6236850;6278949;5258259;5579443;5237459
edge-32,1,merge,150000,4,257,0,47,32,6534485,7133132,7747181,7747181;7157413;6573014;7133132;6534485
edge-32,0,merge,150000,4,512,0,47,32,6298459,7221201,8025976,7581745;6298459;6590953;8025976;7221201
edge-32,0,bucket,150000,4,512,0,47,32,5992885,6037314,6332839,6002045;6228700;5992885;6332839;6037314
edge-32,1,bucket,150000,4,512,0,47,32,5569983,6008604,6234930,6234930;6015325;5569983;6008604;5649392
edge-32,1,merge,150000,4,512,0,47,32,6403597,6647972,7658263,7658263;6668191;6411406;6647972;6403597
edge-32,0,merge,150000,4,1024,0,47,32,6417537,6701981,7610294,7610294;6417537;6609502;6701981;7033175
edge-32,0,bucket,150000,4,1024,0,47,32,6900418,7386978,7737322,7386978;7196462;6900418;7737322;7406338
edge-32,1,bucket,150000,4,1024,0,47,32,6947016,7335818,7497416,7497416;7335818;7339239;6947016;6998485
edge-32,1,merge,150000,4,1024,0,47,32,6454446,6574434,10803302,7600544;6504855;6574434;6454446;10803302
edge-32,0,merge,200000,2,256,0,47,32,8243441,8636464,9135515,9135515;8702153;8636464;8356339;8243441
edge-32,0,bucket,200000,2,256,0,47,32,4495444,4590982,5055873,5055873;4495444;4591762;4590982;4501454
edge-32,1,bucket,200000,2,256,0,47,32,4257558,4502033,5026113,5026113;4257558;4569492;4502033;4335696
edge-32,1,merge,200000,2,256,0,47,32,8274191,8482077,8941259,8941259;8274191;8512547;8437128;8482077
edge-32,0,merge,200000,2,257,0,47,32,8781552,8920948,9032497,8983407;8781552;9032497;8920948;8915529
edge-32,0,bucket,200000,2,257,0,47,32,4293288,4473944,5142341,5142341;4473944;4293288;4446955;4492264
edge-32,1,bucket,200000,2,257,0,47,32,4986855,5093132,6180191,5093132;6061284;6180191;4992954;4986855
edge-32,1,merge,200000,2,257,0,47,32,9050006,9459699,9690754,9063216;9050006;9459699;9600516;9690754
edge-32,0,merge,200000,2,512,0,47,32,8303800,8854120,9026157,8854120;8303800;9026157;8943608;8584535
edge-32,0,bucket,200000,2,512,0,47,32,4769538,5094952,5150822,5094952;4769538;5140961;4907805;5150822
edge-32,1,bucket,200000,2,512,0,47,32,4858857,5065772,5209930,5209930;5065772;4975464;5072953;4858857
edge-32,1,merge,200000,2,512,0,47,32,8916609,9049266,9166284,9068406;8916609;8929289;9049266;9166284
edge-32,0,merge,200000,2,1024,0,47,32,8445748,8860470,9042426,9042426;8860470;8530056;8445748;8874280
edge-32,0,bucket,200000,2,1024,0,47,32,6045084,6359457,6487995,6359457;6045084;6068383;6383758;6487995
edge-32,1,bucket,200000,2,1024,0,47,32,6018964,6109062,6276049,6109062;6018964;6276049;6070043;6214250
edge-32,1,merge,200000,2,1024,0,47,32,8283902,8717482,8914309,8821571;8717482;8914309;8700773;8283902
edge-32,0,merge,200000,3,256,0,47,32,8689433,9122874,9997158,9997158;8689433;8763681;9149584;9122874
edge-32,0,bucket,200000,3,256,0,47,32,5581233,5720000,5778889,5767229;5581233;5778889;5720000;5631572
edge-32,1,bucket,200000,3,256,0,47,32,5225240,5685441,5731400,5677581;5731400;5685441;5687951;5225240
edge-32,1,merge,200000,3,256,0,47,32,8389349,8971978,9433308,9349610;8389349;8971978;8424618;9433308
edge-32,0,merge,200000,3,257,0,47,32,8804881,9293661,9845881,9845881;9293661;9530527;8804881;9263582
edge-32,0,bucket,200000,3,257,0,47,32,5234309,5708790,5845578,5845578;5708790;5653652;5745550;5234309
edge-32,1,bucket,200000,3,257,0,47,32,5740380,5794649,5851828,5851828;5794649;5743920;5740380;5794649
edge-32,1,merge,200000,3,257,0,47,32,8394299,8457448,9055156,8457448;8394299;8410798;9002657;9055156
edge-32,0,merge,200000,3,512,0,47,32,8832260,8988737,9643715,9643715;8832260;8988737;9144234;8937058
edge-32,0,bucket,200000,3,512,0,47,32,5791559,6186692,6881568,6881568;6186692;5791559;6210501;5876837
edge-32,1,bucket,200000,3,512,0,47,32,5846477,6292380,6892408,6892408;5846477;6074094;6316318;6292380
edge-32,1,merge,200000,3,512,0,47,32,8272061,8996977,9510627,9510627;8272061;8996977;8871049;9244183
edge-32,0,merge,200000,3,1024,0,47,32,8320710,9036647,10633586,10633586;9456408;8854070;8320710;9036647
edge-32,0,bucket,200000,3,1024,0,47,32,7506436,7970247,8317500,7970247;7506436;7613494;8127544;8317500
edge-32,1,bucket,200000,3,1024,0,47,32,6892588,7308370,7415308,7415308;7387418;6892588;7186431;7308370
edge-32,1,merge,200000,3,1024,0,47,32,8288721,8621184,10001898,10001898;8288721;8814111;8621184;8495836
edge-32,0,merge,200000,4,256,0,47,32,8564226,8926099,9376210,8981137;8668284;8926099;8564226;9376210
edge-32,0,bucket,200000,4,256,0,47,32,6225910,6785720,7447358,7447358;6775850;6809379;6785720;6225910
edge-32,1,bucket,200000,4,256,0,47,32,6620333,6780290,7452357,7452357;6780290;6858168;6620333;6720512
edge-32,1,merge,200000,4,256,0,47,32,8912419,9191073,9625775,9625775;9191073;8912419;9280941;9091356
edge-32,0,merge,200000,4,257,0,47,32,8503666,8989927,10114666,10114666;8989927;8503666;9192903;8987607
edge-32,0,bucket,200000,4,257,0,47,32,6230470,6342818,7443137,7443137;6230470;6910407;6342268;6342818
edge-32,1,bucket,200000,4,257,0,47,32,6214021,6223431,6920077,6920077;6217860;6223431;6229810;6214021
edge-32,1,merge,200000,4,257,0,47,32,8383699,9147154,10209424,10209424;8985127;9147154;8383699;9287161
edge-32,0,merge,200000,4,512,0,47,32,8386339,8868109,9453668,9453668;9044806;8868109;8386339;8764801
edge-32,0,bucket,200000,4,512,0,47,32,7283119,7377128,8027726,8027726;7377128;7437168;7311160;7283119
edge-32,1,bucket,200000,4,512,0,47,32,6645562,6919007,7877898,7877898;6645562;6723171;7216801;6919007
edge-32,1,merge,200000,4,512,0,47,32,8344620,8464337,9820041,9820041;8989017;8420369;8464337;8344620
edge-32,0,merge,200000,4,1024,0,47,32,8250542,8976627,9709904,9709904;8250542;8287891;9012277;8976627
edge-32,0,bucket,200000,4,1024,0,47,32,8431868,8555626,9041556,9041556;8895949;8498557;8431868;8555626
edge-32,1,bucket,200000,4,1024,0,47,32,7929788,8203293,9364570,9364570;8203293;8090665;8623514;7929788
edge-32,1,merge,200000,4,1024,0,47,32,8370550,8886299,10151604,10151604;8686233;8886299;8370550;9146534
edge-32,0,merge,250000,2,256,0,47,32,8080775,8638824,10152545,10152545;8853770;8638824;8080775;8132284
edge-32,0,bucket,250000,2,256,0,47,32,5174401,5402345,5517114,5517114;5402345;5174401;5468735;5179681
edge-32,1,bucket,250000,2,256,0,47,32,5056172,5385796,5499724,5307998;5385796;5399006;5499724;5056172
edge-32,1,merge,250000,2,256,0,47,32,8698283,8745862,9768522,9768522;9378540;8698283;8745862;8705253
edge-32,0,merge,250000,2,257,0,47,32,8179963,8266381,9799521,9799521;8208472;8266381;8179963;9125354
edge-32,0,bucket,250000,2,257,0,47,32,5265079,5462715,6313749,5462715;5265079;5442255;6313749;5480235
edge-32,1,bucket,250000,2,257,0,47,32,5086582,5369557,5402626,5395877;5369557;5402626;5316398;5086582
edge-32,1,merge,250000,2,257,0,47,32,8206682,8698643,10185025,10185025;8206682;8698643;8842550;8315970
edge-32,0,merge,250000,2,512,0,47,32,8049865,8402988,10616096,10616096;8402988;8049865;8167443;8544226
edge-32,0,bucket,250000,2,512,0,47,32,5569943,5740879,5999844,5999844;5571153;5569943;5740879;5757179
edge-32,1,bucket,250000,2,512,0,47,32,5456086,5704600,5810928,5810928;5787239;5704600;5691691;5456086
edge-32,1,merge,250000,2,512,0,47,32,8123134,8508877,9198283,9198283;8968518;8508877;8325940;8123134
edge-32,0,merge,250000,2,1024,0,47,32,8842100,9114785,9580526,9580526;9291671;9114785;9014007;8842100
edge-32,0,bucket,250000,2,1024,0,47,32,6755070,6828029,7643304,6797810;6828029;7643304;6755070;7003736
edge-32,1,bucket,250000,2,1024,0,47,32,6930057,7054404,7479846,7060414;6930057;7479846;7054404;6976635
edge-32,1,merge,250000,2,1024,0,47,32,8016915,8105874,9043087,8730072;8061285;9043087;8105874;8016915
edge-32,0,merge,250000,3,256,0,47,32,8758312,8937129,9390599,8937129;9195164;8932988;9390599;8758312
edge-32,0,bucket,250000,3,256,0,47,32,6244019,6313269,6721741,6255160;6244019;6325258;6313269;6721741
edge-32,1,bucket,250000,3,256,0,47,32,6594133,6662762,6961467,6961467;6640283;6749930;6594133;6662762
edge-32,1,merge,250000,3,256,0,47,32,8694063,8998097,9427529,8998097;8694063;9033846;9427529;8740382
edge-32,0,merge,250000,3,257,0,47,32,8175983,9316561,10165225,9316561;8175983;10165225;9317761;8489857
edge-32,0,bucket,250000,3,257,0,47,32,6288099,6786630,6926786,6926786;6825309;6786630;6288099;6371217
edge-32,1,bucket,250000,3,257,0,47,32,6272330,6650452,6952507,6952507;6728171;6612203;6272330;6650452
edge-32,1,merge,250000,3,257,0,47,32,8311210,8903590,9271132,9271132;8978197;8903590;8311210;8351489
edge-32,0,merge,250000,3,512,0,47,32,8707042,8767392,9613426,9613426;8767392;8864900;8707042;8711693
edge-32,0,bucket,250000,3,512,0,47,32,6785139,6987046,7399228,6987046;7399228;6900897;7028314;6785139
edge-32,1,bucket,250000,3,512,0,47,32,6810149,7260281,7927168,7927168;7520316;7260281;7198422;6810149
edge-32,1,merge,250000,3,512,0,47,32,8028865,8803291,9438648,9438648;8803291;8317680;8028865;8865919
edge-32,0,merge,250000,3,1024,0,47,32,8049475,8482477,9210583,9210583;8727212;8049475;8208312;8482477
edge-32,0,bucket,250000,3,1024,0,47,32,8335970,8515117,9837811,8577155;8335970;8515117;9837811;8446168
edge-32,1,bucket,250000,3,1024,0,47,32,8172803,8317890,8655284,8655284;8172803;8265131;8475097;8317890
edge-32,1,merge,250000,3,1024,0,47,32,8023096,8709143,9711913,9711913;8764472;8709143;8023096;8095825
edge-32,0,merge,250000,4,256,0,47,32,8402518,9387840,9825561,9825561;9770722;9387840;8734192;8402518
edge-32,0,bucket,250000,4,256,0,47,32,8126814,8258001,8733483,8733483;8196113;8358399;8258001;8126814
edge-32,1,bucket,250000,4,256,0,47,32,7401927,7675543,8114044,8114044;8113334;7675543;7506636;7401927
edge-32,1,merge,250000,4,256,0,47,32,9043056,9075486,10205994,10205994;9075486;9043056;9313761;9049406
edge-32,0,merge,250000,4,257,0,47,32,8420658,8660464,9125914,9125914;8438228;8420658;9086565;8660464
edge-32,0,bucket,250000,4,257,0,47,32,8041525,8172963,8306051,8306051;8172963;8185433;8041525;8115195
edge-32,1,bucket,250000,4,257,0,47,32,7494596,8242851,8553946,8553946;8242851;7494596;8246341;8172792
edge-32,1,merge,250000,4,257,0,47,32,7931057,8540096,8917060,8917060;8540096;8444008;8875719;7931057
edge-32,0,merge,250000,4,512,0,47,32,8744472,9024326,9955169,9251542;9955169;8843260;8744472;9024326
edge-32,0,bucket,250000,4,512,0,47,32,7953097,8490017,8814911,8798931;8814911;8490017;7953097;8117824
edge-32,1,bucket,250000,4,512,0,47,32,7877189,8683573,8775291,8775291;8683573;8755452;8011106;7877189
edge-32,1,merge,250000,4,512,0,47,32,8168003,8783092,8967947,8817431;8967947;8168003;8241672;8783092
edge-32,0,merge,250000,4,1024,0,47,32,8593986,9002617,9783043,9783043;9002617;8594565;8593986;9512058
edge-32,0,bucket,250000,4,1024,0,47,32,9748353,9870120,11117247,9870120;9774283;11117247;9748353;10530398
edge-32,1,bucket,250000,4,1024,0,47,32,9778252,9962549,10543797,9928100;9962549;9778252;10012677;10543797
edge-32,1,merge,250000,4,1024,0,47,32,8805001,8861880,9198173,8861880;8805001;9198173;8963627;8831041
edge-32,0,merge,500000,2,256,0,47,32,14268316,15545442,16324846,16324846;14268316;15545442;15023622;16133320
edge-32,0,bucket,500000,2,256,0,47,32,8967278,9018977,12072488,12072488;9018977;9233433;8967278;8990237
edge-32,1,bucket,500000,2,256,0,47,32,9191354,9393920,12498699,12498699;9191354;9393920;9510747;9276992
edge-32,1,merge,500000,2,256,0,47,32,14811036,15898794,17943685,16074771;14811036;14834545;17943685;15898794
edge-32,0,merge,500000,2,257,0,47,32,13907353,14793196,14868694,14846385;14793196;14692657;13907353;14868694
edge-32,0,bucket,500000,2,257,0,47,32,8956377,9478268,11989110,11989110;9114245;8956377;9489958;9478268
edge-32,1,bucket,500000,2,257,0,47,32,8690993,8996107,12206665,12206665;8995937;8690993;9044807;8996107
edge-32,1,merge,500000,2,257,0,47,32,14070780,14788485,16605461,16605461;15926504;14651229;14788485;14070780
edge-32,0,merge,500000,2,512,0,47,32,14286935,14553201,15497112,15497112;15143149;14553201;14359054;14286935
edge-32,0,bucket,500000,2,512,0,47,32,9388810,9704033,12414262,12414262;9704033;9672734;9388810;9761763
edge-32,1,bucket,500000,2,512,0,47,32,9019737,9742983,12839953,12839953;9019737;9659315;9742983;9755662
edge-32,1,merge,500000,2,512,0,47,32,13658527,15370705,15501442,15372364;13658527;14260176;15370705;15501442
edge-32,0,merge,500000,2,1024,0,47,32,14189798,14815735,16828536,16828536;15510672;14356014;14815735;14189798
edge-32,0,bucket,500000,2,1024,0,47,32,11072168,11172816,13863123,13863123;11172816;11072168;11340222;11157856
edge-32,1,bucket,500000,2,1024,0,47,32,11027748,12041729,14180748,14180748;11027748;12082937;11215965;12041729
edge-32,1,merge,500000,2,1024,0,47,32,15147339,15279936,16621340,16621340;16123600;15147339;15276736;15279936
edge-32,0,merge,500000,3,256,0,47,32,14314075,16262407,18965965,18965965;14314075;16579092;16262407;16237808
edge-32,0,bucket,500000,3,256,0,47,32,11596037,11752564,16007072,16007072;12128487;11596037;11729655;11752564
edge-32,1,bucket,500000,3,256,0,47,32,11745384,11978999,16846126,16846126;11978999;11874872;12225295;11745384
edge-32,1,merge,500000,3,256,0,47,32,15076170,15700309,18789679,18789679;15894854;15524822;15076170;15700309
edge-32,0,merge,500000,3,257,0,47,32,15542031,15965624,18073763,18073763;16778727;15792056;15542031;15965624
edge-32,0,bucket,500000,3,257,0,47,32,11264834,12056918,16738899,16738899;11264834;12056918;11764894;12189996
edge-32,1,bucket,500000,3,257,0,47,32,11759475,12303794,15797976,15797976;12201055;11759475;12303794;13831074
edge-32,1,merge,500000,3,257,0,47,32,14958793,15400994,17762678,17762678;15400994;15783807;14958793;15261107
edge-32,0,merge,500000,3,512,0,47,32,15842375,16798048,18499285,18499285;16798048;15842375;16183489;17401915
edge-32,0,bucket,500000,3,512,0,47,32,12389732,12475250,16723139,16723139;12389732;12447141;12475250;13030300
edge-32,1,bucket,500000,3,512,0,47,32,12403152,12905063,16591481,16591481;12403152;12858713;12905063;13767686
edge-32,1,merge,500000,3,512,0,47,32,15804306,16692259,20291460,17894476;16692259;15804306;20291460;16079731
edge-32,0,merge,500000,3,1024,0,47,32,15296345,15703759,17724389,17724389;15435843;15725648;15703759;15296345
edge-32,0,bucket,500000,3,1024,0,47,32,16058371,16516393,20486696,20486696;16058371;16516393;16338896;16991254
edge-32,1,bucket,500000,3,1024,0,47,32,14503261,15036602,19251010,19251010;14503261;15139069;14518791;15036602
edge-32,1,merge,500000,3,1024,0,47,32,14702797,14942733,18507854,18507854;16228948;14702797;14892994;14942733
edge-32,0,merge,500000,4,256,0,47,32,14142948,16369116,20445098,20445098;18344108;15882365;16369116;14142948
edge-32,0,bucket,500000,4,256,0,47,32,14282955,14657838,20486337,20486337;14372894;14657838;14692888;14282955
edge-32,1,bucket,500000,4,256,0,47,32,14518311,15079230,20611724,20611724;14518311;15079230;15897175;15064060
edge-32,1,merge,500000,4,256,0,47,32,16634290,16820497,18969116,17825737;18969116;16634290;16740879;16820497
edge-32,0,merge,500000,4,257,0,47,32,15485882,16643250,19584773,19584773;15684698;15485882;16643250;16651260
edge-32,0,bucket,500000,4,257,0,47,32,14634179,15147579,20190893,20190893;15028941;15355325;14634179;15147579
edge-32,1,bucket,500000,4,257,0,47,32,14587560,15008512,20728162,20728162;14587560;18587283;15008512;14933103
edge-32,1,merge,500000,4,257,0,47,32,16160010,17739599,21164193,21164193;19277650;17739599;16839036;16160010
edge-32,0,merge,500000,4,512,0,47,32,16724979,17399656,20142873,20142873;16894085;17399656;16724979;18101042
edge-32,0,bucket,500000,4,512,0,47,32,16421384,17759289,24440321,24440321;16421384;16983554;17759289;20072844
edge-32,1,bucket,500000,4,512,0,47,32,15461213,15656560,21831111,21831111;15621330;18472025;15461213;15656560
edge-32,1,merge,500000,4,512,0,47,32,15033371,17071703,20055075,20055075;17625262;15821036;15033371;17071703
edge-32,0,merge,500000,4,1024,0,47,32,14908494,15508302,19718061,19718061;16780207;15393625;14908494;15508302
edge-32,0,bucket,500000,4,1024,0,47,32,17508923,18692341,22844932,22844932;19760780;18692341;17730440;17508923
edge-32,1,bucket,500000,4,1024,0,47,32,16946085,16991544,23277763,23277763;16946085;17422736;16958704;16991544
edge-32,1,merge,500000,4,1024,0,47,32,16593482,17756519,20507856,20507856;17756519;18648192;16793578;16593482
wide-32,0,merge,100000,2,16,0,63,32,6714089,7265385,7525933,7525933;7219056;7265385;7460606;6714089
wide-32,0,bucket,100000,2,16,0,63,32,2357634,2381954,2625952,2625952;2453430;2381954;2378583;2357634
wide-32,1,bucket,100000,2,16,0,63,32,2308717,2331536,2561356,2561356;2381473;2331536;2308717;2317877
wide-32,1,merge,100000,2,16,0,63,32,5725824,5969753,6395014,6395014;6087528;5725824;5969753;5783971
wide-32,0,merge,100000,2,64,0,63,32,5698246,5958733,6432952,6432952;5698246;5958733;5717064;5976302
wide-32,0,bucket,100000,2,64,0,63,32,3194157,3299532,3424397,3424397;3299532;3274524;3323211;3194157
wide-32,1,bucket,100000,2,64,0,63,32,3377498,3414687,3495763,3495763;3377498;3414687;3392508;3483654
wide-32,1,merge,100000,2,64,0,63,32,5719514,5825469,6337576,6337576;5949283;5825469;5792270;5719514
wide-32,0,merge,100000,3,16,0,63,32,5792580,5943884,6171514,6171514;6036440;5943884;5792580;5881137
wide-32,0,bucket,100000,3,16,0,63,32,3093541,3112191,3726004,3726004;3112191;3093541;3285713;3102891
wide-32,1,bucket,100000,3,16,0,63,32,3102861,3113781,3249025,3113781;3249025;3119700;3104301;3102861
wide-32,1,merge,100000,3,16,0,63,32,5941884,6020461,6259049,6031771;5979142;6020461;6259049;5941884
wide-32,0,merge,100000,3,64,0,63,32,5708044,5864717,6225491,6225491;5849338;5864717;5708044;5869457
wide-32,0,bucket,100000,3,64,0,63,32,3788641,3919855,3962443,3962443;3925514;3919855;3788641;3800550
wide-32,1,bucket,100000,3,64,0,63,32,3955094,4009281,4165334,4009281;3955094;3990421;4165334;4107247
wide-32,1,merge,100000,3,64,0,63,32,5891906,6455332,7771722,7771722;6455332;6577256;5891906;5911666
wide-32,0,merge,100000,4,16,0,63,32,6030910,6209022,7443208,7443208;6209022;6187984;6806326;6030910
wide-32,0,bucket,100000,4,16,0,63,32,3754442,3786870,4536817,4536817;4095467;3754442;3769491;3786870
wide-32,1,bucket,100000,4,16,0,63,32,3834238,3887176,4143775,4143775;3887176;4136505;3834238;3854958
wide-32,1,merge,100000,4,16,0,63,32,6019581,6151325,6578005,6578005;6431833;6151325;6082328;6019581
wide-32,0,merge,100000,4,64,0,63,32,5892976,6046739,6128746,6047940;5906236;5892976;6046739;6128746
wide-32,0,bucket,100000,4,64,0,63,32,4519408,4610163,5296893,4519408;4610163;4583175;4717069;5296893
wide-32,1,bucket,100000,4,64,0,63,32,4574956,4720459,4772637,4620024;4772637;4574956;4758167;4720459
wide-32,1,merge,100000,4,64,0,63,32,5883857,5967594,6476281,6182273;6476281;5956093;5883857;5967594
wide-32,0,merge,200000,2,16,0,63,32,9269946,9327673,10394075,10394075;10104358;9327673;9287404;9269946
wide-32,0,bucket,200000,2,16,0,63,32,4053539,4106306,4413262,4413262;4106306;4133135;4053539;4096307
wide-32,1,bucket,200000,2,16,0,63,32,3981062,4104236,4574396,4574396;4036360;3981062;4104236;4295688
wide-32,1,merge,200000,2,16,0,63,32,10109538,10467292,11378932,11336643;11378932;10109538;10467292;10140797
wide-32,0,merge,200000,2,64,0,63,32,9116472,9875979,10159036,9389591;9116472;9929266;9875979;10159036
wide-32,0,bucket,200000,2,64,0,63,32,4972798,5175399,6728090,6728090;6080708;4972798;5175399;4982588
wide-32,1,bucket,200000,2,64,0,63,32,4674831,5082763,5439907,5082763;5099703;5034705;5439907;4674831
wide-32,1,merge,200000,2,64,0,63,32,9011867,9874028,10468022,9740374;10468022;9964075;9874028;9011867
wide-32,0,merge,200000,3,16,0,63,32,8879243,9264446,9536714,9536714;8879243;9264446;8958030;9406989
wide-32,0,bucket,200000,3,16,0,63,32,5406129,5783442,5936125,5783442;5794291;5626029;5936125;5406129
wide-32,1,bucket,200000,3,16,0,63,32,5605310,5897967,6845654,6845654;5985073;5845349;5605310;5897967
wide-32,1,merge,200000,3,16,0,63,32,9462168,9729045,9949315,9949315;9462168;9729045;9720576;9932887
wide-32,0,merge,200000,3,64,0,63,32,9034447,9551994,10095730,9712596;9034447;9551994;9333993;10095730
wide-32,0,bucket,200000,3,64,0,63,32,5909006,6110138,6449243,6449243;6324498;5949794;5909006;6110138
wide-32,1,bucket,200000,3,64,0,63,32,6034550,6172365,6379885,6379885;6219493;6055540;6172365;6034550
wide-32,1,merge,200000,3,64,0,63,32,9191799,9263866,9815342,9201109;9191799;9263866;9815342;9565243
wide-32,0,merge,200000,4,16,0,63,32,9049686,9451718,10566938,10566938;9451718;9242408;9049686;9644539
wide-32,0,bucket,200000,4,16,0,63,32,8707261,9008788,9282725,9282725;9067566;9008788;8707261;8817766
wide-32,1,bucket,200000,4,16,0,63,32,6929961,7288835,8051450,7785412;7192659;8051450;6929961;7288835
wide-32,1,merge,200000,4,16,0,63,32,9760275,9928027,10324280,10226423;9854381;9760275;9928027;10324280
wide-32,0,merge,200000,4,64,0,63,32,9383691,10050362,10475363,10475363;10050362;9729926;10061761;9383691
wide-32,0,bucket,200000,4,64,0,63,32,7136242,7608051,8557298,7942845;7136242;7608051;7415570;8557298
wide-32,1,bucket,200000,4,64,0,63,32,7258746,7434309,8547559,8547559;7563813;7258746;7434309;7371421
wide-32,1,merge,200000,4,64,0,63,32,9139862,9770094,9999974,9999974;9139862;9618051;9770094;9923517
wide-32,0,merge,250000,2,16,0,63,32,26318506,29525443,30078158,26880361;30078158;29525443;26318506;29992832
wide-32,0,bucket,250000,2,16,0,63,32,5182338,5630529,10566139,10566139;7690987;5630529;5182338;5324702
wide-32,1,bucket,250000,2,16,0,63,32,5019666,5035065,5799051,5799051;5064584;5035065;5026046;5019666
wide-32,1,merge,250000,2,16,0,63,32,9025827,9546645,10019694,10019694;9653450;9522336;9025827;9546645
wide-32,0,merge,250000,2,64,0,63,32,9107324,9368913,9978236,9978236;9107324;9368913;9589552;9356813
wide-32,0,bucket,250000,2,64,0,63,32,5514134,5740294,6218263,5994023;6218263;5569462;5740294;5514134
wide-32,1,bucket,250000,2,64,0,63,32,5705066,5792872,6008442,5886578;5792872;6008442;5782912;5705066
wide-32,1,merge,250000,2,64,0,63,32,9631331,9743585,10268093,10268093;9631331;9899039;9650389;9743585
wide-32,0,merge,250000,3,16,0,63,32,9304445,9353733,10551400,10551400;9304445;9521756;9319924;9353733
wide-32,0,bucket,250000,3,16,0,63,32,6727461,7350102,7919897,6945841;7919897;7838471;6727461;7350102
wide-32,1,bucket,250000,3,16,0,63,32,6620535,6910762,7979214,7717067;6726800;6620535;6910762;7979214
wide-32,1,merge,250000,3,16,0,63,32,9151332,9521166,11034859,11034859;9688548;9521166;9256348;9151332
wide-32,0,merge,250000,3,64,0,63,32,9213570,9731587,10686844,10686844;9731587;9213570;9262467;9881450
wide-32,0,bucket,250000,3,64,0,63,32,7197840,7439839,7659489,7659489;7645430;7439839;7241587;7197840
wide-32,1,bucket,250000,3,64,0,63,32,7268316,7383362,7670518,7670518;7268316;7383362;7634081;7349043
wide-32,1,merge,250000,3,64,0,63,32,9184181,9760286,10337690,10337690;9685649;9760286;9940847;9184181
wide-32,0,merge,250000,4,16,0,63,32,9203540,9810063,10810858,10175156;9810063;9601893;9203540;10810858
wide-32,0,bucket,250000,4,16,0,63,32,8653655,8930062,9708148,9298176;9708148;8930062;8794218;8653655
wide-32,1,bucket,250000,4,16,0,63,32,9076257,9267408,9771335,9159152;9771335;9267408;9076257;9407651
wide-32,1,merge,250000,4,16,0,63,32,9556095,9933528,10441215,10025544;9933528;10441215;9632562;9556095
wide-32,0,merge,250000,4,64,0,63,32,9643091,10015184,10308141,10308141;9643091;10015184;9952068;10139629
wide-32,0,bucket,250000,4,64,0,63,32,9006659,9322105,9666950,9582614;9322105;9666950;9200130;9006659
wide-32,1,bucket,250000,4,64,0,63,32,8603857,8999549,9064297,8999549;9013629;8801359;8603857;9064297
wide-32,1,merge,250000,4,64,0,63,32,8932742,9597193,9881001,9597193;9293287;9881001;8932742;9847012
wide-32,0,merge,1000000,2,16,0,63,32,31528578,35413446,38867151,38867151;36827773;31633264;35413446;31528578
wide-32,0,bucket,1000000,2,16,0,63,32,18124594,19231456,32548843,32548843;22654073;19231456;18219970;18124594
wide-32,1,bucket,1000000,2,16,0,63,32,18246299,21056595,33434585,33434585;29105968;21056595;18246299;18828014
wide-32,1,merge,1000000,2,16,0,63,32,33726303,35377838,39565222,39565222;35602998;35377838;33726303;34064468
wide-32,0,merge,1000000,2,64,0,63,32,35033705,35990333,38522121,38522121;35990333;37471547;35438447;35033705
wide-32,0,bucket,1000000,2,64,0,63,32,20621075,23438251,24958442,24958442;22290412;23557196;23438251;20621075
wide-32,1,bucket,1000000,2,64,0,63,32,20351487,22558710,24118540,22966482;22558710;24118540;21061686;20351487
wide-32,1,merge,1000000,2,64,0,63,32,29440576,30882382,37829004,37829004;35138293;30882382;30388264;29440576
wide-32,0,merge,1000000,3,16,0,63,32,30548287,32799857,41748881,41748881;36897765;32799857;30548287;30704311
wide-32,0,bucket,1000000,3,16,0,63,32,26174691,31477026,44404385,44404385;38099743;31477026;26291436;26174691
wide-32,1,bucket,1000000,3,16,0,63,32,25789679,28995188,44157876,44157876;38124624;28877713;28995188;25789679
wide-32,1,merge,1000000,3,16,0,63,32,30451213,33109866,42514199,42514199;36392081;33109866;31104705;30451213
wide-32,0,merge,1000000,3,64,0,63,32,33888543,34874919,41940447,41940447;38503228;34874919;34326663;33888543
wide-32,0,bucket,1000000,3,64,0,63,32,26150235,26780757,33723970,33723970;29373403;26780757;26150235;26524569
wide-32,1,bucket,1000000,3,64,0,63,32,25490804,29158383,38096609,38096609;33526320;29158383;25490804;27041906
wide-32,1,merge,1000000,3,64,0,63,32,33235384,35372430,43634174,43634174;37048035;34319146;33235384;35372430
wide-32,0,merge,1000000,4,16,0,63,32,32458058,34651782,45506123,45506123;32458058;34651782;34046429;34707779
wide-32,0,bucket,1000000,4,16,0,63,32,33197067,37114395,60935655,60935655;48017974;37114395;33197067;33444936
wide-32,1,bucket,1000000,4,16,0,63,32,32903021,34304489,62609431,62609431;50536325;34304489;33148730;32903021
wide-32,1,merge,1000000,4,16,0,63,32,36206836,36511193,46209435,46209435;37863493;36511193;36206836;36464954
wide-32,0,merge,1000000,4,64,0,63,32,31758953,34314511,46096912,46096912;31758953;34617307;31985933;34314511
wide-32,0,bucket,1000000,4,64,0,63,32,32079421,36266406,42951410,42951410;38883699;36266406;32079421;34460445
wide-32,1,bucket,1000000,4,64,0,63,32,32404475,38623423,42515941,42515941;40715620;32404475;35911511;38623423
wide-32,1,merge,1000000,4,64,0,63,32,30773038,34091093,45807159,45807159;34091093;37479424;33416392;30773038
mac-validation-8,0,baseline,8192,2,64,0,47,8,278000,290000,300000,290000;295000;289000;278000;300000
mac-validation-8,0,candidate,8192,2,64,0,47,8,304000,864000,1689000,1689000;304000;316000;864000;1108000
mac-validation-8,1,candidate,8192,2,64,0,47,8,478000,983000,2457000,2457000;983000;484000;478000;1107000
mac-validation-8,1,baseline,8192,2,64,0,47,8,447000,1074000,1835000,978000;447000;1835000;1074000;1641000
mac-validation-8,0,baseline,65536,4,256,0,47,8,3451000,4325000,4688000,3451000;4082000;4325000;4412000;4688000
mac-validation-8,0,candidate,65536,4,256,0,47,8,3561000,4034000,4191000,3571000;4176000;4191000;3561000;4034000
mac-validation-8,1,candidate,65536,4,256,0,47,8,3906000,4566000,5055000,3906000;4566000;4849000;5055000;3947000
mac-validation-8,1,baseline,65536,4,256,0,47,8,2885000,4071000,4521000,3637000;4071000;4521000;2885000;4172000
mac-validation-8,0,baseline,100000,2,65,0,47,8,4530000,4859000,6102000,4530000;6102000;4859000;4833000;5938000
mac-validation-8,0,candidate,100000,2,65,0,47,8,1681000,1734000,2711000,2568000;2711000;1681000;1734000;1686000
mac-validation-8,1,candidate,100000,2,65,0,47,8,1701000,1886000,2547000,1886000;1752000;1701000;2512000;2547000
mac-validation-8,1,baseline,100000,2,65,0,47,8,4991000,5288000,9580000,5288000;5905000;4991000;5132000;9580000
mac-validation-8,0,baseline,100000,4,16,25,47,8,3613000,4266000,5694000,4266000;5694000;3613000;4701000;4166000
mac-validation-8,0,candidate,100000,4,16,25,47,8,4024000,4213000,4327000,4045000;4024000;4327000;4296000;4213000
mac-validation-8,1,candidate,100000,4,16,25,47,8,3776000,3951000,4304000,3949000;3951000;3776000;4304000;4287000
mac-validation-8,1,baseline,100000,4,16,25,47,8,3477000,4487000,4776000,4117000;3477000;4776000;4487000;4509000
mac-validation-8,0,baseline,100000,4,256,0,47,8,4377000,4525000,5748000,4378000;4654000;4377000;4525000;5748000
mac-validation-8,0,candidate,100000,4,256,0,47,8,4164000,4623000,5527000,4408000;4164000;5255000;5527000;4623000
mac-validation-8,1,candidate,100000,4,256,0,47,8,4284000,4521000,4787000,4380000;4734000;4521000;4284000;4787000
mac-validation-8,1,baseline,100000,4,256,0,47,8,5051000,5318000,5972000,5051000;5318000;5972000;5915000;5072000
mac-validation-8,0,baseline,200000,4,8,0,47,8,6610000,6811000,7991000,6811000;7991000;6811000;6610000;7932000
mac-validation-8,0,candidate,200000,4,8,0,47,8,6564000,6603000,6860000,6564000;6767000;6603000;6860000;6598000
mac-validation-8,1,candidate,200000,4,8,0,47,8,6706000,8059000,8539000,8539000;8059000;8418000;7924000;6706000
mac-validation-8,1,baseline,200000,4,8,0,47,8,6673000,6802000,7155000,7155000;6673000;6986000;6802000;6687000
mac-validation-8,0,baseline,250000,4,16,0,47,8,10716000,11859000,13593000,10716000;11859000;11658000;11881000;13593000
mac-validation-8,0,candidate,250000,4,16,0,47,8,11717000,12116000,12828000,12828000;12116000;12317000;11717000;12018000
mac-validation-8,1,candidate,250000,4,16,0,47,8,10485000,12206000,12513000,12206000;12250000;11591000;10485000;12513000
mac-validation-8,1,baseline,250000,4,16,0,47,8,11290000,11707000,12089000,11290000;11562000;11707000;11866000;12089000
mac-validation-8,0,baseline,250000,4,64,0,47,8,11287000,12466000,14939000,11287000;14939000;11684000;12466000;12642000
mac-validation-8,0,candidate,250000,4,64,0,47,8,11829000,12243000,12985000,12009000;12625000;11829000;12243000;12985000
mac-validation-8,1,candidate,250000,4,64,0,47,8,11814000,12118000,13354000,13354000;11814000;12118000;11816000;12969000
mac-validation-8,1,baseline,250000,4,64,0,47,8,11537000,12122000,14869000,11537000;12537000;14869000;12122000;11901000
mac-validation-8,0,baseline,500000,4,16,0,47,8,24030000,25077000,26471000,26471000;25972000;24533000;25077000;24030000
mac-validation-8,0,candidate,500000,4,16,0,47,8,23881000,24859000,25464000,24320000;23881000;25464000;24859000;25164000
mac-validation-8,1,candidate,500000,4,16,0,47,8,24834000,25206000,26302000,24834000;25437000;26302000;25206000;25062000
mac-validation-8,1,baseline,500000,4,16,0,47,8,22919000,25133000,29130000,29130000;25133000;22919000;24776000;25219000
mac-validation-8,0,baseline,1000000,3,8,0,47,8,21525000,22500000,24386000,21869000;21525000;23908000;24386000;22500000
mac-validation-8,0,candidate,1000000,3,8,0,47,8,21503000,21704000,23018000,21503000;21562000;22439000;21704000;23018000
mac-validation-8,1,candidate,1000000,3,8,0,47,8,21948000,23727000,26594000,26594000;22334000;21948000;25795000;23727000
mac-validation-8,1,baseline,1000000,3,8,0,47,8,22060000,24838000,28379000,26480000;28379000;24838000;22662000;22060000
mac-validation-8,0,baseline,1000000,3,16,0,47,8,21099000,21343000,22350000,21339000;22350000;21343000;21351000;21099000
mac-validation-8,0,candidate,1000000,3,16,0,47,8,21338000,22013000,23288000,21338000;22013000;22870000;21576000;23288000
mac-validation-8,1,candidate,1000000,3,16,0,47,8,21423000,22632000,24139000,23338000;22632000;21423000;24139000;22431000
mac-validation-8,1,baseline,1000000,3,16,0,47,8,20667000,23706000,25947000,20667000;24163000;25947000;22945000;23706000
mac-validation-8,0,baseline,1000000,2,65,0,47,8,48942000,50757000,55028000,55028000;48942000;51638000;50757000;50512000
mac-validation-8,0,candidate,1000000,2,65,0,47,8,13238000,13392000,13999000,13238000;13381000;13999000;13920000;13392000
mac-validation-8,1,candidate,1000000,2,65,0,47,8,13469000,15082000,16687000,13469000;13519000;16687000;15725000;15082000
mac-validation-8,1,baseline,1000000,2,65,0,47,8,50142000,50596000,52629000,51426000;50142000;52629000;50596000;50381000
mac-validation-8,0,baseline,1000000,2,256,0,47,8,50527000,51410000,54506000,51571000;51382000;54506000;51410000;50527000
mac-validation-8,0,candidate,1000000,2,256,0,47,8,13627000,14141000,16146000,15488000;13862000;16146000;13627000;14141000
mac-validation-8,1,candidate,1000000,2,256,0,47,8,13635000,15107000,16402000,16274000;13635000;14032000;16402000;15107000
mac-validation-8,1,baseline,1000000,2,256,0,47,8,50501000,51471000,56145000,56145000;52531000;51471000;50501000;50628000
mac-validation-8,0,baseline,1000000,2,257,0,47,8,53713000,54676000,66238000,66238000;56193000;53713000;54582000;54676000
mac-validation-8,0,candidate,1000000,2,257,0,47,8,51676000,55831000,59186000,59186000;55831000;57218000;52028000;51676000
mac-validation-8,1,candidate,1000000,2,257,0,47,8,50283000,51572000,57774000,50565000;57774000;51572000;52888000;50283000
mac-validation-8,1,baseline,1000000,2,257,0,47,8,52394000,54726000,55548000,52736000;54726000;52394000;55548000;54983000
mac-validation-8,0,baseline,1000000,4,16,50,47,8,45854000,48439000,51522000,48439000;49817000;45854000;47055000;51522000
mac-validation-8,0,candidate,1000000,4,16,50,47,8,49059000,50342000,55233000,49701000;50342000;55233000;51947000;49059000
mac-validation-8,1,candidate,1000000,4,16,50,47,8,48155000,50623000,53840000,48938000;48155000;50623000;53840000;53105000
mac-validation-8,1,baseline,1000000,4,16,50,47,8,48183000,48442000,54700000,48214000;48442000;48183000;51183000;54700000
