machine,source,batch_size,best_ns,case,checksum,chunks,groups,how,kernel,left_rows,max_ns,mean_ns,median_ns,nulls,output_rows,repetitions,right_rows,round,rows,rows_per_second,samples_ns,setting,skew,threads,variant,width,workload
linux,joins-16-0.csv,,2321682,,,,,inner,,200000,,,,,8001,,2000,,,,,,False,,,,
linux,joins-16-0.csv,,5395163,,,,,left,,200000,,,,,200180,,2000,,,,,,False,,,,
linux,joins-16-0.csv,,564343,,,,,semi,,200000,,,,,7821,,2000,,,,,,False,,,,
linux,joins-16-0.csv,,1887885,,,,,inner,,200000,,,,,4062,,2000,,,,,,True,,,,
linux,joins-16-0.csv,,5330424,,,,,left,,200000,,,,,200095,,2000,,,,,,True,,,,
linux,joins-16-0.csv,,356319,,,,,semi,,200000,,,,,3967,,2000,,,,,,True,,,,
linux,joins-16-0.csv,,3283924,,,,,inner,,2000,,,,,8017,,200000,,,,,,False,,,,
linux,joins-16-0.csv,,3290574,,,,,left,,2000,,,,,8062,,200000,,,,,,False,,,,
linux,joins-16-0.csv,,1237874,,,,,semi,,2000,,,,,1955,,200000,,,,,,False,,,,
linux,joins-16-0.csv,,3259735,,,,,inner,,2000,,,,,5995,,200000,,,,,,True,,,,
linux,joins-16-0.csv,,3267255,,,,,left,,2000,,,,,6020,,200000,,,,,,True,,,,
linux,joins-16-0.csv,,1235834,,,,,semi,,2000,,,,,1975,,200000,,,,,,True,,,,
linux,joins-16-0.csv,,6987337,,,,,inner,,100000,,,,,199587,,100000,,,,,,False,,,,
linux,joins-16-0.csv,,7238749,,,,,left,,100000,,,,,212925,,100000,,,,,,False,,,,
linux,joins-16-0.csv,,1425268,,,,,semi,,100000,,,,,86662,,100000,,,,,,False,,,,
linux,joins-16-0.csv,,4346814,,,,,inner,,100000,,,,,99615,,100000,,,,,,True,,,,
linux,joins-16-0.csv,,5471901,,,,,left,,100000,,,,,156306,,100000,,,,,,True,,,,
linux,joins-16-0.csv,,1102128,,,,,semi,,100000,,,,,43309,,100000,,,,,,True,,,,
linux,joins-16-1.csv,,2258724,,,,,inner,,200000,,,,,8001,,2000,,,,,,False,,,,
linux,joins-16-1.csv,,5361324,,,,,left,,200000,,,,,200180,,2000,,,,,,False,,,,
linux,joins-16-1.csv,,541784,,,,,semi,,200000,,,,,7821,,2000,,,,,,False,,,,
linux,joins-16-1.csv,,1821717,,,,,inner,,200000,,,,,4062,,2000,,,,,,True,,,,
linux,joins-16-1.csv,,5331845,,,,,left,,200000,,,,,200095,,2000,,,,,,True,,,,
linux,joins-16-1.csv,,377859,,,,,semi,,200000,,,,,3967,,2000,,,,,,True,,,,
linux,joins-16-1.csv,,3289364,,,,,inner,,2000,,,,,8017,,200000,,,,,,False,,,,
linux,joins-16-1.csv,,3298614,,,,,left,,2000,,,,,8062,,200000,,,,,,False,,,,
linux,joins-16-1.csv,,1222475,,,,,semi,,2000,,,,,1955,,200000,,,,,,False,,,,
linux,joins-16-1.csv,,3283665,,,,,inner,,2000,,,,,5995,,200000,,,,,,True,,,,
linux,joins-16-1.csv,,3293905,,,,,left,,2000,,,,,6020,,200000,,,,,,True,,,,
linux,joins-16-1.csv,,1244174,,,,,semi,,2000,,,,,1975,,200000,,,,,,True,,,,
linux,joins-16-1.csv,,7029805,,,,,inner,,100000,,,,,199587,,100000,,,,,,False,,,,
linux,joins-16-1.csv,,7314497,,,,,left,,100000,,,,,212925,,100000,,,,,,False,,,,
linux,joins-16-1.csv,,1427208,,,,,semi,,100000,,,,,86662,,100000,,,,,,False,,,,
linux,joins-16-1.csv,,4480860,,,,,inner,,100000,,,,,99615,,100000,,,,,,True,,,,
linux,joins-16-1.csv,,5422342,,,,,left,,100000,,,,,156306,,100000,,,,,,True,,,,
linux,joins-16-1.csv,,1104078,,,,,semi,,100000,,,,,43309,,100000,,,,,,True,,,,
linux,joins-4-0.csv,,2387770,,,,,inner,,200000,,,,,8001,,2000,,,,,,False,,,,
linux,joins-4-0.csv,,5372323,,,,,left,,200000,,,,,200180,,2000,,,,,,False,,,,
linux,joins-4-0.csv,,547924,,,,,semi,,200000,,,,,7821,,2000,,,,,,False,,,,
linux,joins-4-0.csv,,1846056,,,,,inner,,200000,,,,,4062,,2000,,,,,,True,,,,
linux,joins-4-0.csv,,5520779,,,,,left,,200000,,,,,200095,,2000,,,,,,True,,,,
linux,joins-4-0.csv,,384218,,,,,semi,,200000,,,,,3967,,2000,,,,,,True,,,,
linux,joins-4-0.csv,,3290954,,,,,inner,,2000,,,,,8017,,200000,,,,,,False,,,,
linux,joins-4-0.csv,,3286384,,,,,left,,2000,,,,,8062,,200000,,,,,,False,,,,
linux,joins-4-0.csv,,1246343,,,,,semi,,2000,,,,,1955,,200000,,,,,,False,,,,
linux,joins-4-0.csv,,3259255,,,,,inner,,2000,,,,,5995,,200000,,,,,,True,,,,
linux,joins-4-0.csv,,3283834,,,,,left,,2000,,,,,6020,,200000,,,,,,True,,,,
linux,joins-4-0.csv,,1237794,,,,,semi,,2000,,,,,1975,,200000,,,,,,True,,,,
linux,joins-4-0.csv,,7063954,,,,,inner,,100000,,,,,199587,,100000,,,,,,False,,,,
linux,joins-4-0.csv,,7268058,,,,,left,,100000,,,,,212925,,100000,,,,,,False,,,,
linux,joins-4-0.csv,,1430378,,,,,semi,,100000,,,,,86662,,100000,,,,,,False,,,,
linux,joins-4-0.csv,,4364063,,,,,inner,,100000,,,,,99615,,100000,,,,,,True,,,,
linux,joins-4-0.csv,,5622636,,,,,left,,100000,,,,,156306,,100000,,,,,,True,,,,
linux,joins-4-0.csv,,1105357,,,,,semi,,100000,,,,,43309,,100000,,,,,,True,,,,
linux,joins-4-1.csv,,2318743,,,,,inner,,200000,,,,,8001,,2000,,,,,,False,,,,
linux,joins-4-1.csv,,5533719,,,,,left,,200000,,,,,200180,,2000,,,,,,False,,,,
linux,joins-4-1.csv,,558534,,,,,semi,,200000,,,,,7821,,2000,,,,,,False,,,,
linux,joins-4-1.csv,,1858556,,,,,inner,,200000,,,,,4062,,2000,,,,,,True,,,,
linux,joins-4-1.csv,,5358384,,,,,left,,200000,,,,,200095,,2000,,,,,,True,,,,
linux,joins-4-1.csv,,347450,,,,,semi,,200000,,,,,3967,,2000,,,,,,True,,,,
linux,joins-4-1.csv,,3316314,,,,,inner,,2000,,,,,8017,,200000,,,,,,False,,,,
linux,joins-4-1.csv,,3297754,,,,,left,,2000,,,,,8062,,200000,,,,,,False,,,,
linux,joins-4-1.csv,,1251654,,,,,semi,,2000,,,,,1955,,200000,,,,,,False,,,,
linux,joins-4-1.csv,,3265566,,,,,inner,,2000,,,,,5995,,200000,,,,,,True,,,,
linux,joins-4-1.csv,,3239146,,,,,left,,2000,,,,,6020,,200000,,,,,,True,,,,
linux,joins-4-1.csv,,1233335,,,,,semi,,2000,,,,,1975,,200000,,,,,,True,,,,
linux,joins-4-1.csv,,6903059,,,,,inner,,100000,,,,,199587,,100000,,,,,,False,,,,
linux,joins-4-1.csv,,7218650,,,,,left,,100000,,,,,212925,,100000,,,,,,False,,,,
linux,joins-4-1.csv,,1431858,,,,,semi,,100000,,,,,86662,,100000,,,,,,False,,,,
linux,joins-4-1.csv,,4313934,,,,,inner,,100000,,,,,99615,,100000,,,,,,True,,,,
linux,joins-4-1.csv,,5353664,,,,,left,,100000,,,,,156306,,100000,,,,,,True,,,,
linux,joins-4-1.csv,,1103418,,,,,semi,,100000,,,,,43309,,100000,,,,,,True,,,,
linux,joins-8-0.csv,,2359342,,,,,inner,,200000,,,,,8001,,2000,,,,,,False,,,,
linux,joins-8-0.csv,,5488540,,,,,left,,200000,,,,,200180,,2000,,,,,,False,,,,
linux,joins-8-0.csv,,538674,,,,,semi,,200000,,,,,7821,,2000,,,,,,False,,,,
linux,joins-8-0.csv,,1866796,,,,,inner,,200000,,,,,4062,,2000,,,,,,True,,,,
linux,joins-8-0.csv,,5400592,,,,,left,,200000,,,,,200095,,2000,,,,,,True,,,,
linux,joins-8-0.csv,,364640,,,,,semi,,200000,,,,,3967,,2000,,,,,,True,,,,
linux,joins-8-0.csv,,3383981,,,,,inner,,2000,,,,,8017,,200000,,,,,,False,,,,
linux,joins-8-0.csv,,3312443,,,,,left,,2000,,,,,8062,,200000,,,,,,False,,,,
linux,joins-8-0.csv,,1240594,,,,,semi,,2000,,,,,1955,,200000,,,,,,False,,,,
linux,joins-8-0.csv,,3257805,,,,,inner,,2000,,,,,5995,,200000,,,,,,True,,,,
linux,joins-8-0.csv,,3259245,,,,,left,,2000,,,,,6020,,200000,,,,,,True,,,,
linux,joins-8-0.csv,,1236404,,,,,semi,,2000,,,,,1975,,200000,,,,,,True,,,,
linux,joins-8-0.csv,,6826931,,,,,inner,,100000,,,,,199587,,100000,,,,,,False,,,,
linux,joins-8-0.csv,,7278367,,,,,left,,100000,,,,,212925,,100000,,,,,,False,,,,
linux,joins-8-0.csv,,1431618,,,,,semi,,100000,,,,,86662,,100000,,,,,,False,,,,
linux,joins-8-0.csv,,4355023,,,,,inner,,100000,,,,,99615,,100000,,,,,,True,,,,
linux,joins-8-0.csv,,5429012,,,,,left,,100000,,,,,156306,,100000,,,,,,True,,,,
linux,joins-8-0.csv,,1117767,,,,,semi,,100000,,,,,43309,,100000,,,,,,True,,,,
linux,joins-8-1.csv,,2273354,,,,,inner,,200000,,,,,8001,,2000,,,,,,False,,,,
linux,joins-8-1.csv,,5538380,,,,,left,,200000,,,,,200180,,2000,,,,,,False,,,,
linux,joins-8-1.csv,,544484,,,,,semi,,200000,,,,,7821,,2000,,,,,,False,,,,
linux,joins-8-1.csv,,1807528,,,,,inner,,200000,,,,,4062,,2000,,,,,,True,,,,
linux,joins-8-1.csv,,5262837,,,,,left,,200000,,,,,200095,,2000,,,,,,True,,,,
linux,joins-8-1.csv,,362510,,,,,semi,,200000,,,,,3967,,2000,,,,,,True,,,,
linux,joins-8-1.csv,,3332894,,,,,inner,,2000,,,,,8017,,200000,,,,,,False,,,,
linux,joins-8-1.csv,,3331262,,,,,left,,2000,,,,,8062,,200000,,,,,,False,,,,
linux,joins-8-1.csv,,1243573,,,,,semi,,2000,,,,,1955,,200000,,,,,,False,,,,
linux,joins-8-1.csv,,3298274,,,,,inner,,2000,,,,,5995,,200000,,,,,,True,,,,
linux,joins-8-1.csv,,3283544,,,,,left,,2000,,,,,6020,,200000,,,,,,True,,,,
linux,joins-8-1.csv,,1252114,,,,,semi,,2000,,,,,1975,,200000,,,,,,True,,,,
linux,joins-8-1.csv,,7200921,,,,,inner,,100000,,,,,199587,,100000,,,,,,False,,,,
linux,joins-8-1.csv,,7311917,,,,,left,,100000,,,,,212925,,100000,,,,,,False,,,,
linux,joins-8-1.csv,,1426059,,,,,semi,,100000,,,,,86662,,100000,,,,,,False,,,,
linux,joins-8-1.csv,,4318665,,,,,inner,,100000,,,,,99615,,100000,,,,,,True,,,,
linux,joins-8-1.csv,,5846220,,,,,left,,100000,,,,,156306,,100000,,,,,,True,,,,
linux,joins-8-1.csv,,1104588,,,,,semi,,100000,,,,,43309,,100000,,,,,,True,,,,
linux,minrows-16-16384-0.csv,1024,92681,,406266.15199999954,,,,scalar,,,100077,,none,,5,,,1000,10789697,,,,,,,arithmetic_chain
linux,minrows-16-16384-0.csv,1024,24350,,406266.15199999954,,,,simd4,,,24654,,none,,5,,,1000,41067761,,,,,,,arithmetic_chain
linux,minrows-16-16384-0.csv,1024,11840,,874.0,,,,simd4,,,12184,,none,,5,,,1000,84459459,,,,,,,nullable_compare
linux,minrows-16-16384-0.csv,1024,28240,,-45191.0,,,,simd4,,,31468,,none,,5,,,1000,35410764,,,,,,,filter
linux,minrows-16-16384-0.csv,1024,11850,,-13051.0,,,,scalar,,,11932,,none,,5,,,1000,84388185,,,,,,,global_sum
linux,minrows-16-16384-0.csv,1024,4340,,1000.0,,,,scalar,,,4360,,none,,5,,,1000,230414746,,,,,,,global_count
linux,minrows-16-16384-0.csv,1024,80291,,346124.2987499998,,,,scalar,,,80423,,10pct,,5,,,1000,12454696,,,,,,,arithmetic_chain
linux,minrows-16-16384-0.csv,1024,21661,,346124.2987499998,,,,simd4,,,21756,,10pct,,5,,,1000,46165920,,,,,,,arithmetic_chain
linux,minrows-16-16384-0.csv,1024,11850,,934.5,,,,simd4,,,11954,,10pct,,5,,,1000,84388185,,,,,,,nullable_compare
linux,minrows-16-16384-0.csv,1024,26070,,-51656.0,,,,simd4,,,29038,,10pct,,5,,,1000,38358266,,,,,,,filter
linux,minrows-16-16384-0.csv,1024,11350,,-9946.0,,,,scalar,,,11370,,10pct,,5,,,1000,88105726,,,,,,,global_sum
linux,minrows-16-16384-0.csv,1024,4330,,900.0,,,,scalar,,,4360,,10pct,,5,,,1000,230946882,,,,,,,global_count
linux,minrows-16-16384-0.csv,1024,45061,,4024.5700000000015,,low,,scalar,,,45908,,10pct,,5,,,1000,22192139,,,,,,,grouped_sum_count
linux,minrows-16-16384-0.csv,1024,54621,,4861.900000000003,,high,,scalar,,,56738,,10pct,,5,,,1000,18307976,,,,,,,grouped_sum_count
linux,minrows-16-16384-0.csv,1024,49661,,6623.439999999998,,skewed,,scalar,,,56322,,10pct,,5,,,1000,20136525,,,,,,,grouped_sum_count
linux,minrows-16-16384-0.csv,1024,1272256,,24796340.01649992,,,,scalar,,,1684378,,none,,5,,,100000,78600533,,,,,,,arithmetic_chain
linux,minrows-16-16384-0.csv,1024,763230,,24796340.01649992,,,,simd4,,,855649,,none,,5,,,100000,131022103,,,,,,,arithmetic_chain
linux,minrows-16-16384-0.csv,1024,453206,,87625.0,,,,simd4,,,484168,,none,,5,,,100000,220650212,,,,,,,nullable_compare
linux,minrows-16-16384-0.csv,1024,1024174,,-178310.0,,,,simd4,,,1285563,,none,,5,,,100000,97639658,,,,,,,filter
linux,minrows-16-16384-0.csv,1024,354975,,225294.0,,,,scalar,,,499862,,none,,5,,,100000,281709979,,,,,,,global_sum
linux,minrows-16-16384-0.csv,1024,204572,,100000.0,,,,scalar,,,210550,,none,,5,,,100000,488825450,,,,,,,global_count
linux,minrows-16-16384-0.csv,1024,2066937,,22384188.787249964,,,,scalar,,,2340060,,10pct,,5,,,100000,48380768,,,,,,,arithmetic_chain
linux,minrows-16-16384-0.csv,1024,785580,,22384188.787249964,,,,simd4,,,860081,,10pct,,5,,,100000,127294483,,,,,,,arithmetic_chain
linux,minrows-16-16384-0.csv,1024,437906,,94016.5,,,,simd4,,,459140,,10pct,,5,,,100000,228359510,,,,,,,nullable_compare
linux,minrows-16-16384-0.csv,1024,1147895,,138719.0,,,,simd4,,,1251852,,10pct,,5,,,100000,87115981,,,,,,,filter
linux,minrows-16-16384-0.csv,1024,384155,,233310.0,,,,scalar,,,467482,,10pct,,5,,,100000,260311592,,,,,,,global_sum
linux,minrows-16-16384-0.csv,1024,200523,,90000.0,,,,scalar,,,206462,,10pct,,5,,,100000,498695910,,,,,,,global_count
linux,minrows-16-16384-0.csv,1024,909762,,618434.6799999999,,low,,scalar,,,922178,,10pct,,5,,,100000,109918857,,,,,,,grouped_sum_count
linux,minrows-16-16384-0.csv,1024,4944764,,635654.8099999999,,high,,scalar,,,5530674,,10pct,,5,,,100000,20223412,,,,,,,grouped_sum_count
linux,minrows-16-16384-0.csv,1024,4830173,,395334.35,,skewed,,scalar,,,4972309,,10pct,,5,,,100000,20703192,,,,,,,grouped_sum_count
linux,minrows-16-16384-0.csv,1024,7122663,,259031205.06900412,,,,scalar,,,7569418,,none,,5,,,1000000,140396927,,,,,,,arithmetic_chain
linux,minrows-16-16384-0.csv,1024,2069927,,259031205.06900412,,,,simd4,,,2226748,,none,,5,,,1000000,483108824,,,,,,,arithmetic_chain
linux,minrows-16-16384-0.csv,1024,1232346,,875096.0,,,,simd4,,,1435722,,none,,5,,,1000000,811460417,,,,,,,nullable_compare
linux,minrows-16-16384-0.csv,1024,6696418,,-859325.0,,,,simd4,,,8306782,,none,,5,,,1000000,149333569,,,,,,,filter
linux,minrows-16-16384-0.csv,1024,944353,,-628025.0,,,,scalar,,,1178455,,none,,5,,,1000000,1058926058,,,,,,,global_sum
linux,minrows-16-16384-0.csv,1024,641688,,1000000.0,,,,scalar,,,660118,,none,,5,,,1000000,1558389747,,,,,,,global_count
linux,minrows-16-16384-0.csv,1024,6018169,,233365582.0659991,,,,scalar,,,7152179,,10pct,,5,,,1000000,166163495,,,,,,,arithmetic_chain
linux,minrows-16-16384-0.csv,1024,2139947,,233365582.0659991,,,,simd4,,,2200070,,10pct,,5,,,1000000,467301292,,,,,,,arithmetic_chain
linux,minrows-16-16384-0.csv,1024,1172105,,938109.5,,,,simd4,,,1364747,,10pct,,5,,,1000000,853165885,,,,,,,nullable_compare
linux,minrows-16-16384-0.csv,1024,6073208,,-1696707.0,,,,simd4,,,7235929,,10pct,,5,,,1000000,164657624,,,,,,,filter
linux,minrows-16-16384-0.csv,1024,924862,,-582242.0,,,,scalar,,,1151681,,10pct,,5,,,1000000,1081242390,,,,,,,global_sum
linux,minrows-16-16384-0.csv,1024,649678,,900000.0,,,,scalar,,,665290,,10pct,,5,,,1000000,1539224046,,,,,,,global_count
linux,minrows-16-16384-0.csv,1024,2069447,,5708002.17,,low,,scalar,,,2110573,,10pct,,5,,,1000000,483220879,,,,,,,grouped_sum_count
linux,minrows-16-16384-0.csv,1024,12016725,,6322551.41,,high,,scalar,,,12272990,,10pct,,5,,,1000000,83217349,,,,,,,grouped_sum_count
linux,minrows-16-16384-0.csv,1024,17539396,,3979677.4499999993,,skewed,,scalar,,,17836491,,10pct,,5,,,1000000,57014506,,,,,,,grouped_sum_count
linux,minrows-16-16384-1.csv,1024,53000,,406266.15199999954,,,,scalar,,,54050,,none,,5,,,1000,18867924,,,,,,,arithmetic_chain
linux,minrows-16-16384-1.csv,1024,14030,,406266.15199999954,,,,simd4,,,15552,,none,,5,,,1000,71275837,,,,,,,arithmetic_chain
linux,minrows-16-16384-1.csv,1024,7941,,874.0,,,,simd4,,,8176,,none,,5,,,1000,125928724,,,,,,,nullable_compare
linux,minrows-16-16384-1.csv,1024,18800,,-45191.0,,,,simd4,,,21154,,none,,5,,,1000,53191489,,,,,,,filter
linux,minrows-16-16384-1.csv,1024,7970,,-13051.0,,,,scalar,,,8044,,none,,5,,,1000,125470514,,,,,,,global_sum
linux,minrows-16-16384-1.csv,1024,2900,,1000.0,,,,scalar,,,2926,,none,,5,,,1000,344827586,,,,,,,global_count
linux,minrows-16-16384-1.csv,1024,53450,,346124.2987499998,,,,scalar,,,53566,,10pct,,5,,,1000,18709073,,,,,,,arithmetic_chain
linux,minrows-16-16384-1.csv,1024,14470,,346124.2987499998,,,,simd4,,,14522,,10pct,,5,,,1000,69108500,,,,,,,arithmetic_chain
linux,minrows-16-16384-1.csv,1024,7890,,934.5,,,,simd4,,,7970,,10pct,,5,,,1000,126742712,,,,,,,nullable_compare
linux,minrows-16-16384-1.csv,1024,17360,,-51656.0,,,,simd4,,,19374,,10pct,,5,,,1000,57603686,,,,,,,filter
linux,minrows-16-16384-1.csv,1024,7580,,-9946.0,,,,scalar,,,7636,,10pct,,5,,,1000,131926121,,,,,,,global_sum
linux,minrows-16-16384-1.csv,1024,2900,,900.0,,,,scalar,,,2930,,10pct,,5,,,1000,344827586,,,,,,,global_count
linux,minrows-16-16384-1.csv,1024,30060,,4024.5700000000015,,low,,scalar,,,30768,,10pct,,5,,,1000,33266799,,,,,,,grouped_sum_count
linux,minrows-16-16384-1.csv,1024,33560,,4861.900000000003,,high,,scalar,,,36934,,10pct,,5,,,1000,29797377,,,,,,,grouped_sum_count
linux,minrows-16-16384-1.csv,1024,33520,,6623.439999999998,,skewed,,scalar,,,35722,,10pct,,5,,,1000,29832935,,,,,,,grouped_sum_count
linux,minrows-16-16384-1.csv,1024,1352426,,24796340.01649992,,,,scalar,,,1647012,,none,,5,,,100000,73941199,,,,,,,arithmetic_chain
linux,minrows-16-16384-1.csv,1024,767190,,24796340.01649992,,,,simd4,,,801127,,none,,5,,,100000,130345807,,,,,,,arithmetic_chain
linux,minrows-16-16384-1.csv,1024,344494,,87625.0,,,,simd4,,,379650,,none,,5,,,100000,290280817,,,,,,,nullable_compare
linux,minrows-16-16384-1.csv,1024,927351,,-178310.0,,,,simd4,,,1076557,,none,,5,,,100000,107834034,,,,,,,filter
linux,minrows-16-16384-1.csv,1024,315054,,225294.0,,,,scalar,,,452919,,none,,5,,,100000,317405905,,,,,,,global_sum
linux,minrows-16-16384-1.csv,1024,187292,,100000.0,,,,scalar,,,193216,,none,,5,,,100000,533925634,,,,,,,global_count
linux,minrows-16-16384-1.csv,1024,1785031,,22384188.787249964,,,,scalar,,,2449393,,10pct,,5,,,100000,56021436,,,,,,,arithmetic_chain
linux,minrows-16-16384-1.csv,1024,620477,,22384188.787249964,,,,simd4,,,718200,,10pct,,5,,,100000,161166328,,,,,,,arithmetic_chain
linux,minrows-16-16384-1.csv,1024,472116,,94016.5,,,,simd4,,,490960,,10pct,,5,,,100000,211812351,,,,,,,nullable_compare
linux,minrows-16-16384-1.csv,1024,1015962,,138719.0,,,,simd4,,,1123039,,10pct,,5,,,100000,98428878,,,,,,,filter
linux,minrows-16-16384-1.csv,1024,299473,,233310.0,,,,scalar,,,348140,,10pct,,5,,,100000,333919919,,,,,,,global_sum
linux,minrows-16-16384-1.csv,1024,188282,,90000.0,,,,scalar,,,195510,,10pct,,5,,,100000,531118216,,,,,,,global_count
linux,minrows-16-16384-1.csv,1024,715099,,618434.6799999999,,low,,scalar,,,728136,,10pct,,5,,,100000,139840777,,,,,,,grouped_sum_count
linux,minrows-16-16384-1.csv,1024,4750448,,635654.8099999999,,high,,scalar,,,5178528,,10pct,,5,,,100000,21050646,,,,,,,grouped_sum_count
linux,minrows-16-16384-1.csv,1024,4451743,,395334.35,,skewed,,scalar,,,4974606,,10pct,,5,,,100000,22463111,,,,,,,grouped_sum_count
linux,minrows-16-16384-1.csv,1024,6890933,,259031205.06900412,,,,scalar,,,7070855,,none,,5,,,1000000,145118229,,,,,,,arithmetic_chain
linux,minrows-16-16384-1.csv,1024,2167306,,259031205.06900412,,,,simd4,,,2387390,,none,,5,,,1000000,461402312,,,,,,,arithmetic_chain
linux,minrows-16-16384-1.csv,1024,1120143,,875096.0,,,,simd4,,,1223952,,none,,5,,,1000000,892743158,,,,,,,nullable_compare
linux,minrows-16-16384-1.csv,1024,6749741,,-859325.0,,,,simd4,,,8320725,,none,,5,,,1000000,148153832,,,,,,,filter
linux,minrows-16-16384-1.csv,1024,957292,,-628025.0,,,,scalar,,,1227512,,none,,5,,,1000000,1044613346,,,,,,,global_sum
linux,minrows-16-16384-1.csv,1024,655488,,1000000.0,,,,scalar,,,669338,,none,,5,,,1000000,1525580941,,,,,,,global_count
linux,minrows-16-16384-1.csv,1024,6351786,,233365582.0659991,,,,scalar,,,7291187,,10pct,,5,,,1000000,157436034,,,,,,,arithmetic_chain
linux,minrows-16-16384-1.csv,1024,2184756,,233365582.0659991,,,,simd4,,,2251263,,10pct,,5,,,1000000,457717017,,,,,,,arithmetic_chain
linux,minrows-16-16384-1.csv,1024,1157024,,938109.5,,,,simd4,,,1401619,,10pct,,5,,,1000000,864286306,,,,,,,nullable_compare
linux,minrows-16-16384-1.csv,1024,6167643,,-1696707.0,,,,simd4,,,7643963,,10pct,,5,,,1000000,162136492,,,,,,,filter
linux,minrows-16-16384-1.csv,1024,922411,,-582242.0,,,,scalar,,,996796,,10pct,,5,,,1000000,1084115432,,,,,,,global_sum
linux,minrows-16-16384-1.csv,1024,654808,,900000.0,,,,scalar,,,669646,,10pct,,5,,,1000000,1527165214,,,,,,,global_count
linux,minrows-16-16384-1.csv,1024,2064214,,5708002.17,,low,,scalar,,,2181124,,10pct,,5,,,1000000,484445895,,,,,,,grouped_sum_count
linux,minrows-16-16384-1.csv,1024,12133615,,6322551.41,,high,,scalar,,,12341205,,10pct,,5,,,1000000,82415669,,,,,,,grouped_sum_count
linux,minrows-16-16384-1.csv,1024,17733202,,3979677.4499999993,,skewed,,scalar,,,18011973,,10pct,,5,,,1000000,56391395,,,,,,,grouped_sum_count
linux,minrows-16-262144-0.csv,1024,53030,,406266.15199999954,,,,scalar,,,54210,,none,,5,,,1000,18857250,,,,,,,arithmetic_chain
linux,minrows-16-262144-0.csv,1024,14000,,406266.15199999954,,,,simd4,,,14190,,none,,5,,,1000,71428571,,,,,,,arithmetic_chain
linux,minrows-16-262144-0.csv,1024,7950,,874.0,,,,simd4,,,8168,,none,,5,,,1000,125786163,,,,,,,nullable_compare
linux,minrows-16-262144-0.csv,1024,18710,,-45191.0,,,,simd4,,,21168,,none,,5,,,1000,53447354,,,,,,,filter
linux,minrows-16-262144-0.csv,1024,7920,,-13051.0,,,,scalar,,,8000,,none,,5,,,1000,126262626,,,,,,,global_sum
linux,minrows-16-262144-0.csv,1024,2900,,1000.0,,,,scalar,,,2916,,none,,5,,,1000,344827586,,,,,,,global_count
linux,minrows-16-262144-0.csv,1024,53401,,346124.2987499998,,,,scalar,,,53504,,10pct,,5,,,1000,18726241,,,,,,,arithmetic_chain
linux,minrows-16-262144-0.csv,1024,14420,,346124.2987499998,,,,simd4,,,14502,,10pct,,5,,,1000,69348127,,,,,,,arithmetic_chain
linux,minrows-16-262144-0.csv,1024,7870,,934.5,,,,simd4,,,8410,,10pct,,5,,,1000,127064803,,,,,,,nullable_compare
linux,minrows-16-262144-0.csv,1024,17230,,-51656.0,,,,simd4,,,19134,,10pct,,5,,,1000,58038305,,,,,,,filter
linux,minrows-16-262144-0.csv,1024,7520,,-9946.0,,,,scalar,,,7548,,10pct,,5,,,1000,132978723,,,,,,,global_sum
linux,minrows-16-262144-0.csv,1024,2890,,900.0,,,,scalar,,,2906,,10pct,,5,,,1000,346020761,,,,,,,global_count
linux,minrows-16-262144-0.csv,1024,29850,,4024.5700000000015,,low,,scalar,,,30426,,10pct,,5,,,1000,33500837,,,,,,,grouped_sum_count
linux,minrows-16-262144-0.csv,1024,33181,,4861.900000000003,,high,,scalar,,,34476,,10pct,,5,,,1000,30137729,,,,,,,grouped_sum_count
linux,minrows-16-262144-0.csv,1024,32200,,6623.439999999998,,skewed,,scalar,,,35258,,10pct,,5,,,1000,31055900,,,,,,,grouped_sum_count
linux,minrows-16-262144-0.csv,1024,4949302,,24796340.01649992,,,,scalar,,,5040934,,none,,5,,,100000,20204869,,,,,,,arithmetic_chain
linux,minrows-16-262144-0.csv,1024,999973,,24796340.01649992,,,,simd4,,,1057695,,none,,5,,,100000,100002700,,,,,,,arithmetic_chain
linux,minrows-16-262144-0.csv,1024,641888,,87625.0,,,,simd4,,,649802,,none,,5,,,100000,155790418,,,,,,,nullable_compare
linux,minrows-16-262144-0.csv,1024,1760193,,-178310.0,,,,simd4,,,1949070,,none,,5,,,100000,56811951,,,,,,,filter
linux,minrows-16-262144-0.csv,1024,503997,,225294.0,,,,scalar,,,508138,,none,,5,,,100000,198413879,,,,,,,global_sum
linux,minrows-16-262144-0.csv,1024,20320,,100000.0,,,,scalar,,,21324,,none,,5,,,100000,4921259842,,,,,,,global_count
linux,minrows-16-262144-0.csv,1024,4893472,,22384188.787249964,,,,scalar,,,4920054,,10pct,,5,,,100000,20435388,,,,,,,arithmetic_chain
linux,minrows-16-262144-0.csv,1024,1035973,,22384188.787249964,,,,simd4,,,1039151,,10pct,,5,,,100000,96527612,,,,,,,arithmetic_chain
linux,minrows-16-262144-0.csv,1024,654669,,94016.5,,,,simd4,,,663892,,10pct,,5,,,100000,152748946,,,,,,,nullable_compare
linux,minrows-16-262144-0.csv,1024,1679722,,138719.0,,,,simd4,,,1687319,,10pct,,5,,,100000,59533660,,,,,,,filter
linux,minrows-16-262144-0.csv,1024,469716,,233310.0,,,,scalar,,,474956,,10pct,,5,,,100000,212894600,,,,,,,global_sum
linux,minrows-16-262144-0.csv,1024,20460,,90000.0,,,,scalar,,,20476,,10pct,,5,,,100000,4887585532,,,,,,,global_count
linux,minrows-16-262144-0.csv,1024,1770512,,618434.6799999996,,low,,scalar,,,1792206,,10pct,,5,,,100000,56480837,,,,,,,grouped_sum_count
linux,minrows-16-262144-0.csv,1024,4170913,,635654.8099999999,,high,,scalar,,,4316186,,10pct,,5,,,100000,23975566,,,,,,,grouped_sum_count
linux,minrows-16-262144-0.csv,1024,3895500,,395334.35,,skewed,,scalar,,,3920569,,10pct,,5,,,100000,25670645,,,,,,,grouped_sum_count
linux,minrows-16-262144-0.csv,1024,18740417,,259031205.06900412,,,,scalar,,,25665033,,none,,5,,,1000000,53360605,,,,,,,arithmetic_chain
linux,minrows-16-262144-0.csv,1024,7560436,,259031205.06900412,,,,simd4,,,7687565,,none,,5,,,1000000,132267504,,,,,,,arithmetic_chain
linux,minrows-16-262144-0.csv,1024,2701014,,875096.0,,,,simd4,,,3055820,,none,,5,,,1000000,370231327,,,,,,,nullable_compare
linux,minrows-16-262144-0.csv,1024,8640449,,-859325.0,,,,simd4,,,10305913,,none,,5,,,1000000,115734726,,,,,,,filter
linux,minrows-16-262144-0.csv,1024,1786952,,-628025.0,,,,scalar,,,2222302,,none,,5,,,1000000,559612121,,,,,,,global_sum
linux,minrows-16-262144-0.csv,1024,146902,,1000000.0,,,,scalar,,,188062,,none,,5,,,1000000,6807259261,,,,,,,global_count
linux,minrows-16-262144-0.csv,1024,19808090,,233365582.0659991,,,,scalar,,,25788042,,10pct,,5,,,1000000,50484423,,,,,,,arithmetic_chain
linux,minrows-16-262144-0.csv,1024,6727615,,233365582.0659991,,,,simd4,,,7185852,,10pct,,5,,,1000000,148641086,,,,,,,arithmetic_chain
linux,minrows-16-262144-0.csv,1024,2673364,,938109.5,,,,simd4,,,2835765,,10pct,,5,,,1000000,374060546,,,,,,,nullable_compare
linux,minrows-16-262144-0.csv,1024,8634888,,-1696707.0,,,,simd4,,,10335883,,10pct,,5,,,1000000,115809261,,,,,,,filter
linux,minrows-16-262144-0.csv,1024,1669002,,-582242.0,,,,scalar,,,1965020,,10pct,,5,,,1000000,599160456,,,,,,,global_sum
linux,minrows-16-262144-0.csv,1024,145881,,900000.0,,,,scalar,,,216784,,10pct,,5,,,1000000,6854902283,,,,,,,global_count
linux,minrows-16-262144-0.csv,1024,5427318,,5708002.17,,low,,scalar,,,5557613,,10pct,,5,,,1000000,184253069,,,,,,,grouped_sum_count
linux,minrows-16-262144-0.csv,1024,13724942,,6322551.41,,high,,scalar,,,14980923,,10pct,,5,,,1000000,72860052,,,,,,,grouped_sum_count
linux,minrows-16-262144-0.csv,1024,19916490,,3979677.4499999993,,skewed,,scalar,,,20842203,,10pct,,5,,,1000000,50209650,,,,,,,grouped_sum_count
linux,minrows-16-262144-1.csv,1024,52970,,406266.15199999954,,,,scalar,,,54248,,none,,5,,,1000,18878610,,,,,,,arithmetic_chain
linux,minrows-16-262144-1.csv,1024,14160,,406266.15199999954,,,,simd4,,,14444,,none,,5,,,1000,70621468,,,,,,,arithmetic_chain
linux,minrows-16-262144-1.csv,1024,7910,,874.0,,,,simd4,,,8094,,none,,5,,,1000,126422250,,,,,,,nullable_compare
linux,minrows-16-262144-1.csv,1024,18881,,-45191.0,,,,simd4,,,21482,,none,,5,,,1000,52963296,,,,,,,filter
linux,minrows-16-262144-1.csv,1024,7880,,-13051.0,,,,scalar,,,7950,,none,,5,,,1000,126903553,,,,,,,global_sum
linux,minrows-16-262144-1.csv,1024,2890,,1000.0,,,,scalar,,,2914,,none,,5,,,1000,346020761,,,,,,,global_count
linux,minrows-16-262144-1.csv,1024,53081,,346124.2987499998,,,,scalar,,,53882,,10pct,,5,,,1000,18839132,,,,,,,arithmetic_chain
linux,minrows-16-262144-1.csv,1024,14530,,346124.2987499998,,,,simd4,,,15422,,10pct,,5,,,1000,68823124,,,,,,,arithmetic_chain
linux,minrows-16-262144-1.csv,1024,7860,,934.5,,,,simd4,,,8004,,10pct,,5,,,1000,127226463,,,,,,,nullable_compare
linux,minrows-16-262144-1.csv,1024,17240,,-51656.0,,,,simd4,,,19298,,10pct,,5,,,1000,58004640,,,,,,,filter
linux,minrows-16-262144-1.csv,1024,7470,,-9946.0,,,,scalar,,,7486,,10pct,,5,,,1000,133868808,,,,,,,global_sum
linux,minrows-16-262144-1.csv,1024,2860,,900.0,,,,scalar,,,2878,,10pct,,5,,,1000,349650349,,,,,,,global_count
linux,minrows-16-262144-1.csv,1024,30341,,4024.5700000000015,,low,,scalar,,,31302,,10pct,,5,,,1000,32958702,,,,,,,grouped_sum_count
linux,minrows-16-262144-1.csv,1024,33491,,4861.900000000003,,high,,scalar,,,36290,,10pct,,5,,,1000,29858768,,,,,,,grouped_sum_count
linux,minrows-16-262144-1.csv,1024,33071,,6623.439999999998,,skewed,,scalar,,,35612,,10pct,,5,,,1000,30237972,,,,,,,grouped_sum_count
linux,minrows-16-262144-1.csv,1024,4939202,,24796340.01649992,,,,scalar,,,5096233,,none,,5,,,100000,20246185,,,,,,,arithmetic_chain
linux,minrows-16-262144-1.csv,1024,1023952,,24796340.01649992,,,,simd4,,,1039309,,none,,5,,,100000,97660827,,,,,,,arithmetic_chain
linux,minrows-16-262144-1.csv,1024,714429,,87625.0,,,,simd4,,,736575,,none,,5,,,100000,139971921,,,,,,,nullable_compare
linux,minrows-16-262144-1.csv,1024,1786943,,-178310.0,,,,simd4,,,1968176,,none,,5,,,100000,55961494,,,,,,,filter
linux,minrows-16-262144-1.csv,1024,510206,,225294.0,,,,scalar,,,515226,,none,,5,,,100000,195999263,,,,,,,global_sum
linux,minrows-16-262144-1.csv,1024,20820,,100000.0,,,,scalar,,,20856,,none,,5,,,100000,4803073967,,,,,,,global_count
linux,minrows-16-262144-1.csv,1024,4992562,,22384188.787249964,,,,scalar,,,5024788,,10pct,,5,,,100000,20029796,,,,,,,arithmetic_chain
linux,minrows-16-262144-1.csv,1024,1058433,,22384188.787249964,,,,simd4,,,1063291,,10pct,,5,,,100000,94479291,,,,,,,arithmetic_chain
linux,minrows-16-262144-1.csv,1024,705459,,94016.5,,,,simd4,,,713426,,10pct,,5,,,100000,141751682,,,,,,,nullable_compare
linux,minrows-16-262144-1.csv,1024,1689991,,138719.0,,,,simd4,,,1714429,,10pct,,5,,,100000,59171912,,,,,,,filter
linux,minrows-16-262144-1.csv,1024,473946,,233310.0,,,,scalar,,,478550,,10pct,,5,,,100000,210994501,,,,,,,global_sum
linux,minrows-16-262144-1.csv,1024,20810,,90000.0,,,,scalar,,,20826,,10pct,,5,,,100000,4805382027,,,,,,,global_count
linux,minrows-16-262144-1.csv,1024,1793522,,618434.6799999996,,low,,scalar,,,1814850,,10pct,,5,,,100000,55756215,,,,,,,grouped_sum_count
linux,minrows-16-262144-1.csv,1024,4253323,,635654.8099999999,,high,,scalar,,,4429577,,10pct,,5,,,100000,23511028,,,,,,,grouped_sum_count
linux,minrows-16-262144-1.csv,1024,3910068,,395334.35,,skewed,,scalar,,,3942905,,10pct,,5,,,100000,25575002,,,,,,,grouped_sum_count
linux,minrows-16-262144-1.csv,1024,17769421,,259031205.06900412,,,,scalar,,,25138469,,none,,5,,,1000000,56276453,,,,,,,arithmetic_chain
linux,minrows-16-262144-1.csv,1024,6892706,,259031205.06900412,,,,simd4,,,7214633,,none,,5,,,1000000,145080901,,,,,,,arithmetic_chain
linux,minrows-16-262144-1.csv,1024,2814254,,875096.0,,,,simd4,,,2921112,,none,,5,,,1000000,355333953,,,,,,,nullable_compare
linux,minrows-16-262144-1.csv,1024,8494555,,-859325.0,,,,simd4,,,10818554,,none,,5,,,1000000,117722470,,,,,,,filter
linux,minrows-16-262144-1.csv,1024,1792072,,-628025.0,,,,scalar,,,2193367,,none,,5,,,1000000,558013294,,,,,,,global_sum
linux,minrows-16-262144-1.csv,1024,146132,,1000000.0,,,,scalar,,,192936,,none,,5,,,1000000,6843128130,,,,,,,global_count
linux,minrows-16-262144-1.csv,1024,18225366,,233365582.0659991,,,,scalar,,,19456979,,10pct,,5,,,1000000,54868582,,,,,,,arithmetic_chain
linux,minrows-16-262144-1.csv,1024,7113408,,233365582.0659991,,,,simd4,,,7210223,,10pct,,5,,,1000000,140579592,,,,,,,arithmetic_chain
linux,minrows-16-262144-1.csv,1024,2685853,,938109.5,,,,simd4,,,3030327,,10pct,,5,,,1000000,372321195,,,,,,,nullable_compare
linux,minrows-16-262144-1.csv,1024,8739368,,-1696707.0,,,,simd4,,,10134323,,10pct,,5,,,1000000,114424750,,,,,,,filter
linux,minrows-16-262144-1.csv,1024,1674370,,-582242.0,,,,scalar,,,1871357,,10pct,,5,,,1000000,597239558,,,,,,,global_sum
linux,minrows-16-262144-1.csv,1024,146582,,900000.0,,,,scalar,,,176270,,10pct,,5,,,1000000,6822120042,,,,,,,global_count
linux,minrows-16-262144-1.csv,1024,5484377,,5708002.17,,low,,scalar,,,5609541,,10pct,,5,,,1000000,182336115,,,,,,,grouped_sum_count
linux,minrows-16-262144-1.csv,1024,13514476,,6322551.41,,high,,scalar,,,14637421,,10pct,,5,,,1000000,73994729,,,,,,,grouped_sum_count
linux,minrows-16-262144-1.csv,1024,20014845,,3979677.4499999993,,skewed,,scalar,,,21074443,,10pct,,5,,,1000000,49962915,,,,,,,grouped_sum_count
linux,minrows-16-65536-0.csv,1024,53040,,406266.15199999954,,,,scalar,,,54252,,none,,5,,,1000,18853695,,,,,,,arithmetic_chain
linux,minrows-16-65536-0.csv,1024,14080,,406266.15199999954,,,,simd4,,,14282,,none,,5,,,1000,71022727,,,,,,,arithmetic_chain
linux,minrows-16-65536-0.csv,1024,7930,,874.0,,,,simd4,,,8156,,none,,5,,,1000,126103404,,,,,,,nullable_compare
linux,minrows-16-65536-0.csv,1024,18720,,-45191.0,,,,simd4,,,21384,,none,,5,,,1000,53418803,,,,,,,filter
linux,minrows-16-65536-0.csv,1024,7921,,-13051.0,,,,scalar,,,8016,,none,,5,,,1000,126246686,,,,,,,global_sum
linux,minrows-16-65536-0.csv,1024,2880,,1000.0,,,,scalar,,,2896,,none,,5,,,1000,347222222,,,,,,,global_count
linux,minrows-16-65536-0.csv,1024,53431,,346124.2987499998,,,,scalar,,,53538,,10pct,,5,,,1000,18715726,,,,,,,arithmetic_chain
linux,minrows-16-65536-0.csv,1024,14460,,346124.2987499998,,,,simd4,,,14520,,10pct,,5,,,1000,69156293,,,,,,,arithmetic_chain
linux,minrows-16-65536-0.csv,1024,7940,,934.5,,,,simd4,,,9032,,10pct,,5,,,1000,125944584,,,,,,,nullable_compare
linux,minrows-16-65536-0.csv,1024,17390,,-51656.0,,,,simd4,,,19440,,10pct,,5,,,1000,57504312,,,,,,,filter
linux,minrows-16-65536-0.csv,1024,7550,,-9946.0,,,,scalar,,,7602,,10pct,,5,,,1000,132450331,,,,,,,global_sum
linux,minrows-16-65536-0.csv,1024,2870,,900.0,,,,scalar,,,2896,,10pct,,5,,,1000,348432055,,,,,,,global_count
linux,minrows-16-65536-0.csv,1024,29950,,4024.5700000000015,,low,,scalar,,,30544,,10pct,,5,,,1000,33388981,,,,,,,grouped_sum_count
linux,minrows-16-65536-0.csv,1024,33100,,4861.900000000003,,high,,scalar,,,34636,,10pct,,5,,,1000,30211480,,,,,,,grouped_sum_count
linux,minrows-16-65536-0.csv,1024,32871,,6623.439999999998,,skewed,,scalar,,,36290,,10pct,,5,,,1000,30421952,,,,,,,grouped_sum_count
linux,minrows-16-65536-0.csv,1024,4933633,,24796340.01649992,,,,scalar,,,5057197,,none,,5,,,100000,20269039,,,,,,,arithmetic_chain
linux,minrows-16-65536-0.csv,1024,1007362,,24796340.01649992,,,,simd4,,,1008795,,none,,5,,,100000,99269180,,,,,,,arithmetic_chain
linux,minrows-16-65536-0.csv,1024,661359,,87625.0,,,,simd4,,,669104,,none,,5,,,100000,151203809,,,,,,,nullable_compare
linux,minrows-16-65536-0.csv,1024,1796784,,-178310.0,,,,simd4,,,1941259,,none,,5,,,100000,55654992,,,,,,,filter
linux,minrows-16-65536-0.csv,1024,518266,,225294.0,,,,scalar,,,519226,,none,,5,,,100000,192951110,,,,,,,global_sum
linux,minrows-16-65536-0.csv,1024,20960,,100000.0,,,,scalar,,,21922,,none,,5,,,100000,4770992366,,,,,,,global_count
linux,minrows-16-65536-0.csv,1024,4990744,,22384188.787249964,,,,scalar,,,5003552,,10pct,,5,,,100000,20037092,,,,,,,arithmetic_chain
linux,minrows-16-65536-0.csv,1024,1042614,,22384188.787249964,,,,simd4,,,1043283,,10pct,,5,,,100000,95912773,,,,,,,arithmetic_chain
linux,minrows-16-65536-0.csv,1024,657338,,94016.5,,,,simd4,,,661392,,10pct,,5,,,100000,152128737,,,,,,,nullable_compare
linux,minrows-16-65536-0.csv,1024,1683712,,138719.0,,,,simd4,,,1713678,,10pct,,5,,,100000,59392580,,,,,,,filter
linux,minrows-16-65536-0.csv,1024,473966,,233310.0,,,,scalar,,,477530,,10pct,,5,,,100000,210985598,,,,,,,global_sum
linux,minrows-16-65536-0.csv,1024,20820,,90000.0,,,,scalar,,,20844,,10pct,,5,,,100000,4803073967,,,,,,,global_count
linux,minrows-16-65536-0.csv,1024,1808433,,618434.6799999996,,low,,scalar,,,1822237,,10pct,,5,,,100000,55296491,,,,,,,grouped_sum_count
linux,minrows-16-65536-0.csv,1024,4238954,,635654.8099999999,,high,,scalar,,,4407874,,10pct,,5,,,100000,23590725,,,,,,,grouped_sum_count
linux,minrows-16-65536-0.csv,1024,3932901,,395334.35,,skewed,,scalar,,,3958963,,10pct,,5,,,100000,25426523,,,,,,,grouped_sum_count
linux,minrows-16-65536-0.csv,1024,6475713,,259031205.06900412,,,,scalar,,,8310036,,none,,5,,,1000000,154423150,,,,,,,arithmetic_chain
linux,minrows-16-65536-0.csv,1024,2418821,,259031205.06900412,,,,simd4,,,2549232,,none,,5,,,1000000,413424556,,,,,,,arithmetic_chain
linux,minrows-16-65536-0.csv,1024,1161845,,875096.0,,,,simd4,,,1395256,,none,,5,,,1000000,860700007,,,,,,,nullable_compare
linux,minrows-16-65536-0.csv,1024,6324441,,-859325.0,,,,simd4,,,8017210,,none,,5,,,1000000,158116741,,,,,,,filter
linux,minrows-16-65536-0.csv,1024,1776863,,-628025.0,,,,scalar,,,1971949,,none,,5,,,1000000,562789590,,,,,,,global_sum
linux,minrows-16-65536-0.csv,1024,608418,,1000000.0,,,,scalar,,,620177,,none,,5,,,1000000,1643606862,,,,,,,global_count
linux,minrows-16-65536-0.csv,1024,6533354,,233365582.0659991,,,,scalar,,,7324331,,10pct,,5,,,1000000,153060740,,,,,,,arithmetic_chain
linux,minrows-16-65536-0.csv,1024,2326530,,233365582.0659991,,,,simd4,,,2560454,,10pct,,5,,,1000000,429824674,,,,,,,arithmetic_chain
linux,minrows-16-65536-0.csv,1024,1148864,,938109.5,,,,simd4,,,1424080,,10pct,,5,,,1000000,870425045,,,,,,,nullable_compare
linux,minrows-16-65536-0.csv,1024,5872535,,-1696707.0,,,,simd4,,,7062287,,10pct,,5,,,1000000,170284212,,,,,,,filter
linux,minrows-16-65536-0.csv,1024,1622961,,-582242.0,,,,scalar,,,1683427,,10pct,,5,,,1000000,616157751,,,,,,,global_sum
linux,minrows-16-65536-0.csv,1024,600007,,900000.0,,,,scalar,,,613983,,10pct,,5,,,1000000,1666647222,,,,,,,global_count
linux,minrows-16-65536-0.csv,1024,2081426,,5708002.17,,low,,scalar,,,2140071,,10pct,,5,,,1000000,480439852,,,,,,,grouped_sum_count
linux,minrows-16-65536-0.csv,1024,12308477,,6322551.41,,high,,scalar,,,12770976,,10pct,,5,,,1000000,81244820,,,,,,,grouped_sum_count
linux,minrows-16-65536-0.csv,1024,18027529,,3979677.4499999993,,skewed,,scalar,,,18372335,,10pct,,5,,,1000000,55470719,,,,,,,grouped_sum_count
linux,minrows-16-65536-1.csv,1024,52771,,406266.15199999954,,,,scalar,,,55520,,none,,5,,,1000,18949801,,,,,,,arithmetic_chain
linux,minrows-16-65536-1.csv,1024,14130,,406266.15199999954,,,,simd4,,,14350,,none,,5,,,1000,70771408,,,,,,,arithmetic_chain
linux,minrows-16-65536-1.csv,1024,8240,,874.0,,,,simd4,,,8464,,none,,5,,,1000,121359223,,,,,,,nullable_compare
linux,minrows-16-65536-1.csv,1024,18620,,-45191.0,,,,simd4,,,21064,,none,,5,,,1000,53705692,,,,,,,filter
linux,minrows-16-65536-1.csv,1024,7880,,-13051.0,,,,scalar,,,7932,,none,,5,,,1000,126903553,,,,,,,global_sum
linux,minrows-16-65536-1.csv,1024,2860,,1000.0,,,,scalar,,,2878,,none,,5,,,1000,349650349,,,,,,,global_count
linux,minrows-16-65536-1.csv,1024,53101,,346124.2987499998,,,,scalar,,,54458,,10pct,,5,,,1000,18832037,,,,,,,arithmetic_chain
linux,minrows-16-65536-1.csv,1024,14560,,346124.2987499998,,,,simd4,,,14630,,10pct,,5,,,1000,68681318,,,,,,,arithmetic_chain
linux,minrows-16-65536-1.csv,1024,8250,,934.5,,,,simd4,,,8352,,10pct,,5,,,1000,121212121,,,,,,,nullable_compare
linux,minrows-16-65536-1.csv,1024,17250,,-51656.0,,,,simd4,,,19126,,10pct,,5,,,1000,57971014,,,,,,,filter
linux,minrows-16-65536-1.csv,1024,7480,,-9946.0,,,,scalar,,,7500,,10pct,,5,,,1000,133689839,,,,,,,global_sum
linux,minrows-16-65536-1.csv,1024,2860,,900.0,,,,scalar,,,2880,,10pct,,5,,,1000,349650349,,,,,,,global_count
linux,minrows-16-65536-1.csv,1024,30100,,4024.5700000000015,,low,,scalar,,,33188,,10pct,,5,,,1000,33222591,,,,,,,grouped_sum_count
linux,minrows-16-65536-1.csv,1024,33030,,4861.900000000003,,high,,scalar,,,34416,,10pct,,5,,,1000,30275507,,,,,,,grouped_sum_count
linux,minrows-16-65536-1.csv,1024,32741,,6623.439999999998,,skewed,,scalar,,,35000,,10pct,,5,,,1000,30542744,,,,,,,grouped_sum_count
linux,minrows-16-65536-1.csv,1024,4901990,,24796340.01649992,,,,scalar,,,5032329,,none,,5,,,100000,20399878,,,,,,,arithmetic_chain
linux,minrows-16-65536-1.csv,1024,1024943,,24796340.01649992,,,,simd4,,,1027364,,none,,5,,,100000,97566401,,,,,,,arithmetic_chain
linux,minrows-16-65536-1.csv,1024,666288,,87625.0,,,,simd4,,,684514,,none,,5,,,100000,150085248,,,,,,,nullable_compare
linux,minrows-16-65536-1.csv,1024,1786472,,-178310.0,,,,simd4,,,1940145,,none,,5,,,100000,55976248,,,,,,,filter
linux,minrows-16-65536-1.csv,1024,510096,,225294.0,,,,scalar,,,513460,,none,,5,,,100000,196041529,,,,,,,global_sum
linux,minrows-16-65536-1.csv,1024,20810,,100000.0,,,,scalar,,,20824,,none,,5,,,100000,4805382027,,,,,,,global_count
linux,minrows-16-65536-1.csv,1024,4954800,,22384188.787249964,,,,scalar,,,4962750,,10pct,,5,,,100000,20182449,,,,,,,arithmetic_chain
linux,minrows-16-65536-1.csv,1024,1060043,,22384188.787249964,,,,simd4,,,1066933,,10pct,,5,,,100000,94335795,,,,,,,arithmetic_chain
linux,minrows-16-65536-1.csv,1024,670778,,94016.5,,,,simd4,,,674658,,10pct,,5,,,100000,149080619,,,,,,,nullable_compare
linux,minrows-16-65536-1.csv,1024,1664620,,138719.0,,,,simd4,,,1677038,,10pct,,5,,,100000,60073770,,,,,,,filter
linux,minrows-16-65536-1.csv,1024,471195,,233310.0,,,,scalar,,,473027,,10pct,,5,,,100000,212226360,,,,,,,global_sum
linux,minrows-16-65536-1.csv,1024,20680,,90000.0,,,,scalar,,,20696,,10pct,,5,,,100000,4835589941,,,,,,,global_count
linux,minrows-16-65536-1.csv,1024,1796862,,618434.6799999996,,low,,scalar,,,1803778,,10pct,,5,,,100000,55652576,,,,,,,grouped_sum_count
linux,minrows-16-65536-1.csv,1024,4193302,,635654.8099999999,,high,,scalar,,,4367551,,10pct,,5,,,100000,23847554,,,,,,,grouped_sum_count
linux,minrows-16-65536-1.csv,1024,3895028,,395334.35,,skewed,,scalar,,,3932980,,10pct,,5,,,100000,25673756,,,,,,,grouped_sum_count
linux,minrows-16-65536-1.csv,1024,7336620,,259031205.06900412,,,,scalar,,,8880697,,none,,5,,,1000000,136302548,,,,,,,arithmetic_chain
linux,minrows-16-65536-1.csv,1024,2365380,,259031205.06900412,,,,simd4,,,2597527,,none,,5,,,1000000,422765052,,,,,,,arithmetic_chain
linux,minrows-16-65536-1.csv,1024,1149614,,875096.0,,,,simd4,,,1262659,,none,,5,,,1000000,869857186,,,,,,,nullable_compare
linux,minrows-16-65536-1.csv,1024,6279437,,-859325.0,,,,simd4,,,8437423,,none,,5,,,1000000,159249945,,,,,,,filter
linux,minrows-16-65536-1.csv,1024,1660120,,-628025.0,,,,scalar,,,1756091,,none,,5,,,1000000,602366094,,,,,,,global_sum
linux,minrows-16-65536-1.csv,1024,609127,,1000000.0,,,,scalar,,,620459,,none,,5,,,1000000,1641693768,,,,,,,global_count
linux,minrows-16-65536-1.csv,1024,6642001,,233365582.0659991,,,,scalar,,,7602468,,10pct,,5,,,1000000,150557038,,,,,,,arithmetic_chain
linux,minrows-16-65536-1.csv,1024,2289848,,233365582.0659991,,,,simd4,,,2468646,,10pct,,5,,,1000000,436710209,,,,,,,arithmetic_chain
linux,minrows-16-65536-1.csv,1024,1145284,,938109.5,,,,simd4,,,1301470,,10pct,,5,,,1000000,873145874,,,,,,,nullable_compare
linux,minrows-16-65536-1.csv,1024,5931552,,-1696707.0,,,,simd4,,,7110256,,10pct,,5,,,1000000,168589940,,,,,,,filter
linux,minrows-16-65536-1.csv,1024,1578360,,-582242.0,,,,scalar,,,1649852,,10pct,,5,,,1000000,633569021,,,,,,,global_sum
linux,minrows-16-65536-1.csv,1024,596558,,900000.0,,,,scalar,,,613339,,10pct,,5,,,1000000,1676282943,,,,,,,global_count
linux,minrows-16-65536-1.csv,1024,2101785,,5708002.17,,low,,scalar,,,2304734,,10pct,,5,,,1000000,475786058,,,,,,,grouped_sum_count
linux,minrows-16-65536-1.csv,1024,12897476,,6322551.41,,high,,scalar,,,13258902,,10pct,,5,,,1000000,77534550,,,,,,,grouped_sum_count
linux,minrows-16-65536-1.csv,1024,18256252,,3979677.4499999993,,skewed,,scalar,,,18757097,,10pct,,5,,,1000000,54775755,,,,,,,grouped_sum_count
linux,minrows-4-16384-0.csv,1024,101603,,406266.15199999954,,,,scalar,,,106738,,none,,5,,,1000,9842229,,,,,,,arithmetic_chain
linux,minrows-4-16384-0.csv,1024,28140,,406266.15199999954,,,,simd4,,,30378,,none,,5,,,1000,35536602,,,,,,,arithmetic_chain
linux,minrows-4-16384-0.csv,1024,15730,,874.0,,,,simd4,,,16196,,none,,5,,,1000,63572790,,,,,,,nullable_compare
linux,minrows-4-16384-0.csv,1024,36961,,-45191.0,,,,simd4,,,41261,,none,,5,,,1000,27055545,,,,,,,filter
linux,minrows-4-16384-0.csv,1024,15561,,-13051.0,,,,scalar,,,15680,,none,,5,,,1000,64263222,,,,,,,global_sum
linux,minrows-4-16384-0.csv,1024,5680,,1000.0,,,,scalar,,,5696,,none,,5,,,1000,176056338,,,,,,,global_count
linux,minrows-4-16384-0.csv,1024,106423,,346124.2987499998,,,,scalar,,,116583,,10pct,,5,,,1000,9396465,,,,,,,arithmetic_chain
linux,minrows-4-16384-0.csv,1024,32291,,346124.2987499998,,,,simd4,,,32466,,10pct,,5,,,1000,30968381,,,,,,,arithmetic_chain
linux,minrows-4-16384-0.csv,1024,17601,,934.5,,,,simd4,,,17784,,10pct,,5,,,1000,56814953,,,,,,,nullable_compare
linux,minrows-4-16384-0.csv,1024,38851,,-51656.0,,,,simd4,,,45307,,10pct,,5,,,1000,25739363,,,,,,,filter
linux,minrows-4-16384-0.csv,1024,16820,,-9946.0,,,,scalar,,,16904,,10pct,,5,,,1000,59453032,,,,,,,global_sum
linux,minrows-4-16384-0.csv,1024,6400,,900.0,,,,scalar,,,6424,,10pct,,5,,,1000,156250000,,,,,,,global_count
linux,minrows-4-16384-0.csv,1024,56752,,4024.5700000000015,,low,,scalar,,,57701,,10pct,,5,,,1000,17620524,,,,,,,grouped_sum_count
linux,minrows-4-16384-0.csv,1024,62891,,4861.900000000003,,high,,scalar,,,67307,,10pct,,5,,,1000,15900526,,,,,,,grouped_sum_count
linux,minrows-4-16384-0.csv,1024,62371,,6623.439999999998,,skewed,,scalar,,,66383,,10pct,,5,,,1000,16033092,,,,,,,grouped_sum_count
linux,minrows-4-16384-0.csv,1024,3396336,,24796340.01649992,,,,scalar,,,3577909,,none,,5,,,100000,29443494,,,,,,,arithmetic_chain
linux,minrows-4-16384-0.csv,1024,642716,,24796340.01649992,,,,simd4,,,739925,,none,,5,,,100000,155589716,,,,,,,arithmetic_chain
linux,minrows-4-16384-0.csv,1024,333489,,87625.0,,,,simd4,,,505447,,none,,5,,,100000,299859965,,,,,,,nullable_compare
linux,minrows-4-16384-0.csv,1024,991775,,-178310.0,,,,simd4,,,1197358,,none,,5,,,100000,100829321,,,,,,,filter
linux,minrows-4-16384-0.csv,1024,465492,,225294.0,,,,scalar,,,615277,,none,,5,,,100000,214826463,,,,,,,global_sum
linux,minrows-4-16384-0.csv,1024,107683,,100000.0,,,,scalar,,,113646,,none,,5,,,100000,928651690,,,,,,,global_count
linux,minrows-4-16384-0.csv,1024,2265147,,22384188.787249964,,,,scalar,,,2680536,,10pct,,5,,,100000,44147245,,,,,,,arithmetic_chain
linux,minrows-4-16384-0.csv,1024,781680,,22384188.787249964,,,,simd4,,,944476,,10pct,,5,,,100000,127929587,,,,,,,arithmetic_chain
linux,minrows-4-16384-0.csv,1024,337539,,94016.5,,,,simd4,,,383479,,10pct,,5,,,100000,296262061,,,,,,,nullable_compare
linux,minrows-4-16384-0.csv,1024,1133589,,138719.0,,,,simd4,,,1248396,,10pct,,5,,,100000,88215393,,,,,,,filter
linux,minrows-4-16384-0.csv,1024,229316,,233310.0,,,,scalar,,,238802,,10pct,,5,,,100000,436079471,,,,,,,global_sum
linux,minrows-4-16384-0.csv,1024,109543,,90000.0,,,,scalar,,,111414,,10pct,,5,,,100000,912883525,,,,,,,global_count
linux,minrows-4-16384-0.csv,1024,759730,,618434.68,,low,,scalar,,,778752,,10pct,,5,,,100000,131625709,,,,,,,grouped_sum_count
linux,minrows-4-16384-0.csv,1024,4001641,,635654.8099999999,,high,,scalar,,,4354314,,10pct,,5,,,100000,24989747,,,,,,,grouped_sum_count
linux,minrows-4-16384-0.csv,1024,4179917,,395334.35,,skewed,,scalar,,,4406912,,10pct,,5,,,100000,23923920,,,,,,,grouped_sum_count
linux,minrows-4-16384-0.csv,1024,14140270,,259031205.06900412,,,,scalar,,,17129638,,none,,5,,,1000000,70720007,,,,,,,arithmetic_chain
linux,minrows-4-16384-0.csv,1024,3253853,,259031205.06900412,,,,simd4,,,3456189,,none,,5,,,1000000,307327958,,,,,,,arithmetic_chain
linux,minrows-4-16384-0.csv,1024,2055142,,875096.0,,,,simd4,,,2440591,,none,,5,,,1000000,486584382,,,,,,,nullable_compare
linux,minrows-4-16384-0.csv,1024,7112740,,-859325.0,,,,simd4,,,9000158,,none,,5,,,1000000,140592795,,,,,,,filter
linux,minrows-4-16384-0.csv,1024,1429616,,-628025.0,,,,scalar,,,1700131,,none,,5,,,1000000,699488533,,,,,,,global_sum
linux,minrows-4-16384-0.csv,1024,155284,,1000000.0,,,,scalar,,,160948,,none,,5,,,1000000,6439813503,,,,,,,global_count
linux,minrows-4-16384-0.csv,1024,13605956,,233365582.0659991,,,,scalar,,,17548205,,10pct,,5,,,1000000,73497224,,,,,,,arithmetic_chain
linux,minrows-4-16384-0.csv,1024,3235962,,233365582.0659991,,,,simd4,,,3536351,,10pct,,5,,,1000000,309027114,,,,,,,arithmetic_chain
linux,minrows-4-16384-0.csv,1024,1989820,,938109.5,,,,simd4,,,2196465,,10pct,,5,,,1000000,502558020,,,,,,,nullable_compare
linux,minrows-4-16384-0.csv,1024,7138880,,-1696707.0,,,,simd4,,,8423451,,10pct,,5,,,1000000,140077995,,,,,,,filter
linux,minrows-4-16384-0.csv,1024,1340425,,-582242.0,,,,scalar,,,1561413,,10pct,,5,,,1000000,746032042,,,,,,,global_sum
linux,minrows-4-16384-0.csv,1024,169584,,900000.0,,,,scalar,,,202115,,10pct,,5,,,1000000,5896782715,,,,,,,global_count
linux,minrows-4-16384-0.csv,1024,4320420,,5708002.170000001,,low,,scalar,,,4852988,,10pct,,5,,,1000000,231458978,,,,,,,grouped_sum_count
linux,minrows-4-16384-0.csv,1024,11648553,,6322551.41,,high,,scalar,,,12049345,,10pct,,5,,,1000000,85847572,,,,,,,grouped_sum_count
linux,minrows-4-16384-0.csv,1024,18986809,,3979677.4499999993,,skewed,,scalar,,,19336033,,10pct,,5,,,1000000,52668144,,,,,,,grouped_sum_count
linux,minrows-4-16384-1.csv,1024,53301,,406266.15199999954,,,,scalar,,,54403,,none,,5,,,1000,18761374,,,,,,,arithmetic_chain
linux,minrows-4-16384-1.csv,1024,14080,,406266.15199999954,,,,simd4,,,14296,,none,,5,,,1000,71022727,,,,,,,arithmetic_chain
linux,minrows-4-16384-1.csv,1024,7940,,874.0,,,,simd4,,,8170,,none,,5,,,1000,125944584,,,,,,,nullable_compare
linux,minrows-4-16384-1.csv,1024,18900,,-45191.0,,,,simd4,,,21494,,none,,5,,,1000,52910052,,,,,,,filter
linux,minrows-4-16384-1.csv,1024,7980,,-13051.0,,,,scalar,,,8042,,none,,5,,,1000,125313283,,,,,,,global_sum
linux,minrows-4-16384-1.csv,1024,2921,,1000.0,,,,scalar,,,2940,,none,,5,,,1000,342348510,,,,,,,global_count
linux,minrows-4-16384-1.csv,1024,53751,,346124.2987499998,,,,scalar,,,53867,,10pct,,5,,,1000,18604305,,,,,,,arithmetic_chain
linux,minrows-4-16384-1.csv,1024,14560,,346124.2987499998,,,,simd4,,,14612,,10pct,,5,,,1000,68681318,,,,,,,arithmetic_chain
linux,minrows-4-16384-1.csv,1024,7940,,934.5,,,,simd4,,,8006,,10pct,,5,,,1000,125944584,,,,,,,nullable_compare
linux,minrows-4-16384-1.csv,1024,17481,,-51656.0,,,,simd4,,,19506,,10pct,,5,,,1000,57204965,,,,,,,filter
linux,minrows-4-16384-1.csv,1024,7600,,-9946.0,,,,scalar,,,7646,,10pct,,5,,,1000,131578947,,,,,,,global_sum
linux,minrows-4-16384-1.csv,1024,2920,,900.0,,,,scalar,,,2938,,10pct,,5,,,1000,342465753,,,,,,,global_count
linux,minrows-4-16384-1.csv,1024,33431,,4024.5700000000015,,low,,scalar,,,33556,,10pct,,5,,,1000,29912356,,,,,,,grouped_sum_count
linux,minrows-4-16384-1.csv,1024,33620,,4861.900000000003,,high,,scalar,,,80061,,10pct,,5,,,1000,29744199,,,,,,,grouped_sum_count
linux,minrows-4-16384-1.csv,1024,36231,,6623.439999999998,,skewed,,scalar,,,37764,,10pct,,5,,,1000,27600673,,,,,,,grouped_sum_count
linux,minrows-4-16384-1.csv,1024,2068430,,24796340.01649992,,,,scalar,,,2573251,,none,,5,,,100000,48345846,,,,,,,arithmetic_chain
linux,minrows-4-16384-1.csv,1024,627765,,24796340.01649992,,,,simd4,,,735491,,none,,5,,,100000,159295277,,,,,,,arithmetic_chain
linux,minrows-4-16384-1.csv,1024,343658,,87625.0,,,,simd4,,,422326,,none,,5,,,100000,290986969,,,,,,,nullable_compare
linux,minrows-4-16384-1.csv,1024,1109916,,-178310.0,,,,simd4,,,1319035,,none,,5,,,100000,90096908,,,,,,,filter
linux,minrows-4-16384-1.csv,1024,494692,,225294.0,,,,scalar,,,632629,,none,,5,,,100000,202145981,,,,,,,global_sum
linux,minrows-4-16384-1.csv,1024,110143,,100000.0,,,,scalar,,,115484,,none,,5,,,100000,907910625,,,,,,,global_count
linux,minrows-4-16384-1.csv,1024,1527237,,22384188.787249964,,,,scalar,,,2594712,,10pct,,5,,,100000,65477722,,,,,,,arithmetic_chain
linux,minrows-4-16384-1.csv,1024,792909,,22384188.787249964,,,,simd4,,,984179,,10pct,,5,,,100000,126117877,,,,,,,arithmetic_chain
linux,minrows-4-16384-1.csv,1024,326518,,94016.5,,,,simd4,,,588030,,10pct,,5,,,100000,306261829,,,,,,,nullable_compare
linux,minrows-4-16384-1.csv,1024,1054196,,138719.0,,,,simd4,,,1131187,,10pct,,5,,,100000,94859020,,,,,,,filter
linux,minrows-4-16384-1.csv,1024,247206,,233310.0,,,,scalar,,,317309,,10pct,,5,,,100000,404520925,,,,,,,global_sum
linux,minrows-4-16384-1.csv,1024,116513,,90000.0,,,,scalar,,,126874,,10pct,,5,,,100000,858273325,,,,,,,global_count
linux,minrows-4-16384-1.csv,1024,756588,,618434.68,,low,,scalar,,,1016368,,10pct,,5,,,100000,132172331,,,,,,,grouped_sum_count
linux,minrows-4-16384-1.csv,1024,4065778,,635654.8099999999,,high,,scalar,,,4639613,,10pct,,5,,,100000,24595538,,,,,,,grouped_sum_count
linux,minrows-4-16384-1.csv,1024,4206971,,395334.35,,skewed,,scalar,,,4401313,,10pct,,5,,,100000,23770071,,,,,,,grouped_sum_count
linux,minrows-4-16384-1.csv,1024,15133193,,259031205.06900412,,,,scalar,,,19036285,,none,,5,,,1000000,66079907,,,,,,,arithmetic_chain
linux,minrows-4-16384-1.csv,1024,5500882,,259031205.06900412,,,,simd4,,,5701982,,none,,5,,,1000000,181789029,,,,,,,arithmetic_chain
linux,minrows-4-16384-1.csv,1024,2011248,,875096.0,,,,simd4,,,2372144,,none,,5,,,1000000,497203726,,,,,,,nullable_compare
linux,minrows-4-16384-1.csv,1024,6869255,,-859325.0,,,,simd4,,,9066907,,none,,5,,,1000000,145576194,,,,,,,filter
linux,minrows-4-16384-1.csv,1024,1411694,,-628025.0,,,,scalar,,,1620274,,none,,5,,,1000000,708368810,,,,,,,global_sum
linux,minrows-4-16384-1.csv,1024,155444,,1000000.0,,,,scalar,,,159455,,none,,5,,,1000000,6433184941,,,,,,,global_count
linux,minrows-4-16384-1.csv,1024,14957919,,233365582.0659991,,,,scalar,,,19779606,,10pct,,5,,,1000000,66854219,,,,,,,arithmetic_chain
linux,minrows-4-16384-1.csv,1024,5605064,,233365582.0659991,,,,simd4,,,5737621,,10pct,,5,,,1000000,178410094,,,,,,,arithmetic_chain
linux,minrows-4-16384-1.csv,1024,2075880,,938109.5,,,,simd4,,,2651811,,10pct,,5,,,1000000,481723413,,,,,,,nullable_compare
linux,minrows-4-16384-1.csv,1024,7170772,,-1696707.0,,,,simd4,,,8260915,,10pct,,5,,,1000000,139454998,,,,,,,filter
linux,minrows-4-16384-1.csv,1024,1327962,,-582242.0,,,,scalar,,,1888039,,10pct,,5,,,1000000,753033595,,,,,,,global_sum
linux,minrows-4-16384-1.csv,1024,156624,,900000.0,,,,scalar,,,161826,,10pct,,5,,,1000000,6384717540,,,,,,,global_count
linux,minrows-4-16384-1.csv,1024,4273671,,5708002.170000001,,low,,scalar,,,4436295,,10pct,,5,,,1000000,233990871,,,,,,,grouped_sum_count
linux,minrows-4-16384-1.csv,1024,12382965,,6322551.41,,high,,scalar,,,12629970,,10pct,,5,,,1000000,80756103,,,,,,,grouped_sum_count
linux,minrows-4-16384-1.csv,1024,19298549,,3979677.4499999993,,skewed,,scalar,,,19449533,,10pct,,5,,,1000000,51817367,,,,,,,grouped_sum_count
linux,minrows-4-262144-0.csv,1024,53272,,406266.15199999954,,,,scalar,,,54503,,none,,5,,,1000,18771587,,,,,,,arithmetic_chain
linux,minrows-4-262144-0.csv,1024,14080,,406266.15199999954,,,,simd4,,,14246,,none,,5,,,1000,71022727,,,,,,,arithmetic_chain
linux,minrows-4-262144-0.csv,1024,7900,,874.0,,,,simd4,,,8158,,none,,5,,,1000,126582278,,,,,,,nullable_compare
linux,minrows-4-262144-0.csv,1024,18840,,-45191.0,,,,simd4,,,22782,,none,,5,,,1000,53078556,,,,,,,filter
linux,minrows-4-262144-0.csv,1024,7920,,-13051.0,,,,scalar,,,7970,,none,,5,,,1000,126262626,,,,,,,global_sum
linux,minrows-4-262144-0.csv,1024,2880,,1000.0,,,,scalar,,,2896,,none,,5,,,1000,347222222,,,,,,,global_count
linux,minrows-4-262144-0.csv,1024,53711,,346124.2987499998,,,,scalar,,,53817,,10pct,,5,,,1000,18618160,,,,,,,arithmetic_chain
linux,minrows-4-262144-0.csv,1024,14530,,346124.2987499998,,,,simd4,,,14640,,10pct,,5,,,1000,68823124,,,,,,,arithmetic_chain
linux,minrows-4-262144-0.csv,1024,7921,,934.5,,,,simd4,,,8002,,10pct,,5,,,1000,126246686,,,,,,,nullable_compare
linux,minrows-4-262144-0.csv,1024,17450,,-51656.0,,,,simd4,,,19426,,10pct,,5,,,1000,57306590,,,,,,,filter
linux,minrows-4-262144-0.csv,1024,7560,,-9946.0,,,,scalar,,,7584,,10pct,,5,,,1000,132275132,,,,,,,global_sum
linux,minrows-4-262144-0.csv,1024,2890,,900.0,,,,scalar,,,2906,,10pct,,5,,,1000,346020761,,,,,,,global_count
linux,minrows-4-262144-0.csv,1024,30221,,4024.5700000000015,,low,,scalar,,,30670,,10pct,,5,,,1000,33089573,,,,,,,grouped_sum_count
linux,minrows-4-262144-0.csv,1024,33431,,4861.900000000003,,high,,scalar,,,36065,,10pct,,5,,,1000,29912356,,,,,,,grouped_sum_count
linux,minrows-4-262144-0.csv,1024,33241,,6623.439999999998,,skewed,,scalar,,,36897,,10pct,,5,,,1000,30083330,,,,,,,grouped_sum_count
linux,minrows-4-262144-0.csv,1024,4926573,,24796340.01649992,,,,scalar,,,5053274,,none,,5,,,100000,20298085,,,,,,,arithmetic_chain
linux,minrows-4-262144-0.csv,1024,1000055,,24796340.01649992,,,,simd4,,,1005301,,none,,5,,,100000,99994500,,,,,,,arithmetic_chain
linux,minrows-4-262144-0.csv,1024,662447,,87625.0,,,,simd4,,,669328,,none,,5,,,100000,150955472,,,,,,,nullable_compare
linux,minrows-4-262144-0.csv,1024,1788364,,-178310.0,,,,simd4,,,2021018,,none,,5,,,100000,55917028,,,,,,,filter
linux,minrows-4-262144-0.csv,1024,510233,,225294.0,,,,scalar,,,513996,,none,,5,,,100000,195988891,,,,,,,global_sum
linux,minrows-4-262144-0.csv,1024,20780,,100000.0,,,,scalar,,,20802,,none,,5,,,100000,4812319538,,,,,,,global_count
linux,minrows-4-262144-0.csv,1024,4984254,,22384188.787249964,,,,scalar,,,5005601,,10pct,,5,,,100000,20063182,,,,,,,arithmetic_chain
linux,minrows-4-262144-0.csv,1024,1038836,,22384188.787249964,,,,simd4,,,1043720,,10pct,,5,,,100000,96261585,,,,,,,arithmetic_chain
linux,minrows-4-262144-0.csv,1024,657086,,94016.5,,,,simd4,,,664240,,10pct,,5,,,100000,152187080,,,,,,,nullable_compare
linux,minrows-4-262144-0.csv,1024,1668102,,138719.0,,,,simd4,,,2009868,,10pct,,5,,,100000,59948372,,,,,,,filter
linux,minrows-4-262144-0.csv,1024,474151,,233310.0,,,,scalar,,,477065,,10pct,,5,,,100000,210903277,,,,,,,global_sum
linux,minrows-4-262144-0.csv,1024,20790,,90000.0,,,,scalar,,,20810,,10pct,,5,,,100000,4810004810,,,,,,,global_count
linux,minrows-4-262144-0.csv,1024,1803536,,618434.6799999996,,low,,scalar,,,1812103,,10pct,,5,,,100000,55446633,,,,,,,grouped_sum_count
linux,minrows-4-262144-0.csv,1024,4282667,,635654.8099999999,,high,,scalar,,,4481422,,10pct,,5,,,100000,23349935,,,,,,,grouped_sum_count
linux,minrows-4-262144-0.csv,1024,3904698,,395334.35,,skewed,,scalar,,,3959698,,10pct,,5,,,100000,25610175,,,,,,,grouped_sum_count
linux,minrows-4-262144-0.csv,1024,22679604,,259031205.06900412,,,,scalar,,,27754944,,none,,5,,,1000000,44092480,,,,,,,arithmetic_chain
linux,minrows-4-262144-0.csv,1024,6952052,,259031205.06900412,,,,simd4,,,7428356,,none,,5,,,1000000,143842422,,,,,,,arithmetic_chain
linux,minrows-4-262144-0.csv,1024,2756949,,875096.0,,,,simd4,,,2940137,,none,,5,,,1000000,362719803,,,,,,,nullable_compare
linux,minrows-4-262144-0.csv,1024,8360447,,-859325.0,,,,simd4,,,10044629,,none,,5,,,1000000,119610829,,,,,,,filter
linux,minrows-4-262144-0.csv,1024,1799704,,-628025.0,,,,scalar,,,2037590,,none,,5,,,1000000,555646928,,,,,,,global_sum
linux,minrows-4-262144-0.csv,1024,143644,,1000000.0,,,,scalar,,,162976,,none,,5,,,1000000,6961655203,,,,,,,global_count
linux,minrows-4-262144-0.csv,1024,22389105,,233365582.0659991,,,,scalar,,,27104643,,10pct,,5,,,1000000,44664581,,,,,,,arithmetic_chain
linux,minrows-4-262144-0.csv,1024,7237040,,233365582.0659991,,,,simd4,,,7440488,,10pct,,5,,,1000000,138178039,,,,,,,arithmetic_chain
linux,minrows-4-262144-0.csv,1024,2682807,,938109.5,,,,simd4,,,3176444,,10pct,,5,,,1000000,372743920,,,,,,,nullable_compare
linux,minrows-4-262144-0.csv,1024,8422088,,-1696707.0,,,,simd4,,,10432843,,10pct,,5,,,1000000,118735401,,,,,,,filter
linux,minrows-4-262144-0.csv,1024,1674871,,-582242.0,,,,scalar,,,1950310,,10pct,,5,,,1000000,597060907,,,,,,,global_sum
linux,minrows-4-262144-0.csv,1024,156204,,900000.0,,,,scalar,,,193336,,10pct,,5,,,1000000,6401884714,,,,,,,global_count
linux,minrows-4-262144-0.csv,1024,5507616,,5708002.17,,low,,scalar,,,5705393,,10pct,,5,,,1000000,181566761,,,,,,,grouped_sum_count
linux,minrows-4-262144-0.csv,1024,12593241,,6322551.41,,high,,scalar,,,13702916,,10pct,,5,,,1000000,79407675,,,,,,,grouped_sum_count
linux,minrows-4-262144-0.csv,1024,19729576,,3979677.4499999993,,skewed,,scalar,,,20095045,,10pct,,5,,,1000000,50685326,,,,,,,grouped_sum_count
linux,minrows-4-262144-1.csv,1024,52941,,406266.15199999954,,,,scalar,,,55693,,none,,5,,,1000,18888951,,,,,,,arithmetic_chain
linux,minrows-4-262144-1.csv,1024,14061,,406266.15199999954,,,,simd4,,,14222,,none,,5,,,1000,71118697,,,,,,,arithmetic_chain
linux,minrows-4-262144-1.csv,1024,7890,,874.0,,,,simd4,,,8084,,none,,5,,,1000,126742712,,,,,,,nullable_compare
linux,minrows-4-262144-1.csv,1024,18710,,-45191.0,,,,simd4,,,24956,,none,,5,,,1000,53447354,,,,,,,filter
linux,minrows-4-262144-1.csv,1024,7890,,-13051.0,,,,scalar,,,7952,,none,,5,,,1000,126742712,,,,,,,global_sum
linux,minrows-4-262144-1.csv,1024,2860,,1000.0,,,,scalar,,,2986,,none,,5,,,1000,349650349,,,,,,,global_count
linux,minrows-4-262144-1.csv,1024,53691,,346124.2987499998,,,,scalar,,,53809,,10pct,,5,,,1000,18625095,,,,,,,arithmetic_chain
linux,minrows-4-262144-1.csv,1024,14561,,346124.2987499998,,,,simd4,,,14596,,10pct,,5,,,1000,68676601,,,,,,,arithmetic_chain
linux,minrows-4-262144-1.csv,1024,7910,,934.5,,,,simd4,,,7982,,10pct,,5,,,1000,126422250,,,,,,,nullable_compare
linux,minrows-4-262144-1.csv,1024,17450,,-51656.0,,,,simd4,,,19472,,10pct,,5,,,1000,57306590,,,,,,,filter
linux,minrows-4-262144-1.csv,1024,7980,,-9946.0,,,,scalar,,,8640,,10pct,,5,,,1000,125313283,,,,,,,global_sum
linux,minrows-4-262144-1.csv,1024,2900,,900.0,,,,scalar,,,3114,,10pct,,5,,,1000,344827586,,,,,,,global_count
linux,minrows-4-262144-1.csv,1024,30061,,4024.5700000000015,,low,,scalar,,,30654,,10pct,,5,,,1000,33265693,,,,,,,grouped_sum_count
linux,minrows-4-262144-1.csv,1024,33341,,4861.900000000003,,high,,scalar,,,34936,,10pct,,5,,,1000,29993101,,,,,,,grouped_sum_count
linux,minrows-4-262144-1.csv,1024,33011,,6623.439999999998,,skewed,,scalar,,,34785,,10pct,,5,,,1000,30292932,,,,,,,grouped_sum_count
linux,minrows-4-262144-1.csv,1024,4994793,,24796340.01649992,,,,scalar,,,5091721,,none,,5,,,100000,20020849,,,,,,,arithmetic_chain
linux,minrows-4-262144-1.csv,1024,1012085,,24796340.01649992,,,,simd4,,,1014295,,none,,5,,,100000,98805930,,,,,,,arithmetic_chain
linux,minrows-4-262144-1.csv,1024,661476,,87625.0,,,,simd4,,,670104,,none,,5,,,100000,151177064,,,,,,,nullable_compare
linux,minrows-4-262144-1.csv,1024,1797564,,-178310.0,,,,simd4,,,2039026,,none,,5,,,100000,55630842,,,,,,,filter
linux,minrows-4-262144-1.csv,1024,513172,,225294.0,,,,scalar,,,515356,,none,,5,,,100000,194866438,,,,,,,global_sum
linux,minrows-4-262144-1.csv,1024,20941,,100000.0,,,,scalar,,,20962,,none,,5,,,100000,4775321140,,,,,,,global_count
linux,minrows-4-262144-1.csv,1024,4993943,,22384188.787249964,,,,scalar,,,5024969,,10pct,,5,,,100000,20024257,,,,,,,arithmetic_chain
linux,minrows-4-262144-1.csv,1024,1045956,,22384188.787249964,,,,simd4,,,1047713,,10pct,,5,,,100000,95606316,,,,,,,arithmetic_chain
linux,minrows-4-262144-1.csv,1024,660536,,94016.5,,,,simd4,,,667928,,10pct,,5,,,100000,151392202,,,,,,,nullable_compare
linux,minrows-4-262144-1.csv,1024,1681311,,138719.0,,,,simd4,,,1690109,,10pct,,5,,,100000,59477395,,,,,,,filter
linux,minrows-4-262144-1.csv,1024,474282,,233310.0,,,,scalar,,,481429,,10pct,,5,,,100000,210845024,,,,,,,global_sum
linux,minrows-4-262144-1.csv,1024,20790,,90000.0,,,,scalar,,,20818,,10pct,,5,,,100000,4810004810,,,,,,,global_count
linux,minrows-4-262144-1.csv,1024,1805614,,618434.6799999996,,low,,scalar,,,1857473,,10pct,,5,,,100000,55382822,,,,,,,grouped_sum_count
linux,minrows-4-262144-1.csv,1024,4355828,,635654.8099999999,,high,,scalar,,,4478780,,10pct,,5,,,100000,22957747,,,,,,,grouped_sum_count
linux,minrows-4-262144-1.csv,1024,3925697,,395334.35,,skewed,,scalar,,,3955697,,10pct,,5,,,100000,25473183,,,,,,,grouped_sum_count
linux,minrows-4-262144-1.csv,1024,28538983,,259031205.06900412,,,,scalar,,,35760352,,none,,5,,,1000000,35039791,,,,,,,arithmetic_chain
linux,minrows-4-262144-1.csv,1024,7068204,,259031205.06900412,,,,simd4,,,7281104,,none,,5,,,1000000,141478655,,,,,,,arithmetic_chain
linux,minrows-4-262144-1.csv,1024,2758628,,875096.0,,,,simd4,,,3189360,,none,,5,,,1000000,362499039,,,,,,,nullable_compare
linux,minrows-4-262144-1.csv,1024,8093019,,-859325.0,,,,simd4,,,10047210,,none,,5,,,1000000,123563283,,,,,,,filter
linux,minrows-4-262144-1.csv,1024,1790644,,-628025.0,,,,scalar,,,2211360,,none,,5,,,1000000,558458297,,,,,,,global_sum
linux,minrows-4-262144-1.csv,1024,140513,,1000000.0,,,,scalar,,,168706,,none,,5,,,1000000,7116779230,,,,,,,global_count
linux,minrows-4-262144-1.csv,1024,21404043,,233365582.0659991,,,,scalar,,,29817056,,10pct,,5,,,1000000,46720145,,,,,,,arithmetic_chain
linux,minrows-4-262144-1.csv,1024,6877908,,233365582.0659991,,,,simd4,,,7118796,,10pct,,5,,,1000000,145393046,,,,,,,arithmetic_chain
linux,minrows-4-262144-1.csv,1024,2767018,,938109.5,,,,simd4,,,3119328,,10pct,,5,,,1000000,361399889,,,,,,,nullable_compare
linux,minrows-4-262144-1.csv,1024,8892147,,-1696707.0,,,,simd4,,,10362072,,10pct,,5,,,1000000,112458779,,,,,,,filter
linux,minrows-4-262144-1.csv,1024,1683632,,-582242.0,,,,scalar,,,2035171,,10pct,,5,,,1000000,593954023,,,,,,,global_sum
linux,minrows-4-262144-1.csv,1024,151894,,900000.0,,,,scalar,,,193128,,10pct,,5,,,1000000,6583538520,,,,,,,global_count
linux,minrows-4-262144-1.csv,1024,5470874,,5708002.17,,low,,scalar,,,5686620,,10pct,,5,,,1000000,182786150,,,,,,,grouped_sum_count
linux,minrows-4-262144-1.csv,1024,13485678,,6322551.41,,high,,scalar,,,14131322,,10pct,,5,,,1000000,74152741,,,,,,,grouped_sum_count
linux,minrows-4-262144-1.csv,1024,19470934,,3979677.4499999993,,skewed,,scalar,,,20079379,,10pct,,5,,,1000000,51358604,,,,,,,grouped_sum_count
linux,minrows-4-65536-0.csv,1024,53302,,406266.15199999954,,,,scalar,,,56261,,none,,5,,,1000,18761022,,,,,,,arithmetic_chain
linux,minrows-4-65536-0.csv,1024,14051,,406266.15199999954,,,,simd4,,,55597,,none,,5,,,1000,71169311,,,,,,,arithmetic_chain
linux,minrows-4-65536-0.csv,1024,7900,,874.0,,,,simd4,,,8132,,none,,5,,,1000,126582278,,,,,,,nullable_compare
linux,minrows-4-65536-0.csv,1024,18600,,-45191.0,,,,simd4,,,21204,,none,,5,,,1000,53763440,,,,,,,filter
linux,minrows-4-65536-0.csv,1024,7880,,-13051.0,,,,scalar,,,7942,,none,,5,,,1000,126903553,,,,,,,global_sum
linux,minrows-4-65536-0.csv,1024,2870,,1000.0,,,,scalar,,,2882,,none,,5,,,1000,348432055,,,,,,,global_count
linux,minrows-4-65536-0.csv,1024,53392,,346124.2987499998,,,,scalar,,,53503,,10pct,,5,,,1000,18729397,,,,,,,arithmetic_chain
linux,minrows-4-65536-0.csv,1024,14400,,346124.2987499998,,,,simd4,,,14466,,10pct,,5,,,1000,69444444,,,,,,,arithmetic_chain
linux,minrows-4-65536-0.csv,1024,7880,,934.5,,,,simd4,,,7950,,10pct,,5,,,1000,126903553,,,,,,,nullable_compare
linux,minrows-4-65536-0.csv,1024,17311,,-51656.0,,,,simd4,,,19438,,10pct,,5,,,1000,57766737,,,,,,,filter
linux,minrows-4-65536-0.csv,1024,7540,,-9946.0,,,,scalar,,,7556,,10pct,,5,,,1000,132625994,,,,,,,global_sum
linux,minrows-4-65536-0.csv,1024,2861,,900.0,,,,scalar,,,2884,,10pct,,5,,,1000,349528137,,,,,,,global_count
linux,minrows-4-65536-0.csv,1024,29780,,4024.5700000000015,,low,,scalar,,,30370,,10pct,,5,,,1000,33579583,,,,,,,grouped_sum_count
linux,minrows-4-65536-0.csv,1024,32981,,4861.900000000003,,high,,scalar,,,34554,,10pct,,5,,,1000,30320487,,,,,,,grouped_sum_count
linux,minrows-4-65536-0.csv,1024,32771,,6623.439999999998,,skewed,,scalar,,,34606,,10pct,,5,,,1000,30514784,,,,,,,grouped_sum_count
linux,minrows-4-65536-0.csv,1024,4923474,,24796340.01649992,,,,scalar,,,5001448,,none,,5,,,100000,20310861,,,,,,,arithmetic_chain
linux,minrows-4-65536-0.csv,1024,994345,,24796340.01649992,,,,simd4,,,1150467,,none,,5,,,100000,100568716,,,,,,,arithmetic_chain
linux,minrows-4-65536-0.csv,1024,657826,,87625.0,,,,simd4,,,663292,,none,,5,,,100000,152015882,,,,,,,nullable_compare
linux,minrows-4-65536-0.csv,1024,1787945,,-178310.0,,,,simd4,,,2017107,,none,,5,,,100000,55930132,,,,,,,filter
linux,minrows-4-65536-0.csv,1024,513263,,225294.0,,,,scalar,,,517621,,none,,5,,,100000,194831889,,,,,,,global_sum
linux,minrows-4-65536-0.csv,1024,20921,,100000.0,,,,scalar,,,20944,,none,,5,,,100000,4779886238,,,,,,,global_count
linux,minrows-4-65536-0.csv,1024,4951385,,22384188.787249964,,,,scalar,,,4975419,,10pct,,5,,,100000,20196369,,,,,,,arithmetic_chain
linux,minrows-4-65536-0.csv,1024,1037996,,22384188.787249964,,,,simd4,,,1039652,,10pct,,5,,,100000,96339484,,,,,,,arithmetic_chain
linux,minrows-4-65536-0.csv,1024,660627,,94016.5,,,,simd4,,,665490,,10pct,,5,,,100000,151371348,,,,,,,nullable_compare
linux,minrows-4-65536-0.csv,1024,1676973,,138719.0,,,,simd4,,,1684410,,10pct,,5,,,100000,59631252,,,,,,,filter
linux,minrows-4-65536-0.csv,1024,474542,,233310.0,,,,scalar,,,478660,,10pct,,5,,,100000,210729503,,,,,,,global_sum
linux,minrows-4-65536-0.csv,1024,20800,,90000.0,,,,scalar,,,20816,,10pct,,5,,,100000,4807692307,,,,,,,global_count
linux,minrows-4-65536-0.csv,1024,1806245,,618434.6799999996,,low,,scalar,,,1813831,,10pct,,5,,,100000,55363475,,,,,,,grouped_sum_count
linux,minrows-4-65536-0.csv,1024,4199636,,635654.8099999999,,high,,scalar,,,4361218,,10pct,,5,,,100000,23811587,,,,,,,grouped_sum_count
linux,minrows-4-65536-0.csv,1024,3890529,,395334.35,,skewed,,scalar,,,3906918,,10pct,,5,,,100000,25703445,,,,,,,grouped_sum_count
linux,minrows-4-65536-0.csv,1024,17359068,,259031205.06900412,,,,scalar,,,23427116,,none,,5,,,1000000,57606779,,,,,,,arithmetic_chain
linux,minrows-4-65536-0.csv,1024,5299583,,259031205.06900412,,,,simd4,,,5439920,,none,,5,,,1000000,188694091,,,,,,,arithmetic_chain
linux,minrows-4-65536-0.csv,1024,2051511,,875096.0,,,,simd4,,,2377073,,none,,5,,,1000000,487445594,,,,,,,nullable_compare
linux,minrows-4-65536-0.csv,1024,7500138,,-859325.0,,,,simd4,,,9125231,,none,,5,,,1000000,133330880,,,,,,,filter
linux,minrows-4-65536-0.csv,1024,4814921,,-628025.0,,,,scalar,,,4940942,,none,,5,,,1000000,207687727,,,,,,,global_sum
linux,minrows-4-65536-0.csv,1024,164055,,1000000.0,,,,scalar,,,189282,,none,,5,,,1000000,6095516747,,,,,,,global_count
linux,minrows-4-65536-0.csv,1024,16364600,,233365582.0659991,,,,scalar,,,21570092,,10pct,,5,,,1000000,61107512,,,,,,,arithmetic_chain
linux,minrows-4-65536-0.csv,1024,5507258,,233365582.0659991,,,,simd4,,,5654847,,10pct,,5,,,1000000,181578564,,,,,,,arithmetic_chain
linux,minrows-4-65536-0.csv,1024,2148594,,938109.5,,,,simd4,,,2752398,,10pct,,5,,,1000000,465420642,,,,,,,nullable_compare
linux,minrows-4-65536-0.csv,1024,7168089,,-1696707.0,,,,simd4,,,8441100,,10pct,,5,,,1000000,139507196,,,,,,,filter
linux,minrows-4-65536-0.csv,1024,1320953,,-582242.0,,,,scalar,,,1520464,,10pct,,5,,,1000000,757029205,,,,,,,global_sum
linux,minrows-4-65536-0.csv,1024,160484,,900000.0,,,,scalar,,,163866,,10pct,,5,,,1000000,6231150768,,,,,,,global_count
linux,minrows-4-65536-0.csv,1024,4338329,,5708002.170000001,,low,,scalar,,,4763647,,10pct,,5,,,1000000,230503495,,,,,,,grouped_sum_count
linux,minrows-4-65536-0.csv,1024,12363089,,6322551.41,,high,,scalar,,,14459114,,10pct,,5,,,1000000,80885933,,,,,,,grouped_sum_count
linux,minrows-4-65536-0.csv,1024,19000164,,3979677.4499999993,,skewed,,scalar,,,19979232,,10pct,,5,,,1000000,52631124,,,,,,,grouped_sum_count
linux,minrows-4-65536-1.csv,1024,53301,,406266.15199999954,,,,scalar,,,54539,,none,,5,,,1000,18761374,,,,,,,arithmetic_chain
linux,minrows-4-65536-1.csv,1024,14080,,406266.15199999954,,,,simd4,,,14298,,none,,5,,,1000,71022727,,,,,,,arithmetic_chain
linux,minrows-4-65536-1.csv,1024,7980,,874.0,,,,simd4,,,8218,,none,,5,,,1000,125313283,,,,,,,nullable_compare
linux,minrows-4-65536-1.csv,1024,18890,,-45191.0,,,,simd4,,,61721,,none,,5,,,1000,52938062,,,,,,,filter
linux,minrows-4-65536-1.csv,1024,7940,,-13051.0,,,,scalar,,,8010,,none,,5,,,1000,125944584,,,,,,,global_sum
linux,minrows-4-65536-1.csv,1024,2880,,1000.0,,,,scalar,,,2888,,none,,5,,,1000,347222222,,,,,,,global_count
linux,minrows-4-65536-1.csv,1024,53711,,346124.2987499998,,,,scalar,,,53877,,10pct,,5,,,1000,18618160,,,,,,,arithmetic_chain
linux,minrows-4-65536-1.csv,1024,14480,,346124.2987499998,,,,simd4,,,14544,,10pct,,5,,,1000,69060773,,,,,,,arithmetic_chain
linux,minrows-4-65536-1.csv,1024,7980,,934.5,,,,simd4,,,8050,,10pct,,5,,,1000,125313283,,,,,,,nullable_compare
linux,minrows-4-65536-1.csv,1024,17520,,-51656.0,,,,simd4,,,19846,,10pct,,5,,,1000,57077625,,,,,,,filter
linux,minrows-4-65536-1.csv,1024,7591,,-9946.0,,,,scalar,,,7640,,10pct,,5,,,1000,131734949,,,,,,,global_sum
linux,minrows-4-65536-1.csv,1024,2870,,900.0,,,,scalar,,,2906,,10pct,,5,,,1000,348432055,,,,,,,global_count
linux,minrows-4-65536-1.csv,1024,30291,,4024.5700000000015,,low,,scalar,,,30812,,10pct,,5,,,1000,33013106,,,,,,,grouped_sum_count
linux,minrows-4-65536-1.csv,1024,33561,,4861.900000000003,,high,,scalar,,,35535,,10pct,,5,,,1000,29796489,,,,,,,grouped_sum_count
linux,minrows-4-65536-1.csv,1024,33420,,6623.439999999998,,skewed,,scalar,,,35056,,10pct,,5,,,1000,29922202,,,,,,,grouped_sum_count
linux,minrows-4-65536-1.csv,1024,4964691,,24796340.01649992,,,,scalar,,,5068067,,none,,5,,,100000,20142240,,,,,,,arithmetic_chain
linux,minrows-4-65536-1.csv,1024,1006695,,24796340.01649992,,,,simd4,,,1012840,,none,,5,,,100000,99334952,,,,,,,arithmetic_chain
linux,minrows-4-65536-1.csv,1024,664816,,87625.0,,,,simd4,,,675072,,none,,5,,,100000,150417559,,,,,,,nullable_compare
linux,minrows-4-65536-1.csv,1024,1809224,,-178310.0,,,,simd4,,,2002774,,none,,5,,,100000,55272315,,,,,,,filter
linux,minrows-4-65536-1.csv,1024,513312,,225294.0,,,,scalar,,,521050,,none,,5,,,100000,194813290,,,,,,,global_sum
linux,minrows-4-65536-1.csv,1024,21051,,100000.0,,,,scalar,,,21078,,none,,5,,,100000,4750368153,,,,,,,global_count
linux,minrows-4-65536-1.csv,1024,5007653,,22384188.787249964,,,,scalar,,,5022504,,10pct,,5,,,100000,19969434,,,,,,,arithmetic_chain
linux,minrows-4-65536-1.csv,1024,1053196,,22384188.787249964,,,,simd4,,,1054219,,10pct,,5,,,100000,94949088,,,,,,,arithmetic_chain
linux,minrows-4-65536-1.csv,1024,665317,,94016.5,,,,simd4,,,669960,,10pct,,5,,,100000,150304291,,,,,,,nullable_compare
linux,minrows-4-65536-1.csv,1024,1690901,,138719.0,,,,simd4,,,1701745,,10pct,,5,,,100000,59140067,,,,,,,filter
linux,minrows-4-65536-1.csv,1024,473951,,233310.0,,,,scalar,,,483535,,10pct,,5,,,100000,210992275,,,,,,,global_sum
linux,minrows-4-65536-1.csv,1024,21061,,90000.0,,,,scalar,,,21088,,10pct,,5,,,100000,4748112625,,,,,,,global_count
linux,minrows-4-65536-1.csv,1024,1805564,,618434.6799999996,,low,,scalar,,,1816174,,10pct,,5,,,100000,55384356,,,,,,,grouped_sum_count
linux,minrows-4-65536-1.csv,1024,4243664,,635654.8099999999,,high,,scalar,,,4436044,,10pct,,5,,,100000,23564542,,,,,,,grouped_sum_count
linux,minrows-4-65536-1.csv,1024,3936506,,395334.35,,skewed,,scalar,,,3947070,,10pct,,5,,,100000,25403238,,,,,,,grouped_sum_count
linux,minrows-4-65536-1.csv,1024,17202288,,259031205.06900412,,,,scalar,,,23646428,,none,,5,,,1000000,58131802,,,,,,,arithmetic_chain
linux,minrows-4-65536-1.csv,1024,5518164,,259031205.06900412,,,,simd4,,,5749615,,none,,5,,,1000000,181219695,,,,,,,arithmetic_chain
linux,minrows-4-65536-1.csv,1024,2110511,,875096.0,,,,simd4,,,2301749,,none,,5,,,1000000,473818899,,,,,,,nullable_compare
linux,minrows-4-65536-1.csv,1024,7384978,,-859325.0,,,,simd4,,,9143613,,none,,5,,,1000000,135410017,,,,,,,filter
linux,minrows-4-65536-1.csv,1024,4238683,,-628025.0,,,,scalar,,,4438875,,none,,5,,,1000000,235922337,,,,,,,global_sum
linux,minrows-4-65536-1.csv,1024,156464,,1000000.0,,,,scalar,,,176704,,none,,5,,,1000000,6391246548,,,,,,,global_count
linux,minrows-4-65536-1.csv,1024,15738601,,233365582.0659991,,,,scalar,,,20350172,,10pct,,5,,,1000000,63538048,,,,,,,arithmetic_chain
linux,minrows-4-65536-1.csv,1024,5474503,,233365582.0659991,,,,simd4,,,5783860,,10pct,,5,,,1000000,182664983,,,,,,,arithmetic_chain
linux,minrows-4-65536-1.csv,1024,2138952,,938109.5,,,,simd4,,,2644600,,10pct,,5,,,1000000,467518672,,,,,,,nullable_compare
linux,minrows-4-65536-1.csv,1024,7397799,,-1696707.0,,,,simd4,,,8937063,,10pct,,5,,,1000000,135175340,,,,,,,filter
linux,minrows-4-65536-1.csv,1024,1320082,,-582242.0,,,,scalar,,,1624591,,10pct,,5,,,1000000,757528698,,,,,,,global_sum
linux,minrows-4-65536-1.csv,1024,154874,,900000.0,,,,scalar,,,162362,,10pct,,5,,,1000000,6456861706,,,,,,,global_count
linux,minrows-4-65536-1.csv,1024,4316294,,5708002.170000001,,low,,scalar,,,4507894,,10pct,,5,,,1000000,231680233,,,,,,,grouped_sum_count
linux,minrows-4-65536-1.csv,1024,12777708,,6322551.41,,high,,scalar,,,14511952,,10pct,,5,,,1000000,78261296,,,,,,,grouped_sum_count
linux,minrows-4-65536-1.csv,1024,19308256,,3979677.4499999993,,skewed,,scalar,,,19805168,,10pct,,5,,,1000000,51791316,,,,,,,grouped_sum_count
linux,minrows-8-16384-0.csv,1024,79381,,406266.15199999954,,,,scalar,,,90197,,none,,5,,,1000,12597472,,,,,,,arithmetic_chain
linux,minrows-8-16384-0.csv,1024,20971,,406266.15199999954,,,,simd4,,,21198,,none,,5,,,1000,47684898,,,,,,,arithmetic_chain
linux,minrows-8-16384-0.csv,1024,11840,,874.0,,,,simd4,,,12186,,none,,5,,,1000,84459459,,,,,,,nullable_compare
linux,minrows-8-16384-0.csv,1024,32470,,-45191.0,,,,simd4,,,36276,,none,,5,,,1000,30797659,,,,,,,filter
linux,minrows-8-16384-0.csv,1024,13700,,-13051.0,,,,scalar,,,13788,,none,,5,,,1000,72992700,,,,,,,global_sum
linux,minrows-8-16384-0.csv,1024,4970,,1000.0,,,,scalar,,,4996,,none,,5,,,1000,201207243,,,,,,,global_count
linux,minrows-8-16384-0.csv,1024,92902,,346124.2987499998,,,,scalar,,,94749,,10pct,,5,,,1000,10764030,,,,,,,arithmetic_chain
linux,minrows-8-16384-0.csv,1024,21471,,346124.2987499998,,,,simd4,,,21516,,10pct,,5,,,1000,46574449,,,,,,,arithmetic_chain
linux,minrows-8-16384-0.csv,1024,11740,,934.5,,,,simd4,,,11866,,10pct,,5,,,1000,85178875,,,,,,,nullable_compare
linux,minrows-8-16384-0.csv,1024,25810,,-51656.0,,,,simd4,,,28828,,10pct,,5,,,1000,38744672,,,,,,,filter
linux,minrows-8-16384-0.csv,1024,11220,,-9946.0,,,,scalar,,,11240,,10pct,,5,,,1000,89126559,,,,,,,global_sum
linux,minrows-8-16384-0.csv,1024,4260,,900.0,,,,scalar,,,4368,,10pct,,5,,,1000,234741784,,,,,,,global_count
linux,minrows-8-16384-0.csv,1024,44660,,4024.5700000000015,,low,,scalar,,,99347,,10pct,,5,,,1000,22391401,,,,,,,grouped_sum_count
linux,minrows-8-16384-0.csv,1024,49371,,4861.900000000003,,high,,scalar,,,51213,,10pct,,5,,,1000,20254805,,,,,,,grouped_sum_count
linux,minrows-8-16384-0.csv,1024,48840,,6623.439999999998,,skewed,,scalar,,,50866,,10pct,,5,,,1000,20475020,,,,,,,grouped_sum_count
linux,minrows-8-16384-0.csv,1024,1870005,,24796340.01649992,,,,scalar,,,2022909,,none,,5,,,100000,53475792,,,,,,,arithmetic_chain
linux,minrows-8-16384-0.csv,1024,764445,,24796340.01649992,,,,simd4,,,824267,,none,,5,,,100000,130813858,,,,,,,arithmetic_chain
linux,minrows-8-16384-0.csv,1024,369797,,87625.0,,,,simd4,,,417265,,none,,5,,,100000,270418635,,,,,,,nullable_compare
linux,minrows-8-16384-0.csv,1024,906867,,-178310.0,,,,simd4,,,1104434,,none,,5,,,100000,110269752,,,,,,,filter
linux,minrows-8-16384-0.csv,1024,408448,,225294.0,,,,scalar,,,507125,,none,,5,,,100000,244829207,,,,,,,global_sum
linux,minrows-8-16384-0.csv,1024,203714,,100000.0,,,,scalar,,,211408,,none,,5,,,100000,490884278,,,,,,,global_count
linux,minrows-8-16384-0.csv,1024,2442685,,22384188.787249964,,,,scalar,,,2640967,,10pct,,5,,,100000,40938557,,,,,,,arithmetic_chain
linux,minrows-8-16384-0.csv,1024,700413,,22384188.787249964,,,,simd4,,,742191,,10pct,,5,,,100000,142772906,,,,,,,arithmetic_chain
linux,minrows-8-16384-0.csv,1024,357247,,94016.5,,,,simd4,,,401433,,10pct,,5,,,100000,279918375,,,,,,,nullable_compare
linux,minrows-8-16384-0.csv,1024,1165951,,138719.0,,,,simd4,,,1237013,,10pct,,5,,,100000,85766897,,,,,,,filter
linux,minrows-8-16384-0.csv,1024,371917,,233310.0,,,,scalar,,,424139,,10pct,,5,,,100000,268877195,,,,,,,global_sum
linux,minrows-8-16384-0.csv,1024,188194,,90000.0,,,,scalar,,,194855,,10pct,,5,,,100000,531366568,,,,,,,global_count
linux,minrows-8-16384-0.csv,1024,877476,,618434.6799999999,,low,,scalar,,,954563,,10pct,,5,,,100000,113963230,,,,,,,grouped_sum_count
linux,minrows-8-16384-0.csv,1024,4430143,,635654.8099999999,,high,,scalar,,,5210081,,10pct,,5,,,100000,22572634,,,,,,,grouped_sum_count
linux,minrows-8-16384-0.csv,1024,4440272,,395334.35,,skewed,,scalar,,,4624856,,10pct,,5,,,100000,22521142,,,,,,,grouped_sum_count
linux,minrows-8-16384-0.csv,1024,11551025,,259031205.06900412,,,,scalar,,,13184485,,none,,5,,,1000000,86572403,,,,,,,arithmetic_chain
linux,minrows-8-16384-0.csv,1024,2774861,,259031205.06900412,,,,simd4,,,2855982,,none,,5,,,1000000,360378411,,,,,,,arithmetic_chain
linux,minrows-8-16384-0.csv,1024,1288224,,875096.0,,,,simd4,,,1640638,,none,,5,,,1000000,776262513,,,,,,,nullable_compare
linux,minrows-8-16384-0.csv,1024,7013340,,-859325.0,,,,simd4,,,8737966,,none,,5,,,1000000,142585415,,,,,,,filter
linux,minrows-8-16384-0.csv,1024,924217,,-628025.0,,,,scalar,,,930121,,none,,5,,,1000000,1081996976,,,,,,,global_sum
linux,minrows-8-16384-0.csv,1024,307146,,1000000.0,,,,scalar,,,315566,,none,,5,,,1000000,3255780638,,,,,,,global_count
linux,minrows-8-16384-0.csv,1024,12352689,,233365582.0659991,,,,scalar,,,13855124,,10pct,,5,,,1000000,80954033,,,,,,,arithmetic_chain
linux,minrows-8-16384-0.csv,1024,2849083,,233365582.0659991,,,,simd4,,,2984249,,10pct,,5,,,1000000,350990125,,,,,,,arithmetic_chain
linux,minrows-8-16384-0.csv,1024,1260953,,938109.5,,,,simd4,,,1457509,,10pct,,5,,,1000000,793050970,,,,,,,nullable_compare
linux,minrows-8-16384-0.csv,1024,6377707,,-1696707.0,,,,simd4,,,7714537,,10pct,,5,,,1000000,156796165,,,,,,,filter
linux,minrows-8-16384-0.csv,1024,880426,,-582242.0,,,,scalar,,,1277529,,10pct,,5,,,1000000,1135813799,,,,,,,global_sum
linux,minrows-8-16384-0.csv,1024,307816,,900000.0,,,,scalar,,,318737,,10pct,,5,,,1000000,3248694025,,,,,,,global_count
linux,minrows-8-16384-0.csv,1024,2639329,,5708002.17,,low,,scalar,,,2723702,,10pct,,5,,,1000000,378884178,,,,,,,grouped_sum_count
linux,minrows-8-16384-0.csv,1024,11020863,,6322551.41,,high,,scalar,,,11397828,,10pct,,5,,,1000000,90736995,,,,,,,grouped_sum_count
linux,minrows-8-16384-0.csv,1024,17948011,,3979677.4499999993,,skewed,,scalar,,,18308119,,10pct,,5,,,1000000,55716480,,,,,,,grouped_sum_count
linux,minrows-8-16384-1.csv,1024,52981,,406266.15199999954,,,,scalar,,,54269,,none,,5,,,1000,18874690,,,,,,,arithmetic_chain
linux,minrows-8-16384-1.csv,1024,13990,,406266.15199999954,,,,simd4,,,14202,,none,,5,,,1000,71479628,,,,,,,arithmetic_chain
linux,minrows-8-16384-1.csv,1024,7891,,874.0,,,,simd4,,,8098,,none,,5,,,1000,126726650,,,,,,,nullable_compare
linux,minrows-8-16384-1.csv,1024,18681,,-45191.0,,,,simd4,,,24410,,none,,5,,,1000,53530324,,,,,,,filter
linux,minrows-8-16384-1.csv,1024,7891,,-13051.0,,,,scalar,,,7952,,none,,5,,,1000,126726650,,,,,,,global_sum
linux,minrows-8-16384-1.csv,1024,2890,,1000.0,,,,scalar,,,2898,,none,,5,,,1000,346020761,,,,,,,global_count
linux,minrows-8-16384-1.csv,1024,53421,,346124.2987499998,,,,scalar,,,95037,,10pct,,5,,,1000,18719230,,,,,,,arithmetic_chain
linux,minrows-8-16384-1.csv,1024,14411,,346124.2987499998,,,,simd4,,,14486,,10pct,,5,,,1000,69391437,,,,,,,arithmetic_chain
linux,minrows-8-16384-1.csv,1024,7880,,934.5,,,,simd4,,,7966,,10pct,,5,,,1000,126903553,,,,,,,nullable_compare
linux,minrows-8-16384-1.csv,1024,17440,,-51656.0,,,,simd4,,,19646,,10pct,,5,,,1000,57339449,,,,,,,filter
linux,minrows-8-16384-1.csv,1024,7520,,-9946.0,,,,scalar,,,7538,,10pct,,5,,,1000,132978723,,,,,,,global_sum
linux,minrows-8-16384-1.csv,1024,2900,,900.0,,,,scalar,,,2910,,10pct,,5,,,1000,344827586,,,,,,,global_count
linux,minrows-8-16384-1.csv,1024,29930,,4024.5700000000015,,low,,scalar,,,31960,,10pct,,5,,,1000,33411293,,,,,,,grouped_sum_count
linux,minrows-8-16384-1.csv,1024,33061,,4861.900000000003,,high,,scalar,,,34404,,10pct,,5,,,1000,30247118,,,,,,,grouped_sum_count
linux,minrows-8-16384-1.csv,1024,32721,,6623.439999999998,,skewed,,scalar,,,35064,,10pct,,5,,,1000,30561413,,,,,,,grouped_sum_count
linux,minrows-8-16384-1.csv,1024,1771031,,24796340.01649992,,,,scalar,,,1978808,,none,,5,,,100000,56464285,,,,,,,arithmetic_chain
linux,minrows-8-16384-1.csv,1024,669792,,24796340.01649992,,,,simd4,,,694128,,none,,5,,,100000,149300081,,,,,,,arithmetic_chain
linux,minrows-8-16384-1.csv,1024,357207,,87625.0,,,,simd4,,,436827,,none,,5,,,100000,279949721,,,,,,,nullable_compare
linux,minrows-8-16384-1.csv,1024,852284,,-178310.0,,,,simd4,,,1129539,,none,,5,,,100000,117331781,,,,,,,filter
linux,minrows-8-16384-1.csv,1024,338316,,225294.0,,,,scalar,,,383746,,none,,5,,,100000,295581645,,,,,,,global_sum
linux,minrows-8-16384-1.csv,1024,191543,,100000.0,,,,scalar,,,195365,,none,,5,,,100000,522075982,,,,,,,global_count
linux,minrows-8-16384-1.csv,1024,1712520,,22384188.787249964,,,,scalar,,,1917799,,10pct,,5,,,100000,58393478,,,,,,,arithmetic_chain
linux,minrows-8-16384-1.csv,1024,562560,,22384188.787249964,,,,simd4,,,606188,,10pct,,5,,,100000,177758816,,,,,,,arithmetic_chain
linux,minrows-8-16384-1.csv,1024,423817,,94016.5,,,,simd4,,,453397,,10pct,,5,,,100000,235950893,,,,,,,nullable_compare
linux,minrows-8-16384-1.csv,1024,944016,,138719.0,,,,simd4,,,1018751,,10pct,,5,,,100000,105930407,,,,,,,filter
linux,minrows-8-16384-1.csv,1024,356386,,233310.0,,,,scalar,,,415937,,10pct,,5,,,100000,280594636,,,,,,,global_sum
linux,minrows-8-16384-1.csv,1024,191323,,90000.0,,,,scalar,,,255504,,10pct,,5,,,100000,522676311,,,,,,,global_count
linux,minrows-8-16384-1.csv,1024,729183,,618434.6799999999,,low,,scalar,,,746737,,10pct,,5,,,100000,137139785,,,,,,,grouped_sum_count
linux,minrows-8-16384-1.csv,1024,4225664,,635654.8099999999,,high,,scalar,,,4859748,,10pct,,5,,,100000,23664919,,,,,,,grouped_sum_count
linux,minrows-8-16384-1.csv,1024,4273514,,395334.35,,skewed,,scalar,,,4524668,,10pct,,5,,,100000,23399946,,,,,,,grouped_sum_count
linux,minrows-8-16384-1.csv,1024,10321170,,259031205.06900412,,,,scalar,,,13604268,,none,,5,,,1000000,96888240,,,,,,,arithmetic_chain
linux,minrows-8-16384-1.csv,1024,2938851,,259031205.06900412,,,,simd4,,,3063793,,none,,5,,,1000000,340269037,,,,,,,arithmetic_chain
linux,minrows-8-16384-1.csv,1024,1269262,,875096.0,,,,simd4,,,1754930,,none,,5,,,1000000,787859401,,,,,,,nullable_compare
linux,minrows-8-16384-1.csv,1024,7021842,,-859325.0,,,,simd4,,,9024762,,none,,5,,,1000000,142412774,,,,,,,filter
linux,minrows-8-16384-1.csv,1024,2183727,,-628025.0,,,,scalar,,,2407049,,none,,5,,,1000000,457932699,,,,,,,global_sum
linux,minrows-8-16384-1.csv,1024,310135,,1000000.0,,,,scalar,,,326873,,none,,5,,,1000000,3224402276,,,,,,,global_count
linux,minrows-8-16384-1.csv,1024,12817802,,233365582.0659991,,,,scalar,,,14319364,,10pct,,5,,,1000000,78016496,,,,,,,arithmetic_chain
linux,minrows-8-16384-1.csv,1024,2983111,,233365582.0659991,,,,simd4,,,3037890,,10pct,,5,,,1000000,335220513,,,,,,,arithmetic_chain
linux,minrows-8-16384-1.csv,1024,1303402,,938109.5,,,,simd4,,,1369889,,10pct,,5,,,1000000,767223005,,,,,,,nullable_compare
linux,minrows-8-16384-1.csv,1024,6426732,,-1696707.0,,,,simd4,,,7528024,,10pct,,5,,,1000000,155600077,,,,,,,filter
linux,minrows-8-16384-1.csv,1024,2212518,,-582242.0,,,,scalar,,,2482119,,10pct,,5,,,1000000,451973724,,,,,,,global_sum
linux,minrows-8-16384-1.csv,1024,298665,,900000.0,,,,scalar,,,314379,,10pct,,5,,,1000000,3348232970,,,,,,,global_count
linux,minrows-8-16384-1.csv,1024,2628315,,5708002.17,,low,,scalar,,,2675166,,10pct,,5,,,1000000,380471899,,,,,,,grouped_sum_count
linux,minrows-8-16384-1.csv,1024,11137253,,6322551.41,,high,,scalar,,,11761643,,10pct,,5,,,1000000,89788747,,,,,,,grouped_sum_count
linux,minrows-8-16384-1.csv,1024,17647664,,3979677.4499999993,,skewed,,scalar,,,17999912,,10pct,,5,,,1000000,56664723,,,,,,,grouped_sum_count
linux,minrows-8-262144-0.csv,1024,53291,,406266.15199999954,,,,scalar,,,74857,,none,,5,,,1000,18764894,,,,,,,arithmetic_chain
linux,minrows-8-262144-0.csv,1024,14190,,406266.15199999954,,,,simd4,,,14446,,none,,5,,,1000,70472163,,,,,,,arithmetic_chain
linux,minrows-8-262144-0.csv,1024,8140,,874.0,,,,simd4,,,8350,,none,,5,,,1000,122850122,,,,,,,nullable_compare
linux,minrows-8-262144-0.csv,1024,18871,,-45191.0,,,,simd4,,,22564,,none,,5,,,1000,52991362,,,,,,,filter
linux,minrows-8-262144-0.csv,1024,7950,,-13051.0,,,,scalar,,,8012,,none,,5,,,1000,125786163,,,,,,,global_sum
linux,minrows-8-262144-0.csv,1024,2890,,1000.0,,,,scalar,,,2914,,none,,5,,,1000,346020761,,,,,,,global_count
linux,minrows-8-262144-0.csv,1024,53691,,346124.2987499998,,,,scalar,,,93185,,10pct,,5,,,1000,18625095,,,,,,,arithmetic_chain
linux,minrows-8-262144-0.csv,1024,14510,,346124.2987499998,,,,simd4,,,14594,,10pct,,5,,,1000,68917987,,,,,,,arithmetic_chain
linux,minrows-8-262144-0.csv,1024,8170,,934.5,,,,simd4,,,9400,,10pct,,5,,,1000,122399020,,,,,,,nullable_compare
linux,minrows-8-262144-0.csv,1024,17440,,-51656.0,,,,simd4,,,19810,,10pct,,5,,,1000,57339449,,,,,,,filter
linux,minrows-8-262144-0.csv,1024,7580,,-9946.0,,,,scalar,,,7616,,10pct,,5,,,1000,131926121,,,,,,,global_sum
linux,minrows-8-262144-0.csv,1024,2900,,900.0,,,,scalar,,,2932,,10pct,,5,,,1000,344827586,,,,,,,global_count
linux,minrows-8-262144-0.csv,1024,30040,,4024.5700000000015,,low,,scalar,,,30584,,10pct,,5,,,1000,33288948,,,,,,,grouped_sum_count
linux,minrows-8-262144-0.csv,1024,33330,,4861.900000000003,,high,,scalar,,,34810,,10pct,,5,,,1000,30003000,,,,,,,grouped_sum_count
linux,minrows-8-262144-0.csv,1024,33140,,6623.439999999998,,skewed,,scalar,,,34556,,10pct,,5,,,1000,30175015,,,,,,,grouped_sum_count
linux,minrows-8-262144-0.csv,1024,4845138,,24796340.01649992,,,,scalar,,,4993889,,none,,5,,,100000,20639247,,,,,,,arithmetic_chain
linux,minrows-8-262144-0.csv,1024,981248,,24796340.01649992,,,,simd4,,,987799,,none,,5,,,100000,101911035,,,,,,,arithmetic_chain
linux,minrows-8-262144-0.csv,1024,655812,,87625.0,,,,simd4,,,665546,,none,,5,,,100000,152482723,,,,,,,nullable_compare
linux,minrows-8-262144-0.csv,1024,1769102,,-178310.0,,,,simd4,,,1907866,,none,,5,,,100000,56525853,,,,,,,filter
linux,minrows-8-262144-0.csv,1024,511299,,225294.0,,,,scalar,,,512361,,none,,5,,,100000,195580276,,,,,,,global_sum
linux,minrows-8-262144-0.csv,1024,20681,,100000.0,,,,scalar,,,20698,,none,,5,,,100000,4835356123,,,,,,,global_count
linux,minrows-8-262144-0.csv,1024,4960270,,22384188.787249964,,,,scalar,,,4991308,,10pct,,5,,,100000,20160192,,,,,,,arithmetic_chain
linux,minrows-8-262144-0.csv,1024,1010628,,22384188.787249964,,,,simd4,,,1052769,,10pct,,5,,,100000,98948376,,,,,,,arithmetic_chain
linux,minrows-8-262144-0.csv,1024,657782,,94016.5,,,,simd4,,,664880,,10pct,,5,,,100000,152026051,,,,,,,nullable_compare
linux,minrows-8-262144-0.csv,1024,1637530,,138719.0,,,,simd4,,,1647842,,10pct,,5,,,100000,61067583,,,,,,,filter
linux,minrows-8-262144-0.csv,1024,465388,,233310.0,,,,scalar,,,469238,,10pct,,5,,,100000,214874470,,,,,,,global_sum
linux,minrows-8-262144-0.csv,1024,20421,,90000.0,,,,scalar,,,20440,,10pct,,5,,,100000,4896919837,,,,,,,global_count
linux,minrows-8-262144-0.csv,1024,1787252,,618434.6799999996,,low,,scalar,,,1809564,,10pct,,5,,,100000,55951818,,,,,,,grouped_sum_count
linux,minrows-8-262144-0.csv,1024,4207296,,635654.8099999999,,high,,scalar,,,4369941,,10pct,,5,,,100000,23768234,,,,,,,grouped_sum_count
linux,minrows-8-262144-0.csv,1024,3808569,,395334.35,,skewed,,scalar,,,3876258,,10pct,,5,,,100000,26256580,,,,,,,grouped_sum_count
linux,minrows-8-262144-0.csv,1024,21099962,,259031205.06900412,,,,scalar,,,29338270,,none,,5,,,1000000,47393450,,,,,,,arithmetic_chain
linux,minrows-8-262144-0.csv,1024,6953106,,259031205.06900412,,,,simd4,,,7091920,,none,,5,,,1000000,143820617,,,,,,,arithmetic_chain
linux,minrows-8-262144-0.csv,1024,2650698,,875096.0,,,,simd4,,,2803128,,none,,5,,,1000000,377259121,,,,,,,nullable_compare
linux,minrows-8-262144-0.csv,1024,8652067,,-859325.0,,,,simd4,,,10777050,,none,,5,,,1000000,115579317,,,,,,,filter
linux,minrows-8-262144-0.csv,1024,1877314,,-628025.0,,,,scalar,,,2201489,,none,,5,,,1000000,532675940,,,,,,,global_sum
linux,minrows-8-262144-0.csv,1024,147173,,1000000.0,,,,scalar,,,157788,,none,,5,,,1000000,6794724575,,,,,,,global_count
linux,minrows-8-262144-0.csv,1024,22678340,,233365582.0659991,,,,scalar,,,27354064,,10pct,,5,,,1000000,44094938,,,,,,,arithmetic_chain
linux,minrows-8-262144-0.csv,1024,7124918,,233365582.0659991,,,,simd4,,,7320632,,10pct,,5,,,1000000,140352492,,,,,,,arithmetic_chain
linux,minrows-8-262144-0.csv,1024,2605007,,938109.5,,,,simd4,,,2772751,,10pct,,5,,,1000000,383876127,,,,,,,nullable_compare
linux,minrows-8-262144-0.csv,1024,8460912,,-1696707.0,,,,simd4,,,9799232,,10pct,,5,,,1000000,118190568,,,,,,,filter
linux,minrows-8-262144-0.csv,1024,1673560,,-582242.0,,,,scalar,,,2286403,,10pct,,5,,,1000000,597528621,,,,,,,global_sum
linux,minrows-8-262144-0.csv,1024,139212,,900000.0,,,,scalar,,,162237,,10pct,,5,,,1000000,7183288796,,,,,,,global_count
linux,minrows-8-262144-0.csv,1024,5413777,,5708002.17,,low,,scalar,,,5866807,,10pct,,5,,,1000000,184713925,,,,,,,grouped_sum_count
linux,minrows-8-262144-0.csv,1024,13102146,,6322551.41,,high,,scalar,,,14856787,,10pct,,5,,,1000000,76323374,,,,,,,grouped_sum_count
linux,minrows-8-262144-0.csv,1024,19826986,,3979677.4499999993,,skewed,,scalar,,,20258297,,10pct,,5,,,1000000,50436309,,,,,,,grouped_sum_count
linux,minrows-8-262144-1.csv,1024,53001,,406266.15199999954,,,,scalar,,,54148,,none,,5,,,1000,18867568,,,,,,,arithmetic_chain
linux,minrows-8-262144-1.csv,1024,14700,,406266.15199999954,,,,simd4,,,15338,,none,,5,,,1000,68027210,,,,,,,arithmetic_chain
linux,minrows-8-262144-1.csv,1024,7951,,874.0,,,,simd4,,,8174,,none,,5,,,1000,125770343,,,,,,,nullable_compare
linux,minrows-8-262144-1.csv,1024,18891,,-45191.0,,,,simd4,,,21568,,none,,5,,,1000,52935260,,,,,,,filter
linux,minrows-8-262144-1.csv,1024,7940,,-13051.0,,,,scalar,,,8014,,none,,5,,,1000,125944584,,,,,,,global_sum
linux,minrows-8-262144-1.csv,1024,2900,,1000.0,,,,scalar,,,2920,,none,,5,,,1000,344827586,,,,,,,global_count
linux,minrows-8-262144-1.csv,1024,53771,,346124.2987499998,,,,scalar,,,53907,,10pct,,5,,,1000,18597385,,,,,,,arithmetic_chain
linux,minrows-8-262144-1.csv,1024,15090,,346124.2987499998,,,,simd4,,,15166,,10pct,,5,,,1000,66269052,,,,,,,arithmetic_chain
linux,minrows-8-262144-1.csv,1024,8000,,934.5,,,,simd4,,,9348,,10pct,,5,,,1000,125000000,,,,,,,nullable_compare
linux,minrows-8-262144-1.csv,1024,17510,,-51656.0,,,,simd4,,,19620,,10pct,,5,,,1000,57110222,,,,,,,filter
linux,minrows-8-262144-1.csv,1024,7570,,-9946.0,,,,scalar,,,7606,,10pct,,5,,,1000,132100396,,,,,,,global_sum
linux,minrows-8-262144-1.csv,1024,2880,,900.0,,,,scalar,,,2912,,10pct,,5,,,1000,347222222,,,,,,,global_count
linux,minrows-8-262144-1.csv,1024,30230,,4024.5700000000015,,low,,scalar,,,30750,,10pct,,5,,,1000,33079722,,,,,,,grouped_sum_count
linux,minrows-8-262144-1.csv,1024,33361,,4861.900000000003,,high,,scalar,,,35156,,10pct,,5,,,1000,29975120,,,,,,,grouped_sum_count
linux,minrows-8-262144-1.csv,1024,33441,,6623.439999999998,,skewed,,scalar,,,76729,,10pct,,5,,,1000,29903411,,,,,,,grouped_sum_count
linux,minrows-8-262144-1.csv,1024,4967670,,24796340.01649992,,,,scalar,,,5054110,,none,,5,,,100000,20130161,,,,,,,arithmetic_chain
linux,minrows-8-262144-1.csv,1024,1065729,,24796340.01649992,,,,simd4,,,1071913,,none,,5,,,100000,93832484,,,,,,,arithmetic_chain
linux,minrows-8-262144-1.csv,1024,661632,,87625.0,,,,simd4,,,671324,,none,,5,,,100000,151141420,,,,,,,nullable_compare
linux,minrows-8-262144-1.csv,1024,1798602,,-178310.0,,,,simd4,,,1965243,,none,,5,,,100000,55598737,,,,,,,filter
linux,minrows-8-262144-1.csv,1024,513120,,225294.0,,,,scalar,,,519437,,none,,5,,,100000,194886186,,,,,,,global_sum
linux,minrows-8-262144-1.csv,1024,20951,,100000.0,,,,scalar,,,20986,,none,,5,,,100000,4773041859,,,,,,,global_count
linux,minrows-8-262144-1.csv,1024,5013370,,22384188.787249964,,,,scalar,,,5028812,,10pct,,5,,,100000,19946662,,,,,,,arithmetic_chain
linux,minrows-8-262144-1.csv,1024,1111020,,22384188.787249964,,,,simd4,,,1221705,,10pct,,5,,,100000,90007380,,,,,,,arithmetic_chain
linux,minrows-8-262144-1.csv,1024,657301,,94016.5,,,,simd4,,,663383,,10pct,,5,,,100000,152137300,,,,,,,nullable_compare
linux,minrows-8-262144-1.csv,1024,1690350,,138719.0,,,,simd4,,,1707674,,10pct,,5,,,100000,59159345,,,,,,,filter
linux,minrows-8-262144-1.csv,1024,476798,,233310.0,,,,scalar,,,481870,,10pct,,5,,,100000,209732423,,,,,,,global_sum
linux,minrows-8-262144-1.csv,1024,20960,,90000.0,,,,scalar,,,22186,,10pct,,5,,,100000,4770992366,,,,,,,global_count
linux,minrows-8-262144-1.csv,1024,1806472,,618434.6799999996,,low,,scalar,,,1813590,,10pct,,5,,,100000,55356518,,,,,,,grouped_sum_count
linux,minrows-8-262144-1.csv,1024,4249296,,635654.8099999999,,high,,scalar,,,4458606,,10pct,,5,,,100000,23533309,,,,,,,grouped_sum_count
linux,minrows-8-262144-1.csv,1024,3901120,,395334.35,,skewed,,scalar,,,3920380,,10pct,,5,,,100000,25633664,,,,,,,grouped_sum_count
linux,minrows-8-262144-1.csv,1024,22271699,,259031205.06900412,,,,scalar,,,27440314,,none,,5,,,1000000,44900032,,,,,,,arithmetic_chain
linux,minrows-8-262144-1.csv,1024,6273272,,259031205.06900412,,,,simd4,,,6847062,,none,,5,,,1000000,159406446,,,,,,,arithmetic_chain
linux,minrows-8-262144-1.csv,1024,2781230,,875096.0,,,,simd4,,,2988911,,none,,5,,,1000000,359553147,,,,,,,nullable_compare
linux,minrows-8-262144-1.csv,1024,8564573,,-859325.0,,,,simd4,,,10585083,,none,,5,,,1000000,116760053,,,,,,,filter
linux,minrows-8-262144-1.csv,1024,1799592,,-628025.0,,,,scalar,,,2018752,,none,,5,,,1000000,555681510,,,,,,,global_sum
linux,minrows-8-262144-1.csv,1024,151133,,1000000.0,,,,scalar,,,180275,,none,,5,,,1000000,6616688612,,,,,,,global_count
linux,minrows-8-262144-1.csv,1024,24169370,,233365582.0659991,,,,scalar,,,27631330,,10pct,,5,,,1000000,41374682,,,,,,,arithmetic_chain
linux,minrows-8-262144-1.csv,1024,7098926,,233365582.0659991,,,,simd4,,,7228518,,10pct,,5,,,1000000,140866378,,,,,,,arithmetic_chain
linux,minrows-8-262144-1.csv,1024,2724509,,938109.5,,,,simd4,,,2960166,,10pct,,5,,,1000000,367038611,,,,,,,nullable_compare
linux,minrows-8-262144-1.csv,1024,8902278,,-1696707.0,,,,simd4,,,10404108,,10pct,,5,,,1000000,112330798,,,,,,,filter
linux,minrows-8-262144-1.csv,1024,1672869,,-582242.0,,,,scalar,,,2061978,,10pct,,5,,,1000000,597775438,,,,,,,global_sum
linux,minrows-8-262144-1.csv,1024,144343,,900000.0,,,,scalar,,,194477,,10pct,,5,,,1000000,6927942470,,,,,,,global_count
linux,minrows-8-262144-1.csv,1024,5475867,,5708002.17,,low,,scalar,,,6215276,,10pct,,5,,,1000000,182619482,,,,,,,grouped_sum_count
linux,minrows-8-262144-1.csv,1024,12984750,,6322551.41,,high,,scalar,,,14340186,,10pct,,5,,,1000000,77013419,,,,,,,grouped_sum_count
linux,minrows-8-262144-1.csv,1024,19906903,,3979677.4499999993,,skewed,,scalar,,,20222888,,10pct,,5,,,1000000,50233830,,,,,,,grouped_sum_count
linux,minrows-8-65536-0.csv,1024,53711,,406266.15199999954,,,,scalar,,,107716,,none,,5,,,1000,18618160,,,,,,,arithmetic_chain
linux,minrows-8-65536-0.csv,1024,14180,,406266.15199999954,,,,simd4,,,14526,,none,,5,,,1000,70521861,,,,,,,arithmetic_chain
linux,minrows-8-65536-0.csv,1024,8010,,874.0,,,,simd4,,,8196,,none,,5,,,1000,124843945,,,,,,,nullable_compare
linux,minrows-8-65536-0.csv,1024,18970,,-45191.0,,,,simd4,,,21694,,none,,5,,,1000,52714812,,,,,,,filter
linux,minrows-8-65536-0.csv,1024,8000,,-13051.0,,,,scalar,,,8106,,none,,5,,,1000,125000000,,,,,,,global_sum
linux,minrows-8-65536-0.csv,1024,2920,,1000.0,,,,scalar,,,2928,,none,,5,,,1000,342465753,,,,,,,global_count
linux,minrows-8-65536-0.csv,1024,54111,,346124.2987499998,,,,scalar,,,54311,,10pct,,5,,,1000,18480530,,,,,,,arithmetic_chain
linux,minrows-8-65536-0.csv,1024,14630,,346124.2987499998,,,,simd4,,,14688,,10pct,,5,,,1000,68352699,,,,,,,arithmetic_chain
linux,minrows-8-65536-0.csv,1024,8020,,934.5,,,,simd4,,,8106,,10pct,,5,,,1000,124688279,,,,,,,nullable_compare
linux,minrows-8-65536-0.csv,1024,17620,,-51656.0,,,,simd4,,,19774,,10pct,,5,,,1000,56753688,,,,,,,filter
linux,minrows-8-65536-0.csv,1024,7640,,-9946.0,,,,scalar,,,7666,,10pct,,5,,,1000,130890052,,,,,,,global_sum
linux,minrows-8-65536-0.csv,1024,2900,,900.0,,,,scalar,,,2910,,10pct,,5,,,1000,344827586,,,,,,,global_count
linux,minrows-8-65536-0.csv,1024,30310,,4024.5700000000015,,low,,scalar,,,30904,,10pct,,5,,,1000,32992411,,,,,,,grouped_sum_count
linux,minrows-8-65536-0.csv,1024,33641,,4861.900000000003,,high,,scalar,,,35380,,10pct,,5,,,1000,29725632,,,,,,,grouped_sum_count
linux,minrows-8-65536-0.csv,1024,33680,,6623.439999999998,,skewed,,scalar,,,35410,,10pct,,5,,,1000,29691211,,,,,,,grouped_sum_count
linux,minrows-8-65536-0.csv,1024,4934841,,24796340.01649992,,,,scalar,,,5046677,,none,,5,,,100000,20264077,,,,,,,arithmetic_chain
linux,minrows-8-65536-0.csv,1024,1006688,,24796340.01649992,,,,simd4,,,1015786,,none,,5,,,100000,99335643,,,,,,,arithmetic_chain
linux,minrows-8-65536-0.csv,1024,662792,,87625.0,,,,simd4,,,673950,,none,,5,,,100000,150876896,,,,,,,nullable_compare
linux,minrows-8-65536-0.csv,1024,1819924,,-178310.0,,,,simd4,,,2007715,,none,,5,,,100000,54947349,,,,,,,filter
linux,minrows-8-65536-0.csv,1024,514029,,225294.0,,,,scalar,,,518599,,none,,5,,,100000,194541553,,,,,,,global_sum
linux,minrows-8-65536-0.csv,1024,20930,,100000.0,,,,scalar,,,20954,,none,,5,,,100000,4777830864,,,,,,,global_count
linux,minrows-8-65536-0.csv,1024,5028093,,22384188.787249964,,,,scalar,,,5054615,,10pct,,5,,,100000,19888255,,,,,,,arithmetic_chain
linux,minrows-8-65536-0.csv,1024,1041589,,22384188.787249964,,,,simd4,,,1048133,,10pct,,5,,,100000,96007158,,,,,,,arithmetic_chain
linux,minrows-8-65536-0.csv,1024,661652,,94016.5,,,,simd4,,,670032,,10pct,,5,,,100000,151136851,,,,,,,nullable_compare
linux,minrows-8-65536-0.csv,1024,1689371,,138719.0,,,,simd4,,,1704093,,10pct,,5,,,100000,59193628,,,,,,,filter
linux,minrows-8-65536-0.csv,1024,477209,,233310.0,,,,scalar,,,482826,,10pct,,5,,,100000,209551789,,,,,,,global_sum
linux,minrows-8-65536-0.csv,1024,20940,,90000.0,,,,scalar,,,20954,,10pct,,5,,,100000,4775549188,,,,,,,global_count
linux,minrows-8-65536-0.csv,1024,1821913,,618434.6799999996,,low,,scalar,,,1826749,,10pct,,5,,,100000,54887362,,,,,,,grouped_sum_count
linux,minrows-8-65536-0.csv,1024,4301049,,635654.8099999999,,high,,scalar,,,4446607,,10pct,,5,,,100000,23250142,,,,,,,grouped_sum_count
linux,minrows-8-65536-0.csv,1024,3926902,,395334.35,,skewed,,scalar,,,3953866,,10pct,,5,,,100000,25465366,,,,,,,grouped_sum_count
linux,minrows-8-65536-0.csv,1024,14154750,,259031205.06900412,,,,scalar,,,15852494,,none,,5,,,1000000,70647662,,,,,,,arithmetic_chain
linux,minrows-8-65536-0.csv,1024,3602436,,259031205.06900412,,,,simd4,,,3719026,,none,,5,,,1000000,277589941,,,,,,,arithmetic_chain
linux,minrows-8-65536-0.csv,1024,1351495,,875096.0,,,,simd4,,,1404065,,none,,5,,,1000000,739921346,,,,,,,nullable_compare
linux,minrows-8-65536-0.csv,1024,6669122,,-859325.0,,,,simd4,,,8193819,,none,,5,,,1000000,149944775,,,,,,,filter
linux,minrows-8-65536-0.csv,1024,2541006,,-628025.0,,,,scalar,,,2767978,,none,,5,,,1000000,393544918,,,,,,,global_sum
linux,minrows-8-65536-0.csv,1024,307985,,1000000.0,,,,scalar,,,318203,,none,,5,,,1000000,3246911375,,,,,,,global_count
linux,minrows-8-65536-0.csv,1024,13680980,,233365582.0659991,,,,scalar,,,13851995,,10pct,,5,,,1000000,73094178,,,,,,,arithmetic_chain
linux,minrows-8-65536-0.csv,1024,3597245,,233365582.0659991,,,,simd4,,,3661452,,10pct,,5,,,1000000,277990517,,,,,,,arithmetic_chain
linux,minrows-8-65536-0.csv,1024,1380165,,938109.5,,,,simd4,,,1497759,,10pct,,5,,,1000000,724551050,,,,,,,nullable_compare
linux,minrows-8-65536-0.csv,1024,6163572,,-1696707.0,,,,simd4,,,7540373,,10pct,,5,,,1000000,162243582,,,,,,,filter
linux,minrows-8-65536-0.csv,1024,2445355,,-582242.0,,,,scalar,,,2633290,,10pct,,5,,,1000000,408938579,,,,,,,global_sum
linux,minrows-8-65536-0.csv,1024,304326,,900000.0,,,,scalar,,,322794,,10pct,,5,,,1000000,3285949935,,,,,,,global_count
linux,minrows-8-65536-0.csv,1024,2662498,,5708002.17,,low,,scalar,,,2846003,,10pct,,5,,,1000000,375587136,,,,,,,grouped_sum_count
linux,minrows-8-65536-0.csv,1024,11866546,,6322551.41,,high,,scalar,,,12379495,,10pct,,5,,,1000000,84270519,,,,,,,grouped_sum_count
linux,minrows-8-65536-0.csv,1024,18548098,,3979677.4499999993,,skewed,,scalar,,,18809434,,10pct,,5,,,1000000,53913883,,,,,,,grouped_sum_count
linux,minrows-8-65536-1.csv,1024,52731,,406266.15199999954,,,,scalar,,,54673,,none,,5,,,1000,18964176,,,,,,,arithmetic_chain
linux,minrows-8-65536-1.csv,1024,13910,,406266.15199999954,,,,simd4,,,15564,,none,,5,,,1000,71890726,,,,,,,arithmetic_chain
linux,minrows-8-65536-1.csv,1024,7820,,874.0,,,,simd4,,,8026,,none,,5,,,1000,127877237,,,,,,,nullable_compare
linux,minrows-8-65536-1.csv,1024,18530,,-45191.0,,,,simd4,,,21294,,none,,5,,,1000,53966540,,,,,,,filter
linux,minrows-8-65536-1.csv,1024,7840,,-13051.0,,,,scalar,,,7948,,none,,5,,,1000,127551020,,,,,,,global_sum
linux,minrows-8-65536-1.csv,1024,2830,,1000.0,,,,scalar,,,2866,,none,,5,,,1000,353356890,,,,,,,global_count
linux,minrows-8-65536-1.csv,1024,53361,,346124.2987499998,,,,scalar,,,53977,,10pct,,5,,,1000,18740278,,,,,,,arithmetic_chain
linux,minrows-8-65536-1.csv,1024,14440,,346124.2987499998,,,,simd4,,,59357,,10pct,,5,,,1000,69252077,,,,,,,arithmetic_chain
linux,minrows-8-65536-1.csv,1024,7910,,934.5,,,,simd4,,,7960,,10pct,,5,,,1000,126422250,,,,,,,nullable_compare
linux,minrows-8-65536-1.csv,1024,17340,,-51656.0,,,,simd4,,,19516,,10pct,,5,,,1000,57670126,,,,,,,filter
linux,minrows-8-65536-1.csv,1024,7510,,-9946.0,,,,scalar,,,7598,,10pct,,5,,,1000,133155792,,,,,,,global_sum
linux,minrows-8-65536-1.csv,1024,2860,,900.0,,,,scalar,,,2894,,10pct,,5,,,1000,349650349,,,,,,,global_count
linux,minrows-8-65536-1.csv,1024,29930,,4024.5700000000015,,low,,scalar,,,32656,,10pct,,5,,,1000,33411293,,,,,,,grouped_sum_count
linux,minrows-8-65536-1.csv,1024,33120,,4861.900000000003,,high,,scalar,,,34882,,10pct,,5,,,1000,30193236,,,,,,,grouped_sum_count
linux,minrows-8-65536-1.csv,1024,32770,,6623.439999999998,,skewed,,scalar,,,34510,,10pct,,5,,,1000,30515715,,,,,,,grouped_sum_count
linux,minrows-8-65536-1.csv,1024,4959557,,24796340.01649992,,,,scalar,,,5050263,,none,,5,,,100000,20163091,,,,,,,arithmetic_chain
linux,minrows-8-65536-1.csv,1024,1007048,,24796340.01649992,,,,simd4,,,1010219,,none,,5,,,100000,99300132,,,,,,,arithmetic_chain
linux,minrows-8-65536-1.csv,1024,660342,,87625.0,,,,simd4,,,668460,,none,,5,,,100000,151436679,,,,,,,nullable_compare
linux,minrows-8-65536-1.csv,1024,1796301,,-178310.0,,,,simd4,,,2015471,,none,,5,,,100000,55669957,,,,,,,filter
linux,minrows-8-65536-1.csv,1024,513469,,225294.0,,,,scalar,,,516745,,none,,5,,,100000,194753724,,,,,,,global_sum
linux,minrows-8-65536-1.csv,1024,20921,,100000.0,,,,scalar,,,20938,,none,,5,,,100000,4779886238,,,,,,,global_count
linux,minrows-8-65536-1.csv,1024,4982368,,22384188.787249964,,,,scalar,,,4989050,,10pct,,5,,,100000,20070777,,,,,,,arithmetic_chain
linux,minrows-8-65536-1.csv,1024,1042508,,22384188.787249964,,,,simd4,,,1048732,,10pct,,5,,,100000,95922525,,,,,,,arithmetic_chain
linux,minrows-8-65536-1.csv,1024,657901,,94016.5,,,,simd4,,,664289,,10pct,,5,,,100000,151998552,,,,,,,nullable_compare
linux,minrows-8-65536-1.csv,1024,1686050,,138719.0,,,,simd4,,,1701716,,10pct,,5,,,100000,59310222,,,,,,,filter
linux,minrows-8-65536-1.csv,1024,477108,,233310.0,,,,scalar,,,481538,,10pct,,5,,,100000,209596150,,,,,,,global_sum
linux,minrows-8-65536-1.csv,1024,20911,,90000.0,,,,scalar,,,25048,,10pct,,5,,,100000,4782172062,,,,,,,global_count
linux,minrows-8-65536-1.csv,1024,1798702,,618434.6799999996,,low,,scalar,,,1807942,,10pct,,5,,,100000,55595646,,,,,,,grouped_sum_count
linux,minrows-8-65536-1.csv,1024,4208294,,635654.8099999999,,high,,scalar,,,4366789,,10pct,,5,,,100000,23762598,,,,,,,grouped_sum_count
linux,minrows-8-65536-1.csv,1024,3910050,,395334.35,,skewed,,scalar,,,3929299,,10pct,,5,,,100000,25575120,,,,,,,grouped_sum_count
linux,minrows-8-65536-1.csv,1024,11079656,,259031205.06900412,,,,scalar,,,13430951,,none,,5,,,1000000,90255509,,,,,,,arithmetic_chain
linux,minrows-8-65536-1.csv,1024,3666635,,259031205.06900412,,,,simd4,,,3753570,,none,,5,,,1000000,272729628,,,,,,,arithmetic_chain
linux,minrows-8-65536-1.csv,1024,1358244,,875096.0,,,,simd4,,,1705636,,none,,5,,,1000000,736244739,,,,,,,nullable_compare
linux,minrows-8-65536-1.csv,1024,6806000,,-859325.0,,,,simd4,,,8781304,,none,,5,,,1000000,146929180,,,,,,,filter
linux,minrows-8-65536-1.csv,1024,2577735,,-628025.0,,,,scalar,,,2667913,,none,,5,,,1000000,387937472,,,,,,,global_sum
linux,minrows-8-65536-1.csv,1024,299535,,1000000.0,,,,scalar,,,310947,,none,,5,,,1000000,3338508020,,,,,,,global_count
linux,minrows-8-65536-1.csv,1024,12040862,,233365582.0659991,,,,scalar,,,13655490,,10pct,,5,,,1000000,83050532,,,,,,,arithmetic_chain
linux,minrows-8-65536-1.csv,1024,3577163,,233365582.0659991,,,,simd4,,,3665906,,10pct,,5,,,1000000,279551141,,,,,,,arithmetic_chain
linux,minrows-8-65536-1.csv,1024,1367394,,938109.5,,,,simd4,,,1553391,,10pct,,5,,,1000000,731318113,,,,,,,nullable_compare
linux,minrows-8-65536-1.csv,1024,6266190,,-1696707.0,,,,simd4,,,7337286,,10pct,,5,,,1000000,159586606,,,,,,,filter
linux,minrows-8-65536-1.csv,1024,2347671,,-582242.0,,,,scalar,,,2611151,,10pct,,5,,,1000000,425954062,,,,,,,global_sum
linux,minrows-8-65536-1.csv,1024,300576,,900000.0,,,,scalar,,,307359,,10pct,,5,,,1000000,3326945597,,,,,,,global_count
linux,minrows-8-65536-1.csv,1024,2652267,,5708002.17,,low,,scalar,,,2814177,,10pct,,5,,,1000000,377035946,,,,,,,grouped_sum_count
linux,minrows-8-65536-1.csv,1024,11735466,,6322551.41,,high,,scalar,,,12690078,,10pct,,5,,,1000000,85211784,,,,,,,grouped_sum_count
linux,minrows-8-65536-1.csv,1024,17225302,,3979677.4499999993,,skewed,,scalar,,,17866378,,10pct,,5,,,1000000,58054134,,,,,,,grouped_sum_count
linux,overall-16-0.csv,1024,52518,,406266.15199999954,,,,scalar,,,55468,,none,,5,,,1000,19041090,,,,,,,arithmetic_chain
linux,overall-16-0.csv,1024,13779,,406266.15199999954,,,,simd4,,,14177,,none,,5,,,1000,72574207,,,,,,,arithmetic_chain
linux,overall-16-0.csv,1024,7750,,874.0,,,,simd4,,,7921,,none,,5,,,1000,129032258,,,,,,,nullable_compare
linux,overall-16-0.csv,1024,18030,,-45191.0,,,,simd4,,,20303,,none,,5,,,1000,55463117,,,,,,,filter
linux,overall-16-0.csv,1024,7690,,-13051.0,,,,scalar,,,7755,,none,,5,,,1000,130039011,,,,,,,global_sum
linux,overall-16-0.csv,1024,2700,,1000.0,,,,scalar,,,2718,,none,,5,,,1000,370370370,,,,,,,global_count
linux,overall-16-0.csv,1024,52739,,346124.2987499998,,,,scalar,,,52816,,10pct,,5,,,1000,18961299,,,,,,,arithmetic_chain
linux,overall-16-0.csv,1024,14149,,346124.2987499998,,,,simd4,,,14195,,10pct,,5,,,1000,70676372,,,,,,,arithmetic_chain
linux,overall-16-0.csv,1024,7679,,934.5,,,,simd4,,,7757,,10pct,,5,,,1000,130225289,,,,,,,nullable_compare
linux,overall-16-0.csv,1024,16709,,-51656.0,,,,simd4,,,18761,,10pct,,5,,,1000,59847986,,,,,,,filter
linux,overall-16-0.csv,1024,7320,,-9946.0,,,,scalar,,,7341,,10pct,,5,,,1000,136612021,,,,,,,global_sum
linux,overall-16-0.csv,1024,2710,,900.0,,,,scalar,,,3036,,10pct,,5,,,1000,369003690,,,,,,,global_count
linux,overall-16-0.csv,1024,29329,,4024.5700000000015,,low,,scalar,,,29793,,10pct,,5,,,1000,34095945,,,,,,,grouped_sum_count
linux,overall-16-0.csv,1024,32510,,4861.900000000003,,high,,scalar,,,34381,,10pct,,5,,,1000,30759766,,,,,,,grouped_sum_count
linux,overall-16-0.csv,1024,32219,,6623.439999999998,,skewed,,scalar,,,33575,,10pct,,5,,,1000,31037586,,,,,,,grouped_sum_count
linux,overall-16-0.csv,1024,4936546,,24796340.01649992,,,,scalar,,,5018857,,none,,5,,,100000,20257078,,,,,,,arithmetic_chain
linux,overall-16-0.csv,1024,1004350,,24796340.01649992,,,,simd4,,,1008614,,none,,5,,,100000,99566884,,,,,,,arithmetic_chain
linux,overall-16-0.csv,1024,659421,,87625.0,,,,simd4,,,666350,,none,,5,,,100000,151648188,,,,,,,nullable_compare
linux,overall-16-0.csv,1024,1787298,,-178310.0,,,,simd4,,,1942553,,none,,5,,,100000,55950378,,,,,,,filter
linux,overall-16-0.csv,1024,510165,,225294.0,,,,scalar,,,515109,,none,,5,,,100000,196015014,,,,,,,global_sum
linux,overall-16-0.csv,1024,20650,,100000.0,,,,scalar,,,20667,,none,,5,,,100000,4842615012,,,,,,,global_count
linux,overall-16-0.csv,1024,4964436,,22384188.787249964,,,,scalar,,,4967267,,10pct,,5,,,100000,20143275,,,,,,,arithmetic_chain
linux,overall-16-0.csv,1024,1044190,,22384188.787249964,,,,simd4,,,1045799,,10pct,,5,,,100000,95768011,,,,,,,arithmetic_chain
linux,overall-16-0.csv,1024,656181,,94016.5,,,,simd4,,,662124,,10pct,,5,,,100000,152396975,,,,,,,nullable_compare
linux,overall-16-0.csv,1024,1695801,,138719.0,,,,simd4,,,1711772,,10pct,,5,,,100000,58969183,,,,,,,filter
linux,overall-16-0.csv,1024,471206,,233310.0,,,,scalar,,,477514,,10pct,,5,,,100000,212221406,,,,,,,global_sum
linux,overall-16-0.csv,1024,20630,,90000.0,,,,scalar,,,20667,,10pct,,5,,,100000,4847309743,,,,,,,global_count
linux,overall-16-0.csv,1024,1780738,,618434.6799999996,,low,,scalar,,,1785376,,10pct,,5,,,100000,56156492,,,,,,,grouped_sum_count
linux,overall-16-0.csv,1024,4200527,,635654.8099999999,,high,,scalar,,,4347845,,10pct,,5,,,100000,23806536,,,,,,,grouped_sum_count
linux,overall-16-0.csv,1024,3870847,,395334.35,,skewed,,scalar,,,3893428,,10pct,,5,,,100000,25834139,,,,,,,grouped_sum_count
linux,overall-16-0.csv,1024,7243659,,259031205.06900412,,,,scalar,,,8304040,,none,,5,,,1000000,138051777,,,,,,,arithmetic_chain
linux,overall-16-0.csv,1024,2352332,,259031205.06900412,,,,simd4,,,2457106,,none,,5,,,1000000,425110060,,,,,,,arithmetic_chain
linux,overall-16-0.csv,1024,1154276,,875096.0,,,,simd4,,,1396893,,none,,5,,,1000000,866343924,,,,,,,nullable_compare
linux,overall-16-0.csv,1024,6219419,,-859325.0,,,,simd4,,,9037898,,none,,5,,,1000000,160786723,,,,,,,filter
linux,overall-16-0.csv,1024,1711080,,-628025.0,,,,scalar,,,1778822,,none,,5,,,1000000,584426210,,,,,,,global_sum
linux,overall-16-0.csv,1024,593683,,1000000.0,,,,scalar,,,613382,,none,,5,,,1000000,1684400597,,,,,,,global_count
linux,overall-16-0.csv,1024,6338745,,233365582.0659991,,,,scalar,,,7596553,,10pct,,5,,,1000000,157759935,,,,,,,arithmetic_chain
linux,overall-16-0.csv,1024,2372001,,233365582.0659991,,,,simd4,,,2518465,,10pct,,5,,,1000000,421584982,,,,,,,arithmetic_chain
linux,overall-16-0.csv,1024,1156886,,938109.5,,,,simd4,,,1387463,,10pct,,5,,,1000000,864389403,,,,,,,nullable_compare
linux,overall-16-0.csv,1024,5786831,,-1696707.0,,,,simd4,,,7056714,,10pct,,5,,,1000000,172806152,,,,,,,filter
linux,overall-16-0.csv,1024,1551945,,-582242.0,,,,scalar,,,1900092,,10pct,,5,,,1000000,644352731,,,,,,,global_sum
linux,overall-16-0.csv,1024,589743,,900000.0,,,,scalar,,,606476,,10pct,,5,,,1000000,1695653869,,,,,,,global_count
linux,overall-16-0.csv,1024,2063889,,5708002.17,,low,,scalar,,,2095249,,10pct,,5,,,1000000,484522181,,,,,,,grouped_sum_count
linux,overall-16-0.csv,1024,12294182,,6322551.41,,high,,scalar,,,12674131,,10pct,,5,,,1000000,81339287,,,,,,,grouped_sum_count
linux,overall-16-0.csv,1024,18340485,,3979677.4499999993,,skewed,,scalar,,,18456846,,10pct,,5,,,1000000,54524185,,,,,,,grouped_sum_count
linux,overall-16-1.csv,1024,52499,,406266.15199999954,,,,scalar,,,53584,,none,,5,,,1000,19047981,,,,,,,arithmetic_chain
linux,overall-16-1.csv,1024,13809,,406266.15199999954,,,,simd4,,,13991,,none,,5,,,1000,72416539,,,,,,,arithmetic_chain
linux,overall-16-1.csv,1024,7750,,874.0,,,,simd4,,,7909,,none,,5,,,1000,129032258,,,,,,,nullable_compare
linux,overall-16-1.csv,1024,18099,,-45191.0,,,,simd4,,,20339,,none,,5,,,1000,55251671,,,,,,,filter
linux,overall-16-1.csv,1024,7710,,-13051.0,,,,scalar,,,7767,,none,,5,,,1000,129701686,,,,,,,global_sum
linux,overall-16-1.csv,1024,2690,,1000.0,,,,scalar,,,2725,,none,,5,,,1000,371747211,,,,,,,global_count
linux,overall-16-1.csv,1024,52709,,346124.2987499998,,,,scalar,,,54338,,10pct,,5,,,1000,18972092,,,,,,,arithmetic_chain
linux,overall-16-1.csv,1024,14189,,346124.2987499998,,,,simd4,,,14245,,10pct,,5,,,1000,70477130,,,,,,,arithmetic_chain
linux,overall-16-1.csv,1024,7730,,934.5,,,,simd4,,,7803,,10pct,,5,,,1000,129366106,,,,,,,nullable_compare
linux,overall-16-1.csv,1024,16769,,-51656.0,,,,simd4,,,18669,,10pct,,5,,,1000,59633848,,,,,,,filter
linux,overall-16-1.csv,1024,7310,,-9946.0,,,,scalar,,,7327,,10pct,,5,,,1000,136798905,,,,,,,global_sum
linux,overall-16-1.csv,1024,2710,,900.0,,,,scalar,,,2718,,10pct,,5,,,1000,369003690,,,,,,,global_count
linux,overall-16-1.csv,1024,29179,,4024.5700000000015,,low,,scalar,,,29707,,10pct,,5,,,1000,34271222,,,,,,,grouped_sum_count
linux,overall-16-1.csv,1024,32499,,4861.900000000003,,high,,scalar,,,35893,,10pct,,5,,,1000,30770177,,,,,,,grouped_sum_count
linux,overall-16-1.csv,1024,32339,,6623.439999999998,,skewed,,scalar,,,35009,,10pct,,5,,,1000,30922415,,,,,,,grouped_sum_count
linux,overall-16-1.csv,1024,4942956,,24796340.01649992,,,,scalar,,,5023073,,none,,5,,,100000,20230809,,,,,,,arithmetic_chain
linux,overall-16-1.csv,1024,1006681,,24796340.01649992,,,,simd4,,,1012840,,none,,5,,,100000,99336333,,,,,,,arithmetic_chain
linux,overall-16-1.csv,1024,665611,,87625.0,,,,simd4,,,673684,,none,,5,,,100000,150237901,,,,,,,nullable_compare
linux,overall-16-1.csv,1024,1791678,,-178310.0,,,,simd4,,,1997453,,none,,5,,,100000,55813600,,,,,,,filter
linux,overall-16-1.csv,1024,509806,,225294.0,,,,scalar,,,512931,,none,,5,,,100000,196153046,,,,,,,global_sum
linux,overall-16-1.csv,1024,20659,,100000.0,,,,scalar,,,20691,,none,,5,,,100000,4840505348,,,,,,,global_count
linux,overall-16-1.csv,1024,4989835,,22384188.787249964,,,,scalar,,,5012940,,10pct,,5,,,100000,20040742,,,,,,,arithmetic_chain
linux,overall-16-1.csv,1024,1042870,,22384188.787249964,,,,simd4,,,1046311,,10pct,,5,,,100000,95889228,,,,,,,arithmetic_chain
linux,overall-16-1.csv,1024,659540,,94016.5,,,,simd4,,,673852,,10pct,,5,,,100000,151620826,,,,,,,nullable_compare
linux,overall-16-1.csv,1024,1704710,,138719.0,,,,simd4,,,1716821,,10pct,,5,,,100000,58661003,,,,,,,filter
linux,overall-16-1.csv,1024,471286,,233310.0,,,,scalar,,,481324,,10pct,,5,,,100000,212185382,,,,,,,global_sum
linux,overall-16-1.csv,1024,20560,,90000.0,,,,scalar,,,20583,,10pct,,5,,,100000,4863813229,,,,,,,global_count
linux,overall-16-1.csv,1024,1793648,,618434.6799999996,,low,,scalar,,,1800763,,10pct,,5,,,100000,55752299,,,,,,,grouped_sum_count
linux,overall-16-1.csv,1024,4192888,,635654.8099999999,,high,,scalar,,,4373920,,10pct,,5,,,100000,23849909,,,,,,,grouped_sum_count
linux,overall-16-1.csv,1024,3899417,,395334.35,,skewed,,scalar,,,3926111,,10pct,,5,,,100000,25644859,,,,,,,grouped_sum_count
linux,overall-16-1.csv,1024,7426033,,259031205.06900412,,,,scalar,,,9462468,,none,,5,,,1000000,134661399,,,,,,,arithmetic_chain
linux,overall-16-1.csv,1024,2451568,,259031205.06900412,,,,simd4,,,2573057,,none,,5,,,1000000,407902207,,,,,,,arithmetic_chain
linux,overall-16-1.csv,1024,1190555,,875096.0,,,,simd4,,,1326513,,none,,5,,,1000000,839944395,,,,,,,nullable_compare
linux,overall-16-1.csv,1024,6336895,,-859325.0,,,,simd4,,,8551939,,none,,5,,,1000000,157805991,,,,,,,filter
linux,overall-16-1.csv,1024,1686721,,-628025.0,,,,scalar,,,1796823,,none,,5,,,1000000,592866277,,,,,,,global_sum
linux,overall-16-1.csv,1024,587502,,1000000.0,,,,scalar,,,596310,,none,,5,,,1000000,1702121865,,,,,,,global_count
linux,overall-16-1.csv,1024,5809041,,233365582.0659991,,,,scalar,,,7276138,,10pct,,5,,,1000000,172145453,,,,,,,arithmetic_chain
linux,overall-16-1.csv,1024,2385201,,233365582.0659991,,,,simd4,,,2462462,,10pct,,5,,,1000000,419251878,,,,,,,arithmetic_chain
linux,overall-16-1.csv,1024,1158216,,938109.5,,,,simd4,,,1373757,,10pct,,5,,,1000000,863396810,,,,,,,nullable_compare
linux,overall-16-1.csv,1024,5992416,,-1696707.0,,,,simd4,,,7028159,,10pct,,5,,,1000000,166877599,,,,,,,filter
linux,overall-16-1.csv,1024,1634062,,-582242.0,,,,scalar,,,1744065,,10pct,,5,,,1000000,611971883,,,,,,,global_sum
linux,overall-16-1.csv,1024,585393,,900000.0,,,,scalar,,,606230,,10pct,,5,,,1000000,1708254113,,,,,,,global_count
linux,overall-16-1.csv,1024,2100029,,5708002.17,,low,,scalar,,,2327970,,10pct,,5,,,1000000,476183900,,,,,,,grouped_sum_count
linux,overall-16-1.csv,1024,12124077,,6322551.41,,high,,scalar,,,13267996,,10pct,,5,,,1000000,82480505,,,,,,,grouped_sum_count
linux,overall-16-1.csv,1024,17785653,,3979677.4499999993,,skewed,,scalar,,,18112383,,10pct,,5,,,1000000,56225093,,,,,,,grouped_sum_count
linux,overall-4-0.csv,1024,52208,,406266.15199999954,,,,scalar,,,55172,,none,,5,,,1000,19154152,,,,,,,arithmetic_chain
linux,overall-4-0.csv,1024,13869,,406266.15199999954,,,,simd4,,,14071,,none,,5,,,1000,72103251,,,,,,,arithmetic_chain
linux,overall-4-0.csv,1024,7750,,874.0,,,,simd4,,,7941,,none,,5,,,1000,129032258,,,,,,,nullable_compare
linux,overall-4-0.csv,1024,17940,,-45191.0,,,,simd4,,,20285,,none,,5,,,1000,55741360,,,,,,,filter
linux,overall-4-0.csv,1024,7659,,-13051.0,,,,scalar,,,7715,,none,,5,,,1000,130565347,,,,,,,global_sum
linux,overall-4-0.csv,1024,2690,,1000.0,,,,scalar,,,2708,,none,,5,,,1000,371747211,,,,,,,global_count
linux,overall-4-0.csv,1024,52429,,346124.2987499998,,,,scalar,,,53576,,10pct,,5,,,1000,19073413,,,,,,,arithmetic_chain
linux,overall-4-0.csv,1024,14210,,346124.2987499998,,,,simd4,,,14267,,10pct,,5,,,1000,70372976,,,,,,,arithmetic_chain
linux,overall-4-0.csv,1024,7599,,934.5,,,,simd4,,,8167,,10pct,,5,,,1000,131596262,,,,,,,nullable_compare
linux,overall-4-0.csv,1024,16450,,-51656.0,,,,simd4,,,18279,,10pct,,5,,,1000,60790273,,,,,,,filter
linux,overall-4-0.csv,1024,7210,,-9946.0,,,,scalar,,,7263,,10pct,,5,,,1000,138696255,,,,,,,global_sum
linux,overall-4-0.csv,1024,2670,,900.0,,,,scalar,,,2680,,10pct,,5,,,1000,374531835,,,,,,,global_count
linux,overall-4-0.csv,1024,28609,,4024.5700000000015,,low,,scalar,,,29157,,10pct,,5,,,1000,34954035,,,,,,,grouped_sum_count
linux,overall-4-0.csv,1024,31829,,4861.900000000003,,high,,scalar,,,35001,,10pct,,5,,,1000,31417889,,,,,,,grouped_sum_count
linux,overall-4-0.csv,1024,31819,,6623.439999999998,,skewed,,scalar,,,34707,,10pct,,5,,,1000,31427763,,,,,,,grouped_sum_count
linux,overall-4-0.csv,1024,4751421,,24796340.01649992,,,,scalar,,,4853120,,none,,5,,,100000,21046335,,,,,,,arithmetic_chain
linux,overall-4-0.csv,1024,982812,,24796340.01649992,,,,simd4,,,989589,,none,,5,,,100000,101748859,,,,,,,arithmetic_chain
linux,overall-4-0.csv,1024,640091,,87625.0,,,,simd4,,,647809,,none,,5,,,100000,156227786,,,,,,,nullable_compare
linux,overall-4-0.csv,1024,1741859,,-178310.0,,,,simd4,,,1940669,,none,,5,,,100000,57409928,,,,,,,filter
linux,overall-4-0.csv,1024,492206,,225294.0,,,,scalar,,,516758,,none,,5,,,100000,203166966,,,,,,,global_sum
linux,overall-4-0.csv,1024,20169,,100000.0,,,,scalar,,,20183,,none,,5,,,100000,4958104021,,,,,,,global_count
linux,overall-4-0.csv,1024,4818559,,22384188.787249964,,,,scalar,,,4863490,,10pct,,5,,,100000,20753092,,,,,,,arithmetic_chain
linux,overall-4-0.csv,1024,1030740,,22384188.787249964,,,,simd4,,,1035109,,10pct,,5,,,100000,97017676,,,,,,,arithmetic_chain
linux,overall-4-0.csv,1024,638201,,94016.5,,,,simd4,,,644173,,10pct,,5,,,100000,156690447,,,,,,,nullable_compare
linux,overall-4-0.csv,1024,1653082,,138719.0,,,,simd4,,,1676607,,10pct,,5,,,100000,60493066,,,,,,,filter
linux,overall-4-0.csv,1024,457567,,233310.0,,,,scalar,,,460482,,10pct,,5,,,100000,218547229,,,,,,,global_sum
linux,overall-4-0.csv,1024,19930,,90000.0,,,,scalar,,,19953,,10pct,,5,,,100000,5017561465,,,,,,,global_count
linux,overall-4-0.csv,1024,1738559,,618434.6799999996,,low,,scalar,,,1762658,,10pct,,5,,,100000,57518899,,,,,,,grouped_sum_count
linux,overall-4-0.csv,1024,4099910,,635654.8099999999,,high,,scalar,,,4276447,,10pct,,5,,,100000,24390779,,,,,,,grouped_sum_count
linux,overall-4-0.csv,1024,3754851,,395334.35,,skewed,,scalar,,,3783631,,10pct,,5,,,100000,26632215,,,,,,,grouped_sum_count
linux,overall-4-0.csv,1024,16828388,,259031205.06900412,,,,scalar,,,20864478,,none,,5,,,1000000,59423398,,,,,,,arithmetic_chain
linux,overall-4-0.csv,1024,5629626,,259031205.06900412,,,,simd4,,,5751378,,none,,5,,,1000000,177631693,,,,,,,arithmetic_chain
linux,overall-4-0.csv,1024,2101288,,875096.0,,,,simd4,,,2313840,,none,,5,,,1000000,475898591,,,,,,,nullable_compare
linux,overall-4-0.csv,1024,7301767,,-859325.0,,,,simd4,,,8997117,,none,,5,,,1000000,136953151,,,,,,,filter
linux,overall-4-0.csv,1024,4191958,,-628025.0,,,,scalar,,,4374746,,none,,5,,,1000000,238552008,,,,,,,global_sum
linux,overall-4-0.csv,1024,157826,,1000000.0,,,,scalar,,,179808,,none,,5,,,1000000,6336091645,,,,,,,global_count
linux,overall-4-0.csv,1024,16654214,,233365582.0659991,,,,scalar,,,19742195,,10pct,,5,,,1000000,60044863,,,,,,,arithmetic_chain
linux,overall-4-0.csv,1024,5045383,,233365582.0659991,,,,simd4,,,5236205,,10pct,,5,,,1000000,198201008,,,,,,,arithmetic_chain
linux,overall-4-0.csv,1024,2185776,,938109.5,,,,simd4,,,2381854,,10pct,,5,,,1000000,457503422,,,,,,,nullable_compare
linux,overall-4-0.csv,1024,7038974,,-1696707.0,,,,simd4,,,8299939,,10pct,,5,,,1000000,142066159,,,,,,,filter
linux,overall-4-0.csv,1024,1294442,,-582242.0,,,,scalar,,,1543463,,10pct,,5,,,1000000,772533647,,,,,,,global_sum
linux,overall-4-0.csv,1024,153685,,900000.0,,,,scalar,,,160067,,10pct,,5,,,1000000,6506815889,,,,,,,global_count
linux,overall-4-0.csv,1024,4272285,,5708002.170000001,,low,,scalar,,,4665323,,10pct,,5,,,1000000,234066781,,,,,,,grouped_sum_count
linux,overall-4-0.csv,1024,13137456,,6322551.41,,high,,scalar,,,14736313,,10pct,,5,,,1000000,76118237,,,,,,,grouped_sum_count
linux,overall-4-0.csv,1024,19270108,,3979677.4499999993,,skewed,,scalar,,,19655922,,10pct,,5,,,1000000,51893845,,,,,,,grouped_sum_count
linux,overall-4-1.csv,1024,52168,,406266.15199999954,,,,scalar,,,53320,,none,,5,,,1000,19168839,,,,,,,arithmetic_chain
linux,overall-4-1.csv,1024,13719,,406266.15199999954,,,,simd4,,,13899,,none,,5,,,1000,72891610,,,,,,,arithmetic_chain
linux,overall-4-1.csv,1024,7680,,874.0,,,,simd4,,,7909,,none,,5,,,1000,130208333,,,,,,,nullable_compare
linux,overall-4-1.csv,1024,18089,,-45191.0,,,,simd4,,,20391,,none,,5,,,1000,55282215,,,,,,,filter
linux,overall-4-1.csv,1024,7719,,-13051.0,,,,scalar,,,7795,,none,,5,,,1000,129550459,,,,,,,global_sum
linux,overall-4-1.csv,1024,2720,,1000.0,,,,scalar,,,2746,,none,,5,,,1000,367647058,,,,,,,global_count
linux,overall-4-1.csv,1024,52738,,346124.2987499998,,,,scalar,,,52808,,10pct,,5,,,1000,18961659,,,,,,,arithmetic_chain
linux,overall-4-1.csv,1024,14169,,346124.2987499998,,,,simd4,,,14229,,10pct,,5,,,1000,70576610,,,,,,,arithmetic_chain
linux,overall-4-1.csv,1024,7699,,934.5,,,,simd4,,,7777,,10pct,,5,,,1000,129886998,,,,,,,nullable_compare
linux,overall-4-1.csv,1024,16749,,-51656.0,,,,simd4,,,20055,,10pct,,5,,,1000,59705057,,,,,,,filter
linux,overall-4-1.csv,1024,7339,,-9946.0,,,,scalar,,,7363,,10pct,,5,,,1000,136258345,,,,,,,global_sum
linux,overall-4-1.csv,1024,2720,,900.0,,,,scalar,,,2729,,10pct,,5,,,1000,367647058,,,,,,,global_count
linux,overall-4-1.csv,1024,29200,,4024.5700000000015,,low,,scalar,,,29691,,10pct,,5,,,1000,34246575,,,,,,,grouped_sum_count
linux,overall-4-1.csv,1024,32399,,4861.900000000003,,high,,scalar,,,33705,,10pct,,5,,,1000,30865150,,,,,,,grouped_sum_count
linux,overall-4-1.csv,1024,32189,,6623.439999999998,,skewed,,scalar,,,34387,,10pct,,5,,,1000,31066513,,,,,,,grouped_sum_count
linux,overall-4-1.csv,1024,4934916,,24796340.01649992,,,,scalar,,,5061788,,none,,5,,,100000,20263769,,,,,,,arithmetic_chain
linux,overall-4-1.csv,1024,1005231,,24796340.01649992,,,,simd4,,,1012786,,none,,5,,,100000,99479622,,,,,,,arithmetic_chain
linux,overall-4-1.csv,1024,659931,,87625.0,,,,simd4,,,671600,,none,,5,,,100000,151530993,,,,,,,nullable_compare
linux,overall-4-1.csv,1024,1786138,,-178310.0,,,,simd4,,,1971436,,none,,5,,,100000,55986715,,,,,,,filter
linux,overall-4-1.csv,1024,509865,,225294.0,,,,scalar,,,514513,,none,,5,,,100000,196130348,,,,,,,global_sum
linux,overall-4-1.csv,1024,20669,,100000.0,,,,scalar,,,20679,,none,,5,,,100000,4838163433,,,,,,,global_count
linux,overall-4-1.csv,1024,4973125,,22384188.787249964,,,,scalar,,,5002298,,10pct,,5,,,100000,20108080,,,,,,,arithmetic_chain
linux,overall-4-1.csv,1024,1043400,,22384188.787249964,,,,simd4,,,1048837,,10pct,,5,,,100000,95840521,,,,,,,arithmetic_chain
linux,overall-4-1.csv,1024,659121,,94016.5,,,,simd4,,,662180,,10pct,,5,,,100000,151717211,,,,,,,nullable_compare
linux,overall-4-1.csv,1024,1706191,,138719.0,,,,simd4,,,1731275,,10pct,,5,,,100000,58610085,,,,,,,filter
linux,overall-4-1.csv,1024,471456,,233310.0,,,,scalar,,,474114,,10pct,,5,,,100000,212108871,,,,,,,global_sum
linux,overall-4-1.csv,1024,20669,,90000.0,,,,scalar,,,23431,,10pct,,5,,,100000,4838163433,,,,,,,global_count
linux,overall-4-1.csv,1024,1797588,,618434.6799999996,,low,,scalar,,,1806859,,10pct,,5,,,100000,55630099,,,,,,,grouped_sum_count
linux,overall-4-1.csv,1024,4213718,,635654.8099999999,,high,,scalar,,,4388834,,10pct,,5,,,100000,23732010,,,,,,,grouped_sum_count
linux,overall-4-1.csv,1024,3881938,,395334.35,,skewed,,scalar,,,3892467,,10pct,,5,,,100000,25760328,,,,,,,grouped_sum_count
linux,overall-4-1.csv,1024,14352293,,259031205.06900412,,,,scalar,,,20380387,,none,,5,,,1000000,69675277,,,,,,,arithmetic_chain
linux,overall-4-1.csv,1024,6432213,,259031205.06900412,,,,simd4,,,6682653,,none,,5,,,1000000,155467488,,,,,,,arithmetic_chain
linux,overall-4-1.csv,1024,2200456,,875096.0,,,,simd4,,,2805022,,none,,5,,,1000000,454451259,,,,,,,nullable_compare
linux,overall-4-1.csv,1024,7369806,,-859325.0,,,,simd4,,,9192229,,none,,5,,,1000000,135688782,,,,,,,filter
linux,overall-4-1.csv,1024,4501749,,-628025.0,,,,scalar,,,4673940,,none,,5,,,1000000,222135885,,,,,,,global_sum
linux,overall-4-1.csv,1024,163685,,1000000.0,,,,scalar,,,190766,,none,,5,,,1000000,6109295292,,,,,,,global_count
linux,overall-4-1.csv,1024,16242208,,233365582.0659991,,,,scalar,,,19393037,,10pct,,5,,,1000000,61567983,,,,,,,arithmetic_chain
linux,overall-4-1.csv,1024,6576819,,233365582.0659991,,,,simd4,,,6809456,,10pct,,5,,,1000000,152049189,,,,,,,arithmetic_chain
linux,overall-4-1.csv,1024,2118748,,938109.5,,,,simd4,,,2390186,,10pct,,5,,,1000000,471976846,,,,,,,nullable_compare
linux,overall-4-1.csv,1024,7233890,,-1696707.0,,,,simd4,,,8636841,,10pct,,5,,,1000000,138238209,,,,,,,filter
linux,overall-4-1.csv,1024,1302032,,-582242.0,,,,scalar,,,1511454,,10pct,,5,,,1000000,768030278,,,,,,,global_sum
linux,overall-4-1.csv,1024,159915,,900000.0,,,,scalar,,,164443,,10pct,,5,,,1000000,6253322077,,,,,,,global_count
linux,overall-4-1.csv,1024,4301036,,5708002.170000001,,low,,scalar,,,4684742,,10pct,,5,,,1000000,232502122,,,,,,,grouped_sum_count
linux,overall-4-1.csv,1024,12756520,,6322551.41,,high,,scalar,,,14113652,,10pct,,5,,,1000000,78391285,,,,,,,grouped_sum_count
linux,overall-4-1.csv,1024,19047467,,3979677.4499999993,,skewed,,scalar,,,19682236,,10pct,,5,,,1000000,52500419,,,,,,,grouped_sum_count
linux,overall-8-0.csv,1024,53129,,406266.15199999954,,,,scalar,,,55800,,none,,5,,,1000,18822112,,,,,,,arithmetic_chain
linux,overall-8-0.csv,1024,15009,,406266.15199999954,,,,simd4,,,15233,,none,,5,,,1000,66626690,,,,,,,arithmetic_chain
linux,overall-8-0.csv,1024,7870,,874.0,,,,simd4,,,8074,,none,,5,,,1000,127064803,,,,,,,nullable_compare
linux,overall-8-0.csv,1024,18329,,-45191.0,,,,simd4,,,23507,,none,,5,,,1000,54558350,,,,,,,filter
linux,overall-8-0.csv,1024,7790,,-13051.0,,,,scalar,,,7875,,none,,5,,,1000,128369704,,,,,,,global_sum
linux,overall-8-0.csv,1024,2740,,1000.0,,,,scalar,,,3100,,none,,5,,,1000,364963503,,,,,,,global_count
linux,overall-8-0.csv,1024,53369,,346124.2987499998,,,,scalar,,,53446,,10pct,,5,,,1000,18737469,,,,,,,arithmetic_chain
linux,overall-8-0.csv,1024,15370,,346124.2987499998,,,,simd4,,,15455,,10pct,,5,,,1000,65061808,,,,,,,arithmetic_chain
linux,overall-8-0.csv,1024,7800,,934.5,,,,simd4,,,7911,,10pct,,5,,,1000,128205128,,,,,,,nullable_compare
linux,overall-8-0.csv,1024,16970,,-51656.0,,,,simd4,,,19013,,10pct,,5,,,1000,58927519,,,,,,,filter
linux,overall-8-0.csv,1024,7410,,-9946.0,,,,scalar,,,7718,,10pct,,5,,,1000,134952766,,,,,,,global_sum
linux,overall-8-0.csv,1024,2750,,900.0,,,,scalar,,,3154,,10pct,,5,,,1000,363636363,,,,,,,global_count
linux,overall-8-0.csv,1024,29639,,4024.5700000000015,,low,,scalar,,,30071,,10pct,,5,,,1000,33739329,,,,,,,grouped_sum_count
linux,overall-8-0.csv,1024,32719,,4861.900000000003,,high,,scalar,,,34127,,10pct,,5,,,1000,30563281,,,,,,,grouped_sum_count
linux,overall-8-0.csv,1024,32829,,6623.439999999998,,skewed,,scalar,,,36386,,10pct,,5,,,1000,30460873,,,,,,,grouped_sum_count
linux,overall-8-0.csv,1024,4822999,,24796340.01649992,,,,scalar,,,4955135,,none,,5,,,100000,20733987,,,,,,,arithmetic_chain
linux,overall-8-0.csv,1024,1064279,,24796340.01649992,,,,simd4,,,1072382,,none,,5,,,100000,93960324,,,,,,,arithmetic_chain
linux,overall-8-0.csv,1024,638711,,87625.0,,,,simd4,,,644807,,none,,5,,,100000,156565332,,,,,,,nullable_compare
linux,overall-8-0.csv,1024,1730030,,-178310.0,,,,simd4,,,1930995,,none,,5,,,100000,57802465,,,,,,,filter
linux,overall-8-0.csv,1024,495286,,225294.0,,,,scalar,,,499985,,none,,5,,,100000,201903546,,,,,,,global_sum
linux,overall-8-0.csv,1024,20040,,100000.0,,,,scalar,,,20103,,none,,5,,,100000,4990019960,,,,,,,global_count
linux,overall-8-0.csv,1024,4801669,,22384188.787249964,,,,scalar,,,4821985,,10pct,,5,,,100000,20826091,,,,,,,arithmetic_chain
linux,overall-8-0.csv,1024,1106807,,22384188.787249964,,,,simd4,,,1113873,,10pct,,5,,,100000,90349988,,,,,,,arithmetic_chain
linux,overall-8-0.csv,1024,635992,,94016.5,,,,simd4,,,642419,,10pct,,5,,,100000,157234682,,,,,,,nullable_compare
linux,overall-8-0.csv,1024,1652242,,138719.0,,,,simd4,,,1657427,,10pct,,5,,,100000,60523821,,,,,,,filter
linux,overall-8-0.csv,1024,457217,,233310.0,,,,scalar,,,461872,,10pct,,5,,,100000,218714527,,,,,,,global_sum
linux,overall-8-0.csv,1024,19920,,90000.0,,,,scalar,,,19959,,10pct,,5,,,100000,5020080321,,,,,,,global_count
linux,overall-8-0.csv,1024,1744659,,618434.6799999996,,low,,scalar,,,1749165,,10pct,,5,,,100000,57317791,,,,,,,grouped_sum_count
linux,overall-8-0.csv,1024,4095021,,635654.8099999999,,high,,scalar,,,4304658,,10pct,,5,,,100000,24419899,,,,,,,grouped_sum_count
linux,overall-8-0.csv,1024,3794229,,395334.35,,skewed,,scalar,,,3866415,,10pct,,5,,,100000,26355815,,,,,,,grouped_sum_count
linux,overall-8-0.csv,1024,13216454,,259031205.06900412,,,,scalar,,,13704316,,none,,5,,,1000000,75663260,,,,,,,arithmetic_chain
linux,overall-8-0.csv,1024,3532587,,259031205.06900412,,,,simd4,,,3888460,,none,,5,,,1000000,283078661,,,,,,,arithmetic_chain
linux,overall-8-0.csv,1024,1387680,,875096.0,,,,simd4,,,1457463,,none,,5,,,1000000,720627233,,,,,,,nullable_compare
linux,overall-8-0.csv,1024,6757474,,-859325.0,,,,simd4,,,8463903,,none,,5,,,1000000,147984291,,,,,,,filter
linux,overall-8-0.csv,1024,2475397,,-628025.0,,,,scalar,,,2773779,,none,,5,,,1000000,403975604,,,,,,,global_sum
linux,overall-8-0.csv,1024,288831,,1000000.0,,,,scalar,,,312372,,none,,5,,,1000000,3462232239,,,,,,,global_count
linux,overall-8-0.csv,1024,12089758,,233365582.0659991,,,,scalar,,,12893994,,10pct,,5,,,1000000,82714641,,,,,,,arithmetic_chain
linux,overall-8-0.csv,1024,3628634,,233365582.0659991,,,,simd4,,,3759596,,10pct,,5,,,1000000,275585798,,,,,,,arithmetic_chain
linux,overall-8-0.csv,1024,1404569,,938109.5,,,,simd4,,,1613469,,10pct,,5,,,1000000,711962174,,,,,,,nullable_compare
linux,overall-8-0.csv,1024,6209699,,-1696707.0,,,,simd4,,,7718863,,10pct,,5,,,1000000,161038401,,,,,,,filter
linux,overall-8-0.csv,1024,2377640,,-582242.0,,,,scalar,,,2454766,,10pct,,5,,,1000000,420585118,,,,,,,global_sum
linux,overall-8-0.csv,1024,297641,,900000.0,,,,scalar,,,309235,,10pct,,5,,,1000000,3359752184,,,,,,,global_count
linux,overall-8-0.csv,1024,2628043,,5708002.17,,low,,scalar,,,2654382,,10pct,,5,,,1000000,380511277,,,,,,,grouped_sum_count
linux,overall-8-0.csv,1024,11512944,,6322551.41,,high,,scalar,,,12509913,,10pct,,5,,,1000000,86858756,,,,,,,grouped_sum_count
linux,overall-8-0.csv,1024,17813920,,3979677.4499999993,,skewed,,scalar,,,18092550,,10pct,,5,,,1000000,56135875,,,,,,,grouped_sum_count
linux,overall-8-1.csv,1024,78727,,406266.15199999954,,,,scalar,,,82781,,none,,5,,,1000,12702122,,,,,,,arithmetic_chain
linux,overall-8-1.csv,1024,20669,,406266.15199999954,,,,simd4,,,20895,,none,,5,,,1000,48381634,,,,,,,arithmetic_chain
linux,overall-8-1.csv,1024,11640,,874.0,,,,simd4,,,11877,,none,,5,,,1000,85910652,,,,,,,nullable_compare
linux,overall-8-1.csv,1024,17989,,-45191.0,,,,simd4,,,26217,,none,,5,,,1000,55589526,,,,,,,filter
linux,overall-8-1.csv,1024,7610,,-13051.0,,,,scalar,,,7697,,none,,5,,,1000,131406044,,,,,,,global_sum
linux,overall-8-1.csv,1024,2689,,1000.0,,,,scalar,,,2699,,none,,5,,,1000,371885459,,,,,,,global_count
linux,overall-8-1.csv,1024,52379,,346124.2987499998,,,,scalar,,,52460,,10pct,,5,,,1000,19091620,,,,,,,arithmetic_chain
linux,overall-8-1.csv,1024,14050,,346124.2987499998,,,,simd4,,,14101,,10pct,,5,,,1000,71174377,,,,,,,arithmetic_chain
linux,overall-8-1.csv,1024,7640,,934.5,,,,simd4,,,7696,,10pct,,5,,,1000,130890052,,,,,,,nullable_compare
linux,overall-8-1.csv,1024,16639,,-51656.0,,,,simd4,,,20155,,10pct,,5,,,1000,60099765,,,,,,,filter
linux,overall-8-1.csv,1024,7279,,-9946.0,,,,scalar,,,7281,,10pct,,5,,,1000,137381508,,,,,,,global_sum
linux,overall-8-1.csv,1024,2670,,900.0,,,,scalar,,,2686,,10pct,,5,,,1000,374531835,,,,,,,global_count
linux,overall-8-1.csv,1024,29019,,4024.5700000000015,,low,,scalar,,,29487,,10pct,,5,,,1000,34460181,,,,,,,grouped_sum_count
linux,overall-8-1.csv,1024,32089,,4861.900000000003,,high,,scalar,,,33592,,10pct,,5,,,1000,31163326,,,,,,,grouped_sum_count
linux,overall-8-1.csv,1024,32289,,6623.439999999998,,skewed,,scalar,,,73050,,10pct,,5,,,1000,30970299,,,,,,,grouped_sum_count
linux,overall-8-1.csv,1024,4816580,,24796340.01649992,,,,scalar,,,4946866,,none,,5,,,100000,20761619,,,,,,,arithmetic_chain
linux,overall-8-1.csv,1024,968561,,24796340.01649992,,,,simd4,,,989739,,none,,5,,,100000,103245949,,,,,,,arithmetic_chain
linux,overall-8-1.csv,1024,639581,,87625.0,,,,simd4,,,659562,,none,,5,,,100000,156352361,,,,,,,nullable_compare
linux,overall-8-1.csv,1024,1727899,,-178310.0,,,,simd4,,,1948189,,none,,5,,,100000,57873753,,,,,,,filter
linux,overall-8-1.csv,1024,498166,,225294.0,,,,scalar,,,509949,,none,,5,,,100000,200736300,,,,,,,global_sum
linux,overall-8-1.csv,1024,20159,,100000.0,,,,scalar,,,20175,,none,,5,,,100000,4960563520,,,,,,,global_count
linux,overall-8-1.csv,1024,4836689,,22384188.787249964,,,,scalar,,,4885916,,10pct,,5,,,100000,20675300,,,,,,,arithmetic_chain
linux,overall-8-1.csv,1024,1011590,,22384188.787249964,,,,simd4,,,1013366,,10pct,,5,,,100000,98854278,,,,,,,arithmetic_chain
linux,overall-8-1.csv,1024,638761,,94016.5,,,,simd4,,,647245,,10pct,,5,,,100000,156553076,,,,,,,nullable_compare
linux,overall-8-1.csv,1024,1666392,,138719.0,,,,simd4,,,1678993,,10pct,,5,,,100000,60009889,,,,,,,filter
linux,overall-8-1.csv,1024,459877,,233310.0,,,,scalar,,,464154,,10pct,,5,,,100000,217449448,,,,,,,global_sum
linux,overall-8-1.csv,1024,20019,,90000.0,,,,scalar,,,20037,,10pct,,5,,,100000,4995254508,,,,,,,global_count
linux,overall-8-1.csv,1024,1740749,,618434.6799999996,,low,,scalar,,,1752005,,10pct,,5,,,100000,57446535,,,,,,,grouped_sum_count
linux,overall-8-1.csv,1024,4208238,,635654.8099999999,,high,,scalar,,,4426421,,10pct,,5,,,100000,23762914,,,,,,,grouped_sum_count
linux,overall-8-1.csv,1024,3803919,,395334.35,,skewed,,scalar,,,3881445,,10pct,,5,,,100000,26288677,,,,,,,grouped_sum_count
linux,overall-8-1.csv,1024,15442360,,259031205.06900412,,,,scalar,,,17511792,,none,,5,,,1000000,64756941,,,,,,,arithmetic_chain
linux,overall-8-1.csv,1024,3542876,,259031205.06900412,,,,simd4,,,3742329,,none,,5,,,1000000,282256562,,,,,,,arithmetic_chain
linux,overall-8-1.csv,1024,1395229,,875096.0,,,,simd4,,,1681111,,none,,5,,,1000000,716728221,,,,,,,nullable_compare
linux,overall-8-1.csv,1024,6658707,,-859325.0,,,,simd4,,,8367948,,none,,5,,,1000000,150179306,,,,,,,filter
linux,overall-8-1.csv,1024,2610234,,-628025.0,,,,scalar,,,2882546,,none,,5,,,1000000,383107414,,,,,,,global_sum
linux,overall-8-1.csv,1024,290391,,1000000.0,,,,scalar,,,317818,,none,,5,,,1000000,3443632894,,,,,,,global_count
linux,overall-8-1.csv,1024,13354551,,233365582.0659991,,,,scalar,,,14113299,,10pct,,5,,,1000000,74880840,,,,,,,arithmetic_chain
linux,overall-8-1.csv,1024,3583055,,233365582.0659991,,,,simd4,,,3843092,,10pct,,5,,,1000000,279091445,,,,,,,arithmetic_chain
linux,overall-8-1.csv,1024,1354221,,938109.5,,,,simd4,,,1602855,,10pct,,5,,,1000000,738431910,,,,,,,nullable_compare
linux,overall-8-1.csv,1024,6163410,,-1696707.0,,,,simd4,,,7755180,,10pct,,5,,,1000000,162247846,,,,,,,filter
linux,overall-8-1.csv,1024,2440149,,-582242.0,,,,scalar,,,2688462,,10pct,,5,,,1000000,409811040,,,,,,,global_sum
linux,overall-8-1.csv,1024,292752,,900000.0,,,,scalar,,,304047,,10pct,,5,,,1000000,3415860523,,,,,,,global_count
linux,overall-8-1.csv,1024,2617704,,5708002.17,,low,,scalar,,,2947870,,10pct,,5,,,1000000,382014162,,,,,,,grouped_sum_count
linux,overall-8-1.csv,1024,12099008,,6322551.41,,high,,scalar,,,12277661,,10pct,,5,,,1000000,82651404,,,,,,,grouped_sum_count
linux,overall-8-1.csv,1024,18138203,,3979677.4499999993,,skewed,,scalar,,,18474674,,10pct,,5,,,1000000,55132253,,,,,,,grouped_sum_count
mac,joins-16-0.csv,,1404000,,,,,inner,,200000,,,,,8001,,2000,,,,,,False,,,,
mac,joins-16-0.csv,,2131000,,,,,left,,200000,,,,,200180,,2000,,,,,,False,,,,
mac,joins-16-0.csv,,252000,,,,,semi,,200000,,,,,7821,,2000,,,,,,False,,,,
mac,joins-16-0.csv,,1147000,,,,,inner,,200000,,,,,4062,,2000,,,,,,True,,,,
mac,joins-16-0.csv,,1873000,,,,,left,,200000,,,,,200095,,2000,,,,,,True,,,,
mac,joins-16-0.csv,,202000,,,,,semi,,200000,,,,,3967,,2000,,,,,,True,,,,
mac,joins-16-0.csv,,1555000,,,,,inner,,2000,,,,,8017,,200000,,,,,,False,,,,
mac,joins-16-0.csv,,1556000,,,,,left,,2000,,,,,8062,,200000,,,,,,False,,,,
mac,joins-16-0.csv,,694000,,,,,semi,,2000,,,,,1955,,200000,,,,,,False,,,,
mac,joins-16-0.csv,,1534000,,,,,inner,,2000,,,,,5995,,200000,,,,,,True,,,,
mac,joins-16-0.csv,,1537000,,,,,left,,2000,,,,,6020,,200000,,,,,,True,,,,
mac,joins-16-0.csv,,694000,,,,,semi,,2000,,,,,1975,,200000,,,,,,True,,,,
mac,joins-16-0.csv,,2899000,,,,,inner,,100000,,,,,199587,,100000,,,,,,False,,,,
mac,joins-16-0.csv,,2991000,,,,,left,,100000,,,,,212925,,100000,,,,,,False,,,,
mac,joins-16-0.csv,,897000,,,,,semi,,100000,,,,,86662,,100000,,,,,,False,,,,
mac,joins-16-0.csv,,2287000,,,,,inner,,100000,,,,,99615,,100000,,,,,,True,,,,
mac,joins-16-0.csv,,2547000,,,,,left,,100000,,,,,156306,,100000,,,,,,True,,,,
mac,joins-16-0.csv,,695000,,,,,semi,,100000,,,,,43309,,100000,,,,,,True,,,,
mac,joins-16-1.csv,,1410000,,,,,inner,,200000,,,,,8001,,2000,,,,,,False,,,,
mac,joins-16-1.csv,,2123000,,,,,left,,200000,,,,,200180,,2000,,,,,,False,,,,
mac,joins-16-1.csv,,251000,,,,,semi,,200000,,,,,7821,,2000,,,,,,False,,,,
mac,joins-16-1.csv,,1152000,,,,,inner,,200000,,,,,4062,,2000,,,,,,True,,,,
mac,joins-16-1.csv,,1912000,,,,,left,,200000,,,,,200095,,2000,,,,,,True,,,,
mac,joins-16-1.csv,,218000,,,,,semi,,200000,,,,,3967,,2000,,,,,,True,,,,
mac,joins-16-1.csv,,1556000,,,,,inner,,2000,,,,,8017,,200000,,,,,,False,,,,
mac,joins-16-1.csv,,1558000,,,,,left,,2000,,,,,8062,,200000,,,,,,False,,,,
mac,joins-16-1.csv,,693000,,,,,semi,,2000,,,,,1955,,200000,,,,,,False,,,,
mac,joins-16-1.csv,,1530000,,,,,inner,,2000,,,,,5995,,200000,,,,,,True,,,,
mac,joins-16-1.csv,,1531000,,,,,left,,2000,,,,,6020,,200000,,,,,,True,,,,
mac,joins-16-1.csv,,693000,,,,,semi,,2000,,,,,1975,,200000,,,,,,True,,,,
mac,joins-16-1.csv,,2907000,,,,,inner,,100000,,,,,199587,,100000,,,,,,False,,,,
mac,joins-16-1.csv,,3005000,,,,,left,,100000,,,,,212925,,100000,,,,,,False,,,,
mac,joins-16-1.csv,,899000,,,,,semi,,100000,,,,,86662,,100000,,,,,,False,,,,
mac,joins-16-1.csv,,2294000,,,,,inner,,100000,,,,,99615,,100000,,,,,,True,,,,
mac,joins-16-1.csv,,2553000,,,,,left,,100000,,,,,156306,,100000,,,,,,True,,,,
mac,joins-16-1.csv,,698000,,,,,semi,,100000,,,,,43309,,100000,,,,,,True,,,,
mac,joins-4-0.csv,,3847000,,,,,inner,,200000,,,,,8001,,2000,,,,,,False,,,,
mac,joins-4-0.csv,,4484000,,,,,left,,200000,,,,,200180,,2000,,,,,,False,,,,
mac,joins-4-0.csv,,446000,,,,,semi,,200000,,,,,7821,,2000,,,,,,False,,,,
mac,joins-4-0.csv,,1913000,,,,,inner,,200000,,,,,4062,,2000,,,,,,True,,,,
mac,joins-4-0.csv,,2748000,,,,,left,,200000,,,,,200095,,2000,,,,,,True,,,,
mac,joins-4-0.csv,,323000,,,,,semi,,200000,,,,,3967,,2000,,,,,,True,,,,
mac,joins-4-0.csv,,2111000,,,,,inner,,2000,,,,,8017,,200000,,,,,,False,,,,
mac,joins-4-0.csv,,1910000,,,,,left,,2000,,,,,8062,,200000,,,,,,False,,,,
mac,joins-4-0.csv,,858000,,,,,semi,,2000,,,,,1955,,200000,,,,,,False,,,,
mac,joins-4-0.csv,,1755000,,,,,inner,,2000,,,,,5995,,200000,,,,,,True,,,,
mac,joins-4-0.csv,,1651000,,,,,left,,2000,,,,,6020,,200000,,,,,,True,,,,
mac,joins-4-0.csv,,693000,,,,,semi,,2000,,,,,1975,,200000,,,,,,True,,,,
mac,joins-4-0.csv,,2923000,,,,,inner,,100000,,,,,199587,,100000,,,,,,False,,,,
mac,joins-4-0.csv,,2972000,,,,,left,,100000,,,,,212925,,100000,,,,,,False,,,,
mac,joins-4-0.csv,,898000,,,,,semi,,100000,,,,,86662,,100000,,,,,,False,,,,
mac,joins-4-0.csv,,2299000,,,,,inner,,100000,,,,,99615,,100000,,,,,,True,,,,
mac,joins-4-0.csv,,2551000,,,,,left,,100000,,,,,156306,,100000,,,,,,True,,,,
mac,joins-4-0.csv,,698000,,,,,semi,,100000,,,,,43309,,100000,,,,,,True,,,,
mac,joins-4-1.csv,,1415000,,,,,inner,,200000,,,,,8001,,2000,,,,,,False,,,,
mac,joins-4-1.csv,,2211000,,,,,left,,200000,,,,,200180,,2000,,,,,,False,,,,
mac,joins-4-1.csv,,251000,,,,,semi,,200000,,,,,7821,,2000,,,,,,False,,,,
mac,joins-4-1.csv,,1159000,,,,,inner,,200000,,,,,4062,,2000,,,,,,True,,,,
mac,joins-4-1.csv,,1906000,,,,,left,,200000,,,,,200095,,2000,,,,,,True,,,,
mac,joins-4-1.csv,,222000,,,,,semi,,200000,,,,,3967,,2000,,,,,,True,,,,
mac,joins-4-1.csv,,1548000,,,,,inner,,2000,,,,,8017,,200000,,,,,,False,,,,
mac,joins-4-1.csv,,1547000,,,,,left,,2000,,,,,8062,,200000,,,,,,False,,,,
mac,joins-4-1.csv,,685000,,,,,semi,,2000,,,,,1955,,200000,,,,,,False,,,,
mac,joins-4-1.csv,,1516000,,,,,inner,,2000,,,,,5995,,200000,,,,,,True,,,,
mac,joins-4-1.csv,,1518000,,,,,left,,2000,,,,,6020,,200000,,,,,,True,,,,
mac,joins-4-1.csv,,680000,,,,,semi,,2000,,,,,1975,,200000,,,,,,True,,,,
mac,joins-4-1.csv,,2899000,,,,,inner,,100000,,,,,199587,,100000,,,,,,False,,,,
mac,joins-4-1.csv,,2978000,,,,,left,,100000,,,,,212925,,100000,,,,,,False,,,,
mac,joins-4-1.csv,,899000,,,,,semi,,100000,,,,,86662,,100000,,,,,,False,,,,
mac,joins-4-1.csv,,2272000,,,,,inner,,100000,,,,,99615,,100000,,,,,,True,,,,
mac,joins-4-1.csv,,2530000,,,,,left,,100000,,,,,156306,,100000,,,,,,True,,,,
mac,joins-4-1.csv,,692000,,,,,semi,,100000,,,,,43309,,100000,,,,,,True,,,,
mac,joins-8-0.csv,,1432000,,,,,inner,,200000,,,,,8001,,2000,,,,,,False,,,,
mac,joins-8-0.csv,,2160000,,,,,left,,200000,,,,,200180,,2000,,,,,,False,,,,
mac,joins-8-0.csv,,250000,,,,,semi,,200000,,,,,7821,,2000,,,,,,False,,,,
mac,joins-8-0.csv,,1166000,,,,,inner,,200000,,,,,4062,,2000,,,,,,True,,,,
mac,joins-8-0.csv,,1902000,,,,,left,,200000,,,,,200095,,2000,,,,,,True,,,,
mac,joins-8-0.csv,,217000,,,,,semi,,200000,,,,,3967,,2000,,,,,,True,,,,
mac,joins-8-0.csv,,1551000,,,,,inner,,2000,,,,,8017,,200000,,,,,,False,,,,
mac,joins-8-0.csv,,1551000,,,,,left,,2000,,,,,8062,,200000,,,,,,False,,,,
mac,joins-8-0.csv,,695000,,,,,semi,,2000,,,,,1955,,200000,,,,,,False,,,,
mac,joins-8-0.csv,,1526000,,,,,inner,,2000,,,,,5995,,200000,,,,,,True,,,,
mac,joins-8-0.csv,,1528000,,,,,left,,2000,,,,,6020,,200000,,,,,,True,,,,
mac,joins-8-0.csv,,693000,,,,,semi,,2000,,,,,1975,,200000,,,,,,True,,,,
mac,joins-8-0.csv,,2922000,,,,,inner,,100000,,,,,199587,,100000,,,,,,False,,,,
mac,joins-8-0.csv,,2992000,,,,,left,,100000,,,,,212925,,100000,,,,,,False,,,,
mac,joins-8-0.csv,,901000,,,,,semi,,100000,,,,,86662,,100000,,,,,,False,,,,
mac,joins-8-0.csv,,2305000,,,,,inner,,100000,,,,,99615,,100000,,,,,,True,,,,
mac,joins-8-0.csv,,2563000,,,,,left,,100000,,,,,156306,,100000,,,,,,True,,,,
mac,joins-8-0.csv,,693000,,,,,semi,,100000,,,,,43309,,100000,,,,,,True,,,,
mac,joins-8-1.csv,,1435000,,,,,inner,,200000,,,,,8001,,2000,,,,,,False,,,,
mac,joins-8-1.csv,,2155000,,,,,left,,200000,,,,,200180,,2000,,,,,,False,,,,
mac,joins-8-1.csv,,252000,,,,,semi,,200000,,,,,7821,,2000,,,,,,False,,,,
mac,joins-8-1.csv,,1153000,,,,,inner,,200000,,,,,4062,,2000,,,,,,True,,,,
mac,joins-8-1.csv,,1871000,,,,,left,,200000,,,,,200095,,2000,,,,,,True,,,,
mac,joins-8-1.csv,,223000,,,,,semi,,200000,,,,,3967,,2000,,,,,,True,,,,
mac,joins-8-1.csv,,1559000,,,,,inner,,2000,,,,,8017,,200000,,,,,,False,,,,
mac,joins-8-1.csv,,1556000,,,,,left,,2000,,,,,8062,,200000,,,,,,False,,,,
mac,joins-8-1.csv,,695000,,,,,semi,,2000,,,,,1955,,200000,,,,,,False,,,,
mac,joins-8-1.csv,,1515000,,,,,inner,,2000,,,,,5995,,200000,,,,,,True,,,,
mac,joins-8-1.csv,,1523000,,,,,left,,2000,,,,,6020,,200000,,,,,,True,,,,
mac,joins-8-1.csv,,697000,,,,,semi,,2000,,,,,1975,,200000,,,,,,True,,,,
mac,joins-8-1.csv,,2919000,,,,,inner,,100000,,,,,199587,,100000,,,,,,False,,,,
mac,joins-8-1.csv,,2991000,,,,,left,,100000,,,,,212925,,100000,,,,,,False,,,,
mac,joins-8-1.csv,,898000,,,,,semi,,100000,,,,,86662,,100000,,,,,,False,,,,
mac,joins-8-1.csv,,2283000,,,,,inner,,100000,,,,,99615,,100000,,,,,,True,,,,
mac,joins-8-1.csv,,2542000,,,,,left,,100000,,,,,156306,,100000,,,,,,True,,,,
mac,joins-8-1.csv,,693000,,,,,semi,,100000,,,,,43309,,100000,,,,,,True,,,,
mac,minrows-16-16384-0.csv,1024,30000,,406266.15199999954,,,,scalar,,,30800,,none,,5,,,1000,33333333,,,,,,,arithmetic_chain
mac,minrows-16-16384-0.csv,1024,11000,,406266.15199999954,,,,simd4,,,11400,,none,,5,,,1000,90909090,,,,,,,arithmetic_chain
mac,minrows-16-16384-0.csv,1024,6000,,874.0,,,,simd4,,,6600,,none,,5,,,1000,166666666,,,,,,,nullable_compare
mac,minrows-16-16384-0.csv,1024,13000,,-45191.0,,,,simd4,,,15400,,none,,5,,,1000,76923076,,,,,,,filter
mac,minrows-16-16384-0.csv,1024,5000,,-13051.0,,,,scalar,,,5000,,none,,5,,,1000,200000000,,,,,,,global_sum
mac,minrows-16-16384-0.csv,1024,2000,,1000.0,,,,scalar,,,2400,,none,,5,,,1000,500000000,,,,,,,global_count
mac,minrows-16-16384-0.csv,1024,28000,,346124.2987499998,,,,scalar,,,28600,,10pct,,5,,,1000,35714285,,,,,,,arithmetic_chain
mac,minrows-16-16384-0.csv,1024,11000,,346124.2987499998,,,,simd4,,,11200,,10pct,,5,,,1000,90909090,,,,,,,arithmetic_chain
mac,minrows-16-16384-0.csv,1024,6000,,934.5,,,,simd4,,,6200,,10pct,,5,,,1000,166666666,,,,,,,nullable_compare
mac,minrows-16-16384-0.csv,1024,13000,,-51656.0,,,,simd4,,,13600,,10pct,,5,,,1000,76923076,,,,,,,filter
mac,minrows-16-16384-0.csv,1024,4000,,-9946.0,,,,scalar,,,4800,,10pct,,5,,,1000,250000000,,,,,,,global_sum
mac,minrows-16-16384-0.csv,1024,2000,,900.0,,,,scalar,,,2600,,10pct,,5,,,1000,500000000,,,,,,,global_count
mac,minrows-16-16384-0.csv,1024,21000,,4024.5700000000015,,low,,scalar,,,21200,,10pct,,5,,,1000,47619047,,,,,,,grouped_sum_count
mac,minrows-16-16384-0.csv,1024,23000,,4861.900000000003,,high,,scalar,,,23600,,10pct,,5,,,1000,43478260,,,,,,,grouped_sum_count
mac,minrows-16-16384-0.csv,1024,22000,,6623.439999999998,,skewed,,scalar,,,23200,,10pct,,5,,,1000,45454545,,,,,,,grouped_sum_count
mac,minrows-16-16384-0.csv,1024,857000,,24796340.01649992,,,,scalar,,,931800,,none,,5,,,100000,116686114,,,,,,,arithmetic_chain
mac,minrows-16-16384-0.csv,1024,325000,,24796340.01649992,,,,simd4,,,359800,,none,,5,,,100000,307692307,,,,,,,arithmetic_chain
mac,minrows-16-16384-0.csv,1024,253000,,87625.0,,,,simd4,,,270400,,none,,5,,,100000,395256916,,,,,,,nullable_compare
mac,minrows-16-16384-0.csv,1024,467000,,-178310.0,,,,simd4,,,529400,,none,,5,,,100000,214132762,,,,,,,filter
mac,minrows-16-16384-0.csv,1024,179000,,225294.0,,,,scalar,,,194000,,none,,5,,,100000,558659217,,,,,,,global_sum
mac,minrows-16-16384-0.csv,1024,58000,,100000.0,,,,scalar,,,74800,,none,,5,,,100000,1724137931,,,,,,,global_count
mac,minrows-16-16384-0.csv,1024,935000,,22384188.787249964,,,,scalar,,,974400,,10pct,,5,,,100000,106951871,,,,,,,arithmetic_chain
mac,minrows-16-16384-0.csv,1024,341000,,22384188.787249964,,,,simd4,,,367000,,10pct,,5,,,100000,293255131,,,,,,,arithmetic_chain
mac,minrows-16-16384-0.csv,1024,250000,,94016.5,,,,simd4,,,258000,,10pct,,5,,,100000,400000000,,,,,,,nullable_compare
mac,minrows-16-16384-0.csv,1024,518000,,138719.0,,,,simd4,,,537800,,10pct,,5,,,100000,193050193,,,,,,,filter
mac,minrows-16-16384-0.csv,1024,164000,,233310.0,,,,scalar,,,180400,,10pct,,5,,,100000,609756097,,,,,,,global_sum
mac,minrows-16-16384-0.csv,1024,79000,,90000.0,,,,scalar,,,88000,,10pct,,5,,,100000,1265822784,,,,,,,global_count
mac,minrows-16-16384-0.csv,1024,563000,,618434.6799999999,,low,,scalar,,,565200,,10pct,,5,,,100000,177619893,,,,,,,grouped_sum_count
mac,minrows-16-16384-0.csv,1024,11564000,,635654.8099999999,,high,,scalar,,,12030000,,10pct,,5,,,100000,8647526,,,,,,,grouped_sum_count
mac,minrows-16-16384-0.csv,1024,11553000,,395334.35,,skewed,,scalar,,,12199400,,10pct,,5,,,100000,8655760,,,,,,,grouped_sum_count
mac,minrows-16-16384-0.csv,1024,6037000,,259031205.06900412,,,,scalar,,,6499600,,none,,5,,,1000000,165645188,,,,,,,arithmetic_chain
mac,minrows-16-16384-0.csv,1024,2454000,,259031205.06900412,,,,simd4,,,2510200,,none,,5,,,1000000,407497962,,,,,,,arithmetic_chain
mac,minrows-16-16384-0.csv,1024,1497000,,875096.0,,,,simd4,,,1551400,,none,,5,,,1000000,668002672,,,,,,,nullable_compare
mac,minrows-16-16384-0.csv,1024,4112000,,-859325.0,,,,simd4,,,4362400,,none,,5,,,1000000,243190661,,,,,,,filter
mac,minrows-16-16384-0.csv,1024,823000,,-628025.0,,,,scalar,,,867800,,none,,5,,,1000000,1215066828,,,,,,,global_sum
mac,minrows-16-16384-0.csv,1024,169000,,1000000.0,,,,scalar,,,176400,,none,,5,,,1000000,5917159763,,,,,,,global_count
mac,minrows-16-16384-0.csv,1024,6221000,,233365582.0659991,,,,scalar,,,6798200,,10pct,,5,,,1000000,160745860,,,,,,,arithmetic_chain
mac,minrows-16-16384-0.csv,1024,2199000,,233365582.0659991,,,,simd4,,,2378000,,10pct,,5,,,1000000,454752160,,,,,,,arithmetic_chain
mac,minrows-16-16384-0.csv,1024,1564000,,938109.5,,,,simd4,,,1627200,,10pct,,5,,,1000000,639386189,,,,,,,nullable_compare
mac,minrows-16-16384-0.csv,1024,3909000,,-1696707.0,,,,simd4,,,4027200,,10pct,,5,,,1000000,255819902,,,,,,,filter
mac,minrows-16-16384-0.csv,1024,744000,,-582242.0,,,,scalar,,,786600,,10pct,,5,,,1000000,1344086021,,,,,,,global_sum
mac,minrows-16-16384-0.csv,1024,162000,,900000.0,,,,scalar,,,164800,,10pct,,5,,,1000000,6172839506,,,,,,,global_count
mac,minrows-16-16384-0.csv,1024,2538000,,5708002.17,,low,,scalar,,,2736600,,10pct,,5,,,1000000,394011032,,,,,,,grouped_sum_count
mac,minrows-16-16384-0.csv,1024,21838000,,6322551.41,,high,,scalar,,,23041800,,10pct,,5,,,1000000,45791739,,,,,,,grouped_sum_count
mac,minrows-16-16384-0.csv,1024,23986000,,3979677.4499999993,,skewed,,scalar,,,24126600,,10pct,,5,,,1000000,41690986,,,,,,,grouped_sum_count
mac,minrows-16-16384-1.csv,1024,31000,,406266.15199999954,,,,scalar,,,31600,,none,,5,,,1000,32258064,,,,,,,arithmetic_chain
mac,minrows-16-16384-1.csv,1024,11000,,406266.15199999954,,,,simd4,,,11800,,none,,5,,,1000,90909090,,,,,,,arithmetic_chain
mac,minrows-16-16384-1.csv,1024,6000,,874.0,,,,simd4,,,6800,,none,,5,,,1000,166666666,,,,,,,nullable_compare
mac,minrows-16-16384-1.csv,1024,13000,,-45191.0,,,,simd4,,,15400,,none,,5,,,1000,76923076,,,,,,,filter
mac,minrows-16-16384-1.csv,1024,5000,,-13051.0,,,,scalar,,,5000,,none,,5,,,1000,200000000,,,,,,,global_sum
mac,minrows-16-16384-1.csv,1024,2000,,1000.0,,,,scalar,,,2200,,none,,5,,,1000,500000000,,,,,,,global_count
mac,minrows-16-16384-1.csv,1024,29000,,346124.2987499998,,,,scalar,,,29600,,10pct,,5,,,1000,34482758,,,,,,,arithmetic_chain
mac,minrows-16-16384-1.csv,1024,11000,,346124.2987499998,,,,simd4,,,11800,,10pct,,5,,,1000,90909090,,,,,,,arithmetic_chain
mac,minrows-16-16384-1.csv,1024,6000,,934.5,,,,simd4,,,6400,,10pct,,5,,,1000,166666666,,,,,,,nullable_compare
mac,minrows-16-16384-1.csv,1024,12000,,-51656.0,,,,simd4,,,13200,,10pct,,5,,,1000,83333333,,,,,,,filter
mac,minrows-16-16384-1.csv,1024,5000,,-9946.0,,,,scalar,,,5000,,10pct,,5,,,1000,200000000,,,,,,,global_sum
mac,minrows-16-16384-1.csv,1024,2000,,900.0,,,,scalar,,,2200,,10pct,,5,,,1000,500000000,,,,,,,global_count
mac,minrows-16-16384-1.csv,1024,21000,,4024.5700000000015,,low,,scalar,,,22000,,10pct,,5,,,1000,47619047,,,,,,,grouped_sum_count
mac,minrows-16-16384-1.csv,1024,24000,,4861.900000000003,,high,,scalar,,,24200,,10pct,,5,,,1000,41666666,,,,,,,grouped_sum_count
mac,minrows-16-16384-1.csv,1024,23000,,6623.439999999998,,skewed,,scalar,,,23800,,10pct,,5,,,1000,43478260,,,,,,,grouped_sum_count
mac,minrows-16-16384-1.csv,1024,853000,,24796340.01649992,,,,scalar,,,916800,,none,,5,,,100000,117233294,,,,,,,arithmetic_chain
mac,minrows-16-16384-1.csv,1024,349000,,24796340.01649992,,,,simd4,,,367200,,none,,5,,,100000,286532951,,,,,,,arithmetic_chain
mac,minrows-16-16384-1.csv,1024,258000,,87625.0,,,,simd4,,,282800,,none,,5,,,100000,387596899,,,,,,,nullable_compare
mac,minrows-16-16384-1.csv,1024,480000,,-178310.0,,,,simd4,,,521800,,none,,5,,,100000,208333333,,,,,,,filter
mac,minrows-16-16384-1.csv,1024,189000,,225294.0,,,,scalar,,,214200,,none,,5,,,100000,529100529,,,,,,,global_sum
mac,minrows-16-16384-1.csv,1024,56000,,100000.0,,,,scalar,,,71000,,none,,5,,,100000,1785714285,,,,,,,global_count
mac,minrows-16-16384-1.csv,1024,909000,,22384188.787249964,,,,scalar,,,948000,,10pct,,5,,,100000,110011001,,,,,,,arithmetic_chain
mac,minrows-16-16384-1.csv,1024,341000,,22384188.787249964,,,,simd4,,,364200,,10pct,,5,,,100000,293255131,,,,,,,arithmetic_chain
mac,minrows-16-16384-1.csv,1024,249000,,94016.5,,,,simd4,,,258800,,10pct,,5,,,100000,401606425,,,,,,,nullable_compare
mac,minrows-16-16384-1.csv,1024,521000,,138719.0,,,,simd4,,,535600,,10pct,,5,,,100000,191938579,,,,,,,filter
mac,minrows-16-16384-1.csv,1024,140000,,233310.0,,,,scalar,,,149600,,10pct,,5,,,100000,714285714,,,,,,,global_sum
mac,minrows-16-16384-1.csv,1024,70000,,90000.0,,,,scalar,,,78400,,10pct,,5,,,100000,1428571428,,,,,,,global_count
mac,minrows-16-16384-1.csv,1024,560000,,618434.6799999999,,low,,scalar,,,561200,,10pct,,5,,,100000,178571428,,,,,,,grouped_sum_count
mac,minrows-16-16384-1.csv,1024,11718000,,635654.8099999999,,high,,scalar,,,13749600,,10pct,,5,,,100000,8533879,,,,,,,grouped_sum_count
mac,minrows-16-16384-1.csv,1024,11374000,,395334.35,,skewed,,scalar,,,14128600,,10pct,,5,,,100000,8791981,,,,,,,grouped_sum_count
mac,minrows-16-16384-1.csv,1024,6338000,,259031205.06900412,,,,scalar,,,6828200,,none,,5,,,1000000,157778479,,,,,,,arithmetic_chain
mac,minrows-16-16384-1.csv,1024,1812000,,259031205.06900412,,,,simd4,,,2203400,,none,,5,,,1000000,551876379,,,,,,,arithmetic_chain
mac,minrows-16-16384-1.csv,1024,1485000,,875096.0,,,,simd4,,,1581000,,none,,5,,,1000000,673400673,,,,,,,nullable_compare
mac,minrows-16-16384-1.csv,1024,4112000,,-859325.0,,,,simd4,,,4613600,,none,,5,,,1000000,243190661,,,,,,,filter
mac,minrows-16-16384-1.csv,1024,783000,,-628025.0,,,,scalar,,,808800,,none,,5,,,1000000,1277139208,,,,,,,global_sum
mac,minrows-16-16384-1.csv,1024,164000,,1000000.0,,,,scalar,,,169600,,none,,5,,,1000000,6097560975,,,,,,,global_count
mac,minrows-16-16384-1.csv,1024,6101000,,233365582.0659991,,,,scalar,,,6646600,,10pct,,5,,,1000000,163907556,,,,,,,arithmetic_chain
mac,minrows-16-16384-1.csv,1024,2311000,,233365582.0659991,,,,simd4,,,2492800,,10pct,,5,,,1000000,432713111,,,,,,,arithmetic_chain
mac,minrows-16-16384-1.csv,1024,1533000,,938109.5,,,,simd4,,,1590400,,10pct,,5,,,1000000,652315720,,,,,,,nullable_compare
mac,minrows-16-16384-1.csv,1024,3949000,,-1696707.0,,,,simd4,,,4055400,,10pct,,5,,,1000000,253228665,,,,,,,filter
mac,minrows-16-16384-1.csv,1024,731000,,-582242.0,,,,scalar,,,744000,,10pct,,5,,,1000000,1367989056,,,,,,,global_sum
mac,minrows-16-16384-1.csv,1024,159000,,900000.0,,,,scalar,,,173400,,10pct,,5,,,1000000,6289308176,,,,,,,global_count
mac,minrows-16-16384-1.csv,1024,2569000,,5708002.17,,low,,scalar,,,2683200,,10pct,,5,,,1000000,389256520,,,,,,,grouped_sum_count
mac,minrows-16-16384-1.csv,1024,22108000,,6322551.41,,high,,scalar,,,23917400,,10pct,,5,,,1000000,45232495,,,,,,,grouped_sum_count
mac,minrows-16-16384-1.csv,1024,23836000,,3979677.4499999993,,skewed,,scalar,,,24930200,,10pct,,5,,,1000000,41953347,,,,,,,grouped_sum_count
mac,minrows-16-262144-0.csv,1024,29000,,406266.15199999954,,,,scalar,,,30400,,none,,5,,,1000,34482758,,,,,,,arithmetic_chain
mac,minrows-16-262144-0.csv,1024,11000,,406266.15199999954,,,,simd4,,,11200,,none,,5,,,1000,90909090,,,,,,,arithmetic_chain
mac,minrows-16-262144-0.csv,1024,6000,,874.0,,,,simd4,,,6600,,none,,5,,,1000,166666666,,,,,,,nullable_compare
mac,minrows-16-262144-0.csv,1024,14000,,-45191.0,,,,simd4,,,15000,,none,,5,,,1000,71428571,,,,,,,filter
mac,minrows-16-262144-0.csv,1024,5000,,-13051.0,,,,scalar,,,5000,,none,,5,,,1000,200000000,,,,,,,global_sum
mac,minrows-16-262144-0.csv,1024,2000,,1000.0,,,,scalar,,,2400,,none,,5,,,1000,500000000,,,,,,,global_count
mac,minrows-16-262144-0.csv,1024,28000,,346124.2987499998,,,,scalar,,,28600,,10pct,,5,,,1000,35714285,,,,,,,arithmetic_chain
mac,minrows-16-262144-0.csv,1024,11000,,346124.2987499998,,,,simd4,,,11400,,10pct,,5,,,1000,90909090,,,,,,,arithmetic_chain
mac,minrows-16-262144-0.csv,1024,6000,,934.5,,,,simd4,,,6400,,10pct,,5,,,1000,166666666,,,,,,,nullable_compare
mac,minrows-16-262144-0.csv,1024,12000,,-51656.0,,,,simd4,,,13000,,10pct,,5,,,1000,83333333,,,,,,,filter
mac,minrows-16-262144-0.csv,1024,5000,,-9946.0,,,,scalar,,,5000,,10pct,,5,,,1000,200000000,,,,,,,global_sum
mac,minrows-16-262144-0.csv,1024,2000,,900.0,,,,scalar,,,2400,,10pct,,5,,,1000,500000000,,,,,,,global_count
mac,minrows-16-262144-0.csv,1024,20000,,4024.5700000000015,,low,,scalar,,,21000,,10pct,,5,,,1000,50000000,,,,,,,grouped_sum_count
mac,minrows-16-262144-0.csv,1024,23000,,4861.900000000003,,high,,scalar,,,23800,,10pct,,5,,,1000,43478260,,,,,,,grouped_sum_count
mac,minrows-16-262144-0.csv,1024,23000,,6623.439999999998,,skewed,,scalar,,,23600,,10pct,,5,,,1000,43478260,,,,,,,grouped_sum_count
mac,minrows-16-262144-0.csv,1024,2482000,,24796340.01649992,,,,scalar,,,2498000,,none,,5,,,100000,40290088,,,,,,,arithmetic_chain
mac,minrows-16-262144-0.csv,1024,733000,,24796340.01649992,,,,simd4,,,738000,,none,,5,,,100000,136425648,,,,,,,arithmetic_chain
mac,minrows-16-262144-0.csv,1024,543000,,87625.0,,,,simd4,,,548000,,none,,5,,,100000,184162062,,,,,,,nullable_compare
mac,minrows-16-262144-0.csv,1024,1204000,,-178310.0,,,,simd4,,,1232600,,none,,5,,,100000,83056478,,,,,,,filter
mac,minrows-16-262144-0.csv,1024,257000,,225294.0,,,,scalar,,,257600,,none,,5,,,100000,389105058,,,,,,,global_sum
mac,minrows-16-262144-0.csv,1024,11000,,100000.0,,,,scalar,,,11400,,none,,5,,,100000,9090909090,,,,,,,global_count
mac,minrows-16-262144-0.csv,1024,2524000,,22384188.787249964,,,,scalar,,,2534800,,10pct,,5,,,100000,39619651,,,,,,,arithmetic_chain
mac,minrows-16-262144-0.csv,1024,778000,,22384188.787249964,,,,simd4,,,780400,,10pct,,5,,,100000,128534704,,,,,,,arithmetic_chain
mac,minrows-16-262144-0.csv,1024,545000,,94016.5,,,,simd4,,,546400,,10pct,,5,,,100000,183486238,,,,,,,nullable_compare
mac,minrows-16-262144-0.csv,1024,1132000,,138719.0,,,,simd4,,,1139400,,10pct,,5,,,100000,88339222,,,,,,,filter
mac,minrows-16-262144-0.csv,1024,237000,,233310.0,,,,scalar,,,238000,,10pct,,5,,,100000,421940928,,,,,,,global_sum
mac,minrows-16-262144-0.csv,1024,11000,,90000.0,,,,scalar,,,11600,,10pct,,5,,,100000,9090909090,,,,,,,global_count
mac,minrows-16-262144-0.csv,1024,960000,,618434.6799999996,,low,,scalar,,,961400,,10pct,,5,,,100000,104166666,,,,,,,grouped_sum_count
mac,minrows-16-262144-0.csv,1024,2754000,,635654.8099999999,,high,,scalar,,,2813000,,10pct,,5,,,100000,36310820,,,,,,,grouped_sum_count
mac,minrows-16-262144-0.csv,1024,2517000,,395334.35,,skewed,,scalar,,,2529800,,10pct,,5,,,100000,39729837,,,,,,,grouped_sum_count
mac,minrows-16-262144-0.csv,1024,9111000,,259031205.06900412,,,,scalar,,,9154400,,none,,5,,,1000000,109757436,,,,,,,arithmetic_chain
mac,minrows-16-262144-0.csv,1024,3244000,,259031205.06900412,,,,simd4,,,3380000,,none,,5,,,1000000,308261405,,,,,,,arithmetic_chain
mac,minrows-16-262144-0.csv,1024,2121000,,875096.0,,,,simd4,,,2125200,,none,,5,,,1000000,471475719,,,,,,,nullable_compare
mac,minrows-16-262144-0.csv,1024,4808000,,-859325.0,,,,simd4,,,5038600,,none,,5,,,1000000,207986688,,,,,,,filter
mac,minrows-16-262144-0.csv,1024,974000,,-628025.0,,,,scalar,,,978600,,none,,5,,,1000000,1026694045,,,,,,,global_sum
mac,minrows-16-262144-0.csv,1024,85000,,1000000.0,,,,scalar,,,93400,,none,,5,,,1000000,11764705882,,,,,,,global_count
mac,minrows-16-262144-0.csv,1024,9238000,,233365582.0659991,,,,scalar,,,9259400,,10pct,,5,,,1000000,108248538,,,,,,,arithmetic_chain
mac,minrows-16-262144-0.csv,1024,3406000,,233365582.0659991,,,,simd4,,,3482200,,10pct,,5,,,1000000,293599530,,,,,,,arithmetic_chain
mac,minrows-16-262144-0.csv,1024,2139000,,938109.5,,,,simd4,,,2145000,,10pct,,5,,,1000000,467508181,,,,,,,nullable_compare
mac,minrows-16-262144-0.csv,1024,4756000,,-1696707.0,,,,simd4,,,4765200,,10pct,,5,,,1000000,210260723,,,,,,,filter
mac,minrows-16-262144-0.csv,1024,913000,,-582242.0,,,,scalar,,,1313400,,10pct,,5,,,1000000,1095290251,,,,,,,global_sum
mac,minrows-16-262144-0.csv,1024,91000,,900000.0,,,,scalar,,,99600,,10pct,,5,,,1000000,10989010989,,,,,,,global_count
mac,minrows-16-262144-0.csv,1024,3845000,,5708002.17,,low,,scalar,,,3856800,,10pct,,5,,,1000000,260078023,,,,,,,grouped_sum_count
mac,minrows-16-262144-0.csv,1024,21633000,,6322551.41,,high,,scalar,,,22027600,,10pct,,5,,,1000000,46225673,,,,,,,grouped_sum_count
mac,minrows-16-262144-0.csv,1024,25438000,,3979677.4499999993,,skewed,,scalar,,,26350200,,10pct,,5,,,1000000,39311266,,,,,,,grouped_sum_count
mac,minrows-16-262144-1.csv,1024,28000,,406266.15199999954,,,,scalar,,,30400,,none,,5,,,1000,35714285,,,,,,,arithmetic_chain
mac,minrows-16-262144-1.csv,1024,11000,,406266.15199999954,,,,simd4,,,11000,,none,,5,,,1000,90909090,,,,,,,arithmetic_chain
mac,minrows-16-262144-1.csv,1024,6000,,874.0,,,,simd4,,,6800,,none,,5,,,1000,166666666,,,,,,,nullable_compare
mac,minrows-16-262144-1.csv,1024,13000,,-45191.0,,,,simd4,,,14600,,none,,5,,,1000,76923076,,,,,,,filter
mac,minrows-16-262144-1.csv,1024,5000,,-13051.0,,,,scalar,,,5000,,none,,5,,,1000,200000000,,,,,,,global_sum
mac,minrows-16-262144-1.csv,1024,2000,,1000.0,,,,scalar,,,2200,,none,,5,,,1000,500000000,,,,,,,global_count
mac,minrows-16-262144-1.csv,1024,28000,,346124.2987499998,,,,scalar,,,28600,,10pct,,5,,,1000,35714285,,,,,,,arithmetic_chain
mac,minrows-16-262144-1.csv,1024,11000,,346124.2987499998,,,,simd4,,,11400,,10pct,,5,,,1000,90909090,,,,,,,arithmetic_chain
mac,minrows-16-262144-1.csv,1024,6000,,934.5,,,,simd4,,,6200,,10pct,,5,,,1000,166666666,,,,,,,nullable_compare
mac,minrows-16-262144-1.csv,1024,12000,,-51656.0,,,,simd4,,,13200,,10pct,,5,,,1000,83333333,,,,,,,filter
mac,minrows-16-262144-1.csv,1024,5000,,-9946.0,,,,scalar,,,5000,,10pct,,5,,,1000,200000000,,,,,,,global_sum
mac,minrows-16-262144-1.csv,1024,2000,,900.0,,,,scalar,,,2200,,10pct,,5,,,1000,500000000,,,,,,,global_count
mac,minrows-16-262144-1.csv,1024,20000,,4024.5700000000015,,low,,scalar,,,20600,,10pct,,5,,,1000,50000000,,,,,,,grouped_sum_count
mac,minrows-16-262144-1.csv,1024,23000,,4861.900000000003,,high,,scalar,,,23600,,10pct,,5,,,1000,43478260,,,,,,,grouped_sum_count
mac,minrows-16-262144-1.csv,1024,23000,,6623.439999999998,,skewed,,scalar,,,23800,,10pct,,5,,,1000,43478260,,,,,,,grouped_sum_count
mac,minrows-16-262144-1.csv,1024,2487000,,24796340.01649992,,,,scalar,,,2509200,,none,,5,,,100000,40209087,,,,,,,arithmetic_chain
mac,minrows-16-262144-1.csv,1024,736000,,24796340.01649992,,,,simd4,,,740800,,none,,5,,,100000,135869565,,,,,,,arithmetic_chain
mac,minrows-16-262144-1.csv,1024,544000,,87625.0,,,,simd4,,,548400,,none,,5,,,100000,183823529,,,,,,,nullable_compare
mac,minrows-16-262144-1.csv,1024,1207000,,-178310.0,,,,simd4,,,1240800,,none,,5,,,100000,82850041,,,,,,,filter
mac,minrows-16-262144-1.csv,1024,260000,,225294.0,,,,scalar,,,262000,,none,,5,,,100000,384615384,,,,,,,global_sum
mac,minrows-16-262144-1.csv,1024,11000,,100000.0,,,,scalar,,,11200,,none,,5,,,100000,9090909090,,,,,,,global_count
mac,minrows-16-262144-1.csv,1024,2528000,,22384188.787249964,,,,scalar,,,2538800,,10pct,,5,,,100000,39556962,,,,,,,arithmetic_chain
mac,minrows-16-262144-1.csv,1024,779000,,22384188.787249964,,,,simd4,,,783000,,10pct,,5,,,100000,128369704,,,,,,,arithmetic_chain
mac,minrows-16-262144-1.csv,1024,544000,,94016.5,,,,simd4,,,546000,,10pct,,5,,,100000,183823529,,,,,,,nullable_compare
mac,minrows-16-262144-1.csv,1024,1134000,,138719.0,,,,simd4,,,1142800,,10pct,,5,,,100000,88183421,,,,,,,filter
mac,minrows-16-262144-1.csv,1024,238000,,233310.0,,,,scalar,,,242600,,10pct,,5,,,100000,420168067,,,,,,,global_sum
mac,minrows-16-262144-1.csv,1024,11000,,90000.0,,,,scalar,,,11200,,10pct,,5,,,100000,9090909090,,,,,,,global_count
mac,minrows-16-262144-1.csv,1024,958000,,618434.6799999996,,low,,scalar,,,959000,,10pct,,5,,,100000,104384133,,,,,,,grouped_sum_count
mac,minrows-16-262144-1.csv,1024,2755000,,635654.8099999999,,high,,scalar,,,2806600,,10pct,,5,,,100000,36297640,,,,,,,grouped_sum_count
mac,minrows-16-262144-1.csv,1024,2521000,,395334.35,,skewed,,scalar,,,2543400,,10pct,,5,,,100000,39666798,,,,,,,grouped_sum_count
mac,minrows-16-262144-1.csv,1024,9139000,,259031205.06900412,,,,scalar,,,9177200,,none,,5,,,1000000,109421162,,,,,,,arithmetic_chain
mac,minrows-16-262144-1.csv,1024,3251000,,259031205.06900412,,,,simd4,,,3372600,,none,,5,,,1000000,307597662,,,,,,,arithmetic_chain
mac,minrows-16-262144-1.csv,1024,2118000,,875096.0,,,,simd4,,,2132400,,none,,5,,,1000000,472143531,,,,,,,nullable_compare
mac,minrows-16-262144-1.csv,1024,4820000,,-859325.0,,,,simd4,,,5048800,,none,,5,,,1000000,207468879,,,,,,,filter
mac,minrows-16-262144-1.csv,1024,978000,,-628025.0,,,,scalar,,,982400,,none,,5,,,1000000,1022494887,,,,,,,global_sum
mac,minrows-16-262144-1.csv,1024,91000,,1000000.0,,,,scalar,,,94000,,none,,5,,,1000000,10989010989,,,,,,,global_count
mac,minrows-16-262144-1.csv,1024,9252000,,233365582.0659991,,,,scalar,,,9272600,,10pct,,5,,,1000000,108084738,,,,,,,arithmetic_chain
mac,minrows-16-262144-1.csv,1024,3382000,,233365582.0659991,,,,simd4,,,3451200,,10pct,,5,,,1000000,295683027,,,,,,,arithmetic_chain
mac,minrows-16-262144-1.csv,1024,2127000,,938109.5,,,,simd4,,,2134800,,10pct,,5,,,1000000,470145745,,,,,,,nullable_compare
mac,minrows-16-262144-1.csv,1024,4741000,,-1696707.0,,,,simd4,,,4776200,,10pct,,5,,,1000000,210925964,,,,,,,filter
mac,minrows-16-262144-1.csv,1024,906000,,-582242.0,,,,scalar,,,1323400,,10pct,,5,,,1000000,1103752759,,,,,,,global_sum
mac,minrows-16-262144-1.csv,1024,89000,,900000.0,,,,scalar,,,96200,,10pct,,5,,,1000000,11235955056,,,,,,,global_count
mac,minrows-16-262144-1.csv,1024,3837000,,5708002.17,,low,,scalar,,,3848200,,10pct,,5,,,1000000,260620276,,,,,,,grouped_sum_count
mac,minrows-16-262144-1.csv,1024,22076000,,6322551.41,,high,,scalar,,,23048200,,10pct,,5,,,1000000,45298061,,,,,,,grouped_sum_count
mac,minrows-16-262144-1.csv,1024,25377000,,3979677.4499999993,,skewed,,scalar,,,26073200,,10pct,,5,,,1000000,39405761,,,,,,,grouped_sum_count
mac,minrows-16-65536-0.csv,1024,31000,,406266.15199999954,,,,scalar,,,31600,,none,,5,,,1000,32258064,,,,,,,arithmetic_chain
mac,minrows-16-65536-0.csv,1024,12000,,406266.15199999954,,,,simd4,,,12200,,none,,5,,,1000,83333333,,,,,,,arithmetic_chain
mac,minrows-16-65536-0.csv,1024,6000,,874.0,,,,simd4,,,7000,,none,,5,,,1000,166666666,,,,,,,nullable_compare
mac,minrows-16-65536-0.csv,1024,14000,,-45191.0,,,,simd4,,,15600,,none,,5,,,1000,71428571,,,,,,,filter
mac,minrows-16-65536-0.csv,1024,5000,,-13051.0,,,,scalar,,,5200,,none,,5,,,1000,200000000,,,,,,,global_sum
mac,minrows-16-65536-0.csv,1024,2000,,1000.0,,,,scalar,,,2200,,none,,5,,,1000,500000000,,,,,,,global_count
mac,minrows-16-65536-0.csv,1024,29000,,346124.2987499998,,,,scalar,,,29800,,10pct,,5,,,1000,34482758,,,,,,,arithmetic_chain
mac,minrows-16-65536-0.csv,1024,12000,,346124.2987499998,,,,simd4,,,12000,,10pct,,5,,,1000,83333333,,,,,,,arithmetic_chain
mac,minrows-16-65536-0.csv,1024,6000,,934.5,,,,simd4,,,6400,,10pct,,5,,,1000,166666666,,,,,,,nullable_compare
mac,minrows-16-65536-0.csv,1024,13000,,-51656.0,,,,simd4,,,13400,,10pct,,5,,,1000,76923076,,,,,,,filter
mac,minrows-16-65536-0.csv,1024,4000,,-9946.0,,,,scalar,,,4400,,10pct,,5,,,1000,250000000,,,,,,,global_sum
mac,minrows-16-65536-0.csv,1024,2000,,900.0,,,,scalar,,,2400,,10pct,,5,,,1000,500000000,,,,,,,global_count
mac,minrows-16-65536-0.csv,1024,21000,,4024.5700000000015,,low,,scalar,,,21600,,10pct,,5,,,1000,47619047,,,,,,,grouped_sum_count
mac,minrows-16-65536-0.csv,1024,24000,,4861.900000000003,,high,,scalar,,,24400,,10pct,,5,,,1000,41666666,,,,,,,grouped_sum_count
mac,minrows-16-65536-0.csv,1024,23000,,6623.439999999998,,skewed,,scalar,,,24000,,10pct,,5,,,1000,43478260,,,,,,,grouped_sum_count
mac,minrows-16-65536-0.csv,1024,2482000,,24796340.01649992,,,,scalar,,,2501600,,none,,5,,,100000,40290088,,,,,,,arithmetic_chain
mac,minrows-16-65536-0.csv,1024,737000,,24796340.01649992,,,,simd4,,,741000,,none,,5,,,100000,135685210,,,,,,,arithmetic_chain
mac,minrows-16-65536-0.csv,1024,544000,,87625.0,,,,simd4,,,546800,,none,,5,,,100000,183823529,,,,,,,nullable_compare
mac,minrows-16-65536-0.csv,1024,1205000,,-178310.0,,,,simd4,,,1233800,,none,,5,,,100000,82987551,,,,,,,filter
mac,minrows-16-65536-0.csv,1024,255000,,225294.0,,,,scalar,,,255600,,none,,5,,,100000,392156862,,,,,,,global_sum
mac,minrows-16-65536-0.csv,1024,11000,,100000.0,,,,scalar,,,11200,,none,,5,,,100000,9090909090,,,,,,,global_count
mac,minrows-16-65536-0.csv,1024,2493000,,22384188.787249964,,,,scalar,,,2497200,,10pct,,5,,,100000,40112314,,,,,,,arithmetic_chain
mac,minrows-16-65536-0.csv,1024,780000,,22384188.787249964,,,,simd4,,,782600,,10pct,,5,,,100000,128205128,,,,,,,arithmetic_chain
mac,minrows-16-65536-0.csv,1024,544000,,94016.5,,,,simd4,,,546400,,10pct,,5,,,100000,183823529,,,,,,,nullable_compare
mac,minrows-16-65536-0.csv,1024,1132000,,138719.0,,,,simd4,,,1140200,,10pct,,5,,,100000,88339222,,,,,,,filter
mac,minrows-16-65536-0.csv,1024,237000,,233310.0,,,,scalar,,,238600,,10pct,,5,,,100000,421940928,,,,,,,global_sum
mac,minrows-16-65536-0.csv,1024,10000,,90000.0,,,,scalar,,,11000,,10pct,,5,,,100000,10000000000,,,,,,,global_count
mac,minrows-16-65536-0.csv,1024,958000,,618434.6799999996,,low,,scalar,,,958600,,10pct,,5,,,100000,104384133,,,,,,,grouped_sum_count
mac,minrows-16-65536-0.csv,1024,2749000,,635654.8099999999,,high,,scalar,,,2801400,,10pct,,5,,,100000,36376864,,,,,,,grouped_sum_count
mac,minrows-16-65536-0.csv,1024,2523000,,395334.35,,skewed,,scalar,,,2546200,,10pct,,5,,,100000,39635354,,,,,,,grouped_sum_count
mac,minrows-16-65536-0.csv,1024,6464000,,259031205.06900412,,,,scalar,,,6845400,,none,,5,,,1000000,154702970,,,,,,,arithmetic_chain
mac,minrows-16-65536-0.csv,1024,2052000,,259031205.06900412,,,,simd4,,,2216200,,none,,5,,,1000000,487329434,,,,,,,arithmetic_chain
mac,minrows-16-65536-0.csv,1024,1455000,,875096.0,,,,simd4,,,1502800,,none,,5,,,1000000,687285223,,,,,,,nullable_compare
mac,minrows-16-65536-0.csv,1024,3997000,,-859325.0,,,,simd4,,,4265200,,none,,5,,,1000000,250187640,,,,,,,filter
mac,minrows-16-65536-0.csv,1024,999000,,-628025.0,,,,scalar,,,1030200,,none,,5,,,1000000,1001001001,,,,,,,global_sum
mac,minrows-16-65536-0.csv,1024,148000,,1000000.0,,,,scalar,,,157800,,none,,5,,,1000000,6756756756,,,,,,,global_count
mac,minrows-16-65536-0.csv,1024,6335000,,233365582.0659991,,,,scalar,,,6623400,,10pct,,5,,,1000000,157853196,,,,,,,arithmetic_chain
mac,minrows-16-65536-0.csv,1024,2235000,,233365582.0659991,,,,simd4,,,2556000,,10pct,,5,,,1000000,447427293,,,,,,,arithmetic_chain
mac,minrows-16-65536-0.csv,1024,1429000,,938109.5,,,,simd4,,,1473800,,10pct,,5,,,1000000,699790062,,,,,,,nullable_compare
mac,minrows-16-65536-0.csv,1024,4050000,,-1696707.0,,,,simd4,,,4511000,,10pct,,5,,,1000000,246913580,,,,,,,filter
mac,minrows-16-65536-0.csv,1024,919000,,-582242.0,,,,scalar,,,1007400,,10pct,,5,,,1000000,1088139281,,,,,,,global_sum
mac,minrows-16-65536-0.csv,1024,145000,,900000.0,,,,scalar,,,154600,,10pct,,5,,,1000000,6896551724,,,,,,,global_count
mac,minrows-16-65536-0.csv,1024,2667000,,5708002.17,,low,,scalar,,,2733000,,10pct,,5,,,1000000,374953130,,,,,,,grouped_sum_count
mac,minrows-16-65536-0.csv,1024,21866000,,6322551.41,,high,,scalar,,,22357800,,10pct,,5,,,1000000,45733101,,,,,,,grouped_sum_count
mac,minrows-16-65536-0.csv,1024,23813000,,3979677.4499999993,,skewed,,scalar,,,24474800,,10pct,,5,,,1000000,41993868,,,,,,,grouped_sum_count
mac,minrows-16-65536-1.csv,1024,31000,,406266.15199999954,,,,scalar,,,32000,,none,,5,,,1000,32258064,,,,,,,arithmetic_chain
mac,minrows-16-65536-1.csv,1024,12000,,406266.15199999954,,,,simd4,,,12200,,none,,5,,,1000,83333333,,,,,,,arithmetic_chain
mac,minrows-16-65536-1.csv,1024,6000,,874.0,,,,simd4,,,6800,,none,,5,,,1000,166666666,,,,,,,nullable_compare
mac,minrows-16-65536-1.csv,1024,14000,,-45191.0,,,,simd4,,,15800,,none,,5,,,1000,71428571,,,,,,,filter
mac,minrows-16-65536-1.csv,1024,5000,,-13051.0,,,,scalar,,,5000,,none,,5,,,1000,200000000,,,,,,,global_sum
mac,minrows-16-65536-1.csv,1024,2000,,1000.0,,,,scalar,,,2200,,none,,5,,,1000,500000000,,,,,,,global_count
mac,minrows-16-65536-1.csv,1024,30000,,346124.2987499998,,,,scalar,,,30400,,10pct,,5,,,1000,33333333,,,,,,,arithmetic_chain
mac,minrows-16-65536-1.csv,1024,11000,,346124.2987499998,,,,simd4,,,11800,,10pct,,5,,,1000,90909090,,,,,,,arithmetic_chain
mac,minrows-16-65536-1.csv,1024,6000,,934.5,,,,simd4,,,6400,,10pct,,5,,,1000,166666666,,,,,,,nullable_compare
mac,minrows-16-65536-1.csv,1024,12000,,-51656.0,,,,simd4,,,13200,,10pct,,5,,,1000,83333333,,,,,,,filter
mac,minrows-16-65536-1.csv,1024,5000,,-9946.0,,,,scalar,,,5000,,10pct,,5,,,1000,200000000,,,,,,,global_sum
mac,minrows-16-65536-1.csv,1024,2000,,900.0,,,,scalar,,,2400,,10pct,,5,,,1000,500000000,,,,,,,global_count
mac,minrows-16-65536-1.csv,1024,21000,,4024.5700000000015,,low,,scalar,,,21400,,10pct,,5,,,1000,47619047,,,,,,,grouped_sum_count
mac,minrows-16-65536-1.csv,1024,23000,,4861.900000000003,,high,,scalar,,,23600,,10pct,,5,,,1000,43478260,,,,,,,grouped_sum_count
mac,minrows-16-65536-1.csv,1024,23000,,6623.439999999998,,skewed,,scalar,,,24200,,10pct,,5,,,1000,43478260,,,,,,,grouped_sum_count
mac,minrows-16-65536-1.csv,1024,2561000,,24796340.01649992,,,,scalar,,,2586600,,none,,5,,,100000,39047247,,,,,,,arithmetic_chain
mac,minrows-16-65536-1.csv,1024,739000,,24796340.01649992,,,,simd4,,,741400,,none,,5,,,100000,135317997,,,,,,,arithmetic_chain
mac,minrows-16-65536-1.csv,1024,547000,,87625.0,,,,simd4,,,550400,,none,,5,,,100000,182815356,,,,,,,nullable_compare
mac,minrows-16-65536-1.csv,1024,1209000,,-178310.0,,,,simd4,,,1235600,,none,,5,,,100000,82712985,,,,,,,filter
mac,minrows-16-65536-1.csv,1024,259000,,225294.0,,,,scalar,,,260600,,none,,5,,,100000,386100386,,,,,,,global_sum
mac,minrows-16-65536-1.csv,1024,11000,,100000.0,,,,scalar,,,11200,,none,,5,,,100000,9090909090,,,,,,,global_count
mac,minrows-16-65536-1.csv,1024,2603000,,22384188.787249964,,,,scalar,,,2607200,,10pct,,5,,,100000,38417210,,,,,,,arithmetic_chain
mac,minrows-16-65536-1.csv,1024,780000,,22384188.787249964,,,,simd4,,,781400,,10pct,,5,,,100000,128205128,,,,,,,arithmetic_chain
mac,minrows-16-65536-1.csv,1024,544000,,94016.5,,,,simd4,,,546000,,10pct,,5,,,100000,183823529,,,,,,,nullable_compare
mac,minrows-16-65536-1.csv,1024,1131000,,138719.0,,,,simd4,,,1140600,,10pct,,5,,,100000,88417329,,,,,,,filter
mac,minrows-16-65536-1.csv,1024,238000,,233310.0,,,,scalar,,,242000,,10pct,,5,,,100000,420168067,,,,,,,global_sum
mac,minrows-16-65536-1.csv,1024,10000,,90000.0,,,,scalar,,,10800,,10pct,,5,,,100000,10000000000,,,,,,,global_count
mac,minrows-16-65536-1.csv,1024,960000,,618434.6799999996,,low,,scalar,,,960400,,10pct,,5,,,100000,104166666,,,,,,,grouped_sum_count
mac,minrows-16-65536-1.csv,1024,2749000,,635654.8099999999,,high,,scalar,,,2804000,,10pct,,5,,,100000,36376864,,,,,,,grouped_sum_count
mac,minrows-16-65536-1.csv,1024,2516000,,395334.35,,skewed,,scalar,,,2526200,,10pct,,5,,,100000,39745627,,,,,,,grouped_sum_count
mac,minrows-16-65536-1.csv,1024,6419000,,259031205.06900412,,,,scalar,,,6919200,,none,,5,,,1000000,155787505,,,,,,,arithmetic_chain
mac,minrows-16-65536-1.csv,1024,2161000,,259031205.06900412,,,,simd4,,,2382800,,none,,5,,,1000000,462748727,,,,,,,arithmetic_chain
mac,minrows-16-65536-1.csv,1024,1450000,,875096.0,,,,simd4,,,1529600,,none,,5,,,1000000,689655172,,,,,,,nullable_compare
mac,minrows-16-65536-1.csv,1024,4136000,,-859325.0,,,,simd4,,,4403200,,none,,5,,,1000000,241779497,,,,,,,filter
mac,minrows-16-65536-1.csv,1024,999000,,-628025.0,,,,scalar,,,1023200,,none,,5,,,1000000,1001001001,,,,,,,global_sum
mac,minrows-16-65536-1.csv,1024,158000,,1000000.0,,,,scalar,,,163200,,none,,5,,,1000000,6329113924,,,,,,,global_count
mac,minrows-16-65536-1.csv,1024,6904000,,233365582.0659991,,,,scalar,,,7355200,,10pct,,5,,,1000000,144843568,,,,,,,arithmetic_chain
mac,minrows-16-65536-1.csv,1024,2300000,,233365582.0659991,,,,simd4,,,2577000,,10pct,,5,,,1000000,434782608,,,,,,,arithmetic_chain
mac,minrows-16-65536-1.csv,1024,1424000,,938109.5,,,,simd4,,,1453400,,10pct,,5,,,1000000,702247191,,,,,,,nullable_compare
mac,minrows-16-65536-1.csv,1024,3937000,,-1696707.0,,,,simd4,,,3984800,,10pct,,5,,,1000000,254000508,,,,,,,filter
mac,minrows-16-65536-1.csv,1024,982000,,-582242.0,,,,scalar,,,1047800,,10pct,,5,,,1000000,1018329938,,,,,,,global_sum
mac,minrows-16-65536-1.csv,1024,156000,,900000.0,,,,scalar,,,161200,,10pct,,5,,,1000000,6410256410,,,,,,,global_count
mac,minrows-16-65536-1.csv,1024,2639000,,5708002.17,,low,,scalar,,,2678400,,10pct,,5,,,1000000,378931413,,,,,,,grouped_sum_count
mac,minrows-16-65536-1.csv,1024,21841000,,6322551.41,,high,,scalar,,,22467200,,10pct,,5,,,1000000,45785449,,,,,,,grouped_sum_count
mac,minrows-16-65536-1.csv,1024,23989000,,3979677.4499999993,,skewed,,scalar,,,24135600,,10pct,,5,,,1000000,41685772,,,,,,,grouped_sum_count
mac,minrows-4-16384-0.csv,1024,108000,,406266.15199999954,,,,scalar,,,110000,,none,,5,,,1000,9259259,,,,,,,arithmetic_chain
mac,minrows-4-16384-0.csv,1024,42000,,406266.15199999954,,,,simd4,,,43600,,none,,5,,,1000,23809523,,,,,,,arithmetic_chain
mac,minrows-4-16384-0.csv,1024,23000,,874.0,,,,simd4,,,24000,,none,,5,,,1000,43478260,,,,,,,nullable_compare
mac,minrows-4-16384-0.csv,1024,51000,,-45191.0,,,,simd4,,,57000,,none,,5,,,1000,19607843,,,,,,,filter
mac,minrows-4-16384-0.csv,1024,18000,,-13051.0,,,,scalar,,,19000,,none,,5,,,1000,55555555,,,,,,,global_sum
mac,minrows-4-16384-0.csv,1024,8000,,1000.0,,,,scalar,,,8200,,none,,5,,,1000,125000000,,,,,,,global_count
mac,minrows-4-16384-0.csv,1024,110000,,346124.2987499998,,,,scalar,,,111800,,10pct,,5,,,1000,9090909,,,,,,,arithmetic_chain
mac,minrows-4-16384-0.csv,1024,43000,,346124.2987499998,,,,simd4,,,43600,,10pct,,5,,,1000,23255813,,,,,,,arithmetic_chain
mac,minrows-4-16384-0.csv,1024,22000,,934.5,,,,simd4,,,22400,,10pct,,5,,,1000,45454545,,,,,,,nullable_compare
mac,minrows-4-16384-0.csv,1024,47000,,-51656.0,,,,simd4,,,52800,,10pct,,5,,,1000,21276595,,,,,,,filter
mac,minrows-4-16384-0.csv,1024,18000,,-9946.0,,,,scalar,,,18000,,10pct,,5,,,1000,55555555,,,,,,,global_sum
mac,minrows-4-16384-0.csv,1024,7000,,900.0,,,,scalar,,,8200,,10pct,,5,,,1000,142857142,,,,,,,global_count
mac,minrows-4-16384-0.csv,1024,62000,,4024.5700000000015,,low,,scalar,,,63800,,10pct,,5,,,1000,16129032,,,,,,,grouped_sum_count
mac,minrows-4-16384-0.csv,1024,69000,,4861.900000000003,,high,,scalar,,,70800,,10pct,,5,,,1000,14492753,,,,,,,grouped_sum_count
mac,minrows-4-16384-0.csv,1024,69000,,6623.439999999998,,skewed,,scalar,,,70800,,10pct,,5,,,1000,14492753,,,,,,,grouped_sum_count
mac,minrows-4-16384-0.csv,1024,1780000,,24796340.01649992,,,,scalar,,,1986400,,none,,5,,,100000,56179775,,,,,,,arithmetic_chain
mac,minrows-4-16384-0.csv,1024,380000,,24796340.01649992,,,,simd4,,,385800,,none,,5,,,100000,263157894,,,,,,,arithmetic_chain
mac,minrows-4-16384-0.csv,1024,220000,,87625.0,,,,simd4,,,225800,,none,,5,,,100000,454545454,,,,,,,nullable_compare
mac,minrows-4-16384-0.csv,1024,479000,,-178310.0,,,,simd4,,,518200,,none,,5,,,100000,208768267,,,,,,,filter
mac,minrows-4-16384-0.csv,1024,149000,,225294.0,,,,scalar,,,151600,,none,,5,,,100000,671140939,,,,,,,global_sum
mac,minrows-4-16384-0.csv,1024,54000,,100000.0,,,,scalar,,,76800,,none,,5,,,100000,1851851851,,,,,,,global_count
mac,minrows-4-16384-0.csv,1024,878000,,22384188.787249964,,,,scalar,,,907600,,10pct,,5,,,100000,113895216,,,,,,,arithmetic_chain
mac,minrows-4-16384-0.csv,1024,306000,,22384188.787249964,,,,simd4,,,332400,,10pct,,5,,,100000,326797385,,,,,,,arithmetic_chain
mac,minrows-4-16384-0.csv,1024,235000,,94016.5,,,,simd4,,,238400,,10pct,,5,,,100000,425531914,,,,,,,nullable_compare
mac,minrows-4-16384-0.csv,1024,527000,,138719.0,,,,simd4,,,552800,,10pct,,5,,,100000,189753320,,,,,,,filter
mac,minrows-4-16384-0.csv,1024,134000,,233310.0,,,,scalar,,,141000,,10pct,,5,,,100000,746268656,,,,,,,global_sum
mac,minrows-4-16384-0.csv,1024,61000,,90000.0,,,,scalar,,,84400,,10pct,,5,,,100000,1639344262,,,,,,,global_count
mac,minrows-4-16384-0.csv,1024,516000,,618434.68,,low,,scalar,,,518000,,10pct,,5,,,100000,193798449,,,,,,,grouped_sum_count
mac,minrows-4-16384-0.csv,1024,2292000,,635654.8099999999,,high,,scalar,,,2727400,,10pct,,5,,,100000,43630017,,,,,,,grouped_sum_count
mac,minrows-4-16384-0.csv,1024,2305000,,395334.35,,skewed,,scalar,,,2614000,,10pct,,5,,,100000,43383947,,,,,,,grouped_sum_count
mac,minrows-4-16384-0.csv,1024,6880000,,259031205.06900412,,,,scalar,,,7026200,,none,,5,,,1000000,145348837,,,,,,,arithmetic_chain
mac,minrows-4-16384-0.csv,1024,2524000,,259031205.06900412,,,,simd4,,,2607600,,none,,5,,,1000000,396196513,,,,,,,arithmetic_chain
mac,minrows-4-16384-0.csv,1024,1626000,,875096.0,,,,simd4,,,1633800,,none,,5,,,1000000,615006150,,,,,,,nullable_compare
mac,minrows-4-16384-0.csv,1024,4384000,,-859325.0,,,,simd4,,,4625800,,none,,5,,,1000000,228102189,,,,,,,filter
mac,minrows-4-16384-0.csv,1024,1625000,,-628025.0,,,,scalar,,,1668200,,none,,5,,,1000000,615384615,,,,,,,global_sum
mac,minrows-4-16384-0.csv,1024,84000,,1000000.0,,,,scalar,,,93800,,none,,5,,,1000000,11904761904,,,,,,,global_count
mac,minrows-4-16384-0.csv,1024,6972000,,233365582.0659991,,,,scalar,,,7143200,,10pct,,5,,,1000000,143430866,,,,,,,arithmetic_chain
mac,minrows-4-16384-0.csv,1024,2657000,,233365582.0659991,,,,simd4,,,2667000,,10pct,,5,,,1000000,376364320,,,,,,,arithmetic_chain
mac,minrows-4-16384-0.csv,1024,1612000,,938109.5,,,,simd4,,,1627000,,10pct,,5,,,1000000,620347394,,,,,,,nullable_compare
mac,minrows-4-16384-0.csv,1024,4261000,,-1696707.0,,,,simd4,,,4308400,,10pct,,5,,,1000000,234686693,,,,,,,filter
mac,minrows-4-16384-0.csv,1024,710000,,-582242.0,,,,scalar,,,713800,,10pct,,5,,,1000000,1408450704,,,,,,,global_sum
mac,minrows-4-16384-0.csv,1024,88000,,900000.0,,,,scalar,,,90600,,10pct,,5,,,1000000,11363636363,,,,,,,global_count
mac,minrows-4-16384-0.csv,1024,2980000,,5708002.170000001,,low,,scalar,,,2988800,,10pct,,5,,,1000000,335570469,,,,,,,grouped_sum_count
mac,minrows-4-16384-0.csv,1024,7238000,,6322551.41,,high,,scalar,,,7367600,,10pct,,5,,,1000000,138159712,,,,,,,grouped_sum_count
mac,minrows-4-16384-0.csv,1024,10613000,,3979677.4499999993,,skewed,,scalar,,,10695600,,10pct,,5,,,1000000,94224064,,,,,,,grouped_sum_count
mac,minrows-4-16384-1.csv,1024,29000,,406266.15199999954,,,,scalar,,,30800,,none,,5,,,1000,34482758,,,,,,,arithmetic_chain
mac,minrows-4-16384-1.csv,1024,11000,,406266.15199999954,,,,simd4,,,11200,,none,,5,,,1000,90909090,,,,,,,arithmetic_chain
mac,minrows-4-16384-1.csv,1024,6000,,874.0,,,,simd4,,,6600,,none,,5,,,1000,166666666,,,,,,,nullable_compare
mac,minrows-4-16384-1.csv,1024,14000,,-45191.0,,,,simd4,,,15000,,none,,5,,,1000,71428571,,,,,,,filter
mac,minrows-4-16384-1.csv,1024,5000,,-13051.0,,,,scalar,,,5000,,none,,5,,,1000,200000000,,,,,,,global_sum
mac,minrows-4-16384-1.csv,1024,2000,,1000.0,,,,scalar,,,2400,,none,,5,,,1000,500000000,,,,,,,global_count
mac,minrows-4-16384-1.csv,1024,28000,,346124.2987499998,,,,scalar,,,28800,,10pct,,5,,,1000,35714285,,,,,,,arithmetic_chain
mac,minrows-4-16384-1.csv,1024,11000,,346124.2987499998,,,,simd4,,,11400,,10pct,,5,,,1000,90909090,,,,,,,arithmetic_chain
mac,minrows-4-16384-1.csv,1024,6000,,934.5,,,,simd4,,,6000,,10pct,,5,,,1000,166666666,,,,,,,nullable_compare
mac,minrows-4-16384-1.csv,1024,12000,,-51656.0,,,,simd4,,,13200,,10pct,,5,,,1000,83333333,,,,,,,filter
mac,minrows-4-16384-1.csv,1024,5000,,-9946.0,,,,scalar,,,5000,,10pct,,5,,,1000,200000000,,,,,,,global_sum
mac,minrows-4-16384-1.csv,1024,2000,,900.0,,,,scalar,,,2200,,10pct,,5,,,1000,500000000,,,,,,,global_count
mac,minrows-4-16384-1.csv,1024,20000,,4024.5700000000015,,low,,scalar,,,20800,,10pct,,5,,,1000,50000000,,,,,,,grouped_sum_count
mac,minrows-4-16384-1.csv,1024,23000,,4861.900000000003,,high,,scalar,,,23800,,10pct,,5,,,1000,43478260,,,,,,,grouped_sum_count
mac,minrows-4-16384-1.csv,1024,22000,,6623.439999999998,,skewed,,scalar,,,23000,,10pct,,5,,,1000,45454545,,,,,,,grouped_sum_count
mac,minrows-4-16384-1.csv,1024,739000,,24796340.01649992,,,,scalar,,,815600,,none,,5,,,100000,135317997,,,,,,,arithmetic_chain
mac,minrows-4-16384-1.csv,1024,314000,,24796340.01649992,,,,simd4,,,327000,,none,,5,,,100000,318471337,,,,,,,arithmetic_chain
mac,minrows-4-16384-1.csv,1024,219000,,87625.0,,,,simd4,,,231800,,none,,5,,,100000,456621004,,,,,,,nullable_compare
mac,minrows-4-16384-1.csv,1024,473000,,-178310.0,,,,simd4,,,507000,,none,,5,,,100000,211416490,,,,,,,filter
mac,minrows-4-16384-1.csv,1024,149000,,225294.0,,,,scalar,,,150600,,none,,5,,,100000,671140939,,,,,,,global_sum
mac,minrows-4-16384-1.csv,1024,64000,,100000.0,,,,scalar,,,67200,,none,,5,,,100000,1562500000,,,,,,,global_count
mac,minrows-4-16384-1.csv,1024,850000,,22384188.787249964,,,,scalar,,,900000,,10pct,,5,,,100000,117647058,,,,,,,arithmetic_chain
mac,minrows-4-16384-1.csv,1024,310000,,22384188.787249964,,,,simd4,,,324200,,10pct,,5,,,100000,322580645,,,,,,,arithmetic_chain
mac,minrows-4-16384-1.csv,1024,218000,,94016.5,,,,simd4,,,232200,,10pct,,5,,,100000,458715596,,,,,,,nullable_compare
mac,minrows-4-16384-1.csv,1024,500000,,138719.0,,,,simd4,,,523000,,10pct,,5,,,100000,200000000,,,,,,,filter
mac,minrows-4-16384-1.csv,1024,179000,,233310.0,,,,scalar,,,192400,,10pct,,5,,,100000,558659217,,,,,,,global_sum
mac,minrows-4-16384-1.csv,1024,47000,,90000.0,,,,scalar,,,68000,,10pct,,5,,,100000,2127659574,,,,,,,global_count
mac,minrows-4-16384-1.csv,1024,513000,,618434.68,,low,,scalar,,,516000,,10pct,,5,,,100000,194931773,,,,,,,grouped_sum_count
mac,minrows-4-16384-1.csv,1024,2473000,,635654.8099999999,,high,,scalar,,,2655600,,10pct,,5,,,100000,40436716,,,,,,,grouped_sum_count
mac,minrows-4-16384-1.csv,1024,2305000,,395334.35,,skewed,,scalar,,,2613400,,10pct,,5,,,100000,43383947,,,,,,,grouped_sum_count
mac,minrows-4-16384-1.csv,1024,6862000,,259031205.06900412,,,,scalar,,,7448600,,none,,5,,,1000000,145730107,,,,,,,arithmetic_chain
mac,minrows-4-16384-1.csv,1024,2562000,,259031205.06900412,,,,simd4,,,2568600,,none,,5,,,1000000,390320062,,,,,,,arithmetic_chain
mac,minrows-4-16384-1.csv,1024,1618000,,875096.0,,,,simd4,,,1632000,,none,,5,,,1000000,618046971,,,,,,,nullable_compare
mac,minrows-4-16384-1.csv,1024,4229000,,-859325.0,,,,simd4,,,4576000,,none,,5,,,1000000,236462520,,,,,,,filter
mac,minrows-4-16384-1.csv,1024,760000,,-628025.0,,,,scalar,,,767200,,none,,5,,,1000000,1315789473,,,,,,,global_sum
mac,minrows-4-16384-1.csv,1024,86000,,1000000.0,,,,scalar,,,89600,,none,,5,,,1000000,11627906976,,,,,,,global_count
mac,minrows-4-16384-1.csv,1024,6973000,,233365582.0659991,,,,scalar,,,7354000,,10pct,,5,,,1000000,143410296,,,,,,,arithmetic_chain
mac,minrows-4-16384-1.csv,1024,2645000,,233365582.0659991,,,,simd4,,,2665600,,10pct,,5,,,1000000,378071833,,,,,,,arithmetic_chain
mac,minrows-4-16384-1.csv,1024,1627000,,938109.5,,,,simd4,,,1631800,,10pct,,5,,,1000000,614628149,,,,,,,nullable_compare
mac,minrows-4-16384-1.csv,1024,4146000,,-1696707.0,,,,simd4,,,4262800,,10pct,,5,,,1000000,241196333,,,,,,,filter
mac,minrows-4-16384-1.csv,1024,715000,,-582242.0,,,,scalar,,,717000,,10pct,,5,,,1000000,1398601398,,,,,,,global_sum
mac,minrows-4-16384-1.csv,1024,94000,,900000.0,,,,scalar,,,95800,,10pct,,5,,,1000000,10638297872,,,,,,,global_count
mac,minrows-4-16384-1.csv,1024,2980000,,5708002.170000001,,low,,scalar,,,2993400,,10pct,,5,,,1000000,335570469,,,,,,,grouped_sum_count
mac,minrows-4-16384-1.csv,1024,7180000,,6322551.41,,high,,scalar,,,7376600,,10pct,,5,,,1000000,139275766,,,,,,,grouped_sum_count
mac,minrows-4-16384-1.csv,1024,10568000,,3979677.4499999993,,skewed,,scalar,,,10805000,,10pct,,5,,,1000000,94625283,,,,,,,grouped_sum_count
mac,minrows-4-262144-0.csv,1024,31000,,406266.15199999954,,,,scalar,,,31800,,none,,5,,,1000,32258064,,,,,,,arithmetic_chain
mac,minrows-4-262144-0.csv,1024,12000,,406266.15199999954,,,,simd4,,,12200,,none,,5,,,1000,83333333,,,,,,,arithmetic_chain
mac,minrows-4-262144-0.csv,1024,7000,,874.0,,,,simd4,,,7200,,none,,5,,,1000,142857142,,,,,,,nullable_compare
mac,minrows-4-262144-0.csv,1024,14000,,-45191.0,,,,simd4,,,15600,,none,,5,,,1000,71428571,,,,,,,filter
mac,minrows-4-262144-0.csv,1024,5000,,-13051.0,,,,scalar,,,5200,,none,,5,,,1000,200000000,,,,,,,global_sum
mac,minrows-4-262144-0.csv,1024,2000,,1000.0,,,,scalar,,,2200,,none,,5,,,1000,500000000,,,,,,,global_count
mac,minrows-4-262144-0.csv,1024,30000,,346124.2987499998,,,,scalar,,,30000,,10pct,,5,,,1000,33333333,,,,,,,arithmetic_chain
mac,minrows-4-262144-0.csv,1024,12000,,346124.2987499998,,,,simd4,,,12000,,10pct,,5,,,1000,83333333,,,,,,,arithmetic_chain
mac,minrows-4-262144-0.csv,1024,6000,,934.5,,,,simd4,,,6200,,10pct,,5,,,1000,166666666,,,,,,,nullable_compare
mac,minrows-4-262144-0.csv,1024,12000,,-51656.0,,,,simd4,,,13400,,10pct,,5,,,1000,83333333,,,,,,,filter
mac,minrows-4-262144-0.csv,1024,5000,,-9946.0,,,,scalar,,,5000,,10pct,,5,,,1000,200000000,,,,,,,global_sum
mac,minrows-4-262144-0.csv,1024,2000,,900.0,,,,scalar,,,2200,,10pct,,5,,,1000,500000000,,,,,,,global_count
mac,minrows-4-262144-0.csv,1024,21000,,4024.5700000000015,,low,,scalar,,,22000,,10pct,,5,,,1000,47619047,,,,,,,grouped_sum_count
mac,minrows-4-262144-0.csv,1024,24000,,4861.900000000003,,high,,scalar,,,24400,,10pct,,5,,,1000,41666666,,,,,,,grouped_sum_count
mac,minrows-4-262144-0.csv,1024,23000,,6623.439999999998,,skewed,,scalar,,,24000,,10pct,,5,,,1000,43478260,,,,,,,grouped_sum_count
mac,minrows-4-262144-0.csv,1024,2537000,,24796340.01649992,,,,scalar,,,2559200,,none,,5,,,100000,39416633,,,,,,,arithmetic_chain
mac,minrows-4-262144-0.csv,1024,731000,,24796340.01649992,,,,simd4,,,735400,,none,,5,,,100000,136798905,,,,,,,arithmetic_chain
mac,minrows-4-262144-0.csv,1024,552000,,87625.0,,,,simd4,,,558200,,none,,5,,,100000,181159420,,,,,,,nullable_compare
mac,minrows-4-262144-0.csv,1024,1202000,,-178310.0,,,,simd4,,,1234400,,none,,5,,,100000,83194675,,,,,,,filter
mac,minrows-4-262144-0.csv,1024,256000,,225294.0,,,,scalar,,,256000,,none,,5,,,100000,390625000,,,,,,,global_sum
mac,minrows-4-262144-0.csv,1024,10000,,100000.0,,,,scalar,,,10400,,none,,5,,,100000,10000000000,,,,,,,global_count
mac,minrows-4-262144-0.csv,1024,2525000,,22384188.787249964,,,,scalar,,,2526800,,10pct,,5,,,100000,39603960,,,,,,,arithmetic_chain
mac,minrows-4-262144-0.csv,1024,776000,,22384188.787249964,,,,simd4,,,777000,,10pct,,5,,,100000,128865979,,,,,,,arithmetic_chain
mac,minrows-4-262144-0.csv,1024,544000,,94016.5,,,,simd4,,,547200,,10pct,,5,,,100000,183823529,,,,,,,nullable_compare
mac,minrows-4-262144-0.csv,1024,1129000,,138719.0,,,,simd4,,,1138200,,10pct,,5,,,100000,88573959,,,,,,,filter
mac,minrows-4-262144-0.csv,1024,237000,,233310.0,,,,scalar,,,237800,,10pct,,5,,,100000,421940928,,,,,,,global_sum
mac,minrows-4-262144-0.csv,1024,11000,,90000.0,,,,scalar,,,11000,,10pct,,5,,,100000,9090909090,,,,,,,global_count
mac,minrows-4-262144-0.csv,1024,962000,,618434.6799999996,,low,,scalar,,,964000,,10pct,,5,,,100000,103950103,,,,,,,grouped_sum_count
mac,minrows-4-262144-0.csv,1024,2750000,,635654.8099999999,,high,,scalar,,,2815000,,10pct,,5,,,100000,36363636,,,,,,,grouped_sum_count
mac,minrows-4-262144-0.csv,1024,2520000,,395334.35,,skewed,,scalar,,,2535000,,10pct,,5,,,100000,39682539,,,,,,,grouped_sum_count
mac,minrows-4-262144-0.csv,1024,9308000,,259031205.06900412,,,,scalar,,,9354200,,none,,5,,,1000000,107434464,,,,,,,arithmetic_chain
mac,minrows-4-262144-0.csv,1024,3264000,,259031205.06900412,,,,simd4,,,3351800,,none,,5,,,1000000,306372549,,,,,,,arithmetic_chain
mac,minrows-4-262144-0.csv,1024,2144000,,875096.0,,,,simd4,,,2151400,,none,,5,,,1000000,466417910,,,,,,,nullable_compare
mac,minrows-4-262144-0.csv,1024,4799000,,-859325.0,,,,simd4,,,5043400,,none,,5,,,1000000,208376745,,,,,,,filter
mac,minrows-4-262144-0.csv,1024,971000,,-628025.0,,,,scalar,,,978800,,none,,5,,,1000000,1029866117,,,,,,,global_sum
mac,minrows-4-262144-0.csv,1024,84000,,1000000.0,,,,scalar,,,93000,,none,,5,,,1000000,11904761904,,,,,,,global_count
mac,minrows-4-262144-0.csv,1024,9455000,,233365582.0659991,,,,scalar,,,9484200,,10pct,,5,,,1000000,105764145,,,,,,,arithmetic_chain
mac,minrows-4-262144-0.csv,1024,3426000,,233365582.0659991,,,,simd4,,,3463200,,10pct,,5,,,1000000,291885580,,,,,,,arithmetic_chain
mac,minrows-4-262144-0.csv,1024,2134000,,938109.5,,,,simd4,,,2143200,,10pct,,5,,,1000000,468603561,,,,,,,nullable_compare
mac,minrows-4-262144-0.csv,1024,4746000,,-1696707.0,,,,simd4,,,4779400,,10pct,,5,,,1000000,210703750,,,,,,,filter
mac,minrows-4-262144-0.csv,1024,912000,,-582242.0,,,,scalar,,,1318600,,10pct,,5,,,1000000,1096491228,,,,,,,global_sum
mac,minrows-4-262144-0.csv,1024,85000,,900000.0,,,,scalar,,,92400,,10pct,,5,,,1000000,11764705882,,,,,,,global_count
mac,minrows-4-262144-0.csv,1024,3846000,,5708002.17,,low,,scalar,,,3852200,,10pct,,5,,,1000000,260010400,,,,,,,grouped_sum_count
mac,minrows-4-262144-0.csv,1024,7475000,,6322551.41,,high,,scalar,,,7611400,,10pct,,5,,,1000000,133779264,,,,,,,grouped_sum_count
mac,minrows-4-262144-0.csv,1024,11084000,,3979677.4499999993,,skewed,,scalar,,,11136800,,10pct,,5,,,1000000,90220137,,,,,,,grouped_sum_count
mac,minrows-4-262144-1.csv,1024,30000,,406266.15199999954,,,,scalar,,,31000,,none,,5,,,1000,33333333,,,,,,,arithmetic_chain
mac,minrows-4-262144-1.csv,1024,11000,,406266.15199999954,,,,simd4,,,11200,,none,,5,,,1000,90909090,,,,,,,arithmetic_chain
mac,minrows-4-262144-1.csv,1024,6000,,874.0,,,,simd4,,,7000,,none,,5,,,1000,166666666,,,,,,,nullable_compare
mac,minrows-4-262144-1.csv,1024,13000,,-45191.0,,,,simd4,,,14400,,none,,5,,,1000,76923076,,,,,,,filter
mac,minrows-4-262144-1.csv,1024,5000,,-13051.0,,,,scalar,,,5000,,none,,5,,,1000,200000000,,,,,,,global_sum
mac,minrows-4-262144-1.csv,1024,2000,,1000.0,,,,scalar,,,2200,,none,,5,,,1000,500000000,,,,,,,global_count
mac,minrows-4-262144-1.csv,1024,28000,,346124.2987499998,,,,scalar,,,28800,,10pct,,5,,,1000,35714285,,,,,,,arithmetic_chain
mac,minrows-4-262144-1.csv,1024,11000,,346124.2987499998,,,,simd4,,,11200,,10pct,,5,,,1000,90909090,,,,,,,arithmetic_chain
mac,minrows-4-262144-1.csv,1024,6000,,934.5,,,,simd4,,,6200,,10pct,,5,,,1000,166666666,,,,,,,nullable_compare
mac,minrows-4-262144-1.csv,1024,13000,,-51656.0,,,,simd4,,,13400,,10pct,,5,,,1000,76923076,,,,,,,filter
mac,minrows-4-262144-1.csv,1024,5000,,-9946.0,,,,scalar,,,5000,,10pct,,5,,,1000,200000000,,,,,,,global_sum
mac,minrows-4-262144-1.csv,1024,2000,,900.0,,,,scalar,,,2600,,10pct,,5,,,1000,500000000,,,,,,,global_count
mac,minrows-4-262144-1.csv,1024,20000,,4024.5700000000015,,low,,scalar,,,20800,,10pct,,5,,,1000,50000000,,,,,,,grouped_sum_count
mac,minrows-4-262144-1.csv,1024,23000,,4861.900000000003,,high,,scalar,,,23600,,10pct,,5,,,1000,43478260,,,,,,,grouped_sum_count
mac,minrows-4-262144-1.csv,1024,23000,,6623.439999999998,,skewed,,scalar,,,24200,,10pct,,5,,,1000,43478260,,,,,,,grouped_sum_count
mac,minrows-4-262144-1.csv,1024,2533000,,24796340.01649992,,,,scalar,,,2560400,,none,,5,,,100000,39478878,,,,,,,arithmetic_chain
mac,minrows-4-262144-1.csv,1024,737000,,24796340.01649992,,,,simd4,,,745600,,none,,5,,,100000,135685210,,,,,,,arithmetic_chain
mac,minrows-4-262144-1.csv,1024,545000,,87625.0,,,,simd4,,,549800,,none,,5,,,100000,183486238,,,,,,,nullable_compare
mac,minrows-4-262144-1.csv,1024,1205000,,-178310.0,,,,simd4,,,1235000,,none,,5,,,100000,82987551,,,,,,,filter
mac,minrows-4-262144-1.csv,1024,256000,,225294.0,,,,scalar,,,256600,,none,,5,,,100000,390625000,,,,,,,global_sum
mac,minrows-4-262144-1.csv,1024,11000,,100000.0,,,,scalar,,,11200,,none,,5,,,100000,9090909090,,,,,,,global_count
mac,minrows-4-262144-1.csv,1024,2513000,,22384188.787249964,,,,scalar,,,2525200,,10pct,,5,,,100000,39793076,,,,,,,arithmetic_chain
mac,minrows-4-262144-1.csv,1024,779000,,22384188.787249964,,,,simd4,,,782800,,10pct,,5,,,100000,128369704,,,,,,,arithmetic_chain
mac,minrows-4-262144-1.csv,1024,541000,,94016.5,,,,simd4,,,545600,,10pct,,5,,,100000,184842883,,,,,,,nullable_compare
mac,minrows-4-262144-1.csv,1024,1137000,,138719.0,,,,simd4,,,1143600,,10pct,,5,,,100000,87950747,,,,,,,filter
mac,minrows-4-262144-1.csv,1024,237000,,233310.0,,,,scalar,,,239000,,10pct,,5,,,100000,421940928,,,,,,,global_sum
mac,minrows-4-262144-1.csv,1024,10000,,90000.0,,,,scalar,,,11000,,10pct,,5,,,100000,10000000000,,,,,,,global_count
mac,minrows-4-262144-1.csv,1024,962000,,618434.6799999996,,low,,scalar,,,962600,,10pct,,5,,,100000,103950103,,,,,,,grouped_sum_count
mac,minrows-4-262144-1.csv,1024,2749000,,635654.8099999999,,high,,scalar,,,2811400,,10pct,,5,,,100000,36376864,,,,,,,grouped_sum_count
mac,minrows-4-262144-1.csv,1024,2522000,,395334.35,,skewed,,scalar,,,2537200,,10pct,,5,,,100000,39651070,,,,,,,grouped_sum_count
mac,minrows-4-262144-1.csv,1024,9309000,,259031205.06900412,,,,scalar,,,9348600,,none,,5,,,1000000,107422924,,,,,,,arithmetic_chain
mac,minrows-4-262144-1.csv,1024,3284000,,259031205.06900412,,,,simd4,,,3339200,,none,,5,,,1000000,304506699,,,,,,,arithmetic_chain
mac,minrows-4-262144-1.csv,1024,2133000,,875096.0,,,,simd4,,,2142400,,none,,5,,,1000000,468823253,,,,,,,nullable_compare
mac,minrows-4-262144-1.csv,1024,4792000,,-859325.0,,,,simd4,,,5031800,,none,,5,,,1000000,208681135,,,,,,,filter
mac,minrows-4-262144-1.csv,1024,971000,,-628025.0,,,,scalar,,,973400,,none,,5,,,1000000,1029866117,,,,,,,global_sum
mac,minrows-4-262144-1.csv,1024,89000,,1000000.0,,,,scalar,,,93000,,none,,5,,,1000000,11235955056,,,,,,,global_count
mac,minrows-4-262144-1.csv,1024,9434000,,233365582.0659991,,,,scalar,,,9454800,,10pct,,5,,,1000000,105999576,,,,,,,arithmetic_chain
mac,minrows-4-262144-1.csv,1024,3366000,,233365582.0659991,,,,simd4,,,3434400,,10pct,,5,,,1000000,297088532,,,,,,,arithmetic_chain
mac,minrows-4-262144-1.csv,1024,2135000,,938109.5,,,,simd4,,,2140600,,10pct,,5,,,1000000,468384074,,,,,,,nullable_compare
mac,minrows-4-262144-1.csv,1024,4751000,,-1696707.0,,,,simd4,,,4780200,,10pct,,5,,,1000000,210482003,,,,,,,filter
mac,minrows-4-262144-1.csv,1024,910000,,-582242.0,,,,scalar,,,1344000,,10pct,,5,,,1000000,1098901098,,,,,,,global_sum
mac,minrows-4-262144-1.csv,1024,83000,,900000.0,,,,scalar,,,93600,,10pct,,5,,,1000000,12048192771,,,,,,,global_count
mac,minrows-4-262144-1.csv,1024,3845000,,5708002.17,,low,,scalar,,,3853800,,10pct,,5,,,1000000,260078023,,,,,,,grouped_sum_count
mac,minrows-4-262144-1.csv,1024,7521000,,6322551.41,,high,,scalar,,,7749600,,10pct,,5,,,1000000,132961042,,,,,,,grouped_sum_count
mac,minrows-4-262144-1.csv,1024,11048000,,3979677.4499999993,,skewed,,scalar,,,11296600,,10pct,,5,,,1000000,90514120,,,,,,,grouped_sum_count
mac,minrows-4-65536-0.csv,1024,30000,,406266.15199999954,,,,scalar,,,31000,,none,,5,,,1000,33333333,,,,,,,arithmetic_chain
mac,minrows-4-65536-0.csv,1024,11000,,406266.15199999954,,,,simd4,,,11200,,none,,5,,,1000,90909090,,,,,,,arithmetic_chain
mac,minrows-4-65536-0.csv,1024,6000,,874.0,,,,simd4,,,6600,,none,,5,,,1000,166666666,,,,,,,nullable_compare
mac,minrows-4-65536-0.csv,1024,13000,,-45191.0,,,,simd4,,,14800,,none,,5,,,1000,76923076,,,,,,,filter
mac,minrows-4-65536-0.csv,1024,5000,,-13051.0,,,,scalar,,,5200,,none,,5,,,1000,200000000,,,,,,,global_sum
mac,minrows-4-65536-0.csv,1024,2000,,1000.0,,,,scalar,,,2400,,none,,5,,,1000,500000000,,,,,,,global_count
mac,minrows-4-65536-0.csv,1024,28000,,346124.2987499998,,,,scalar,,,28600,,10pct,,5,,,1000,35714285,,,,,,,arithmetic_chain
mac,minrows-4-65536-0.csv,1024,11000,,346124.2987499998,,,,simd4,,,11400,,10pct,,5,,,1000,90909090,,,,,,,arithmetic_chain
mac,minrows-4-65536-0.csv,1024,6000,,934.5,,,,simd4,,,6200,,10pct,,5,,,1000,166666666,,,,,,,nullable_compare
mac,minrows-4-65536-0.csv,1024,12000,,-51656.0,,,,simd4,,,13200,,10pct,,5,,,1000,83333333,,,,,,,filter
mac,minrows-4-65536-0.csv,1024,4000,,-9946.0,,,,scalar,,,4800,,10pct,,5,,,1000,250000000,,,,,,,global_sum
mac,minrows-4-65536-0.csv,1024,2000,,900.0,,,,scalar,,,2400,,10pct,,5,,,1000,500000000,,,,,,,global_count
mac,minrows-4-65536-0.csv,1024,20000,,4024.5700000000015,,low,,scalar,,,21200,,10pct,,5,,,1000,50000000,,,,,,,grouped_sum_count
mac,minrows-4-65536-0.csv,1024,23000,,4861.900000000003,,high,,scalar,,,23600,,10pct,,5,,,1000,43478260,,,,,,,grouped_sum_count
mac,minrows-4-65536-0.csv,1024,23000,,6623.439999999998,,skewed,,scalar,,,24000,,10pct,,5,,,1000,43478260,,,,,,,grouped_sum_count
mac,minrows-4-65536-0.csv,1024,2477000,,24796340.01649992,,,,scalar,,,2504400,,none,,5,,,100000,40371417,,,,,,,arithmetic_chain
mac,minrows-4-65536-0.csv,1024,734000,,24796340.01649992,,,,simd4,,,738200,,none,,5,,,100000,136239782,,,,,,,arithmetic_chain
mac,minrows-4-65536-0.csv,1024,545000,,87625.0,,,,simd4,,,549400,,none,,5,,,100000,183486238,,,,,,,nullable_compare
mac,minrows-4-65536-0.csv,1024,1206000,,-178310.0,,,,simd4,,,1235200,,none,,5,,,100000,82918739,,,,,,,filter
mac,minrows-4-65536-0.csv,1024,256000,,225294.0,,,,scalar,,,256000,,none,,5,,,100000,390625000,,,,,,,global_sum
mac,minrows-4-65536-0.csv,1024,10000,,100000.0,,,,scalar,,,10800,,none,,5,,,100000,10000000000,,,,,,,global_count
mac,minrows-4-65536-0.csv,1024,2495000,,22384188.787249964,,,,scalar,,,2497200,,10pct,,5,,,100000,40080160,,,,,,,arithmetic_chain
mac,minrows-4-65536-0.csv,1024,777000,,22384188.787249964,,,,simd4,,,780200,,10pct,,5,,,100000,128700128,,,,,,,arithmetic_chain
mac,minrows-4-65536-0.csv,1024,544000,,94016.5,,,,simd4,,,545000,,10pct,,5,,,100000,183823529,,,,,,,nullable_compare
mac,minrows-4-65536-0.csv,1024,1133000,,138719.0,,,,simd4,,,1139200,,10pct,,5,,,100000,88261253,,,,,,,filter
mac,minrows-4-65536-0.csv,1024,237000,,233310.0,,,,scalar,,,239800,,10pct,,5,,,100000,421940928,,,,,,,global_sum
mac,minrows-4-65536-0.csv,1024,10000,,90000.0,,,,scalar,,,10800,,10pct,,5,,,100000,10000000000,,,,,,,global_count
mac,minrows-4-65536-0.csv,1024,958000,,618434.6799999996,,low,,scalar,,,959400,,10pct,,5,,,100000,104384133,,,,,,,grouped_sum_count
mac,minrows-4-65536-0.csv,1024,2764000,,635654.8099999999,,high,,scalar,,,2802800,,10pct,,5,,,100000,36179450,,,,,,,grouped_sum_count
mac,minrows-4-65536-0.csv,1024,2520000,,395334.35,,skewed,,scalar,,,2542600,,10pct,,5,,,100000,39682539,,,,,,,grouped_sum_count
mac,minrows-4-65536-0.csv,1024,6871000,,259031205.06900412,,,,scalar,,,6962400,,none,,5,,,1000000,145539222,,,,,,,arithmetic_chain
mac,minrows-4-65536-0.csv,1024,2470000,,259031205.06900412,,,,simd4,,,2536200,,none,,5,,,1000000,404858299,,,,,,,arithmetic_chain
mac,minrows-4-65536-0.csv,1024,1619000,,875096.0,,,,simd4,,,1633400,,none,,5,,,1000000,617665225,,,,,,,nullable_compare
mac,minrows-4-65536-0.csv,1024,4405000,,-859325.0,,,,simd4,,,4655600,,none,,5,,,1000000,227014755,,,,,,,filter
mac,minrows-4-65536-0.csv,1024,1651000,,-628025.0,,,,scalar,,,1661600,,none,,5,,,1000000,605693519,,,,,,,global_sum
mac,minrows-4-65536-0.csv,1024,94000,,1000000.0,,,,scalar,,,97200,,none,,5,,,1000000,10638297872,,,,,,,global_count
mac,minrows-4-65536-0.csv,1024,6987000,,233365582.0659991,,,,scalar,,,7095400,,10pct,,5,,,1000000,143122942,,,,,,,arithmetic_chain
mac,minrows-4-65536-0.csv,1024,2537000,,233365582.0659991,,,,simd4,,,2631800,,10pct,,5,,,1000000,394166338,,,,,,,arithmetic_chain
mac,minrows-4-65536-0.csv,1024,1624000,,938109.5,,,,simd4,,,1632400,,10pct,,5,,,1000000,615763546,,,,,,,nullable_compare
mac,minrows-4-65536-0.csv,1024,4264000,,-1696707.0,,,,simd4,,,4381800,,10pct,,5,,,1000000,234521575,,,,,,,filter
mac,minrows-4-65536-0.csv,1024,690000,,-582242.0,,,,scalar,,,722400,,10pct,,5,,,1000000,1449275362,,,,,,,global_sum
mac,minrows-4-65536-0.csv,1024,93000,,900000.0,,,,scalar,,,95400,,10pct,,5,,,1000000,10752688172,,,,,,,global_count
mac,minrows-4-65536-0.csv,1024,2982000,,5708002.170000001,,low,,scalar,,,2991800,,10pct,,5,,,1000000,335345405,,,,,,,grouped_sum_count
mac,minrows-4-65536-0.csv,1024,7090000,,6322551.41,,high,,scalar,,,7326200,,10pct,,5,,,1000000,141043723,,,,,,,grouped_sum_count
mac,minrows-4-65536-0.csv,1024,10611000,,3979677.4499999993,,skewed,,scalar,,,10772400,,10pct,,5,,,1000000,94241824,,,,,,,grouped_sum_count
mac,minrows-4-65536-1.csv,1024,29000,,406266.15199999954,,,,scalar,,,30800,,none,,5,,,1000,34482758,,,,,,,arithmetic_chain
mac,minrows-4-65536-1.csv,1024,10000,,406266.15199999954,,,,simd4,,,11200,,none,,5,,,1000,100000000,,,,,,,arithmetic_chain
mac,minrows-4-65536-1.csv,1024,6000,,874.0,,,,simd4,,,6800,,none,,5,,,1000,166666666,,,,,,,nullable_compare
mac,minrows-4-65536-1.csv,1024,14000,,-45191.0,,,,simd4,,,15200,,none,,5,,,1000,71428571,,,,,,,filter
mac,minrows-4-65536-1.csv,1024,5000,,-13051.0,,,,scalar,,,5000,,none,,5,,,1000,200000000,,,,,,,global_sum
mac,minrows-4-65536-1.csv,1024,2000,,1000.0,,,,scalar,,,2400,,none,,5,,,1000,500000000,,,,,,,global_count
mac,minrows-4-65536-1.csv,1024,28000,,346124.2987499998,,,,scalar,,,28400,,10pct,,5,,,1000,35714285,,,,,,,arithmetic_chain
mac,minrows-4-65536-1.csv,1024,11000,,346124.2987499998,,,,simd4,,,11600,,10pct,,5,,,1000,90909090,,,,,,,arithmetic_chain
mac,minrows-4-65536-1.csv,1024,6000,,934.5,,,,simd4,,,6000,,10pct,,5,,,1000,166666666,,,,,,,nullable_compare
mac,minrows-4-65536-1.csv,1024,13000,,-51656.0,,,,simd4,,,13600,,10pct,,5,,,1000,76923076,,,,,,,filter
mac,minrows-4-65536-1.csv,1024,5000,,-9946.0,,,,scalar,,,5000,,10pct,,5,,,1000,200000000,,,,,,,global_sum
mac,minrows-4-65536-1.csv,1024,2000,,900.0,,,,scalar,,,2200,,10pct,,5,,,1000,500000000,,,,,,,global_count
mac,minrows-4-65536-1.csv,1024,20000,,4024.5700000000015,,low,,scalar,,,20800,,10pct,,5,,,1000,50000000,,,,,,,grouped_sum_count
mac,minrows-4-65536-1.csv,1024,23000,,4861.900000000003,,high,,scalar,,,23600,,10pct,,5,,,1000,43478260,,,,,,,grouped_sum_count
mac,minrows-4-65536-1.csv,1024,22000,,6623.439999999998,,skewed,,scalar,,,23200,,10pct,,5,,,1000,45454545,,,,,,,grouped_sum_count
mac,minrows-4-65536-1.csv,1024,2492000,,24796340.01649992,,,,scalar,,,2515400,,none,,5,,,100000,40128410,,,,,,,arithmetic_chain
mac,minrows-4-65536-1.csv,1024,738000,,24796340.01649992,,,,simd4,,,740600,,none,,5,,,100000,135501355,,,,,,,arithmetic_chain
mac,minrows-4-65536-1.csv,1024,543000,,87625.0,,,,simd4,,,547000,,none,,5,,,100000,184162062,,,,,,,nullable_compare
mac,minrows-4-65536-1.csv,1024,1207000,,-178310.0,,,,simd4,,,1236600,,none,,5,,,100000,82850041,,,,,,,filter
mac,minrows-4-65536-1.csv,1024,256000,,225294.0,,,,scalar,,,258400,,none,,5,,,100000,390625000,,,,,,,global_sum
mac,minrows-4-65536-1.csv,1024,11000,,100000.0,,,,scalar,,,11000,,none,,5,,,100000,9090909090,,,,,,,global_count
mac,minrows-4-65536-1.csv,1024,2495000,,22384188.787249964,,,,scalar,,,2498800,,10pct,,5,,,100000,40080160,,,,,,,arithmetic_chain
mac,minrows-4-65536-1.csv,1024,780000,,22384188.787249964,,,,simd4,,,782000,,10pct,,5,,,100000,128205128,,,,,,,arithmetic_chain
mac,minrows-4-65536-1.csv,1024,544000,,94016.5,,,,simd4,,,548600,,10pct,,5,,,100000,183823529,,,,,,,nullable_compare
mac,minrows-4-65536-1.csv,1024,1133000,,138719.0,,,,simd4,,,1142000,,10pct,,5,,,100000,88261253,,,,,,,filter
mac,minrows-4-65536-1.csv,1024,237000,,233310.0,,,,scalar,,,239800,,10pct,,5,,,100000,421940928,,,,,,,global_sum
mac,minrows-4-65536-1.csv,1024,10000,,90000.0,,,,scalar,,,11000,,10pct,,5,,,100000,10000000000,,,,,,,global_count
mac,minrows-4-65536-1.csv,1024,958000,,618434.6799999996,,low,,scalar,,,958600,,10pct,,5,,,100000,104384133,,,,,,,grouped_sum_count
mac,minrows-4-65536-1.csv,1024,2755000,,635654.8099999999,,high,,scalar,,,2805200,,10pct,,5,,,100000,36297640,,,,,,,grouped_sum_count
mac,minrows-4-65536-1.csv,1024,2522000,,395334.35,,skewed,,scalar,,,2549000,,10pct,,5,,,100000,39651070,,,,,,,grouped_sum_count
mac,minrows-4-65536-1.csv,1024,6881000,,259031205.06900412,,,,scalar,,,7070000,,none,,5,,,1000000,145327713,,,,,,,arithmetic_chain
mac,minrows-4-65536-1.csv,1024,2488000,,259031205.06900412,,,,simd4,,,2551400,,none,,5,,,1000000,401929260,,,,,,,arithmetic_chain
mac,minrows-4-65536-1.csv,1024,1627000,,875096.0,,,,simd4,,,1633200,,none,,5,,,1000000,614628149,,,,,,,nullable_compare
mac,minrows-4-65536-1.csv,1024,4404000,,-859325.0,,,,simd4,,,4613600,,none,,5,,,1000000,227066303,,,,,,,filter
mac,minrows-4-65536-1.csv,1024,1635000,,-628025.0,,,,scalar,,,1660600,,none,,5,,,1000000,611620795,,,,,,,global_sum
mac,minrows-4-65536-1.csv,1024,94000,,1000000.0,,,,scalar,,,95800,,none,,5,,,1000000,10638297872,,,,,,,global_count
mac,minrows-4-65536-1.csv,1024,6993000,,233365582.0659991,,,,scalar,,,7015800,,10pct,,5,,,1000000,143000143,,,,,,,arithmetic_chain
mac,minrows-4-65536-1.csv,1024,2566000,,233365582.0659991,,,,simd4,,,2641600,,10pct,,5,,,1000000,389711613,,,,,,,arithmetic_chain
mac,minrows-4-65536-1.csv,1024,1629000,,938109.5,,,,simd4,,,1646600,,10pct,,5,,,1000000,613873542,,,,,,,nullable_compare
mac,minrows-4-65536-1.csv,1024,4178000,,-1696707.0,,,,simd4,,,4328200,,10pct,,5,,,1000000,239348970,,,,,,,filter
mac,minrows-4-65536-1.csv,1024,713000,,-582242.0,,,,scalar,,,716800,,10pct,,5,,,1000000,1402524544,,,,,,,global_sum
mac,minrows-4-65536-1.csv,1024,93000,,900000.0,,,,scalar,,,96200,,10pct,,5,,,1000000,10752688172,,,,,,,global_count
mac,minrows-4-65536-1.csv,1024,2986000,,5708002.170000001,,low,,scalar,,,2990200,,10pct,,5,,,1000000,334896182,,,,,,,grouped_sum_count
mac,minrows-4-65536-1.csv,1024,7290000,,6322551.41,,high,,scalar,,,7458400,,10pct,,5,,,1000000,137174211,,,,,,,grouped_sum_count
mac,minrows-4-65536-1.csv,1024,10649000,,3979677.4499999993,,skewed,,scalar,,,10885600,,10pct,,5,,,1000000,93905531,,,,,,,grouped_sum_count
mac,minrows-8-16384-0.csv,1024,30000,,406266.15199999954,,,,scalar,,,31200,,none,,5,,,1000,33333333,,,,,,,arithmetic_chain
mac,minrows-8-16384-0.csv,1024,11000,,406266.15199999954,,,,simd4,,,11400,,none,,5,,,1000,90909090,,,,,,,arithmetic_chain
mac,minrows-8-16384-0.csv,1024,6000,,874.0,,,,simd4,,,6400,,none,,5,,,1000,166666666,,,,,,,nullable_compare
mac,minrows-8-16384-0.csv,1024,14000,,-45191.0,,,,simd4,,,15000,,none,,5,,,1000,71428571,,,,,,,filter
mac,minrows-8-16384-0.csv,1024,5000,,-13051.0,,,,scalar,,,5000,,none,,5,,,1000,200000000,,,,,,,global_sum
mac,minrows-8-16384-0.csv,1024,2000,,1000.0,,,,scalar,,,2400,,none,,5,,,1000,500000000,,,,,,,global_count
mac,minrows-8-16384-0.csv,1024,28000,,346124.2987499998,,,,scalar,,,28600,,10pct,,5,,,1000,35714285,,,,,,,arithmetic_chain
mac,minrows-8-16384-0.csv,1024,11000,,346124.2987499998,,,,simd4,,,11400,,10pct,,5,,,1000,90909090,,,,,,,arithmetic_chain
mac,minrows-8-16384-0.csv,1024,6000,,934.5,,,,simd4,,,6200,,10pct,,5,,,1000,166666666,,,,,,,nullable_compare
mac,minrows-8-16384-0.csv,1024,13000,,-51656.0,,,,simd4,,,13600,,10pct,,5,,,1000,76923076,,,,,,,filter
mac,minrows-8-16384-0.csv,1024,5000,,-9946.0,,,,scalar,,,5000,,10pct,,5,,,1000,200000000,,,,,,,global_sum
mac,minrows-8-16384-0.csv,1024,2000,,900.0,,,,scalar,,,2200,,10pct,,5,,,1000,500000000,,,,,,,global_count
mac,minrows-8-16384-0.csv,1024,21000,,4024.5700000000015,,low,,scalar,,,21800,,10pct,,5,,,1000,47619047,,,,,,,grouped_sum_count
mac,minrows-8-16384-0.csv,1024,23000,,4861.900000000003,,high,,scalar,,,24400,,10pct,,5,,,1000,43478260,,,,,,,grouped_sum_count
mac,minrows-8-16384-0.csv,1024,23000,,6623.439999999998,,skewed,,scalar,,,24000,,10pct,,5,,,1000,43478260,,,,,,,grouped_sum_count
mac,minrows-8-16384-0.csv,1024,864000,,24796340.01649992,,,,scalar,,,936800,,none,,5,,,100000,115740740,,,,,,,arithmetic_chain
mac,minrows-8-16384-0.csv,1024,365000,,24796340.01649992,,,,simd4,,,373400,,none,,5,,,100000,273972602,,,,,,,arithmetic_chain
mac,minrows-8-16384-0.csv,1024,243000,,87625.0,,,,simd4,,,267200,,none,,5,,,100000,411522633,,,,,,,nullable_compare
mac,minrows-8-16384-0.csv,1024,478000,,-178310.0,,,,simd4,,,528000,,none,,5,,,100000,209205020,,,,,,,filter
mac,minrows-8-16384-0.csv,1024,176000,,225294.0,,,,scalar,,,192000,,none,,5,,,100000,568181818,,,,,,,global_sum
mac,minrows-8-16384-0.csv,1024,62000,,100000.0,,,,scalar,,,78600,,none,,5,,,100000,1612903225,,,,,,,global_count
mac,minrows-8-16384-0.csv,1024,906000,,22384188.787249964,,,,scalar,,,963600,,10pct,,5,,,100000,110375275,,,,,,,arithmetic_chain
mac,minrows-8-16384-0.csv,1024,333000,,22384188.787249964,,,,simd4,,,368200,,10pct,,5,,,100000,300300300,,,,,,,arithmetic_chain
mac,minrows-8-16384-0.csv,1024,251000,,94016.5,,,,simd4,,,262400,,10pct,,5,,,100000,398406374,,,,,,,nullable_compare
mac,minrows-8-16384-0.csv,1024,516000,,138719.0,,,,simd4,,,542800,,10pct,,5,,,100000,193798449,,,,,,,filter
mac,minrows-8-16384-0.csv,1024,129000,,233310.0,,,,scalar,,,157600,,10pct,,5,,,100000,775193798,,,,,,,global_sum
mac,minrows-8-16384-0.csv,1024,57000,,90000.0,,,,scalar,,,73600,,10pct,,5,,,100000,1754385964,,,,,,,global_count
mac,minrows-8-16384-0.csv,1024,559000,,618434.6799999999,,low,,scalar,,,655200,,10pct,,5,,,100000,178890876,,,,,,,grouped_sum_count
mac,minrows-8-16384-0.csv,1024,2349000,,635654.8099999999,,high,,scalar,,,2879200,,10pct,,5,,,100000,42571306,,,,,,,grouped_sum_count
mac,minrows-8-16384-0.csv,1024,2360000,,395334.35,,skewed,,scalar,,,2899600,,10pct,,5,,,100000,42372881,,,,,,,grouped_sum_count
mac,minrows-8-16384-0.csv,1024,6394000,,259031205.06900412,,,,scalar,,,6593800,,none,,5,,,1000000,156396621,,,,,,,arithmetic_chain
mac,minrows-8-16384-0.csv,1024,2256000,,259031205.06900412,,,,simd4,,,2441000,,none,,5,,,1000000,443262411,,,,,,,arithmetic_chain
mac,minrows-8-16384-0.csv,1024,1517000,,875096.0,,,,simd4,,,1561200,,none,,5,,,1000000,659195781,,,,,,,nullable_compare
mac,minrows-8-16384-0.csv,1024,3992000,,-859325.0,,,,simd4,,,4265000,,none,,5,,,1000000,250501002,,,,,,,filter
mac,minrows-8-16384-0.csv,1024,655000,,-628025.0,,,,scalar,,,667400,,none,,5,,,1000000,1526717557,,,,,,,global_sum
mac,minrows-8-16384-0.csv,1024,113000,,1000000.0,,,,scalar,,,116400,,none,,5,,,1000000,8849557522,,,,,,,global_count
mac,minrows-8-16384-0.csv,1024,6830000,,233365582.0659991,,,,scalar,,,7485800,,10pct,,5,,,1000000,146412884,,,,,,,arithmetic_chain
mac,minrows-8-16384-0.csv,1024,2368000,,233365582.0659991,,,,simd4,,,2504800,,10pct,,5,,,1000000,422297297,,,,,,,arithmetic_chain
mac,minrows-8-16384-0.csv,1024,1544000,,938109.5,,,,simd4,,,1581400,,10pct,,5,,,1000000,647668393,,,,,,,nullable_compare
mac,minrows-8-16384-0.csv,1024,3853000,,-1696707.0,,,,simd4,,,4229400,,10pct,,5,,,1000000,259538022,,,,,,,filter
mac,minrows-8-16384-0.csv,1024,610000,,-582242.0,,,,scalar,,,617800,,10pct,,5,,,1000000,1639344262,,,,,,,global_sum
mac,minrows-8-16384-0.csv,1024,97000,,900000.0,,,,scalar,,,117800,,10pct,,5,,,1000000,10309278350,,,,,,,global_count
mac,minrows-8-16384-0.csv,1024,2686000,,5708002.17,,low,,scalar,,,2923400,,10pct,,5,,,1000000,372300819,,,,,,,grouped_sum_count
mac,minrows-8-16384-0.csv,1024,7213000,,6322551.41,,high,,scalar,,,8106000,,10pct,,5,,,1000000,138638569,,,,,,,grouped_sum_count
mac,minrows-8-16384-0.csv,1024,10279000,,3979677.4499999993,,skewed,,scalar,,,10969400,,10pct,,5,,,1000000,97285728,,,,,,,grouped_sum_count
mac,minrows-8-16384-1.csv,1024,29000,,406266.15199999954,,,,scalar,,,30400,,none,,5,,,1000,34482758,,,,,,,arithmetic_chain
mac,minrows-8-16384-1.csv,1024,11000,,406266.15199999954,,,,simd4,,,11200,,none,,5,,,1000,90909090,,,,,,,arithmetic_chain
mac,minrows-8-16384-1.csv,1024,6000,,874.0,,,,simd4,,,6400,,none,,5,,,1000,166666666,,,,,,,nullable_compare
mac,minrows-8-16384-1.csv,1024,13000,,-45191.0,,,,simd4,,,14600,,none,,5,,,1000,76923076,,,,,,,filter
mac,minrows-8-16384-1.csv,1024,5000,,-13051.0,,,,scalar,,,5400,,none,,5,,,1000,200000000,,,,,,,global_sum
mac,minrows-8-16384-1.csv,1024,2000,,1000.0,,,,scalar,,,2400,,none,,5,,,1000,500000000,,,,,,,global_count
mac,minrows-8-16384-1.csv,1024,28000,,346124.2987499998,,,,scalar,,,28600,,10pct,,5,,,1000,35714285,,,,,,,arithmetic_chain
mac,minrows-8-16384-1.csv,1024,11000,,346124.2987499998,,,,simd4,,,11400,,10pct,,5,,,1000,90909090,,,,,,,arithmetic_chain
mac,minrows-8-16384-1.csv,1024,6000,,934.5,,,,simd4,,,6200,,10pct,,5,,,1000,166666666,,,,,,,nullable_compare
mac,minrows-8-16384-1.csv,1024,12000,,-51656.0,,,,simd4,,,13000,,10pct,,5,,,1000,83333333,,,,,,,filter
mac,minrows-8-16384-1.csv,1024,5000,,-9946.0,,,,scalar,,,5000,,10pct,,5,,,1000,200000000,,,,,,,global_sum
mac,minrows-8-16384-1.csv,1024,2000,,900.0,,,,scalar,,,2600,,10pct,,5,,,1000,500000000,,,,,,,global_count
mac,minrows-8-16384-1.csv,1024,21000,,4024.5700000000015,,low,,scalar,,,21200,,10pct,,5,,,1000,47619047,,,,,,,grouped_sum_count
mac,minrows-8-16384-1.csv,1024,23000,,4861.900000000003,,high,,scalar,,,23800,,10pct,,5,,,1000,43478260,,,,,,,grouped_sum_count
mac,minrows-8-16384-1.csv,1024,23000,,6623.439999999998,,skewed,,scalar,,,23600,,10pct,,5,,,1000,43478260,,,,,,,grouped_sum_count
mac,minrows-8-16384-1.csv,1024,860000,,24796340.01649992,,,,scalar,,,909400,,none,,5,,,100000,116279069,,,,,,,arithmetic_chain
mac,minrows-8-16384-1.csv,1024,339000,,24796340.01649992,,,,simd4,,,357400,,none,,5,,,100000,294985250,,,,,,,arithmetic_chain
mac,minrows-8-16384-1.csv,1024,249000,,87625.0,,,,simd4,,,272200,,none,,5,,,100000,401606425,,,,,,,nullable_compare
mac,minrows-8-16384-1.csv,1024,477000,,-178310.0,,,,simd4,,,512800,,none,,5,,,100000,209643605,,,,,,,filter
mac,minrows-8-16384-1.csv,1024,172000,,225294.0,,,,scalar,,,188200,,none,,5,,,100000,581395348,,,,,,,global_sum
mac,minrows-8-16384-1.csv,1024,49000,,100000.0,,,,scalar,,,76400,,none,,5,,,100000,2040816326,,,,,,,global_count
mac,minrows-8-16384-1.csv,1024,909000,,22384188.787249964,,,,scalar,,,951200,,10pct,,5,,,100000,110011001,,,,,,,arithmetic_chain
mac,minrows-8-16384-1.csv,1024,332000,,22384188.787249964,,,,simd4,,,363600,,10pct,,5,,,100000,301204819,,,,,,,arithmetic_chain
mac,minrows-8-16384-1.csv,1024,250000,,94016.5,,,,simd4,,,272200,,10pct,,5,,,100000,400000000,,,,,,,nullable_compare
mac,minrows-8-16384-1.csv,1024,511000,,138719.0,,,,simd4,,,548000,,10pct,,5,,,100000,195694716,,,,,,,filter
mac,minrows-8-16384-1.csv,1024,138000,,233310.0,,,,scalar,,,157200,,10pct,,5,,,100000,724637681,,,,,,,global_sum
mac,minrows-8-16384-1.csv,1024,60000,,90000.0,,,,scalar,,,82200,,10pct,,5,,,100000,1666666666,,,,,,,global_count
mac,minrows-8-16384-1.csv,1024,561000,,618434.6799999999,,low,,scalar,,,562800,,10pct,,5,,,100000,178253119,,,,,,,grouped_sum_count
mac,minrows-8-16384-1.csv,1024,2414000,,635654.8099999999,,high,,scalar,,,3174000,,10pct,,5,,,100000,41425020,,,,,,,grouped_sum_count
mac,minrows-8-16384-1.csv,1024,2338000,,395334.35,,skewed,,scalar,,,2803800,,10pct,,5,,,100000,42771599,,,,,,,grouped_sum_count
mac,minrows-8-16384-1.csv,1024,6433000,,259031205.06900412,,,,scalar,,,7052800,,none,,5,,,1000000,155448468,,,,,,,arithmetic_chain
mac,minrows-8-16384-1.csv,1024,2234000,,259031205.06900412,,,,simd4,,,2295400,,none,,5,,,1000000,447627573,,,,,,,arithmetic_chain
mac,minrows-8-16384-1.csv,1024,1534000,,875096.0,,,,simd4,,,1622800,,none,,5,,,1000000,651890482,,,,,,,nullable_compare
mac,minrows-8-16384-1.csv,1024,4048000,,-859325.0,,,,simd4,,,4628400,,none,,5,,,1000000,247035573,,,,,,,filter
mac,minrows-8-16384-1.csv,1024,651000,,-628025.0,,,,scalar,,,660200,,none,,5,,,1000000,1536098310,,,,,,,global_sum
mac,minrows-8-16384-1.csv,1024,114000,,1000000.0,,,,scalar,,,124600,,none,,5,,,1000000,8771929824,,,,,,,global_count
mac,minrows-8-16384-1.csv,1024,6713000,,233365582.0659991,,,,scalar,,,7473600,,10pct,,5,,,1000000,148964695,,,,,,,arithmetic_chain
mac,minrows-8-16384-1.csv,1024,2262000,,233365582.0659991,,,,simd4,,,2455600,,10pct,,5,,,1000000,442086648,,,,,,,arithmetic_chain
mac,minrows-8-16384-1.csv,1024,1530000,,938109.5,,,,simd4,,,1571600,,10pct,,5,,,1000000,653594771,,,,,,,nullable_compare
mac,minrows-8-16384-1.csv,1024,3833000,,-1696707.0,,,,simd4,,,4209200,,10pct,,5,,,1000000,260892251,,,,,,,filter
mac,minrows-8-16384-1.csv,1024,616000,,-582242.0,,,,scalar,,,627200,,10pct,,5,,,1000000,1623376623,,,,,,,global_sum
mac,minrows-8-16384-1.csv,1024,106000,,900000.0,,,,scalar,,,117400,,10pct,,5,,,1000000,9433962264,,,,,,,global_count
mac,minrows-8-16384-1.csv,1024,2670000,,5708002.17,,low,,scalar,,,2865000,,10pct,,5,,,1000000,374531835,,,,,,,grouped_sum_count
mac,minrows-8-16384-1.csv,1024,7221000,,6322551.41,,high,,scalar,,,7630400,,10pct,,5,,,1000000,138484974,,,,,,,grouped_sum_count
mac,minrows-8-16384-1.csv,1024,10865000,,3979677.4499999993,,skewed,,scalar,,,11458400,,10pct,,5,,,1000000,92038656,,,,,,,grouped_sum_count
mac,minrows-8-262144-0.csv,1024,29000,,406266.15199999954,,,,scalar,,,30600,,none,,5,,,1000,34482758,,,,,,,arithmetic_chain
mac,minrows-8-262144-0.csv,1024,11000,,406266.15199999954,,,,simd4,,,11200,,none,,5,,,1000,90909090,,,,,,,arithmetic_chain
mac,minrows-8-262144-0.csv,1024,6000,,874.0,,,,simd4,,,6400,,none,,5,,,1000,166666666,,,,,,,nullable_compare
mac,minrows-8-262144-0.csv,1024,14000,,-45191.0,,,,simd4,,,15000,,none,,5,,,1000,71428571,,,,,,,filter
mac,minrows-8-262144-0.csv,1024,4000,,-13051.0,,,,scalar,,,4800,,none,,5,,,1000,250000000,,,,,,,global_sum
mac,minrows-8-262144-0.csv,1024,2000,,1000.0,,,,scalar,,,2400,,none,,5,,,1000,500000000,,,,,,,global_count
mac,minrows-8-262144-0.csv,1024,28000,,346124.2987499998,,,,scalar,,,28600,,10pct,,5,,,1000,35714285,,,,,,,arithmetic_chain
mac,minrows-8-262144-0.csv,1024,11000,,346124.2987499998,,,,simd4,,,11600,,10pct,,5,,,1000,90909090,,,,,,,arithmetic_chain
mac,minrows-8-262144-0.csv,1024,6000,,934.5,,,,simd4,,,6200,,10pct,,5,,,1000,166666666,,,,,,,nullable_compare
mac,minrows-8-262144-0.csv,1024,12000,,-51656.0,,,,simd4,,,13400,,10pct,,5,,,1000,83333333,,,,,,,filter
mac,minrows-8-262144-0.csv,1024,5000,,-9946.0,,,,scalar,,,5000,,10pct,,5,,,1000,200000000,,,,,,,global_sum
mac,minrows-8-262144-0.csv,1024,2000,,900.0,,,,scalar,,,2600,,10pct,,5,,,1000,500000000,,,,,,,global_count
mac,minrows-8-262144-0.csv,1024,21000,,4024.5700000000015,,low,,scalar,,,21400,,10pct,,5,,,1000,47619047,,,,,,,grouped_sum_count
mac,minrows-8-262144-0.csv,1024,22000,,4861.900000000003,,high,,scalar,,,23200,,10pct,,5,,,1000,45454545,,,,,,,grouped_sum_count
mac,minrows-8-262144-0.csv,1024,23000,,6623.439999999998,,skewed,,scalar,,,23400,,10pct,,5,,,1000,43478260,,,,,,,grouped_sum_count
mac,minrows-8-262144-0.csv,1024,2482000,,24796340.01649992,,,,scalar,,,2503400,,none,,5,,,100000,40290088,,,,,,,arithmetic_chain
mac,minrows-8-262144-0.csv,1024,738000,,24796340.01649992,,,,simd4,,,740800,,none,,5,,,100000,135501355,,,,,,,arithmetic_chain
mac,minrows-8-262144-0.csv,1024,541000,,87625.0,,,,simd4,,,548800,,none,,5,,,100000,184842883,,,,,,,nullable_compare
mac,minrows-8-262144-0.csv,1024,1206000,,-178310.0,,,,simd4,,,1232600,,none,,5,,,100000,82918739,,,,,,,filter
mac,minrows-8-262144-0.csv,1024,256000,,225294.0,,,,scalar,,,256600,,none,,5,,,100000,390625000,,,,,,,global_sum
mac,minrows-8-262144-0.csv,1024,10000,,100000.0,,,,scalar,,,11000,,none,,5,,,100000,10000000000,,,,,,,global_count
mac,minrows-8-262144-0.csv,1024,2495000,,22384188.787249964,,,,scalar,,,2502000,,10pct,,5,,,100000,40080160,,,,,,,arithmetic_chain
mac,minrows-8-262144-0.csv,1024,780000,,22384188.787249964,,,,simd4,,,782800,,10pct,,5,,,100000,128205128,,,,,,,arithmetic_chain
mac,minrows-8-262144-0.csv,1024,543000,,94016.5,,,,simd4,,,544200,,10pct,,5,,,100000,184162062,,,,,,,nullable_compare
mac,minrows-8-262144-0.csv,1024,1128000,,138719.0,,,,simd4,,,1136000,,10pct,,5,,,100000,88652482,,,,,,,filter
mac,minrows-8-262144-0.csv,1024,237000,,233310.0,,,,scalar,,,237800,,10pct,,5,,,100000,421940928,,,,,,,global_sum
mac,minrows-8-262144-0.csv,1024,11000,,90000.0,,,,scalar,,,11000,,10pct,,5,,,100000,9090909090,,,,,,,global_count
mac,minrows-8-262144-0.csv,1024,959000,,618434.6799999996,,low,,scalar,,,960200,,10pct,,5,,,100000,104275286,,,,,,,grouped_sum_count
mac,minrows-8-262144-0.csv,1024,2748000,,635654.8099999999,,high,,scalar,,,2804200,,10pct,,5,,,100000,36390101,,,,,,,grouped_sum_count
mac,minrows-8-262144-0.csv,1024,2512000,,395334.35,,skewed,,scalar,,,2529600,,10pct,,5,,,100000,39808917,,,,,,,grouped_sum_count
mac,minrows-8-262144-0.csv,1024,9097000,,259031205.06900412,,,,scalar,,,9142600,,none,,5,,,1000000,109926349,,,,,,,arithmetic_chain
mac,minrows-8-262144-0.csv,1024,3346000,,259031205.06900412,,,,simd4,,,3354000,,none,,5,,,1000000,298864315,,,,,,,arithmetic_chain
mac,minrows-8-262144-0.csv,1024,2124000,,875096.0,,,,simd4,,,2132800,,none,,5,,,1000000,470809792,,,,,,,nullable_compare
mac,minrows-8-262144-0.csv,1024,4790000,,-859325.0,,,,simd4,,,5128400,,none,,5,,,1000000,208768267,,,,,,,filter
mac,minrows-8-262144-0.csv,1024,968000,,-628025.0,,,,scalar,,,974200,,none,,5,,,1000000,1033057851,,,,,,,global_sum
mac,minrows-8-262144-0.csv,1024,91000,,1000000.0,,,,scalar,,,94400,,none,,5,,,1000000,10989010989,,,,,,,global_count
mac,minrows-8-262144-0.csv,1024,9238000,,233365582.0659991,,,,scalar,,,9248600,,10pct,,5,,,1000000,108248538,,,,,,,arithmetic_chain
mac,minrows-8-262144-0.csv,1024,3461000,,233365582.0659991,,,,simd4,,,3474200,,10pct,,5,,,1000000,288933834,,,,,,,arithmetic_chain
mac,minrows-8-262144-0.csv,1024,2130000,,938109.5,,,,simd4,,,2138200,,10pct,,5,,,1000000,469483568,,,,,,,nullable_compare
mac,minrows-8-262144-0.csv,1024,4767000,,-1696707.0,,,,simd4,,,4776000,,10pct,,5,,,1000000,209775540,,,,,,,filter
mac,minrows-8-262144-0.csv,1024,898000,,-582242.0,,,,scalar,,,1339400,,10pct,,5,,,1000000,1113585746,,,,,,,global_sum
mac,minrows-8-262144-0.csv,1024,84000,,900000.0,,,,scalar,,,93000,,10pct,,5,,,1000000,11904761904,,,,,,,global_count
mac,minrows-8-262144-0.csv,1024,3829000,,5708002.17,,low,,scalar,,,3840600,,10pct,,5,,,1000000,261164794,,,,,,,grouped_sum_count
mac,minrows-8-262144-0.csv,1024,8329000,,6322551.41,,high,,scalar,,,8909000,,10pct,,5,,,1000000,120062432,,,,,,,grouped_sum_count
mac,minrows-8-262144-0.csv,1024,11530000,,3979677.4499999993,,skewed,,scalar,,,12419400,,10pct,,5,,,1000000,86730268,,,,,,,grouped_sum_count
mac,minrows-8-262144-1.csv,1024,31000,,406266.15199999954,,,,scalar,,,31600,,none,,5,,,1000,32258064,,,,,,,arithmetic_chain
mac,minrows-8-262144-1.csv,1024,11000,,406266.15199999954,,,,simd4,,,11600,,none,,5,,,1000,90909090,,,,,,,arithmetic_chain
mac,minrows-8-262144-1.csv,1024,6000,,874.0,,,,simd4,,,7000,,none,,5,,,1000,166666666,,,,,,,nullable_compare
mac,minrows-8-262144-1.csv,1024,13000,,-45191.0,,,,simd4,,,15400,,none,,5,,,1000,76923076,,,,,,,filter
mac,minrows-8-262144-1.csv,1024,5000,,-13051.0,,,,scalar,,,5000,,none,,5,,,1000,200000000,,,,,,,global_sum
mac,minrows-8-262144-1.csv,1024,2000,,1000.0,,,,scalar,,,2400,,none,,5,,,1000,500000000,,,,,,,global_count
mac,minrows-8-262144-1.csv,1024,29000,,346124.2987499998,,,,scalar,,,29400,,10pct,,5,,,1000,34482758,,,,,,,arithmetic_chain
mac,minrows-8-262144-1.csv,1024,11000,,346124.2987499998,,,,simd4,,,11600,,10pct,,5,,,1000,90909090,,,,,,,arithmetic_chain
mac,minrows-8-262144-1.csv,1024,6000,,934.5,,,,simd4,,,6200,,10pct,,5,,,1000,166666666,,,,,,,nullable_compare
mac,minrows-8-262144-1.csv,1024,12000,,-51656.0,,,,simd4,,,13400,,10pct,,5,,,1000,83333333,,,,,,,filter
mac,minrows-8-262144-1.csv,1024,5000,,-9946.0,,,,scalar,,,5000,,10pct,,5,,,1000,200000000,,,,,,,global_sum
mac,minrows-8-262144-1.csv,1024,2000,,900.0,,,,scalar,,,2200,,10pct,,5,,,1000,500000000,,,,,,,global_count
mac,minrows-8-262144-1.csv,1024,21000,,4024.5700000000015,,low,,scalar,,,22000,,10pct,,5,,,1000,47619047,,,,,,,grouped_sum_count
mac,minrows-8-262144-1.csv,1024,23000,,4861.900000000003,,high,,scalar,,,23800,,10pct,,5,,,1000,43478260,,,,,,,grouped_sum_count
mac,minrows-8-262144-1.csv,1024,23000,,6623.439999999998,,skewed,,scalar,,,23600,,10pct,,5,,,1000,43478260,,,,,,,grouped_sum_count
mac,minrows-8-262144-1.csv,1024,2479000,,24796340.01649992,,,,scalar,,,2498600,,none,,5,,,100000,40338846,,,,,,,arithmetic_chain
mac,minrows-8-262144-1.csv,1024,736000,,24796340.01649992,,,,simd4,,,740400,,none,,5,,,100000,135869565,,,,,,,arithmetic_chain
mac,minrows-8-262144-1.csv,1024,544000,,87625.0,,,,simd4,,,548200,,none,,5,,,100000,183823529,,,,,,,nullable_compare
mac,minrows-8-262144-1.csv,1024,1207000,,-178310.0,,,,simd4,,,1240800,,none,,5,,,100000,82850041,,,,,,,filter
mac,minrows-8-262144-1.csv,1024,256000,,225294.0,,,,scalar,,,256400,,none,,5,,,100000,390625000,,,,,,,global_sum
mac,minrows-8-262144-1.csv,1024,11000,,100000.0,,,,scalar,,,11400,,none,,5,,,100000,9090909090,,,,,,,global_count
mac,minrows-8-262144-1.csv,1024,2530000,,22384188.787249964,,,,scalar,,,2533800,,10pct,,5,,,100000,39525691,,,,,,,arithmetic_chain
mac,minrows-8-262144-1.csv,1024,778000,,22384188.787249964,,,,simd4,,,780400,,10pct,,5,,,100000,128534704,,,,,,,arithmetic_chain
mac,minrows-8-262144-1.csv,1024,544000,,94016.5,,,,simd4,,,545400,,10pct,,5,,,100000,183823529,,,,,,,nullable_compare
mac,minrows-8-262144-1.csv,1024,1129000,,138719.0,,,,simd4,,,1138200,,10pct,,5,,,100000,88573959,,,,,,,filter
mac,minrows-8-262144-1.csv,1024,237000,,233310.0,,,,scalar,,,238400,,10pct,,5,,,100000,421940928,,,,,,,global_sum
mac,minrows-8-262144-1.csv,1024,11000,,90000.0,,,,scalar,,,11200,,10pct,,5,,,100000,9090909090,,,,,,,global_count
mac,minrows-8-262144-1.csv,1024,958000,,618434.6799999996,,low,,scalar,,,959400,,10pct,,5,,,100000,104384133,,,,,,,grouped_sum_count
mac,minrows-8-262144-1.csv,1024,2751000,,635654.8099999999,,high,,scalar,,,2802600,,10pct,,5,,,100000,36350418,,,,,,,grouped_sum_count
mac,minrows-8-262144-1.csv,1024,2523000,,395334.35,,skewed,,scalar,,,2546200,,10pct,,5,,,100000,39635354,,,,,,,grouped_sum_count
mac,minrows-8-262144-1.csv,1024,9104000,,259031205.06900412,,,,scalar,,,9153400,,none,,5,,,1000000,109841827,,,,,,,arithmetic_chain
mac,minrows-8-262144-1.csv,1024,3284000,,259031205.06900412,,,,simd4,,,3340000,,none,,5,,,1000000,304506699,,,,,,,arithmetic_chain
mac,minrows-8-262144-1.csv,1024,2114000,,875096.0,,,,simd4,,,2124800,,none,,5,,,1000000,473036896,,,,,,,nullable_compare
mac,minrows-8-262144-1.csv,1024,4809000,,-859325.0,,,,simd4,,,5045800,,none,,5,,,1000000,207943439,,,,,,,filter
mac,minrows-8-262144-1.csv,1024,971000,,-628025.0,,,,scalar,,,983000,,none,,5,,,1000000,1029866117,,,,,,,global_sum
mac,minrows-8-262144-1.csv,1024,83000,,1000000.0,,,,scalar,,,93200,,none,,5,,,1000000,12048192771,,,,,,,global_count
mac,minrows-8-262144-1.csv,1024,9239000,,233365582.0659991,,,,scalar,,,9246600,,10pct,,5,,,1000000,108236822,,,,,,,arithmetic_chain
mac,minrows-8-262144-1.csv,1024,3388000,,233365582.0659991,,,,simd4,,,3435600,,10pct,,5,,,1000000,295159386,,,,,,,arithmetic_chain
mac,minrows-8-262144-1.csv,1024,2129000,,938109.5,,,,simd4,,,2132600,,10pct,,5,,,1000000,469704086,,,,,,,nullable_compare
mac,minrows-8-262144-1.csv,1024,4762000,,-1696707.0,,,,simd4,,,4955800,,10pct,,5,,,1000000,209995800,,,,,,,filter
mac,minrows-8-262144-1.csv,1024,911000,,-582242.0,,,,scalar,,,1331000,,10pct,,5,,,1000000,1097694840,,,,,,,global_sum
mac,minrows-8-262144-1.csv,1024,84000,,900000.0,,,,scalar,,,90400,,10pct,,5,,,1000000,11904761904,,,,,,,global_count
mac,minrows-8-262144-1.csv,1024,3839000,,5708002.17,,low,,scalar,,,3844800,,10pct,,5,,,1000000,260484501,,,,,,,grouped_sum_count
mac,minrows-8-262144-1.csv,1024,7962000,,6322551.41,,high,,scalar,,,8814400,,10pct,,5,,,1000000,125596583,,,,,,,grouped_sum_count
mac,minrows-8-262144-1.csv,1024,11847000,,3979677.4499999993,,skewed,,scalar,,,12387800,,10pct,,5,,,1000000,84409555,,,,,,,grouped_sum_count
mac,minrows-8-65536-0.csv,1024,29000,,406266.15199999954,,,,scalar,,,30200,,none,,5,,,1000,34482758,,,,,,,arithmetic_chain
mac,minrows-8-65536-0.csv,1024,11000,,406266.15199999954,,,,simd4,,,11400,,none,,5,,,1000,90909090,,,,,,,arithmetic_chain
mac,minrows-8-65536-0.csv,1024,6000,,874.0,,,,simd4,,,6800,,none,,5,,,1000,166666666,,,,,,,nullable_compare
mac,minrows-8-65536-0.csv,1024,14000,,-45191.0,,,,simd4,,,15000,,none,,5,,,1000,71428571,,,,,,,filter
mac,minrows-8-65536-0.csv,1024,5000,,-13051.0,,,,scalar,,,5000,,none,,5,,,1000,200000000,,,,,,,global_sum
mac,minrows-8-65536-0.csv,1024,2000,,1000.0,,,,scalar,,,2400,,none,,5,,,1000,500000000,,,,,,,global_count
mac,minrows-8-65536-0.csv,1024,28000,,346124.2987499998,,,,scalar,,,28400,,10pct,,5,,,1000,35714285,,,,,,,arithmetic_chain
mac,minrows-8-65536-0.csv,1024,11000,,346124.2987499998,,,,simd4,,,11600,,10pct,,5,,,1000,90909090,,,,,,,arithmetic_chain
mac,minrows-8-65536-0.csv,1024,6000,,934.5,,,,simd4,,,6400,,10pct,,5,,,1000,166666666,,,,,,,nullable_compare
mac,minrows-8-65536-0.csv,1024,12000,,-51656.0,,,,simd4,,,13000,,10pct,,5,,,1000,83333333,,,,,,,filter
mac,minrows-8-65536-0.csv,1024,4000,,-9946.0,,,,scalar,,,4000,,10pct,,5,,,1000,250000000,,,,,,,global_sum
mac,minrows-8-65536-0.csv,1024,2000,,900.0,,,,scalar,,,2400,,10pct,,5,,,1000,500000000,,,,,,,global_count
mac,minrows-8-65536-0.csv,1024,20000,,4024.5700000000015,,low,,scalar,,,20800,,10pct,,5,,,1000,50000000,,,,,,,grouped_sum_count
mac,minrows-8-65536-0.csv,1024,22000,,4861.900000000003,,high,,scalar,,,23400,,10pct,,5,,,1000,45454545,,,,,,,grouped_sum_count
mac,minrows-8-65536-0.csv,1024,22000,,6623.439999999998,,skewed,,scalar,,,23200,,10pct,,5,,,1000,45454545,,,,,,,grouped_sum_count
mac,minrows-8-65536-0.csv,1024,2480000,,24796340.01649992,,,,scalar,,,2503200,,none,,5,,,100000,40322580,,,,,,,arithmetic_chain
mac,minrows-8-65536-0.csv,1024,736000,,24796340.01649992,,,,simd4,,,739600,,none,,5,,,100000,135869565,,,,,,,arithmetic_chain
mac,minrows-8-65536-0.csv,1024,545000,,87625.0,,,,simd4,,,548200,,none,,5,,,100000,183486238,,,,,,,nullable_compare
mac,minrows-8-65536-0.csv,1024,1206000,,-178310.0,,,,simd4,,,1237600,,none,,5,,,100000,82918739,,,,,,,filter
mac,minrows-8-65536-0.csv,1024,256000,,225294.0,,,,scalar,,,259400,,none,,5,,,100000,390625000,,,,,,,global_sum
mac,minrows-8-65536-0.csv,1024,11000,,100000.0,,,,scalar,,,11200,,none,,5,,,100000,9090909090,,,,,,,global_count
mac,minrows-8-65536-0.csv,1024,2523000,,22384188.787249964,,,,scalar,,,2530600,,10pct,,5,,,100000,39635354,,,,,,,arithmetic_chain
mac,minrows-8-65536-0.csv,1024,780000,,22384188.787249964,,,,simd4,,,781400,,10pct,,5,,,100000,128205128,,,,,,,arithmetic_chain
mac,minrows-8-65536-0.csv,1024,544000,,94016.5,,,,simd4,,,545800,,10pct,,5,,,100000,183823529,,,,,,,nullable_compare
mac,minrows-8-65536-0.csv,1024,1134000,,138719.0,,,,simd4,,,1143800,,10pct,,5,,,100000,88183421,,,,,,,filter
mac,minrows-8-65536-0.csv,1024,237000,,233310.0,,,,scalar,,,238200,,10pct,,5,,,100000,421940928,,,,,,,global_sum
mac,minrows-8-65536-0.csv,1024,10000,,90000.0,,,,scalar,,,11000,,10pct,,5,,,100000,10000000000,,,,,,,global_count
mac,minrows-8-65536-0.csv,1024,957000,,618434.6799999996,,low,,scalar,,,958000,,10pct,,5,,,100000,104493207,,,,,,,grouped_sum_count
mac,minrows-8-65536-0.csv,1024,2756000,,635654.8099999999,,high,,scalar,,,2802400,,10pct,,5,,,100000,36284470,,,,,,,grouped_sum_count
mac,minrows-8-65536-0.csv,1024,2523000,,395334.35,,skewed,,scalar,,,2543200,,10pct,,5,,,100000,39635354,,,,,,,grouped_sum_count
mac,minrows-8-65536-0.csv,1024,6933000,,259031205.06900412,,,,scalar,,,7168800,,none,,5,,,1000000,144237703,,,,,,,arithmetic_chain
mac,minrows-8-65536-0.csv,1024,2166000,,259031205.06900412,,,,simd4,,,2394400,,none,,5,,,1000000,461680517,,,,,,,arithmetic_chain
mac,minrows-8-65536-0.csv,1024,1440000,,875096.0,,,,simd4,,,1480800,,none,,5,,,1000000,694444444,,,,,,,nullable_compare
mac,minrows-8-65536-0.csv,1024,3990000,,-859325.0,,,,simd4,,,4288600,,none,,5,,,1000000,250626566,,,,,,,filter
mac,minrows-8-65536-0.csv,1024,1078000,,-628025.0,,,,scalar,,,1146600,,none,,5,,,1000000,927643784,,,,,,,global_sum
mac,minrows-8-65536-0.csv,1024,105000,,1000000.0,,,,scalar,,,118400,,none,,5,,,1000000,9523809523,,,,,,,global_count
mac,minrows-8-65536-0.csv,1024,6911000,,233365582.0659991,,,,scalar,,,7210600,,10pct,,5,,,1000000,144696860,,,,,,,arithmetic_chain
mac,minrows-8-65536-0.csv,1024,2412000,,233365582.0659991,,,,simd4,,,2543800,,10pct,,5,,,1000000,414593698,,,,,,,arithmetic_chain
mac,minrows-8-65536-0.csv,1024,1506000,,938109.5,,,,simd4,,,1570200,,10pct,,5,,,1000000,664010624,,,,,,,nullable_compare
mac,minrows-8-65536-0.csv,1024,3790000,,-1696707.0,,,,simd4,,,3846800,,10pct,,5,,,1000000,263852242,,,,,,,filter
mac,minrows-8-65536-0.csv,1024,1011000,,-582242.0,,,,scalar,,,1112200,,10pct,,5,,,1000000,989119683,,,,,,,global_sum
mac,minrows-8-65536-0.csv,1024,116000,,900000.0,,,,scalar,,,127600,,10pct,,5,,,1000000,8620689655,,,,,,,global_count
mac,minrows-8-65536-0.csv,1024,2680000,,5708002.17,,low,,scalar,,,2838000,,10pct,,5,,,1000000,373134328,,,,,,,grouped_sum_count
mac,minrows-8-65536-0.csv,1024,7388000,,6322551.41,,high,,scalar,,,7558400,,10pct,,5,,,1000000,135354629,,,,,,,grouped_sum_count
mac,minrows-8-65536-0.csv,1024,10547000,,3979677.4499999993,,skewed,,scalar,,,11291000,,10pct,,5,,,1000000,94813691,,,,,,,grouped_sum_count
mac,minrows-8-65536-1.csv,1024,31000,,406266.15199999954,,,,scalar,,,31600,,none,,5,,,1000,32258064,,,,,,,arithmetic_chain
mac,minrows-8-65536-1.csv,1024,11000,,406266.15199999954,,,,simd4,,,11600,,none,,5,,,1000,90909090,,,,,,,arithmetic_chain
mac,minrows-8-65536-1.csv,1024,6000,,874.0,,,,simd4,,,6800,,none,,5,,,1000,166666666,,,,,,,nullable_compare
mac,minrows-8-65536-1.csv,1024,14000,,-45191.0,,,,simd4,,,15400,,none,,5,,,1000,71428571,,,,,,,filter
mac,minrows-8-65536-1.csv,1024,5000,,-13051.0,,,,scalar,,,5400,,none,,5,,,1000,200000000,,,,,,,global_sum
mac,minrows-8-65536-1.csv,1024,2000,,1000.0,,,,scalar,,,2400,,none,,5,,,1000,500000000,,,,,,,global_count
mac,minrows-8-65536-1.csv,1024,29000,,346124.2987499998,,,,scalar,,,29600,,10pct,,5,,,1000,34482758,,,,,,,arithmetic_chain
mac,minrows-8-65536-1.csv,1024,12000,,346124.2987499998,,,,simd4,,,12000,,10pct,,5,,,1000,83333333,,,,,,,arithmetic_chain
mac,minrows-8-65536-1.csv,1024,6000,,934.5,,,,simd4,,,6200,,10pct,,5,,,1000,166666666,,,,,,,nullable_compare
mac,minrows-8-65536-1.csv,1024,12000,,-51656.0,,,,simd4,,,13200,,10pct,,5,,,1000,83333333,,,,,,,filter
mac,minrows-8-65536-1.csv,1024,5000,,-9946.0,,,,scalar,,,5000,,10pct,,5,,,1000,200000000,,,,,,,global_sum
mac,minrows-8-65536-1.csv,1024,2000,,900.0,,,,scalar,,,2200,,10pct,,5,,,1000,500000000,,,,,,,global_count
mac,minrows-8-65536-1.csv,1024,21000,,4024.5700000000015,,low,,scalar,,,21800,,10pct,,5,,,1000,47619047,,,,,,,grouped_sum_count
mac,minrows-8-65536-1.csv,1024,23000,,4861.900000000003,,high,,scalar,,,23800,,10pct,,5,,,1000,43478260,,,,,,,grouped_sum_count
mac,minrows-8-65536-1.csv,1024,23000,,6623.439999999998,,skewed,,scalar,,,23600,,10pct,,5,,,1000,43478260,,,,,,,grouped_sum_count
mac,minrows-8-65536-1.csv,1024,2547000,,24796340.01649992,,,,scalar,,,2573000,,none,,5,,,100000,39261876,,,,,,,arithmetic_chain
mac,minrows-8-65536-1.csv,1024,735000,,24796340.01649992,,,,simd4,,,740600,,none,,5,,,100000,136054421,,,,,,,arithmetic_chain
mac,minrows-8-65536-1.csv,1024,546000,,87625.0,,,,simd4,,,551200,,none,,5,,,100000,183150183,,,,,,,nullable_compare
mac,minrows-8-65536-1.csv,1024,1207000,,-178310.0,,,,simd4,,,1232600,,none,,5,,,100000,82850041,,,,,,,filter
mac,minrows-8-65536-1.csv,1024,259000,,225294.0,,,,scalar,,,262600,,none,,5,,,100000,386100386,,,,,,,global_sum
mac,minrows-8-65536-1.csv,1024,10000,,100000.0,,,,scalar,,,11000,,none,,5,,,100000,10000000000,,,,,,,global_count
mac,minrows-8-65536-1.csv,1024,2594000,,22384188.787249964,,,,scalar,,,2596000,,10pct,,5,,,100000,38550501,,,,,,,arithmetic_chain
mac,minrows-8-65536-1.csv,1024,738000,,22384188.787249964,,,,simd4,,,743600,,10pct,,5,,,100000,135501355,,,,,,,arithmetic_chain
mac,minrows-8-65536-1.csv,1024,543000,,94016.5,,,,simd4,,,546000,,10pct,,5,,,100000,184162062,,,,,,,nullable_compare
mac,minrows-8-65536-1.csv,1024,1133000,,138719.0,,,,simd4,,,1141000,,10pct,,5,,,100000,88261253,,,,,,,filter
mac,minrows-8-65536-1.csv,1024,241000,,233310.0,,,,scalar,,,244200,,10pct,,5,,,100000,414937759,,,,,,,global_sum
mac,minrows-8-65536-1.csv,1024,10000,,90000.0,,,,scalar,,,11000,,10pct,,5,,,100000,10000000000,,,,,,,global_count
mac,minrows-8-65536-1.csv,1024,958000,,618434.6799999996,,low,,scalar,,,960000,,10pct,,5,,,100000,104384133,,,,,,,grouped_sum_count
mac,minrows-8-65536-1.csv,1024,2767000,,635654.8099999999,,high,,scalar,,,2814400,,10pct,,5,,,100000,36140224,,,,,,,grouped_sum_count
mac,minrows-8-65536-1.csv,1024,2516000,,395334.35,,skewed,,scalar,,,2527800,,10pct,,5,,,100000,39745627,,,,,,,grouped_sum_count
mac,minrows-8-65536-1.csv,1024,7320000,,259031205.06900412,,,,scalar,,,7706200,,none,,5,,,1000000,136612021,,,,,,,arithmetic_chain
mac,minrows-8-65536-1.csv,1024,2394000,,259031205.06900412,,,,simd4,,,2405000,,none,,5,,,1000000,417710944,,,,,,,arithmetic_chain
mac,minrows-8-65536-1.csv,1024,1443000,,875096.0,,,,simd4,,,1479600,,none,,5,,,1000000,693000693,,,,,,,nullable_compare
mac,minrows-8-65536-1.csv,1024,4019000,,-859325.0,,,,simd4,,,4341000,,none,,5,,,1000000,248818113,,,,,,,filter
mac,minrows-8-65536-1.csv,1024,1078000,,-628025.0,,,,scalar,,,1174000,,none,,5,,,1000000,927643784,,,,,,,global_sum
mac,minrows-8-65536-1.csv,1024,101000,,1000000.0,,,,scalar,,,116600,,none,,5,,,1000000,9900990099,,,,,,,global_count
mac,minrows-8-65536-1.csv,1024,6804000,,233365582.0659991,,,,scalar,,,7471600,,10pct,,5,,,1000000,146972369,,,,,,,arithmetic_chain
mac,minrows-8-65536-1.csv,1024,2428000,,233365582.0659991,,,,simd4,,,2578200,,10pct,,5,,,1000000,411861614,,,,,,,arithmetic_chain
mac,minrows-8-65536-1.csv,1024,1530000,,938109.5,,,,simd4,,,1537200,,10pct,,5,,,1000000,653594771,,,,,,,nullable_compare
mac,minrows-8-65536-1.csv,1024,3840000,,-1696707.0,,,,simd4,,,4039600,,10pct,,5,,,1000000,260416666,,,,,,,filter
mac,minrows-8-65536-1.csv,1024,1004000,,-582242.0,,,,scalar,,,1051600,,10pct,,5,,,1000000,996015936,,,,,,,global_sum
mac,minrows-8-65536-1.csv,1024,98000,,900000.0,,,,scalar,,,119600,,10pct,,5,,,1000000,10204081632,,,,,,,global_count
mac,minrows-8-65536-1.csv,1024,2677000,,5708002.17,,low,,scalar,,,2747000,,10pct,,5,,,1000000,373552484,,,,,,,grouped_sum_count
mac,minrows-8-65536-1.csv,1024,7181000,,6322551.41,,high,,scalar,,,8043000,,10pct,,5,,,1000000,139256370,,,,,,,grouped_sum_count
mac,minrows-8-65536-1.csv,1024,10107000,,3979677.4499999993,,skewed,,scalar,,,11481400,,10pct,,5,,,1000000,98941327,,,,,,,grouped_sum_count
mac,overall-16-0.csv,1024,30000,,406266.15199999954,,,,scalar,,,31200,,none,,5,,,1000,33333333,,,,,,,arithmetic_chain
mac,overall-16-0.csv,1024,12000,,406266.15199999954,,,,simd4,,,12200,,none,,5,,,1000,83333333,,,,,,,arithmetic_chain
mac,overall-16-0.csv,1024,6000,,874.0,,,,simd4,,,6800,,none,,5,,,1000,166666666,,,,,,,nullable_compare
mac,overall-16-0.csv,1024,13000,,-45191.0,,,,simd4,,,14800,,none,,5,,,1000,76923076,,,,,,,filter
mac,overall-16-0.csv,1024,5000,,-13051.0,,,,scalar,,,5200,,none,,5,,,1000,200000000,,,,,,,global_sum
mac,overall-16-0.csv,1024,2000,,1000.0,,,,scalar,,,2000,,none,,5,,,1000,500000000,,,,,,,global_count
mac,overall-16-0.csv,1024,29000,,346124.2987499998,,,,scalar,,,29400,,10pct,,5,,,1000,34482758,,,,,,,arithmetic_chain
mac,overall-16-0.csv,1024,11000,,346124.2987499998,,,,simd4,,,11600,,10pct,,5,,,1000,90909090,,,,,,,arithmetic_chain
mac,overall-16-0.csv,1024,6000,,934.5,,,,simd4,,,6000,,10pct,,5,,,1000,166666666,,,,,,,nullable_compare
mac,overall-16-0.csv,1024,12000,,-51656.0,,,,simd4,,,13000,,10pct,,5,,,1000,83333333,,,,,,,filter
mac,overall-16-0.csv,1024,4000,,-9946.0,,,,scalar,,,4600,,10pct,,5,,,1000,250000000,,,,,,,global_sum
mac,overall-16-0.csv,1024,2000,,900.0,,,,scalar,,,2000,,10pct,,5,,,1000,500000000,,,,,,,global_count
mac,overall-16-0.csv,1024,21000,,4024.5700000000015,,low,,scalar,,,21400,,10pct,,5,,,1000,47619047,,,,,,,grouped_sum_count
mac,overall-16-0.csv,1024,23000,,4861.900000000003,,high,,scalar,,,24600,,10pct,,5,,,1000,43478260,,,,,,,grouped_sum_count
mac,overall-16-0.csv,1024,24000,,6623.439999999998,,skewed,,scalar,,,24400,,10pct,,5,,,1000,41666666,,,,,,,grouped_sum_count
mac,overall-16-0.csv,1024,2477000,,24796340.01649992,,,,scalar,,,2499800,,none,,5,,,100000,40371417,,,,,,,arithmetic_chain
mac,overall-16-0.csv,1024,741000,,24796340.01649992,,,,simd4,,,744400,,none,,5,,,100000,134952766,,,,,,,arithmetic_chain
mac,overall-16-0.csv,1024,548000,,87625.0,,,,simd4,,,551600,,none,,5,,,100000,182481751,,,,,,,nullable_compare
mac,overall-16-0.csv,1024,1205000,,-178310.0,,,,simd4,,,1234600,,none,,5,,,100000,82987551,,,,,,,filter
mac,overall-16-0.csv,1024,264000,,225294.0,,,,scalar,,,264600,,none,,5,,,100000,378787878,,,,,,,global_sum
mac,overall-16-0.csv,1024,10000,,100000.0,,,,scalar,,,11000,,none,,5,,,100000,10000000000,,,,,,,global_count
mac,overall-16-0.csv,1024,2522000,,22384188.787249964,,,,scalar,,,2529800,,10pct,,5,,,100000,39651070,,,,,,,arithmetic_chain
mac,overall-16-0.csv,1024,780000,,22384188.787249964,,,,simd4,,,782400,,10pct,,5,,,100000,128205128,,,,,,,arithmetic_chain
mac,overall-16-0.csv,1024,546000,,94016.5,,,,simd4,,,547600,,10pct,,5,,,100000,183150183,,,,,,,nullable_compare
mac,overall-16-0.csv,1024,1081000,,138719.0,,,,simd4,,,1084600,,10pct,,5,,,100000,92506938,,,,,,,filter
mac,overall-16-0.csv,1024,237000,,233310.0,,,,scalar,,,239800,,10pct,,5,,,100000,421940928,,,,,,,global_sum
mac,overall-16-0.csv,1024,10000,,90000.0,,,,scalar,,,10600,,10pct,,5,,,100000,10000000000,,,,,,,global_count
mac,overall-16-0.csv,1024,961000,,618434.6799999996,,low,,scalar,,,963400,,10pct,,5,,,100000,104058272,,,,,,,grouped_sum_count
mac,overall-16-0.csv,1024,2745000,,635654.8099999999,,high,,scalar,,,2811200,,10pct,,5,,,100000,36429872,,,,,,,grouped_sum_count
mac,overall-16-0.csv,1024,2526000,,395334.35,,skewed,,scalar,,,2539400,,10pct,,5,,,100000,39588281,,,,,,,grouped_sum_count
mac,overall-16-0.csv,1024,6160000,,259031205.06900412,,,,scalar,,,6624600,,none,,5,,,1000000,162337662,,,,,,,arithmetic_chain
mac,overall-16-0.csv,1024,2257000,,259031205.06900412,,,,simd4,,,2403200,,none,,5,,,1000000,443066016,,,,,,,arithmetic_chain
mac,overall-16-0.csv,1024,1429000,,875096.0,,,,simd4,,,1454400,,none,,5,,,1000000,699790062,,,,,,,nullable_compare
mac,overall-16-0.csv,1024,4159000,,-859325.0,,,,simd4,,,4411000,,none,,5,,,1000000,240442414,,,,,,,filter
mac,overall-16-0.csv,1024,1020000,,-628025.0,,,,scalar,,,1080600,,none,,5,,,1000000,980392156,,,,,,,global_sum
mac,overall-16-0.csv,1024,148000,,1000000.0,,,,scalar,,,153000,,none,,5,,,1000000,6756756756,,,,,,,global_count
mac,overall-16-0.csv,1024,6481000,,233365582.0659991,,,,scalar,,,7053200,,10pct,,5,,,1000000,154297176,,,,,,,arithmetic_chain
mac,overall-16-0.csv,1024,2105000,,233365582.0659991,,,,simd4,,,2448000,,10pct,,5,,,1000000,475059382,,,,,,,arithmetic_chain
mac,overall-16-0.csv,1024,1428000,,938109.5,,,,simd4,,,1547400,,10pct,,5,,,1000000,700280112,,,,,,,nullable_compare
mac,overall-16-0.csv,1024,3865000,,-1696707.0,,,,simd4,,,4052400,,10pct,,5,,,1000000,258732212,,,,,,,filter
mac,overall-16-0.csv,1024,985000,,-582242.0,,,,scalar,,,1071200,,10pct,,5,,,1000000,1015228426,,,,,,,global_sum
mac,overall-16-0.csv,1024,149000,,900000.0,,,,scalar,,,155000,,10pct,,5,,,1000000,6711409395,,,,,,,global_count
mac,overall-16-0.csv,1024,2634000,,5708002.17,,low,,scalar,,,2688200,,10pct,,5,,,1000000,379650721,,,,,,,grouped_sum_count
mac,overall-16-0.csv,1024,21219000,,6322551.41,,high,,scalar,,,22843400,,10pct,,5,,,1000000,47127574,,,,,,,grouped_sum_count
mac,overall-16-0.csv,1024,23743000,,3979677.4499999993,,skewed,,scalar,,,23971200,,10pct,,5,,,1000000,42117676,,,,,,,grouped_sum_count
mac,overall-16-1.csv,1024,30000,,406266.15199999954,,,,scalar,,,30800,,none,,5,,,1000,33333333,,,,,,,arithmetic_chain
mac,overall-16-1.csv,1024,11000,,406266.15199999954,,,,simd4,,,11400,,none,,5,,,1000,90909090,,,,,,,arithmetic_chain
mac,overall-16-1.csv,1024,6000,,874.0,,,,simd4,,,6200,,none,,5,,,1000,166666666,,,,,,,nullable_compare
mac,overall-16-1.csv,1024,13000,,-45191.0,,,,simd4,,,14200,,none,,5,,,1000,76923076,,,,,,,filter
mac,overall-16-1.csv,1024,5000,,-13051.0,,,,scalar,,,5200,,none,,5,,,1000,200000000,,,,,,,global_sum
mac,overall-16-1.csv,1024,2000,,1000.0,,,,scalar,,,2200,,none,,5,,,1000,500000000,,,,,,,global_count
mac,overall-16-1.csv,1024,28000,,346124.2987499998,,,,scalar,,,28600,,10pct,,5,,,1000,35714285,,,,,,,arithmetic_chain
mac,overall-16-1.csv,1024,11000,,346124.2987499998,,,,simd4,,,11400,,10pct,,5,,,1000,90909090,,,,,,,arithmetic_chain
mac,overall-16-1.csv,1024,6000,,934.5,,,,simd4,,,6200,,10pct,,5,,,1000,166666666,,,,,,,nullable_compare
mac,overall-16-1.csv,1024,12000,,-51656.0,,,,simd4,,,12800,,10pct,,5,,,1000,83333333,,,,,,,filter
mac,overall-16-1.csv,1024,4000,,-9946.0,,,,scalar,,,4800,,10pct,,5,,,1000,250000000,,,,,,,global_sum
mac,overall-16-1.csv,1024,2000,,900.0,,,,scalar,,,2400,,10pct,,5,,,1000,500000000,,,,,,,global_count
mac,overall-16-1.csv,1024,20000,,4024.5700000000015,,low,,scalar,,,20800,,10pct,,5,,,1000,50000000,,,,,,,grouped_sum_count
mac,overall-16-1.csv,1024,23000,,4861.900000000003,,high,,scalar,,,24000,,10pct,,5,,,1000,43478260,,,,,,,grouped_sum_count
mac,overall-16-1.csv,1024,22000,,6623.439999999998,,skewed,,scalar,,,23000,,10pct,,5,,,1000,45454545,,,,,,,grouped_sum_count
mac,overall-16-1.csv,1024,2478000,,24796340.01649992,,,,scalar,,,2529400,,none,,5,,,100000,40355125,,,,,,,arithmetic_chain
mac,overall-16-1.csv,1024,739000,,24796340.01649992,,,,simd4,,,743000,,none,,5,,,100000,135317997,,,,,,,arithmetic_chain
mac,overall-16-1.csv,1024,547000,,87625.0,,,,simd4,,,551000,,none,,5,,,100000,182815356,,,,,,,nullable_compare
mac,overall-16-1.csv,1024,1207000,,-178310.0,,,,simd4,,,1240400,,none,,5,,,100000,82850041,,,,,,,filter
mac,overall-16-1.csv,1024,255000,,225294.0,,,,scalar,,,255800,,none,,5,,,100000,392156862,,,,,,,global_sum
mac,overall-16-1.csv,1024,10000,,100000.0,,,,scalar,,,10800,,none,,5,,,100000,10000000000,,,,,,,global_count
mac,overall-16-1.csv,1024,2524000,,22384188.787249964,,,,scalar,,,2530200,,10pct,,5,,,100000,39619651,,,,,,,arithmetic_chain
mac,overall-16-1.csv,1024,780000,,22384188.787249964,,,,simd4,,,782000,,10pct,,5,,,100000,128205128,,,,,,,arithmetic_chain
mac,overall-16-1.csv,1024,545000,,94016.5,,,,simd4,,,548800,,10pct,,5,,,100000,183486238,,,,,,,nullable_compare
mac,overall-16-1.csv,1024,1080000,,138719.0,,,,simd4,,,1086400,,10pct,,5,,,100000,92592592,,,,,,,filter
mac,overall-16-1.csv,1024,237000,,233310.0,,,,scalar,,,238000,,10pct,,5,,,100000,421940928,,,,,,,global_sum
mac,overall-16-1.csv,1024,10000,,90000.0,,,,scalar,,,10800,,10pct,,5,,,100000,10000000000,,,,,,,global_count
mac,overall-16-1.csv,1024,957000,,618434.6799999996,,low,,scalar,,,958600,,10pct,,5,,,100000,104493207,,,,,,,grouped_sum_count
mac,overall-16-1.csv,1024,2754000,,635654.8099999999,,high,,scalar,,,2799800,,10pct,,5,,,100000,36310820,,,,,,,grouped_sum_count
mac,overall-16-1.csv,1024,2526000,,395334.35,,skewed,,scalar,,,2554000,,10pct,,5,,,100000,39588281,,,,,,,grouped_sum_count
mac,overall-16-1.csv,1024,6363000,,259031205.06900412,,,,scalar,,,6684600,,none,,5,,,1000000,157158573,,,,,,,arithmetic_chain
mac,overall-16-1.csv,1024,2138000,,259031205.06900412,,,,simd4,,,2359200,,none,,5,,,1000000,467726847,,,,,,,arithmetic_chain
mac,overall-16-1.csv,1024,1430000,,875096.0,,,,simd4,,,1530000,,none,,5,,,1000000,699300699,,,,,,,nullable_compare
mac,overall-16-1.csv,1024,3983000,,-859325.0,,,,simd4,,,4348400,,none,,5,,,1000000,251067034,,,,,,,filter
mac,overall-16-1.csv,1024,1050000,,-628025.0,,,,scalar,,,1112800,,none,,5,,,1000000,952380952,,,,,,,global_sum
mac,overall-16-1.csv,1024,158000,,1000000.0,,,,scalar,,,163400,,none,,5,,,1000000,6329113924,,,,,,,global_count
mac,overall-16-1.csv,1024,6386000,,233365582.0659991,,,,scalar,,,6847800,,10pct,,5,,,1000000,156592546,,,,,,,arithmetic_chain
mac,overall-16-1.csv,1024,2323000,,233365582.0659991,,,,simd4,,,2462400,,10pct,,5,,,1000000,430477830,,,,,,,arithmetic_chain
mac,overall-16-1.csv,1024,1411000,,938109.5,,,,simd4,,,1434000,,10pct,,5,,,1000000,708717221,,,,,,,nullable_compare
mac,overall-16-1.csv,1024,3829000,,-1696707.0,,,,simd4,,,4241200,,10pct,,5,,,1000000,261164794,,,,,,,filter
mac,overall-16-1.csv,1024,1043000,,-582242.0,,,,scalar,,,1111400,,10pct,,5,,,1000000,958772770,,,,,,,global_sum
mac,overall-16-1.csv,1024,155000,,900000.0,,,,scalar,,,163200,,10pct,,5,,,1000000,6451612903,,,,,,,global_count
mac,overall-16-1.csv,1024,2628000,,5708002.17,,low,,scalar,,,2661600,,10pct,,5,,,1000000,380517503,,,,,,,grouped_sum_count
mac,overall-16-1.csv,1024,21882000,,6322551.41,,high,,scalar,,,22053200,,10pct,,5,,,1000000,45699661,,,,,,,grouped_sum_count
mac,overall-16-1.csv,1024,23269000,,3979677.4499999993,,skewed,,scalar,,,23793600,,10pct,,5,,,1000000,42975632,,,,,,,grouped_sum_count
mac,overall-4-0.csv,1024,90000,,406266.15199999954,,,,scalar,,,102000,,none,,5,,,1000,11111111,,,,,,,arithmetic_chain
mac,overall-4-0.csv,1024,34000,,406266.15199999954,,,,simd4,,,35000,,none,,5,,,1000,29411764,,,,,,,arithmetic_chain
mac,overall-4-0.csv,1024,20000,,874.0,,,,simd4,,,21000,,none,,5,,,1000,50000000,,,,,,,nullable_compare
mac,overall-4-0.csv,1024,40000,,-45191.0,,,,simd4,,,44400,,none,,5,,,1000,25000000,,,,,,,filter
mac,overall-4-0.csv,1024,15000,,-13051.0,,,,scalar,,,15800,,none,,5,,,1000,66666666,,,,,,,global_sum
mac,overall-4-0.csv,1024,8000,,1000.0,,,,scalar,,,8000,,none,,5,,,1000,125000000,,,,,,,global_count
mac,overall-4-0.csv,1024,90000,,346124.2987499998,,,,scalar,,,90200,,10pct,,5,,,1000,11111111,,,,,,,arithmetic_chain
mac,overall-4-0.csv,1024,36000,,346124.2987499998,,,,simd4,,,36000,,10pct,,5,,,1000,27777777,,,,,,,arithmetic_chain
mac,overall-4-0.csv,1024,20000,,934.5,,,,simd4,,,20800,,10pct,,5,,,1000,50000000,,,,,,,nullable_compare
mac,overall-4-0.csv,1024,36000,,-51656.0,,,,simd4,,,38000,,10pct,,5,,,1000,27777777,,,,,,,filter
mac,overall-4-0.csv,1024,15000,,-9946.0,,,,scalar,,,15400,,10pct,,5,,,1000,66666666,,,,,,,global_sum
mac,overall-4-0.csv,1024,7000,,900.0,,,,scalar,,,7800,,10pct,,5,,,1000,142857142,,,,,,,global_count
mac,overall-4-0.csv,1024,67000,,4024.5700000000015,,low,,scalar,,,82400,,10pct,,5,,,1000,14925373,,,,,,,grouped_sum_count
mac,overall-4-0.csv,1024,88000,,4861.900000000003,,high,,scalar,,,91600,,10pct,,5,,,1000,11363636,,,,,,,grouped_sum_count
mac,overall-4-0.csv,1024,89000,,6623.439999999998,,skewed,,scalar,,,90800,,10pct,,5,,,1000,11235955,,,,,,,grouped_sum_count
mac,overall-4-0.csv,1024,4490000,,24796340.01649992,,,,scalar,,,5248800,,none,,5,,,100000,22271714,,,,,,,arithmetic_chain
mac,overall-4-0.csv,1024,1058000,,24796340.01649992,,,,simd4,,,1090800,,none,,5,,,100000,94517958,,,,,,,arithmetic_chain
mac,overall-4-0.csv,1024,675000,,87625.0,,,,simd4,,,679600,,none,,5,,,100000,148148148,,,,,,,nullable_compare
mac,overall-4-0.csv,1024,1292000,,-178310.0,,,,simd4,,,1359800,,none,,5,,,100000,77399380,,,,,,,filter
mac,overall-4-0.csv,1024,257000,,225294.0,,,,scalar,,,257600,,none,,5,,,100000,389105058,,,,,,,global_sum
mac,overall-4-0.csv,1024,10000,,100000.0,,,,scalar,,,10400,,none,,5,,,100000,10000000000,,,,,,,global_count
mac,overall-4-0.csv,1024,2556000,,22384188.787249964,,,,scalar,,,2560800,,10pct,,5,,,100000,39123630,,,,,,,arithmetic_chain
mac,overall-4-0.csv,1024,780000,,22384188.787249964,,,,simd4,,,781200,,10pct,,5,,,100000,128205128,,,,,,,arithmetic_chain
mac,overall-4-0.csv,1024,543000,,94016.5,,,,simd4,,,544400,,10pct,,5,,,100000,184162062,,,,,,,nullable_compare
mac,overall-4-0.csv,1024,1080000,,138719.0,,,,simd4,,,1083800,,10pct,,5,,,100000,92592592,,,,,,,filter
mac,overall-4-0.csv,1024,237000,,233310.0,,,,scalar,,,237200,,10pct,,5,,,100000,421940928,,,,,,,global_sum
mac,overall-4-0.csv,1024,11000,,90000.0,,,,scalar,,,11200,,10pct,,5,,,100000,9090909090,,,,,,,global_count
mac,overall-4-0.csv,1024,959000,,618434.6799999996,,low,,scalar,,,960400,,10pct,,5,,,100000,104275286,,,,,,,grouped_sum_count
mac,overall-4-0.csv,1024,2753000,,635654.8099999999,,high,,scalar,,,2807400,,10pct,,5,,,100000,36324010,,,,,,,grouped_sum_count
mac,overall-4-0.csv,1024,2516000,,395334.35,,skewed,,scalar,,,2532200,,10pct,,5,,,100000,39745627,,,,,,,grouped_sum_count
mac,overall-4-0.csv,1024,6968000,,259031205.06900412,,,,scalar,,,7109600,,none,,5,,,1000000,143513203,,,,,,,arithmetic_chain
mac,overall-4-0.csv,1024,2476000,,259031205.06900412,,,,simd4,,,2527000,,none,,5,,,1000000,403877221,,,,,,,arithmetic_chain
mac,overall-4-0.csv,1024,1647000,,875096.0,,,,simd4,,,1650400,,none,,5,,,1000000,607164541,,,,,,,nullable_compare
mac,overall-4-0.csv,1024,4413000,,-859325.0,,,,simd4,,,4594200,,none,,5,,,1000000,226603217,,,,,,,filter
mac,overall-4-0.csv,1024,1654000,,-628025.0,,,,scalar,,,1661400,,none,,5,,,1000000,604594921,,,,,,,global_sum
mac,overall-4-0.csv,1024,102000,,1000000.0,,,,scalar,,,105600,,none,,5,,,1000000,9803921568,,,,,,,global_count
mac,overall-4-0.csv,1024,7062000,,233365582.0659991,,,,scalar,,,7224600,,10pct,,5,,,1000000,141602945,,,,,,,arithmetic_chain
mac,overall-4-0.csv,1024,2559000,,233365582.0659991,,,,simd4,,,2604600,,10pct,,5,,,1000000,390777647,,,,,,,arithmetic_chain
mac,overall-4-0.csv,1024,1634000,,938109.5,,,,simd4,,,1640400,,10pct,,5,,,1000000,611995104,,,,,,,nullable_compare
mac,overall-4-0.csv,1024,4156000,,-1696707.0,,,,simd4,,,4195400,,10pct,,5,,,1000000,240615976,,,,,,,filter
mac,overall-4-0.csv,1024,717000,,-582242.0,,,,scalar,,,728600,,10pct,,5,,,1000000,1394700139,,,,,,,global_sum
mac,overall-4-0.csv,1024,94000,,900000.0,,,,scalar,,,96200,,10pct,,5,,,1000000,10638297872,,,,,,,global_count
mac,overall-4-0.csv,1024,2980000,,5708002.170000001,,low,,scalar,,,2990400,,10pct,,5,,,1000000,335570469,,,,,,,grouped_sum_count
mac,overall-4-0.csv,1024,7244000,,6322551.41,,high,,scalar,,,7416000,,10pct,,5,,,1000000,138045278,,,,,,,grouped_sum_count
mac,overall-4-0.csv,1024,10692000,,3979677.4499999993,,skewed,,scalar,,,10918600,,10pct,,5,,,1000000,93527871,,,,,,,grouped_sum_count
mac,overall-4-1.csv,1024,30000,,406266.15199999954,,,,scalar,,,33000,,none,,5,,,1000,33333333,,,,,,,arithmetic_chain
mac,overall-4-1.csv,1024,11000,,406266.15199999954,,,,simd4,,,11400,,none,,5,,,1000,90909090,,,,,,,arithmetic_chain
mac,overall-4-1.csv,1024,6000,,874.0,,,,simd4,,,6400,,none,,5,,,1000,166666666,,,,,,,nullable_compare
mac,overall-4-1.csv,1024,13000,,-45191.0,,,,simd4,,,15400,,none,,5,,,1000,76923076,,,,,,,filter
mac,overall-4-1.csv,1024,5000,,-13051.0,,,,scalar,,,5000,,none,,5,,,1000,200000000,,,,,,,global_sum
mac,overall-4-1.csv,1024,2000,,1000.0,,,,scalar,,,2200,,none,,5,,,1000,500000000,,,,,,,global_count
mac,overall-4-1.csv,1024,29000,,346124.2987499998,,,,scalar,,,29600,,10pct,,5,,,1000,34482758,,,,,,,arithmetic_chain
mac,overall-4-1.csv,1024,11000,,346124.2987499998,,,,simd4,,,11000,,10pct,,5,,,1000,90909090,,,,,,,arithmetic_chain
mac,overall-4-1.csv,1024,6000,,934.5,,,,simd4,,,6000,,10pct,,5,,,1000,166666666,,,,,,,nullable_compare
mac,overall-4-1.csv,1024,12000,,-51656.0,,,,simd4,,,13000,,10pct,,5,,,1000,83333333,,,,,,,filter
mac,overall-4-1.csv,1024,4000,,-9946.0,,,,scalar,,,4400,,10pct,,5,,,1000,250000000,,,,,,,global_sum
mac,overall-4-1.csv,1024,2000,,900.0,,,,scalar,,,2000,,10pct,,5,,,1000,500000000,,,,,,,global_count
mac,overall-4-1.csv,1024,21000,,4024.5700000000015,,low,,scalar,,,21400,,10pct,,5,,,1000,47619047,,,,,,,grouped_sum_count
mac,overall-4-1.csv,1024,24000,,4861.900000000003,,high,,scalar,,,24400,,10pct,,5,,,1000,41666666,,,,,,,grouped_sum_count
mac,overall-4-1.csv,1024,24000,,6623.439999999998,,skewed,,scalar,,,24400,,10pct,,5,,,1000,41666666,,,,,,,grouped_sum_count
mac,overall-4-1.csv,1024,2516000,,24796340.01649992,,,,scalar,,,2535600,,none,,5,,,100000,39745627,,,,,,,arithmetic_chain
mac,overall-4-1.csv,1024,735000,,24796340.01649992,,,,simd4,,,740200,,none,,5,,,100000,136054421,,,,,,,arithmetic_chain
mac,overall-4-1.csv,1024,548000,,87625.0,,,,simd4,,,552400,,none,,5,,,100000,182481751,,,,,,,nullable_compare
mac,overall-4-1.csv,1024,1208000,,-178310.0,,,,simd4,,,1236600,,none,,5,,,100000,82781456,,,,,,,filter
mac,overall-4-1.csv,1024,256000,,225294.0,,,,scalar,,,257800,,none,,5,,,100000,390625000,,,,,,,global_sum
mac,overall-4-1.csv,1024,11000,,100000.0,,,,scalar,,,11000,,none,,5,,,100000,9090909090,,,,,,,global_count
mac,overall-4-1.csv,1024,2559000,,22384188.787249964,,,,scalar,,,2561800,,10pct,,5,,,100000,39077764,,,,,,,arithmetic_chain
mac,overall-4-1.csv,1024,779000,,22384188.787249964,,,,simd4,,,782600,,10pct,,5,,,100000,128369704,,,,,,,arithmetic_chain
mac,overall-4-1.csv,1024,543000,,94016.5,,,,simd4,,,544800,,10pct,,5,,,100000,184162062,,,,,,,nullable_compare
mac,overall-4-1.csv,1024,1079000,,138719.0,,,,simd4,,,1082400,,10pct,,5,,,100000,92678405,,,,,,,filter
mac,overall-4-1.csv,1024,237000,,233310.0,,,,scalar,,,237800,,10pct,,5,,,100000,421940928,,,,,,,global_sum
mac,overall-4-1.csv,1024,10000,,90000.0,,,,scalar,,,10200,,10pct,,5,,,100000,10000000000,,,,,,,global_count
mac,overall-4-1.csv,1024,963000,,618434.6799999996,,low,,scalar,,,966000,,10pct,,5,,,100000,103842159,,,,,,,grouped_sum_count
mac,overall-4-1.csv,1024,2744000,,635654.8099999999,,high,,scalar,,,2795800,,10pct,,5,,,100000,36443148,,,,,,,grouped_sum_count
mac,overall-4-1.csv,1024,2521000,,395334.35,,skewed,,scalar,,,2536000,,10pct,,5,,,100000,39666798,,,,,,,grouped_sum_count
mac,overall-4-1.csv,1024,6958000,,259031205.06900412,,,,scalar,,,7079400,,none,,5,,,1000000,143719459,,,,,,,arithmetic_chain
mac,overall-4-1.csv,1024,2453000,,259031205.06900412,,,,simd4,,,2526600,,none,,5,,,1000000,407664084,,,,,,,arithmetic_chain
mac,overall-4-1.csv,1024,1627000,,875096.0,,,,simd4,,,1635200,,none,,5,,,1000000,614628149,,,,,,,nullable_compare
mac,overall-4-1.csv,1024,4416000,,-859325.0,,,,simd4,,,4655200,,none,,5,,,1000000,226449275,,,,,,,filter
mac,overall-4-1.csv,1024,1648000,,-628025.0,,,,scalar,,,1670800,,none,,5,,,1000000,606796116,,,,,,,global_sum
mac,overall-4-1.csv,1024,89000,,1000000.0,,,,scalar,,,90400,,none,,5,,,1000000,11235955056,,,,,,,global_count
mac,overall-4-1.csv,1024,7058000,,233365582.0659991,,,,scalar,,,7260200,,10pct,,5,,,1000000,141683196,,,,,,,arithmetic_chain
mac,overall-4-1.csv,1024,2596000,,233365582.0659991,,,,simd4,,,2619600,,10pct,,5,,,1000000,385208012,,,,,,,arithmetic_chain
mac,overall-4-1.csv,1024,1624000,,938109.5,,,,simd4,,,1628000,,10pct,,5,,,1000000,615763546,,,,,,,nullable_compare
mac,overall-4-1.csv,1024,4126000,,-1696707.0,,,,simd4,,,4161800,,10pct,,5,,,1000000,242365487,,,,,,,filter
mac,overall-4-1.csv,1024,714000,,-582242.0,,,,scalar,,,717000,,10pct,,5,,,1000000,1400560224,,,,,,,global_sum
mac,overall-4-1.csv,1024,95000,,900000.0,,,,scalar,,,98000,,10pct,,5,,,1000000,10526315789,,,,,,,global_count
mac,overall-4-1.csv,1024,2989000,,5708002.170000001,,low,,scalar,,,2995200,,10pct,,5,,,1000000,334560053,,,,,,,grouped_sum_count
mac,overall-4-1.csv,1024,7014000,,6322551.41,,high,,scalar,,,7357800,,10pct,,5,,,1000000,142571998,,,,,,,grouped_sum_count
mac,overall-4-1.csv,1024,10671000,,3979677.4499999993,,skewed,,scalar,,,10938600,,10pct,,5,,,1000000,93711929,,,,,,,grouped_sum_count
mac,overall-8-0.csv,1024,30000,,406266.15199999954,,,,scalar,,,31200,,none,,5,,,1000,33333333,,,,,,,arithmetic_chain
mac,overall-8-0.csv,1024,11000,,406266.15199999954,,,,simd4,,,11800,,none,,5,,,1000,90909090,,,,,,,arithmetic_chain
mac,overall-8-0.csv,1024,6000,,874.0,,,,simd4,,,6800,,none,,5,,,1000,166666666,,,,,,,nullable_compare
mac,overall-8-0.csv,1024,13000,,-45191.0,,,,simd4,,,15000,,none,,5,,,1000,76923076,,,,,,,filter
mac,overall-8-0.csv,1024,4000,,-13051.0,,,,scalar,,,4800,,none,,5,,,1000,250000000,,,,,,,global_sum
mac,overall-8-0.csv,1024,2000,,1000.0,,,,scalar,,,2400,,none,,5,,,1000,500000000,,,,,,,global_count
mac,overall-8-0.csv,1024,29000,,346124.2987499998,,,,scalar,,,29400,,10pct,,5,,,1000,34482758,,,,,,,arithmetic_chain
mac,overall-8-0.csv,1024,11000,,346124.2987499998,,,,simd4,,,11800,,10pct,,5,,,1000,90909090,,,,,,,arithmetic_chain
mac,overall-8-0.csv,1024,6000,,934.5,,,,simd4,,,6000,,10pct,,5,,,1000,166666666,,,,,,,nullable_compare
mac,overall-8-0.csv,1024,12000,,-51656.0,,,,simd4,,,12800,,10pct,,5,,,1000,83333333,,,,,,,filter
mac,overall-8-0.csv,1024,4000,,-9946.0,,,,scalar,,,4800,,10pct,,5,,,1000,250000000,,,,,,,global_sum
mac,overall-8-0.csv,1024,2000,,900.0,,,,scalar,,,2400,,10pct,,5,,,1000,500000000,,,,,,,global_count
mac,overall-8-0.csv,1024,21000,,4024.5700000000015,,low,,scalar,,,21600,,10pct,,5,,,1000,47619047,,,,,,,grouped_sum_count
mac,overall-8-0.csv,1024,24000,,4861.900000000003,,high,,scalar,,,24200,,10pct,,5,,,1000,41666666,,,,,,,grouped_sum_count
mac,overall-8-0.csv,1024,23000,,6623.439999999998,,skewed,,scalar,,,24200,,10pct,,5,,,1000,43478260,,,,,,,grouped_sum_count
mac,overall-8-0.csv,1024,2508000,,24796340.01649992,,,,scalar,,,2535400,,none,,5,,,100000,39872408,,,,,,,arithmetic_chain
mac,overall-8-0.csv,1024,738000,,24796340.01649992,,,,simd4,,,742400,,none,,5,,,100000,135501355,,,,,,,arithmetic_chain
mac,overall-8-0.csv,1024,548000,,87625.0,,,,simd4,,,551000,,none,,5,,,100000,182481751,,,,,,,nullable_compare
mac,overall-8-0.csv,1024,1209000,,-178310.0,,,,simd4,,,1240800,,none,,5,,,100000,82712985,,,,,,,filter
mac,overall-8-0.csv,1024,256000,,225294.0,,,,scalar,,,256000,,none,,5,,,100000,390625000,,,,,,,global_sum
mac,overall-8-0.csv,1024,10000,,100000.0,,,,scalar,,,10800,,none,,5,,,100000,10000000000,,,,,,,global_count
mac,overall-8-0.csv,1024,2498000,,22384188.787249964,,,,scalar,,,2516400,,10pct,,5,,,100000,40032025,,,,,,,arithmetic_chain
mac,overall-8-0.csv,1024,778000,,22384188.787249964,,,,simd4,,,780600,,10pct,,5,,,100000,128534704,,,,,,,arithmetic_chain
mac,overall-8-0.csv,1024,546000,,94016.5,,,,simd4,,,547200,,10pct,,5,,,100000,183150183,,,,,,,nullable_compare
mac,overall-8-0.csv,1024,1081000,,138719.0,,,,simd4,,,1085800,,10pct,,5,,,100000,92506938,,,,,,,filter
mac,overall-8-0.csv,1024,237000,,233310.0,,,,scalar,,,238000,,10pct,,5,,,100000,421940928,,,,,,,global_sum
mac,overall-8-0.csv,1024,10000,,90000.0,,,,scalar,,,10600,,10pct,,5,,,100000,10000000000,,,,,,,global_count
mac,overall-8-0.csv,1024,958000,,618434.6799999996,,low,,scalar,,,959000,,10pct,,5,,,100000,104384133,,,,,,,grouped_sum_count
mac,overall-8-0.csv,1024,2741000,,635654.8099999999,,high,,scalar,,,2806600,,10pct,,5,,,100000,36483035,,,,,,,grouped_sum_count
mac,overall-8-0.csv,1024,2515000,,395334.35,,skewed,,scalar,,,2528400,,10pct,,5,,,100000,39761431,,,,,,,grouped_sum_count
mac,overall-8-0.csv,1024,6456000,,259031205.06900412,,,,scalar,,,7054000,,none,,5,,,1000000,154894671,,,,,,,arithmetic_chain
mac,overall-8-0.csv,1024,2393000,,259031205.06900412,,,,simd4,,,2679400,,none,,5,,,1000000,417885499,,,,,,,arithmetic_chain
mac,overall-8-0.csv,1024,1447000,,875096.0,,,,simd4,,,1454400,,none,,5,,,1000000,691085003,,,,,,,nullable_compare
mac,overall-8-0.csv,1024,3973000,,-859325.0,,,,simd4,,,4303400,,none,,5,,,1000000,251698968,,,,,,,filter
mac,overall-8-0.csv,1024,1237000,,-628025.0,,,,scalar,,,1258000,,none,,5,,,1000000,808407437,,,,,,,global_sum
mac,overall-8-0.csv,1024,104000,,1000000.0,,,,scalar,,,115000,,none,,5,,,1000000,9615384615,,,,,,,global_count
mac,overall-8-0.csv,1024,7182000,,233365582.0659991,,,,scalar,,,7318400,,10pct,,5,,,1000000,139236981,,,,,,,arithmetic_chain
mac,overall-8-0.csv,1024,2553000,,233365582.0659991,,,,simd4,,,2678800,,10pct,,5,,,1000000,391696043,,,,,,,arithmetic_chain
mac,overall-8-0.csv,1024,1434000,,938109.5,,,,simd4,,,1487200,,10pct,,5,,,1000000,697350069,,,,,,,nullable_compare
mac,overall-8-0.csv,1024,3691000,,-1696707.0,,,,simd4,,,3947400,,10pct,,5,,,1000000,270929287,,,,,,,filter
mac,overall-8-0.csv,1024,995000,,-582242.0,,,,scalar,,,1055800,,10pct,,5,,,1000000,1005025125,,,,,,,global_sum
mac,overall-8-0.csv,1024,102000,,900000.0,,,,scalar,,,114200,,10pct,,5,,,1000000,9803921568,,,,,,,global_count
mac,overall-8-0.csv,1024,2688000,,5708002.17,,low,,scalar,,,2943400,,10pct,,5,,,1000000,372023809,,,,,,,grouped_sum_count
mac,overall-8-0.csv,1024,7230000,,6322551.41,,high,,scalar,,,7547200,,10pct,,5,,,1000000,138312586,,,,,,,grouped_sum_count
mac,overall-8-0.csv,1024,10165000,,3979677.4499999993,,skewed,,scalar,,,11226600,,10pct,,5,,,1000000,98376783,,,,,,,grouped_sum_count
mac,overall-8-1.csv,1024,30000,,406266.15199999954,,,,scalar,,,31000,,none,,5,,,1000,33333333,,,,,,,arithmetic_chain
mac,overall-8-1.csv,1024,12000,,406266.15199999954,,,,simd4,,,12200,,none,,5,,,1000,83333333,,,,,,,arithmetic_chain
mac,overall-8-1.csv,1024,6000,,874.0,,,,simd4,,,6400,,none,,5,,,1000,166666666,,,,,,,nullable_compare
mac,overall-8-1.csv,1024,14000,,-45191.0,,,,simd4,,,15800,,none,,5,,,1000,71428571,,,,,,,filter
mac,overall-8-1.csv,1024,4000,,-13051.0,,,,scalar,,,4800,,none,,5,,,1000,250000000,,,,,,,global_sum
mac,overall-8-1.csv,1024,2000,,1000.0,,,,scalar,,,2200,,none,,5,,,1000,500000000,,,,,,,global_count
mac,overall-8-1.csv,1024,29000,,346124.2987499998,,,,scalar,,,29600,,10pct,,5,,,1000,34482758,,,,,,,arithmetic_chain
mac,overall-8-1.csv,1024,11000,,346124.2987499998,,,,simd4,,,11800,,10pct,,5,,,1000,90909090,,,,,,,arithmetic_chain
mac,overall-8-1.csv,1024,6000,,934.5,,,,simd4,,,6000,,10pct,,5,,,1000,166666666,,,,,,,nullable_compare
mac,overall-8-1.csv,1024,12000,,-51656.0,,,,simd4,,,13200,,10pct,,5,,,1000,83333333,,,,,,,filter
mac,overall-8-1.csv,1024,4000,,-9946.0,,,,scalar,,,4800,,10pct,,5,,,1000,250000000,,,,,,,global_sum
mac,overall-8-1.csv,1024,2000,,900.0,,,,scalar,,,2200,,10pct,,5,,,1000,500000000,,,,,,,global_count
mac,overall-8-1.csv,1024,21000,,4024.5700000000015,,low,,scalar,,,21400,,10pct,,5,,,1000,47619047,,,,,,,grouped_sum_count
mac,overall-8-1.csv,1024,24000,,4861.900000000003,,high,,scalar,,,24200,,10pct,,5,,,1000,41666666,,,,,,,grouped_sum_count
mac,overall-8-1.csv,1024,23000,,6623.439999999998,,skewed,,scalar,,,24000,,10pct,,5,,,1000,43478260,,,,,,,grouped_sum_count
mac,overall-8-1.csv,1024,2521000,,24796340.01649992,,,,scalar,,,2541600,,none,,5,,,100000,39666798,,,,,,,arithmetic_chain
mac,overall-8-1.csv,1024,736000,,24796340.01649992,,,,simd4,,,739200,,none,,5,,,100000,135869565,,,,,,,arithmetic_chain
mac,overall-8-1.csv,1024,545000,,87625.0,,,,simd4,,,551400,,none,,5,,,100000,183486238,,,,,,,nullable_compare
mac,overall-8-1.csv,1024,1210000,,-178310.0,,,,simd4,,,1240200,,none,,5,,,100000,82644628,,,,,,,filter
mac,overall-8-1.csv,1024,256000,,225294.0,,,,scalar,,,256400,,none,,5,,,100000,390625000,,,,,,,global_sum
mac,overall-8-1.csv,1024,10000,,100000.0,,,,scalar,,,10600,,none,,5,,,100000,10000000000,,,,,,,global_count
mac,overall-8-1.csv,1024,2499000,,22384188.787249964,,,,scalar,,,2504200,,10pct,,5,,,100000,40016006,,,,,,,arithmetic_chain
mac,overall-8-1.csv,1024,779000,,22384188.787249964,,,,simd4,,,779800,,10pct,,5,,,100000,128369704,,,,,,,arithmetic_chain
mac,overall-8-1.csv,1024,544000,,94016.5,,,,simd4,,,545800,,10pct,,5,,,100000,183823529,,,,,,,nullable_compare
mac,overall-8-1.csv,1024,1080000,,138719.0,,,,simd4,,,1088800,,10pct,,5,,,100000,92592592,,,,,,,filter
mac,overall-8-1.csv,1024,237000,,233310.0,,,,scalar,,,238400,,10pct,,5,,,100000,421940928,,,,,,,global_sum
mac,overall-8-1.csv,1024,10000,,90000.0,,,,scalar,,,10600,,10pct,,5,,,100000,10000000000,,,,,,,global_count
mac,overall-8-1.csv,1024,957000,,618434.6799999996,,low,,scalar,,,958200,,10pct,,5,,,100000,104493207,,,,,,,grouped_sum_count
mac,overall-8-1.csv,1024,2742000,,635654.8099999999,,high,,scalar,,,2790200,,10pct,,5,,,100000,36469730,,,,,,,grouped_sum_count
mac,overall-8-1.csv,1024,2524000,,395334.35,,skewed,,scalar,,,2545400,,10pct,,5,,,100000,39619651,,,,,,,grouped_sum_count
mac,overall-8-1.csv,1024,6752000,,259031205.06900412,,,,scalar,,,7093400,,none,,5,,,1000000,148104265,,,,,,,arithmetic_chain
mac,overall-8-1.csv,1024,2386000,,259031205.06900412,,,,simd4,,,2456400,,none,,5,,,1000000,419111483,,,,,,,arithmetic_chain
mac,overall-8-1.csv,1024,1445000,,875096.0,,,,simd4,,,1459600,,none,,5,,,1000000,692041522,,,,,,,nullable_compare
mac,overall-8-1.csv,1024,4076000,,-859325.0,,,,simd4,,,4434000,,none,,5,,,1000000,245338567,,,,,,,filter
mac,overall-8-1.csv,1024,1144000,,-628025.0,,,,scalar,,,1199800,,none,,5,,,1000000,874125874,,,,,,,global_sum
mac,overall-8-1.csv,1024,115000,,1000000.0,,,,scalar,,,117600,,none,,5,,,1000000,8695652173,,,,,,,global_count
mac,overall-8-1.csv,1024,7236000,,233365582.0659991,,,,scalar,,,7480200,,10pct,,5,,,1000000,138197899,,,,,,,arithmetic_chain
mac,overall-8-1.csv,1024,2414000,,233365582.0659991,,,,simd4,,,2662400,,10pct,,5,,,1000000,414250207,,,,,,,arithmetic_chain
mac,overall-8-1.csv,1024,1478000,,938109.5,,,,simd4,,,1572000,,10pct,,5,,,1000000,676589986,,,,,,,nullable_compare
mac,overall-8-1.csv,1024,3763000,,-1696707.0,,,,simd4,,,3915800,,10pct,,5,,,1000000,265745415,,,,,,,filter
mac,overall-8-1.csv,1024,988000,,-582242.0,,,,scalar,,,1079400,,10pct,,5,,,1000000,1012145748,,,,,,,global_sum
mac,overall-8-1.csv,1024,110000,,900000.0,,,,scalar,,,114600,,10pct,,5,,,1000000,9090909090,,,,,,,global_count
mac,overall-8-1.csv,1024,2677000,,5708002.17,,low,,scalar,,,2856000,,10pct,,5,,,1000000,373552484,,,,,,,grouped_sum_count
mac,overall-8-1.csv,1024,7422000,,6322551.41,,high,,scalar,,,7980200,,10pct,,5,,,1000000,134734572,,,,,,,grouped_sum_count
mac,overall-8-1.csv,1024,10302000,,3979677.4499999993,,skewed,,scalar,,,10781600,,10pct,,5,,,1000000,97068530,,,,,,,grouped_sum_count
linux,builders-16.csv,,24395174,builders,,0,,,,,31168414,,27214490,,,,,0,1000000,,31168414;27214490;24395174;26166151;27270719,4,,16,,1,
linux,builders-16.csv,,23655410,builders,,0,,,,,31375665,,25132354,,,,,0,1000000,,31375665;25335948;23655410;24703738;25132354,8,,16,,1,
linux,builders-16.csv,,22223398,builders,,0,,,,,30013423,,22975620,,,,,0,1000000,,30013423;22975620;22223398;22280418;23363836,16,,16,,1,
linux,builders-16.csv,,23476796,builders,,0,,,,,32400239,,24160007,,,,,1,1000000,,32400239;23985235;23476796;24160007;25065672,16,,16,,1,
linux,builders-16.csv,,23658959,builders,,0,,,,,31964452,,25266005,,,,,1,1000000,,31964452;23658959;25580520;24686056;25266005,8,,16,,1,
linux,builders-16.csv,,25449337,builders,,0,,,,,35466047,,27558210,,,,,1,1000000,,35466047;27558210;26940170;28620286;25449337,4,,16,,1,
linux,builders-16.csv,,99760125,builders,,0,,,,,136407408,,100447727,,,,,0,4000000,,136407408;101919900;99760125;100447727;100213943,4,,16,,1,
linux,builders-16.csv,,88474940,builders,,0,,,,,125009448,,89696720,,,,,0,4000000,,125009448;89696720;89198651;88474940;90756491,8,,16,,1,
linux,builders-16.csv,,86438107,builders,,0,,,,,125083373,,87971031,,,,,0,4000000,,125083373;88615171;86438107;87971031;87604375,16,,16,,1,
linux,builders-16.csv,,85575978,builders,,0,,,,,114003482,,89250885,,,,,1,4000000,,114003482;89250885;85575978;90469064;87154153,16,,16,,1,
linux,builders-16.csv,,91494559,builders,,0,,,,,123173278,,95710483,,,,,1,4000000,,123173278;92620499;91494559;95710483;99062435,8,,16,,1,
linux,builders-16.csv,,98770175,builders,,0,,,,,132050178,,100584142,,,,,1,4000000,,132050178;104321010;98770175;99788891;100584142,4,,16,,1,
linux,builders-4.csv,,30525909,builders,,0,,,,,41038276,,30955626,,,,,0,1000000,,41038276;33758376;30770532;30955626;30525909,4,,4,,1,
linux,builders-4.csv,,26410408,builders,,0,,,,,46945335,,30234037,,,,,0,1000000,,46945335;30234037;28891836;26410408;33490343,8,,4,,1,
linux,builders-4.csv,,26363640,builders,,0,,,,,38590597,,31324467,,,,,0,1000000,,38590597;34480635;31324467;26363640;30304355,16,,4,,1,
linux,builders-4.csv,,30087252,builders,,0,,,,,38272275,,33669318,,,,,1,1000000,,38272275;33669318;30087252;34831945;31224749,16,,4,,1,
linux,builders-4.csv,,28558297,builders,,0,,,,,38235197,,30719374,,,,,1,1000000,,38235197;32398135;28558297;30719374;30543378,8,,4,,1,
linux,builders-4.csv,,31182611,builders,,0,,,,,41152973,,31945718,,,,,1,1000000,,41152973;35248373;31517541;31945718;31182611,4,,4,,1,
linux,builders-4.csv,,121733341,builders,,0,,,,,156064099,,124506740,,,,,0,4000000,,156064099;124506740;123760182;129370790;121733341,4,,4,,1,
linux,builders-4.csv,,123869910,builders,,0,,,,,156531649,,129862777,,,,,0,4000000,,156531649;131637206;129862777;126737908;123869910,8,,4,,1,
linux,builders-4.csv,,121012012,builders,,0,,,,,151330078,,123194510,,,,,0,4000000,,151330078;123194510;121943276;121012012;123627608,16,,4,,1,
linux,builders-4.csv,,121148140,builders,,0,,,,,149964019,,122638868,,,,,1,4000000,,149964019;122104603;122638868;121148140;124252902,16,,4,,1,
linux,builders-4.csv,,122810894,builders,,0,,,,,147889100,,124440917,,,,,1,4000000,,147889100;124440917;123795216;122810894;131586555,8,,4,,1,
linux,builders-4.csv,,120335046,builders,,0,,,,,150002682,,123174596,,,,,1,4000000,,150002682;123113367;120335046;123309821;123174596,4,,4,,1,
linux,builders-8.csv,,25229065,builders,,0,,,,,39030623,,26531533,,,,,0,1000000,,37783286;39030623;25367188;26531533;25229065,4,,8,,1,
linux,builders-8.csv,,25057120,builders,,0,,,,,34946921,,26896622,,,,,0,1000000,,34946921;26896622;26371390;25057120;26935253,8,,8,,1,
linux,builders-8.csv,,26555232,builders,,0,,,,,34452918,,27572805,,,,,0,1000000,,34452918;26555232;27572805;26669645;27870431,16,,8,,1,
linux,builders-8.csv,,26858189,builders,,0,,,,,35273726,,27526394,,,,,1,1000000,,35273726;27526394;27683877;27070793;26858189,16,,8,,1,
linux,builders-8.csv,,27076481,builders,,0,,,,,34733781,,27913070,,,,,1,1000000,,34733781;27456220;27913070;29216890;27076481,8,,8,,1,
linux,builders-8.csv,,24587426,builders,,0,,,,,35760634,,25455105,,,,,1,1000000,,35760634;24587426;25455105;25298392;29564147,4,,8,,1,
linux,builders-8.csv,,106309369,builders,,0,,,,,138878683,,109931543,,,,,0,4000000,,138878683;109931543;110869354;106309369;106792495,4,,8,,1,
linux,builders-8.csv,,99063828,builders,,0,,,,,124545138,,100296935,,,,,0,4000000,,124545138;100275834;99063828;101844708;100296935,8,,8,,1,
linux,builders-8.csv,,98148369,builders,,0,,,,,129200670,,99224417,,,,,0,4000000,,129200670;99161902;98148369;102512425;99224417,16,,8,,1,
linux,builders-8.csv,,99168547,builders,,0,,,,,130762314,,100779701,,,,,1,4000000,,130762314;126086332;100560037;99168547;100779701,16,,8,,1,
linux,builders-8.csv,,97999990,builders,,0,,,,,126316577,,99160078,,,,,1,4000000,,126316577;100512418;98144217;99160078;97999990,8,,8,,1,
linux,builders-8.csv,,104398466,builders,,0,,,,,131986062,,105478889,,,,,1,4000000,,131986062;105890829;104398466;105169163;105478889,4,,8,,1,
linux,gather-16.csv,,2417107,gather,,4,,,,,6005653,,2503579,,,,,0,250000,,6005653;2417107;2477738;2503579;2514508,0,,16,,2,
linux,gather-16.csv,,3170089,gather,,4,,,,,4585520,,4110763,,,,,0,250000,,4585520;3610685;4110763;4231494;3170089,1,,16,,2,
linux,gather-16.csv,,2806102,gather,,4,,,,,3355001,,3190699,,,,,0,250000,,2806102;3323921;3190699;2954895;3355001,2,,16,,2,
linux,gather-16.csv,,2496058,gather,,4,,,,,2867524,,2661811,,,,,0,250000,,2867524;2661811;2607520;2700591;2496058,4,,16,,2,
linux,gather-16.csv,,2640591,gather,,4,,,,,2747642,,2721702,,,,,0,250000,,2691572;2734182;2721702;2640591;2747642,8,,16,,2,
linux,gather-16.csv,,2685911,gather,,4,,,,,3194410,,2848544,,,,,1,250000,,2848544;2932725;2685911;2828353;3194410,8,,16,,2,
linux,gather-16.csv,,2450157,gather,,4,,,,,2962385,,2670611,,,,,1,250000,,2962385;2812193;2450157;2614481;2670611,4,,16,,2,
linux,gather-16.csv,,2552549,gather,,4,,,,,4391508,,3810398,,,,,1,250000,,3810398;3523044;2552549;3960641;4391508,2,,16,,2,
linux,gather-16.csv,,4140703,gather,,4,,,,,6545320,,6400788,,,,,1,250000,,5898310;6400788;4140703;6545320;6472778,1,,16,,2,
linux,gather-16.csv,,2309035,gather,,4,,,,,3394102,,2373537,,,,,1,250000,,3394102;2373537;2309035;2316306;2417187,0,,16,,2,
linux,gather-16.csv,,2267234,gather,,8,,,,,4146523,,2997586,,,,,0,250000,,4146523;2823134;2267234;2997586;3043787,0,,16,,2,
linux,gather-16.csv,,1800918,gather,,8,,,,,3662236,,2157673,,,,,0,250000,,3662236;3373561;1800918;2157673;1910320,1,,16,,2,
linux,gather-16.csv,,1998280,gather,,8,,,,,2332556,,2307695,,,,,0,250000,,2318616;2150822;1998280;2332556;2307695,2,,16,,2,
linux,gather-16.csv,,1825818,gather,,8,,,,,2292155,,1978081,,,,,0,250000,,2292155;1978081;1826187;1992100;1825818,4,,16,,2,
linux,gather-16.csv,,1534773,gather,,8,,,,,1995550,,1766857,,,,,0,250000,,1995550;1766857;1808198;1534773;1671225,8,,16,,2,
linux,gather-16.csv,,1599534,gather,,8,,,,,1810238,,1754977,,,,,1,250000,,1700286;1754977;1797197;1810238;1599534,8,,16,,2,
linux,gather-16.csv,,1584324,gather,,8,,,,,2148312,,1915249,,,,,1,250000,,2070502;1849778;1584324;1915249;2148312,4,,16,,2,
linux,gather-16.csv,,2093971,gather,,8,,,,,2273605,,2228804,,,,,1,250000,,2209583;2265334;2093971;2273605;2228804,2,,16,,2,
linux,gather-16.csv,,2050751,gather,,8,,,,,2960795,,2618330,,,,,1,250000,,2494478;2960795;2050751;2618330;2739302,1,,16,,2,
linux,gather-16.csv,,2130833,gather,,8,,,,,4543329,,2861503,,,,,1,250000,,4543329;2868353;2861503;2381366;2130833,0,,16,,2,
linux,gather-16.csv,,1947670,gather,,16,,,,,3296100,,2337546,,,,,0,250000,,3296100;1947670;2432347;2136782;2337546,0,,16,,2,
linux,gather-16.csv,,1761497,gather,,16,,,,,1989880,,1845117,,,,,0,250000,,1954429;1989880;1845117;1779597;1761497,1,,16,,2,
linux,gather-16.csv,,1465652,gather,,16,,,,,1784867,,1536353,,,,,0,250000,,1685746;1784867;1528513;1536353;1465652,2,,16,,2,
linux,gather-16.csv,,1257629,gather,,16,,,,,1637204,,1337811,,,,,0,250000,,1637204;1268849;1406892;1337811;1257629,4,,16,,2,
linux,gather-16.csv,,1384921,gather,,16,,,,,2131202,,1431281,,,,,0,250000,,2131202;1467052;1384921;1431281;1386761,8,,16,,2,
linux,gather-16.csv,,1452072,gather,,16,,,,,1584293,,1505823,,,,,1,250000,,1497923;1584293;1452072;1537203;1505823,8,,16,,2,
linux,gather-16.csv,,1245149,gather,,16,,,,,2423206,,1455891,,,,,1,250000,,2423206;1455891;1609224;1416761;1245149,4,,16,,2,
linux,gather-16.csv,,1343881,gather,,16,,,,,1565544,,1452892,,,,,1,250000,,1565544;1452892;1343881;1392281;1492863,2,,16,,2,
linux,gather-16.csv,,1572094,gather,,16,,,,,2052061,,1686446,,,,,1,250000,,1572094;2052061;1844688;1686446;1666395,1,,16,,2,
linux,gather-16.csv,,1932839,gather,,16,,,,,3310270,,2410796,,,,,1,250000,,3310270;2430717;2410796;1932839;2263494,0,,16,,2,
linux,gather-16.csv,,1875279,gather,,32,,,,,2930184,,1979920,,,,,0,250000,,2930184;1979920;1875279;2050731;1950719,0,,16,,2,
linux,gather-16.csv,,1715996,gather,,32,,,,,1899259,,1824978,,,,,0,250000,,1808817;1899259;1824978;1715996;1830638,1,,16,,2,
linux,gather-16.csv,,1207828,gather,,32,,,,,1263879,,1237689,,,,,0,250000,,1237689;1263879;1258709;1229599;1207828,2,,16,,2,
linux,gather-16.csv,,1072366,gather,,32,,,,,1350631,,1245009,,,,,0,250000,,1350631;1245009;1091026;1250749;1072366,4,,16,,2,
linux,gather-16.csv,,1283239,gather,,32,,,,,1483722,,1349220,,,,,0,250000,,1483722;1396201;1349220;1295070;1283239,8,,16,,2,
linux,gather-16.csv,,1454481,gather,,32,,,,,1694756,,1554123,,,,,1,250000,,1694756;1564313;1554123;1535953;1454481,8,,16,,2,
linux,gather-16.csv,,1074266,gather,,32,,,,,1605854,,1191658,,,,,1,250000,,1605854;1367380;1191658;1106797;1074266,4,,16,,2,
linux,gather-16.csv,,1148597,gather,,32,,,,,1305919,,1183848,,,,,1,250000,,1305919;1183848;1161948;1148597;1222018,2,,16,,2,
linux,gather-16.csv,,1693455,gather,,32,,,,,2897844,,1825878,,,,,1,250000,,2897844;1856998;1825878;1759267;1693455,1,,16,,2,
linux,gather-16.csv,,1881969,gather,,32,,,,,3206528,,2157972,,,,,1,250000,,3206528;2300875;2157972;2086741;1881969,0,,16,,2,
linux,gather-16.csv,,8755591,gather,,4,,,,,13524733,,9477523,,,,,0,250000,,13524733;10393176;8755591;9477523;9401851,0,,16,,8,
linux,gather-16.csv,,6268824,gather,,4,,,,,7378280,,6762122,,,,,0,250000,,6727001;6268824;6762122;7378280;6947945,1,,16,,8,
linux,gather-16.csv,,4833472,gather,,4,,,,,5689565,,5314420,,,,,0,250000,,4855933;5314420;5381860;4833472;5689565,2,,16,,8,
linux,gather-16.csv,,4914214,gather,,4,,,,,5441902,,5259149,,,,,0,250000,,5441902;5339840;5259149;4914214;4944885,4,,16,,8,
linux,gather-16.csv,,4585949,gather,,4,,,,,5566073,,5292439,,,,,0,250000,,5292439;5220238;5566073;4585949;5404491,8,,16,,8,
linux,gather-16.csv,,5240478,gather,,4,,,,,5630884,,5358740,,,,,1,250000,,5630884;5261758;5240478;5380691;5358740,8,,16,,8,
linux,gather-16.csv,,5126116,gather,,4,,,,,5438171,,5302389,,,,,1,250000,,5147747;5302389;5438171;5126116;5339720,4,,16,,8,
linux,gather-16.csv,,4727871,gather,,4,,,,,5529733,,5368900,,,,,1,250000,,5368900;5455071;5529733;5300670;4727871,2,,16,,8,
linux,gather-16.csv,,6749701,gather,,4,,,,,7199878,,6951004,,,,,1,250000,,7151747;6815672;6951004;7199878;6749701,1,,16,,8,
linux,gather-16.csv,,8414776,gather,,4,,,,,13454270,,8620628,,,,,1,250000,,13454270;10212782;8620628;8414776;8483376,0,,16,,8,
linux,gather-16.csv,,7079835,gather,,8,,,,,12971053,,7722484,,,,,0,250000,,12971053;9373170;7079835;7212847;7722484,0,,16,,8,
linux,gather-16.csv,,4116372,gather,,8,,,,,5232738,,5100946,,,,,0,250000,,5232738;5100946;5101425;4116372;4355804,1,,16,,8,
linux,gather-16.csv,,3568153,gather,,8,,,,,4037530,,3946768,,,,,0,250000,,4037530;3999800;3844907;3946768;3568153,2,,16,,8,
linux,gather-16.csv,,3679735,gather,,8,,,,,4406486,,4029829,,,,,0,250000,,4029829;4124041;3679735;3712555;4406486,4,,16,,8,
linux,gather-16.csv,,3799216,gather,,8,,,,,4253023,,3954499,,,,,0,250000,,4253023;3799216;4016050;3954499;3943038,8,,16,,8,
linux,gather-16.csv,,3579563,gather,,8,,,,,4101100,,3644444,,,,,1,250000,,4101100;3644444;3579563;3636134;3764546,8,,16,,8,
linux,gather-16.csv,,3824196,gather,,8,,,,,4222813,,3946949,,,,,1,250000,,4222813;3824196;3946949;3926708;4075770,4,,16,,8,
linux,gather-16.csv,,3545962,gather,,8,,,,,4261963,,3605143,,,,,1,250000,,4261963;3545962;3711785;3566593;3605143,2,,16,,8,
linux,gather-16.csv,,4190742,gather,,8,,,,,5715154,,4624468,,,,,1,250000,,5715154;5035695;4624468;4190742;4213383,1,,16,,8,
linux,gather-16.csv,,7358579,gather,,8,,,,,12577827,,7729384,,,,,1,250000,,12577827;9874106;7358579;7729384;7429170,0,,16,,8,
linux,gather-16.csv,,6374664,gather,,16,,,,,14375832,,6679718,,,,,0,250000,,14375832;7770874;6475716;6679718;6374664,0,,16,,8,
linux,gather-16.csv,,2517987,gather,,16,,,,,2843462,,2630139,,,,,0,250000,,2843462;2630139;2635149;2572758;2517987,1,,16,,8,
linux,gather-16.csv,,2270883,gather,,16,,,,,2775661,,2532088,,,,,0,250000,,2775661;2539048;2270883;2532088;2521547,2,,16,,8,
linux,gather-16.csv,,2319415,gather,,16,,,,,2716260,,2483656,,,,,0,250000,,2716260;2603918;2483656;2319415;2358765,4,,16,,8,
linux,gather-16.csv,,2506517,gather,,16,,,,,3145357,,2664790,,,,,0,250000,,3145357;2683080;2506517;2521477;2664790,8,,16,,8,
linux,gather-16.csv,,2467087,gather,,16,,,,,3175486,,2823691,,,,,1,250000,,3111145;2487936;2823691;3175486;2467087,8,,16,,8,
linux,gather-16.csv,,2401235,gather,,16,,,,,3002344,,2666599,,,,,1,250000,,2728260;3002344;2401235;2666599;2465696,4,,16,,8,
linux,gather-16.csv,,2365564,gather,,16,,,,,2804401,,2697199,,,,,1,250000,,2717900;2804401;2697199;2365564;2581018,2,,16,,8,
linux,gather-16.csv,,2367315,gather,,16,,,,,3154206,,2624029,,,,,1,250000,,3154206;2666929;2624029;2367315;2573987,1,,16,,8,
linux,gather-16.csv,,6223991,gather,,16,,,,,13453817,,6736889,,,,,1,250000,,13453817;9035933;6366663;6223991;6736889,0,,16,,8,
linux,gather-16.csv,,6394093,gather,,32,,,,,13558868,,6800149,,,,,0,250000,,13558868;9385297;6394093;6663117;6800149,0,,16,,8,
linux,gather-16.csv,,2377765,gather,,32,,,,,2898022,,2425305,,,,,0,250000,,2606978;2425305;2403815;2898022;2377765,1,,16,,8,
linux,gather-16.csv,,2059520,gather,,32,,,,,2704550,,2310524,,,,,0,250000,,2704550;2494376;2310524;2059520;2297674,2,,16,,8,
linux,gather-16.csv,,2192242,gather,,32,,,,,3027424,,2419145,,,,,0,250000,,3027424;2474896;2305034;2192242;2419145,4,,16,,8,
linux,gather-16.csv,,2235043,gather,,32,,,,,2905442,,2310974,,,,,0,250000,,2575558;2905442;2235043;2275093;2310974,8,,16,,8,
linux,gather-16.csv,,2244193,gather,,32,,,,,2554727,,2297254,,,,,1,250000,,2554727;2297254;2301134;2258413;2244193,8,,16,,8,
linux,gather-16.csv,,2203333,gather,,32,,,,,2719259,,2373445,,,,,1,250000,,2719259;2373445;2376455;2297973;2203333,4,,16,,8,
linux,gather-16.csv,,2277423,gather,,32,,,,,2601158,,2467186,,,,,1,250000,,2601158;2555558;2277423;2467186;2308113,2,,16,,8,
linux,gather-16.csv,,2304903,gather,,32,,,,,4130990,,2489176,,,,,1,250000,,2340534;3429320;4130990;2304903;2489176,1,,16,,8,
linux,gather-16.csv,,5982217,gather,,32,,,,,13546117,,6327162,,,,,1,250000,,13546117;9990285;6327162;5982217;6000608,0,,16,,8,
linux,gather-16.csv,,9526179,gather,,4,,,,,27472489,,9696331,,,,,0,1000000,,27472489;9526179;9685371;9696331;10101667,0,,16,,2,
linux,gather-16.csv,,14952867,gather,,4,,,,,24290583,,15629307,,,,,0,1000000,,24290583;14952867;15629307;15544977;17502924,1,,16,,2,
linux,gather-16.csv,,13336093,gather,,4,,,,,19391031,,15005617,,,,,0,1000000,,15005617;14829315;19391031;13336093;18057452,2,,16,,2,
linux,gather-16.csv,,9555968,gather,,4,,,,,11370895,,11089480,,,,,0,1000000,,9555968;9813512;11089480;11370895;11334384,4,,16,,2,
linux,gather-16.csv,,10690835,gather,,4,,,,,11603408,,10849247,,,,,0,1000000,,10849247;10805847;10690835;11131341;11603408,8,,16,,2,
linux,gather-16.csv,,10483902,gather,,4,,,,,12107696,,10928759,,,,,1,1000000,,10755686;10928759;11884082;10483902;12107696,8,,16,,2,
linux,gather-16.csv,,9755601,gather,,4,,,,,11758099,,10233958,,,,,1,1000000,,10233958;10203547;11758099;11439285;9755601,4,,16,,2,
linux,gather-16.csv,,10848006,gather,,4,,,,,15488123,,15186388,,,,,1,1000000,,15459022;10848006;15186388;14765853;15488123,2,,16,,2,
linux,gather-16.csv,,14898414,gather,,4,,,,,23420967,,16780513,,,,,1,1000000,,23420967;14898414;16780513;15714756;20395554,1,,16,,2,
linux,gather-16.csv,,9518057,gather,,4,,,,,27548977,,9599449,,,,,1,1000000,,27548977;9599449;9518057;9568418;9632329,0,,16,,2,
linux,gather-16.csv,,8900308,gather,,8,,,,,22519003,,9316514,,,,,0,1000000,,22519003;12468219;9316514;9079070;8900308,0,,16,,2,
linux,gather-16.csv,,13707506,gather,,8,,,,,19173575,,16140272,,,,,0,1000000,,18382364;19173575;13707506;15409101;16140272,1,,16,,2,
linux,gather-16.csv,,11856521,gather,,8,,,,,14496528,,13330981,,,,,0,1000000,,14496528;12269366;13739557;11856521;13330981,2,,16,,2,
linux,gather-16.csv,,7973464,gather,,8,,,,,10673753,,10354228,,,,,0,1000000,,7973464;10354228;10673753;9932923;10482891,4,,16,,2,
linux,gather-16.csv,,6313961,gather,,8,,,,,7656249,,6852487,,,,,0,1000000,,6313961;7656249;6852487;6763637;7018700,8,,16,,2,
linux,gather-16.csv,,6643565,gather,,8,,,,,7454066,,6788977,,,,,1,1000000,,6788977;6643565;6710676;7447577;7454066,8,,16,,2,
linux,gather-16.csv,,9469106,gather,,8,,,,,10723794,,9643648,,,,,1,1000000,,9469106;9643648;10723794;9588147;10318908,4,,16,,2,
linux,gather-16.csv,,11592376,gather,,8,,,,,13610175,,12759702,,,,,1,1000000,,12759702;13610175;11592376;11997491;12944995,2,,16,,2,
linux,gather-16.csv,,14665929,gather,,8,,,,,17572261,,15633094,,,,,1,1000000,,17572261;14955864;14665929;15633094;16338473,1,,16,,2,
linux,gather-16.csv,,9016068,gather,,8,,,,,23684277,,9489775,,,,,1,1000000,,23684277;12609570;9016068;9487855;9489775,0,,16,,2,
linux,gather-16.csv,,8725414,gather,,16,,,,,21149261,,9138280,,,,,0,1000000,,21149261;11774117;8725414;9138280;8796215,0,,16,,2,
linux,gather-16.csv,,8711114,gather,,16,,,,,13537293,,11132499,,,,,0,1000000,,12385026;8711114;9821930;11132499;13537293,1,,16,,2,
linux,gather-16.csv,,8320788,gather,,16,,,,,10175225,,9761139,,,,,0,1000000,,8320788;9678038;9785799;10175225;9761139,2,,16,,2,
linux,gather-16.csv,,7703369,gather,,16,,,,,8412389,,7921022,,,,,0,1000000,,8412389;7703369;7878442;8098305;7921022,4,,16,,2,
linux,gather-16.csv,,6074956,gather,,16,,,,,7237123,,6372220,,,,,0,1000000,,6404371;6330370;6074956;6372220;7237123,8,,16,,2,
linux,gather-16.csv,,6168787,gather,,16,,,,,7350634,,6413591,,,,,1,1000000,,7350634;6168787;6501172;6265649;6413591,8,,16,,2,
linux,gather-16.csv,,7998024,gather,,16,,,,,10740692,,8518071,,,,,1,1000000,,10740692;7998024;8518071;8861466;8251007,4,,16,,2,
linux,gather-16.csv,,8650873,gather,,16,,,,,11057786,,10495548,,,,,1,1000000,,8650873;10076823;11057786;10495548;10868744,2,,16,,2,
linux,gather-16.csv,,9504924,gather,,16,,,,,11685155,,9654586,,,,,1,1000000,,11685155;9504924;10743871;9509994;9654586,1,,16,,2,
linux,gather-16.csv,,8626031,gather,,16,,,,,21746137,,9113609,,,,,1,1000000,,21746137;12954823;8914065;8626031;9113609,0,,16,,2,
linux,gather-16.csv,,8622372,gather,,32,,,,,20012773,,8891435,,,,,0,1000000,,20012773;11965019;8891435;8622372;8823874,0,,16,,2,
linux,gather-16.csv,,7447835,gather,,32,,,,,11843007,,8839244,,,,,0,1000000,,7880161;7447835;10135273;8839244;11843007,1,,16,,2,
linux,gather-16.csv,,6769955,gather,,32,,,,,10356356,,7543575,,,,,0,1000000,,6769955;7198672;10120862;7543575;10356356,2,,16,,2,
linux,gather-16.csv,,5220283,gather,,32,,,,,8615061,,6080576,,,,,0,1000000,,8615061;5220283;6558642;5437377;6080576,4,,16,,2,
linux,gather-16.csv,,4746466,gather,,32,,,,,9267780,,5179632,,,,,0,1000000,,9267780;8179265;5179632;4746466;5168953,8,,16,,2,
linux,gather-16.csv,,4997950,gather,,32,,,,,8001202,,5285984,,,,,1,1000000,,8001202;4997950;5327825;5217363;5285984,8,,16,,2,
linux,gather-16.csv,,4609155,gather,,32,,,,,9636425,,5258424,,,,,1,1000000,,9636425;5356416;5258424;5253164;4609155,4,,16,,2,
linux,gather-16.csv,,6214407,gather,,32,,,,,11317828,,6624183,,,,,1,1000000,,6624183;10395575;6562722;11317828;6214407,2,,16,,2,
linux,gather-16.csv,,7869289,gather,,32,,,,,17126929,,9103168,,,,,1,1000000,,9103168;7869289;8288676;17126929;11665333,1,,16,,2,
linux,gather-16.csv,,8568669,gather,,32,,,,,20378245,,9079957,,,,,1,1000000,,20378245;12225091;8568669;9079957;9064717,0,,16,,2,
linux,gather-16.csv,,24067266,gather,,4,,,,,48776562,,27157720,,,,,0,1000000,,48776562;28381047;27157720;24067266;24418491,0,,16,,8,
linux,gather-16.csv,,29492970,gather,,4,,,,,37129397,,30801509,,,,,0,1000000,,30801509;30700197;31801723;29492970;37129397,1,,16,,8,
linux,gather-16.csv,,18407086,gather,,4,,,,,21620741,,19318709,,,,,0,1000000,,19318709;20556596;21620741;18759311;18407086,2,,16,,8,
linux,gather-16.csv,,18682959,gather,,4,,,,,21315175,,19906296,,,,,0,1000000,,19404859;20929980;21315175;18682959;19906296,4,,16,,8,
linux,gather-16.csv,,17339961,gather,,4,,,,,21617499,,19986437,,,,,0,1000000,,18837841;20924890;21617499;19986437;17339961,8,,16,,8,
linux,gather-16.csv,,17654824,gather,,4,,,,,21130192,,19701683,,,,,1,1000000,,19701683;21130192;19364188;17654824;20579255,8,,16,,8,
linux,gather-16.csv,,18304183,gather,,4,,,,,20800997,,19271445,,,,,1,1000000,,19271445;18480485;20415201;20800997;18304183,4,,16,,8,
linux,gather-16.csv,,19082853,gather,,4,,,,,21555537,,20490882,,,,,1,1000000,,19082853;19618820;20527353;21555537;20490882,2,,16,,8,
linux,gather-16.csv,,29904642,gather,,4,,,,,36433773,,32599560,,,,,1,1000000,,36433773;32901003;29904642;32599560;31031557,1,,16,,8,
linux,gather-16.csv,,23147148,gather,,4,,,,,45330593,,24233243,,,,,1,1000000,,45330593;24233243;24558217;23586154;23147148,0,,16,,8,
linux,gather-16.csv,,22020443,gather,,8,,,,,55736425,,22993906,,,,,0,1000000,,55736425;22442148;22020443;22993906;23402951,0,,16,,8,
linux,gather-16.csv,,23899517,gather,,8,,,,,30250163,,26743376,,,,,0,1000000,,30250163;27516406;23899517;26743376;25289805,1,,16,,8,
linux,gather-16.csv,,16568837,gather,,8,,,,,19969734,,19113571,,,,,0,1000000,,19113571;19233323;16568837;19969734;17292437,2,,16,,8,
linux,gather-16.csv,,16978452,gather,,8,,,,,18910778,,17591450,,,,,0,1000000,,17591450;16978452;18910778;18051477;17422098,4,,16,,8,
linux,gather-16.csv,,16165430,gather,,8,,,,,19730529,,17390927,,,,,0,1000000,,19730529;17184614;17390927;16165430;17922594,8,,16,,8,
linux,gather-16.csv,,17773672,gather,,8,,,,,21383071,,18531542,,,,,1,1000000,,18951128;17773672;21383071;18531542;18272088,8,,16,,8,
linux,gather-16.csv,,16026058,gather,,8,,,,,17819672,,17030171,,,,,1,1000000,,17030171;16026058;17126503;16493624;17819672,4,,16,,8,
linux,gather-16.csv,,17031631,gather,,8,,,,,20864063,,17659090,,,,,1,1000000,,20864063;17031631;17659090;17042791;19975380,2,,16,,8,
linux,gather-16.csv,,23798703,gather,,8,,,,,31008350,,28707929,,,,,1,1000000,,28707929;29417328;31008350;27007936;23798703,1,,16,,8,
linux,gather-16.csv,,21247576,gather,,8,,,,,51676147,,21958746,,,,,1,1000000,,51676147;22375432;21958746;21247576;21655031,0,,16,,8,
linux,gather-16.csv,,21259536,gather,,16,,,,,46890383,,21312267,,,,,0,1000000,,46890383;21259536;21281477;21345248;21312267,0,,16,,8,
linux,gather-16.csv,,20508647,gather,,16,,,,,27153356,,22764237,,,,,0,1000000,,27153356;22764237;20508647;21644592;23471926,1,,16,,8,
linux,gather-16.csv,,13511551,gather,,16,,,,,15240365,,14422904,,,,,0,1000000,,15240365;14066689;15142083;14422904;13511551,2,,16,,8,
linux,gather-16.csv,,13507062,gather,,16,,,,,15380207,,15150423,,,,,0,1000000,,15313116;14234031;13507062;15150423;15380207,4,,16,,8,
linux,gather-16.csv,,13520812,gather,,16,,,,,16119547,,15194154,,,,,0,1000000,,16119547;13520812;15194154;14616007;15368786,8,,16,,8,
linux,gather-16.csv,,13292158,gather,,16,,,,,14860928,,14511933,,,,,1,1000000,,14860928;14511933;14190949;14852098;13292158,8,,16,,8,
linux,gather-16.csv,,13786824,gather,,16,,,,,16586042,,16301738,,,,,1,1000000,,16586042;13786824;14804838;16406649;16301738,4,,16,,8,
linux,gather-16.csv,,14559894,gather,,16,,,,,16228117,,15207953,,,,,1,1000000,,14664985;15369566;16228117;15207953;14559894,2,,16,,8,
linux,gather-16.csv,,21086971,gather,,16,,,,,24519246,,22333378,,,,,1,1000000,,24519246;21086971;22333378;22525370;21869491,1,,16,,8,
linux,gather-16.csv,,20499273,gather,,16,,,,,51511406,,21572977,,,,,1,1000000,,51511406;21572977;20601964;20499273;25303727,0,,16,,8,
linux,gather-16.csv,,21037838,gather,,32,,,,,50004662,,21524325,,,,,0,1000000,,50004662;22621290;21102419;21037838;21524325,0,,16,,8,
linux,gather-16.csv,,10829063,gather,,32,,,,,14047276,,11683074,,,,,0,1000000,,14047276;10829063;11683074;12027879;11632214,1,,16,,8,
linux,gather-16.csv,,10128774,gather,,32,,,,,10611760,,10496969,,,,,0,1000000,,10375987;10611760;10496969;10128774;10589491,2,,16,,8,
linux,gather-16.csv,,10519509,gather,,32,,,,,11625643,,10855523,,,,,0,1000000,,11625643;10519509;10663650;10855523;11030325,4,,16,,8,
linux,gather-16.csv,,10171254,gather,,32,,,,,11679523,,10684551,,,,,0,1000000,,11456781;10684551;10663130;10171254;11679523,8,,16,,8,
linux,gather-16.csv,,9926150,gather,,32,,,,,11216338,,10264606,,,,,1,1000000,,11216338;9926150;10264606;10076542;11031715,8,,16,,8,
linux,gather-16.csv,,10296166,gather,,32,,,,,12039219,,11341980,,,,,1,1000000,,11341980;10296166;11585253;10979685;12039219,4,,16,,8,
linux,gather-16.csv,,9340233,gather,,32,,,,,12848329,,9896690,,,,,1,1000000,,12848329;9340233;9896690;9911670;9796349,2,,16,,8,
linux,gather-16.csv,,11061575,gather,,32,,,,,15352571,,12664766,,,,,1,1000000,,15352571;12664766;12869888;12176700;11061575,1,,16,,8,
linux,gather-16.csv,,21324600,gather,,32,,,,,47357581,,21449362,,,,,1,1000000,,47357581;21324600;21345870;21449362;22014029,0,,16,,8,
linux,gather-4.csv,,2388062,gather,,4,,,,,3444842,,2533458,,,,,0,250000,,3444842;2589327;2533458;2495448;2388062,0,,4,,2,
linux,gather-4.csv,,2770502,gather,,4,,,,,4581919,,3474721,,,,,0,250000,,4581919;4128773;3432593;3474721;2770502,1,,4,,2,
linux,gather-4.csv,,3288777,gather,,4,,,,,4307249,,4185702,,,,,0,250000,,4307249;4185702;3288777;4175302;4186991,2,,4,,2,
linux,gather-4.csv,,2815611,gather,,4,,,,,4562271,,4343257,,,,,0,250000,,4343257;4562271;2815611;4350537;3337036,4,,4,,2,
linux,gather-4.csv,,3469442,gather,,4,,,,,4263330,,3625107,,,,,0,250000,,4263330;3469442;3790363;3625107;3586689,8,,4,,2,
linux,gather-4.csv,,2803680,gather,,4,,,,,3691955,,3358665,,,,,1,250000,,3691955;2910578;3358665;2803680;3375155,8,,4,,2,
linux,gather-4.csv,,2893408,gather,,4,,,,,3914219,,3607238,,,,,1,250000,,3914219;3182660;3857121;2893408;3607238,4,,4,,2,
linux,gather-4.csv,,2560158,gather,,4,,,,,3540500,,3311756,,,,,1,250000,,3393464;3311756;3540500;2855859;2560158,2,,4,,2,
linux,gather-4.csv,,2989726,gather,,4,,,,,4218861,,3530730,,,,,1,250000,,3129921;2989726;4218861;4037066;3530730,1,,4,,2,
linux,gather-4.csv,,2355683,gather,,4,,,,,5593012,,2481010,,,,,1,250000,,5593012;2475429;2539009;2355683;2481010,0,,4,,2,
linux,gather-4.csv,,2375953,gather,,8,,,,,3649337,,2445871,,,,,0,250000,,3649337;2445871;2389792;2375953;3031384,0,,4,,2,
linux,gather-4.csv,,1777690,gather,,8,,,,,3415814,,2406322,,,,,0,250000,,2807431;2379952;3415814;2406322;1777690,1,,4,,2,
linux,gather-4.csv,,1778969,gather,,8,,,,,2552558,,2272346,,,,,0,250000,,1894327;2552558;2407212;1778969;2272346,2,,4,,2,
linux,gather-4.csv,,1873997,gather,,8,,,,,3840832,,2452621,,,,,0,250000,,2379483;3840832;2452621;1873997;2994375,4,,4,,2,
linux,gather-4.csv,,1996653,gather,,8,,,,,2377183,,2106360,,,,,0,250000,,2377183;2106360;2146259;1996653;2067922,8,,4,,2,
linux,gather-4.csv,,1841088,gather,,8,,,,,3063583,,2211138,,,,,1,250000,,2032703;3063583;1841088;2682534;2211138,8,,4,,2,
linux,gather-4.csv,,1814349,gather,,8,,,,,2788111,,2146879,,,,,1,250000,,2788111;2288835;2059842;2146879;1814349,4,,4,,2,
linux,gather-4.csv,,1765600,gather,,8,,,,,2497509,,2238797,,,,,1,250000,,2238797;2497509;2101691;1765600;2309094,2,,4,,2,
linux,gather-4.csv,,1746850,gather,,8,,,,,2528738,,2168079,,,,,1,250000,,2441261;1746850;2528738;2151139;2168079,1,,4,,2,
linux,gather-4.csv,,2047012,gather,,8,,,,,3729554,,2740893,,,,,1,250000,,3729554;2047012;3213729;2740893;2196478,0,,4,,2,
linux,gather-4.csv,,2134100,gather,,16,,,,,4008767,,2268986,,,,,0,250000,,4008767;2268986;2134100;2439471;2151669,0,,4,,2,
linux,gather-4.csv,,1519406,gather,,16,,,,,1876287,,1646084,,,,,0,250000,,1876287;1784000;1519406;1646084;1607774,1,,4,,2,
linux,gather-4.csv,,1323683,gather,,16,,,,,2041303,,1351012,,,,,0,250000,,2041303;1673263;1334962;1323683;1351012,2,,4,,2,
linux,gather-4.csv,,1321233,gather,,16,,,,,1603135,,1368931,,,,,0,250000,,1603135;1368931;1405730;1321233;1334812,4,,4,,2,
linux,gather-4.csv,,1259404,gather,,16,,,,,1523407,,1393900,,,,,0,250000,,1393900;1447759;1523407;1345263;1259404,8,,4,,2,
linux,gather-4.csv,,1467259,gather,,16,,,,,2026933,,1588655,,,,,1,250000,,1588655;2026933;1476508;1467259;1645014,8,,4,,2,
linux,gather-4.csv,,1647953,gather,,16,,,,,1908536,,1855558,,,,,1,250000,,1860207;1855558;1716772;1647953;1908536,4,,4,,2,
linux,gather-4.csv,,1167188,gather,,16,,,,,1366393,,1261776,,,,,1,250000,,1366393;1334983;1245706;1167188;1261776,2,,4,,2,
linux,gather-4.csv,,2234899,gather,,16,,,,,2866132,,2265628,,,,,1,250000,,2866132;2322496;2236149;2265628;2234899,1,,4,,2,
linux,gather-4.csv,,1915948,gather,,16,,,,,3291510,,2189961,,,,,1,250000,,3291510;1915948;2189961;2155742;2243799,0,,4,,2,
linux,gather-4.csv,,1877169,gather,,32,,,,,2654128,,2101493,,,,,0,250000,,2654128;2354506;1934607;1877169;2101493,0,,4,,2,
linux,gather-4.csv,,1558748,gather,,32,,,,,2801293,,1753913,,,,,0,250000,,1753913;1917137;2801293;1706044;1558748,1,,4,,2,
linux,gather-4.csv,,1164299,gather,,32,,,,,1832340,,1339104,,,,,0,250000,,1832340;1339104;1345524;1309274;1164299,2,,4,,2,
linux,gather-4.csv,,1255467,gather,,32,,,,,1848090,,1321124,,,,,0,250000,,1848090;1321124;1818921;1272545;1255467,4,,4,,2,
linux,gather-4.csv,,1204957,gather,,32,,,,,1286715,,1215148,,,,,0,250000,,1271615;1286715;1215148;1204957;1206827,8,,4,,2,
linux,gather-4.csv,,1165739,gather,,32,,,,,1407452,,1242547,,,,,1,250000,,1407452;1247986;1242547;1211977;1165739,8,,4,,2,
linux,gather-4.csv,,1395412,gather,,32,,,,,1853070,,1442280,,,,,1,250000,,1442280;1853070;1427741;1395412;1679345,4,,4,,2,
linux,gather-4.csv,,1249756,gather,,32,,,,,1359793,,1274415,,,,,1,250000,,1359793;1309135;1249756;1258026;1274415,2,,4,,2,
linux,gather-4.csv,,1638515,gather,,32,,,,,1986506,,1753273,,,,,1,250000,,1638515;1986506;1753273;1758032;1654945,1,,4,,2,
linux,gather-4.csv,,1887209,gather,,32,,,,,2888242,,2124292,,,,,1,250000,,2888242;2195180;1941627;1887209;2124292,0,,4,,2,
linux,gather-4.csv,,7820827,gather,,4,,,,,13965980,,8868658,,,,,0,250000,,13965980;10296230;7820827;8868658;8647565,0,,4,,8,
linux,gather-4.csv,,6384927,gather,,4,,,,,7286902,,6715237,,,,,0,250000,,6543972;6715237;6384927;7286902;7119126,1,,4,,8,
linux,gather-4.csv,,6180092,gather,,4,,,,,8348282,,7063858,,,,,0,250000,,8348282;7063858;6609050;7272333;6180092,2,,4,,8,
linux,gather-4.csv,,5165559,gather,,4,,,,,7741500,,7081937,,,,,0,250000,,7741500;6532902;7499776;5165559;7081937,4,,4,,8,
linux,gather-4.csv,,6462905,gather,,4,,,,,8702863,,6574891,,,,,0,250000,,7064158;6462905;8702863;6574891;6490913,8,,4,,8,
linux,gather-4.csv,,6262950,gather,,4,,,,,7740189,,6524442,,,,,1,250000,,7740189;6429915;6262950;6664539;6524442,8,,4,,8,
linux,gather-4.csv,,6772236,gather,,4,,,,,7408918,,7250653,,,,,1,250000,,7079698;7408918;7250653;7339610;6772236,4,,4,,8,
linux,gather-4.csv,,6106263,gather,,4,,,,,7624762,,6312659,,,,,1,250000,,7220814;6272049;7624762;6106263;6312659,2,,4,,8,
linux,gather-4.csv,,6044895,gather,,4,,,,,7655121,,7319041,,,,,1,250000,,7319041;7655121;6310289;7432478;6044895,1,,4,,8,
linux,gather-4.csv,,8596377,gather,,4,,,,,13539642,,9435544,,,,,1,250000,,13539642;10721128;9435544;8596377;8987205,0,,4,,8,
linux,gather-4.csv,,7070967,gather,,8,,,,,13117923,,7526545,,,,,0,250000,,13117923;9429104;7246953;7526545;7070967,0,,4,,8,
linux,gather-4.csv,,4111798,gather,,8,,,,,5125641,,4682332,,,,,0,250000,,4877948;4682332;4376931;5125641;4111798,1,,4,,8,
linux,gather-4.csv,,3996351,gather,,8,,,,,4938965,,4314302,,,,,0,250000,,4814519;3996351;4938965;4314302;3998491,2,,4,,8,
linux,gather-4.csv,,3814376,gather,,8,,,,,5296867,,5064813,,,,,0,250000,,5296867;3925163;5139500;5064813;3814376,4,,4,,8,
linux,gather-4.csv,,4340312,gather,,8,,,,,5644477,,4444219,,,,,0,250000,,4353952;4742791;4340312;5644477;4444219,8,,4,,8,
linux,gather-4.csv,,4081050,gather,,8,,,,,4810719,,4344592,,,,,1,250000,,4810719;4218056;4483158;4081050;4344592,8,,4,,8,
linux,gather-4.csv,,3750548,gather,,8,,,,,4884217,,4297383,,,,,1,250000,,4297383;4884217;4063890;3750548;4437269,4,,4,,8,
linux,gather-4.csv,,4430560,gather,,8,,,,,5555259,,5033723,,,,,1,250000,,5033723;5555259;4430560;5119741;4610405,2,,4,,8,
linux,gather-4.csv,,4006792,gather,,8,,,,,5901260,,4471349,,,,,1,250000,,5901260;4471349;4528787;4006792;4128028,1,,4,,8,
linux,gather-4.csv,,7018539,gather,,8,,,,,12727424,,7630753,,,,,1,250000,,12727424;9815863;7289322;7630753;7018539,0,,4,,8,
linux,gather-4.csv,,6196711,gather,,16,,,,,13686498,,6538162,,,,,0,250000,,13686498;10440466;6196711;6538162;6298169,0,,4,,8,
linux,gather-4.csv,,2676988,gather,,16,,,,,4022821,,2908221,,,,,0,250000,,4022821;2908221;2889771;2676988;3120965,1,,4,,8,
linux,gather-4.csv,,2806554,gather,,16,,,,,3694640,,3296881,,,,,0,250000,,3673580;3101275;2806554;3296881;3694640,2,,4,,8,
linux,gather-4.csv,,2620109,gather,,16,,,,,3771598,,3063766,,,,,0,250000,,3771598;2832953;3096506;3063766;2620109,4,,4,,8,
linux,gather-4.csv,,2713628,gather,,16,,,,,4218018,,3310543,,,,,0,250000,,4218018;3270604;3901466;3310543;2713628,8,,4,,8,
linux,gather-4.csv,,2499984,gather,,16,,,,,3456779,,2619360,,,,,1,250000,,3456779;2619360;2670350;2598132;2499984,8,,4,,8,
linux,gather-4.csv,,2481484,gather,,16,,,,,3156807,,2873644,,,,,1,250000,,3156807;2873644;2638250;2481484;2902684,4,,4,,8,
linux,gather-4.csv,,2630420,gather,,16,,,,,3300153,,3092189,,,,,1,250000,,3092189;2713549;3300153;2630420;3298373,2,,4,,8,
linux,gather-4.csv,,2413186,gather,,16,,,,,3235015,,2574712,,,,,1,250000,,2766587;2568793;2413186;3235015;2574712,1,,4,,8,
linux,gather-4.csv,,6604886,gather,,16,,,,,13611111,,6962166,,,,,1,250000,,13611111;9419391;6962166;6604886;6682504,0,,4,,8,
linux,gather-4.csv,,6039711,gather,,32,,,,,13415025,,6343113,,,,,0,250000,,13415025;8294671;6237486;6039711;6343113,0,,4,,8,
linux,gather-4.csv,,2186702,gather,,32,,,,,3196595,,3045570,,,,,0,250000,,3069749;2500054;3196595;3045570;2186702,1,,4,,8,
linux,gather-4.csv,,2349868,gather,,32,,,,,3659044,,2745027,,,,,0,250000,,3659044;2792246;2416316;2349868;2745027,2,,4,,8,
linux,gather-4.csv,,2235221,gather,,32,,,,,3528817,,2724798,,,,,0,250000,,3528817;2724798;2898674;2522554;2235221,4,,4,,8,
linux,gather-4.csv,,2324909,gather,,32,,,,,3384500,,2835335,,,,,0,250000,,3384500;2603271;2835335;2943952;2324909,8,,4,,8,
linux,gather-4.csv,,2249620,gather,,32,,,,,3112598,,2582772,,,,,1,250000,,3112598;2613511;2582772;2249620;2376467,8,,4,,8,
linux,gather-4.csv,,2530873,gather,,32,,,,,3292443,,2769117,,,,,1,250000,,2769117;3292443;2768997;2530873;2810835,4,,4,,8,
linux,gather-4.csv,,2400406,gather,,32,,,,,3539587,,2591031,,,,,1,250000,,2591031;2400406;3539587;3295733;2419337,2,,4,,8,
linux,gather-4.csv,,2175562,gather,,32,,,,,3158946,,2792087,,,,,1,250000,,3023171;2792087;2175562;3158946;2331508,1,,4,,8,
linux,gather-4.csv,,6007201,gather,,32,,,,,12853750,,6692673,,,,,1,250000,,12853750;9144608;6007201;6335472;6692673,0,,4,,8,
linux,gather-4.csv,,9268805,gather,,4,,,,,26218058,,9726703,,,,,0,1000000,,26218058;9394611;9735953;9268805;9726703,0,,4,,2,
linux,gather-4.csv,,15126770,gather,,4,,,,,19748078,,17403890,,,,,0,1000000,,15855331;15126770;18317806;19748078;17403890,1,,4,,2,
linux,gather-4.csv,,13940182,gather,,4,,,,,17950776,,14802439,,,,,0,1000000,,17950776;14076048;13940182;14939376;14802439,2,,4,,2,
linux,gather-4.csv,,15190759,gather,,4,,,,,19560314,,16902964,,,,,0,1000000,,15190759;16902964;19560314;17040810;15229678,4,,4,,2,
linux,gather-4.csv,,11797828,gather,,4,,,,,18108091,,16388298,,,,,0,1000000,,16206692;16388298;16389457;18108091;11797828,8,,4,,2,
linux,gather-4.csv,,13353668,gather,,4,,,,,16751927,,15169490,,,,,1,1000000,,16751927;15169490;16174093;13353668;14422910,8,,4,,2,
linux,gather-4.csv,,13026775,gather,,4,,,,,15074112,,14412000,,,,,1,1000000,,13026775;15074112;14412000;14830569;13671418,4,,4,,2,
linux,gather-4.csv,,12903770,gather,,4,,,,,16787587,,16181793,,,,,1,1000000,,16787587;12903770;16387627;13238280;16181793,2,,4,,2,
linux,gather-4.csv,,13926662,gather,,4,,,,,19480216,,17196567,,,,,1,1000000,,19480216;17196567;15636297;18603689;13926662,1,,4,,2,
linux,gather-4.csv,,8618062,gather,,4,,,,,24630750,,8835087,,,,,1,1000000,,24630750;8709710;9480980;8618062;8835087,0,,4,,2,
linux,gather-4.csv,,7946980,gather,,8,,,,,21698127,,8110926,,,,,0,1000000,,21698127;11566545;7946980;8107496;8110926,0,,4,,2,
linux,gather-4.csv,,12659496,gather,,8,,,,,16048237,,13800196,,,,,0,1000000,,13800196;16048237;14602564;12920999;12659496,1,,4,,2,
linux,gather-4.csv,,11297992,gather,,8,,,,,15088142,,12141459,,,,,0,1000000,,12109500;15088142;12671266;12141459;11297992,2,,4,,2,
linux,gather-4.csv,,11686272,gather,,8,,,,,14178756,,13318548,,,,,0,1000000,,14178756;11686272;14042970;13318548;13152983,4,,4,,2,
linux,gather-4.csv,,10237039,gather,,8,,,,,14516437,,11241454,,,,,0,1000000,,12301475;11241454;14516437;11070228;10237039,8,,4,,2,
linux,gather-4.csv,,12174885,gather,,8,,,,,14116305,,12777619,,,,,1,1000000,,14116305;13523930;12174885;12777619;12433498,8,,4,,2,
linux,gather-4.csv,,11826974,gather,,8,,,,,15862209,,12610474,,,,,1,1000000,,12610474;15862209;12404809;11826974;13591588,4,,4,,2,
linux,gather-4.csv,,11981370,gather,,8,,,,,15331373,,13478711,,,,,1,1000000,,15331373;13018833;11981370;14109595;13478711,2,,4,,2,
linux,gather-4.csv,,14059526,gather,,8,,,,,17249794,,15176997,,,,,1,1000000,,14994841;14059526;15176997;17249794;15665255,1,,4,,2,
linux,gather-4.csv,,7918395,gather,,8,,,,,23281658,,8263726,,,,,1,1000000,,23281658;10313002;8161989;8263726;7918395,0,,4,,2,
linux,gather-4.csv,,8048351,gather,,16,,,,,23357185,,8326955,,,,,0,1000000,,23357185;10371722;8326955;8048351;8247787,0,,4,,2,
linux,gather-4.csv,,10426780,gather,,16,,,,,14773127,,12652633,,,,,0,1000000,,14773127;11930661;13279006;12652633;10426780,1,,4,,2,
linux,gather-4.csv,,8650186,gather,,16,,,,,11347096,,9747638,,,,,0,1000000,,11347096;11183550;8650186;9288690;9747638,2,,4,,2,
linux,gather-4.csv,,9206082,gather,,16,,,,,10493338,,10199716,,,,,0,1000000,,10199716;9281519;10493338;10396040;9206082,4,,4,,2,
linux,gather-4.csv,,7938405,gather,,16,,,,,10899838,,10023841,,,,,0,1000000,,10732652;10023841;8596008;10899838;7938405,8,,4,,2,
linux,gather-4.csv,,8050602,gather,,16,,,,,10988476,,9630311,,,,,1,1000000,,10988476;9630311;9630161;8050602;10363212,8,,4,,2,
linux,gather-4.csv,,8901560,gather,,16,,,,,10589616,,9784207,,,,,1,1000000,,10589616;9334498;10133748;9784207;8901560,4,,4,,2,
linux,gather-4.csv,,9777237,gather,,16,,,,,11004096,,10014910,,,,,1,1000000,,11004096;9777237;10964966;10014910;9866245,2,,4,,2,
linux,gather-4.csv,,10806140,gather,,16,,,,,12522236,,11026444,,,,,1,1000000,,12522236;11189660;10989676;11026444;10806140,1,,4,,2,
linux,gather-4.csv,,7957484,gather,,16,,,,,19776348,,8439102,,,,,1,1000000,,19776348;11375086;7969663;8439102;7957484,0,,4,,2,
linux,gather-4.csv,,7633983,gather,,32,,,,,19016248,,8478680,,,,,0,1000000,,19016248;11032225;7901836;7633983;8478680,0,,4,,2,
linux,gather-4.csv,,6873402,gather,,32,,,,,11323927,,7157525,,,,,0,1000000,,11323927;7157525;7995493;6942270;6873402,1,,4,,2,
linux,gather-4.csv,,6578230,gather,,32,,,,,11225919,,7508235,,,,,0,1000000,,9608741;6578230;6861732;11225919;7508235,2,,4,,2,
linux,gather-4.csv,,5924328,gather,,32,,,,,10699943,,6436953,,,,,0,1000000,,10699943;6436953;6256868;5924328;7604033,4,,4,,2,
linux,gather-4.csv,,6261678,gather,,32,,,,,6557410,,6448474,,,,,0,1000000,,6361175;6448474;6261678;6557410;6506861,8,,4,,2,
linux,gather-4.csv,,6136021,gather,,32,,,,,9844235,,6632949,,,,,1,1000000,,6136021;9844235;6425194;6632949;8759883,8,,4,,2,
linux,gather-4.csv,,6197269,gather,,32,,,,,7495956,,6512851,,,,,1,1000000,,7360389;6512851;6265308;6197269;7495956,4,,4,,2,
linux,gather-4.csv,,6385044,gather,,32,,,,,10300304,,7279401,,,,,1,1000000,,7179224;6385044;10300304;9452856;7279401,2,,4,,2,
linux,gather-4.csv,,6368015,gather,,32,,,,,9911723,,8175118,,,,,1,1000000,,7674342;8175118;8570088;9911723;6368015,1,,4,,2,
linux,gather-4.csv,,7722090,gather,,32,,,,,17911527,,8167829,,,,,1,1000000,,17911527;11136752;7725641;8167829;7722090,0,,4,,2,
linux,gather-4.csv,,21540913,gather,,4,,,,,46362811,,22983595,,,,,0,1000000,,46362811;23052404;22983595;21947482;21540913,0,,4,,8,
linux,gather-4.csv,,29860227,gather,,4,,,,,32690434,,31296460,,,,,0,1000000,,31301890;32690434;29860227;31151945;31296460,1,,4,,8,
linux,gather-4.csv,,29752010,gather,,4,,,,,34315543,,31405408,,,,,0,1000000,,34315543;30722505;33178951;31405408;29752010,2,,4,,8,
linux,gather-4.csv,,31542914,gather,,4,,,,,35181100,,33621171,,,,,0,1000000,,33621171;31542914;34519437;35181100;33176321,4,,4,,8,
linux,gather-4.csv,,29713731,gather,,4,,,,,35037154,,32348554,,,,,0,1000000,,33054985;35037154;32348554;29713731;29956085,8,,4,,8,
linux,gather-4.csv,,27941358,gather,,4,,,,,35101252,,32194448,,,,,1,1000000,,34408230;27941358;32194448;35101252;28450315,8,,4,,8,
linux,gather-4.csv,,26374037,gather,,4,,,,,33557082,,28975710,,,,,1,1000000,,27334263;26374037;32825191;33557082;28975710,4,,4,,8,
linux,gather-4.csv,,29135107,gather,,4,,,,,33285909,,33207912,,,,,1,1000000,,33229731;33285909;32900379;29135107;33207912,2,,4,,8,
linux,gather-4.csv,,28143512,gather,,4,,,,,36504876,,32055141,,,,,1,1000000,,36504876;32627406;32055141;28143512;30259557,1,,4,,8,
linux,gather-4.csv,,20997597,gather,,4,,,,,46845399,,21761688,,,,,1,1000000,,46845399;21761688;21307330;20997597;25180379,0,,4,,8,
linux,gather-4.csv,,19924175,gather,,8,,,,,49941788,,20770123,,,,,0,1000000,,49941788;20437532;20770123;20889490;19924175,0,,4,,8,
linux,gather-4.csv,,23641198,gather,,8,,,,,32751904,,25624767,,,,,0,1000000,,32751904;25624767;24179035;23641198;27334853,1,,4,,8,
linux,gather-4.csv,,26173453,gather,,8,,,,,30571310,,26616721,,,,,0,1000000,,30571310;27705624;26443366;26616721;26173453,2,,4,,8,
linux,gather-4.csv,,24758860,gather,,8,,,,,28456295,,26782207,,,,,0,1000000,,28456295;26782207;24758860;27306004;26459036,4,,4,,8,
linux,gather-4.csv,,26391768,gather,,8,,,,,28002907,,27178357,,,,,0,1000000,,27161908;26391768;28002907;27769462;27178357,8,,4,,8,
linux,gather-4.csv,,23312967,gather,,8,,,,,30552000,,27372462,,,,,1,1000000,,30552000;25155370;27797531;23312967;27372462,8,,4,,8,
linux,gather-4.csv,,22337313,gather,,8,,,,,26646531,,25450122,,,,,1,1000000,,26136474;25450122;23863343;26646531;22337313,4,,4,,8,
linux,gather-4.csv,,25569059,gather,,8,,,,,30203729,,28001175,,,,,1,1000000,,30203729;25569059;28001175;28539442;27032031,2,,4,,8,
linux,gather-4.csv,,23319817,gather,,8,,,,,29907557,,27121909,,,,,1,1000000,,28773267;26330569;27121909;29907557;23319817,1,,4,,8,
linux,gather-4.csv,,20099790,gather,,8,,,,,45490734,,20322715,,,,,1,1000000,,45490734;21220482;20191279;20322715;20099790,0,,4,,8,
linux,gather-4.csv,,19732040,gather,,16,,,,,49034003,,20318985,,,,,0,1000000,,49034003;19732040;20269306;23767656;20318985,0,,4,,8,
linux,gather-4.csv,,17940236,gather,,16,,,,,22389551,,20793732,,,,,0,1000000,,22389551;17940236;20793732;18734686;21335308,1,,4,,8,
linux,gather-4.csv,,17983585,gather,,16,,,,,22387882,,20203038,,,,,0,1000000,,22387882;22047170;19491567;20203038;17983585,2,,4,,8,
linux,gather-4.csv,,20353364,gather,,16,,,,,24616134,,20690995,,,,,0,1000000,,24616134;20430652;21351088;20690995;20353364,4,,4,,8,
linux,gather-4.csv,,18656728,gather,,16,,,,,24247803,,21885954,,,,,0,1000000,,24247803;21885954;21987561;19847607;18656728,8,,4,,8,
linux,gather-4.csv,,18396384,gather,,16,,,,,22030991,,19508646,,,,,1,1000000,,22030991;20253806;19508646;18396384;19107926,8,,4,,8,
linux,gather-4.csv,,20549749,gather,,16,,,,,26298421,,21884554,,,,,1,1000000,,26298421;21446596;22231225;21884554;20549749,4,,4,,8,
linux,gather-4.csv,,19858307,gather,,16,,,,,24869458,,21678839,,,,,1,1000000,,24869458;22212256;21379867;19858307;21678839,2,,4,,8,
linux,gather-4.csv,,19356990,gather,,16,,,,,21669810,,19997802,,,,,1,1000000,,21669810;20514510;19356990;19469357;19997802,1,,4,,8,
linux,gather-4.csv,,19186534,gather,,16,,,,,48741920,,19493456,,,,,1,1000000,,48741920;19704831;19383589;19186534;19493456,0,,4,,8,
linux,gather-4.csv,,19355200,gather,,32,,,,,44355274,,19940305,,,,,0,1000000,,44355274;19355200;19722220;19940305;20514240,0,,4,,8,
linux,gather-4.csv,,12930145,gather,,32,,,,,18334406,,14950553,,,,,0,1000000,,18334406;15069161;14950553;13247338;12930145,1,,4,,8,
linux,gather-4.csv,,10999095,gather,,32,,,,,14113915,,12014620,,,,,0,1000000,,14113915;12014620;10999095;11858204;12090908,2,,4,,8,
linux,gather-4.csv,,12629833,gather,,32,,,,,18139971,,13832343,,,,,0,1000000,,18139971;13886892;13832343;12767680;12629833,4,,4,,8,
linux,gather-4.csv,,12714501,gather,,32,,,,,17571996,,13297467,,,,,0,1000000,,17571996;13223118;13814213;13297467;12714501,8,,4,,8,
linux,gather-4.csv,,13449045,gather,,32,,,,,18519575,,14119602,,,,,1,1000000,,18519575;14119602;14116902;14383299;13449045,8,,4,,8,
linux,gather-4.csv,,14210214,gather,,32,,,,,18035073,,14612635,,,,,1,1000000,,18035073;14612635;14606594;14754039;14210214,4,,4,,8,
linux,gather-4.csv,,10271053,gather,,32,,,,,14006959,,10907430,,,,,1,1000000,,14006959;11254329;10763216;10907430;10271053,2,,4,,8,
linux,gather-4.csv,,11143935,gather,,32,,,,,16569553,,12393116,,,,,1,1000000,,16569553;11143935;12393116;11834343;12973612,1,,4,,8,
linux,gather-4.csv,,19564339,gather,,32,,,,,49415972,,20183255,,,,,1,1000000,,49415972;20663558;19743784;20183255;19564339,0,,4,,8,
linux,gather-8.csv,,2521644,gather,,4,,,,,3499385,,2539455,,,,,0,250000,,3499385;2536885;2521644;2539455;2677038,0,,8,,2,
linux,gather-8.csv,,3849583,gather,,4,,,,,5787374,,5483028,,,,,0,250000,,5657591;5787374;3849583;5483028;4955896,1,,8,,2,
linux,gather-8.csv,,3015965,gather,,4,,,,,4106939,,3238310,,,,,0,250000,,4106939;3336041;3238310;3015965;3180038,2,,8,,2,
linux,gather-8.csv,,2509174,gather,,4,,,,,3082746,,2828011,,,,,0,250000,,3082746;2874632;2828011;2509174;2675027,4,,8,,2,
linux,gather-8.csv,,2552015,gather,,4,,,,,2893652,,2800860,,,,,0,250000,,2817090;2800860;2893652;2552015;2642047,8,,8,,2,
linux,gather-8.csv,,2447322,gather,,4,,,,,2666957,,2626146,,,,,1,250000,,2666957;2626146;2534804;2447322;2658667,8,,8,,2,
linux,gather-8.csv,,2396072,gather,,4,,,,,3129337,,2627596,,,,,1,250000,,3129337;2627596;2763859;2543774;2396072,4,,8,,2,
linux,gather-8.csv,,2888032,gather,,4,,,,,4262522,,3676419,,,,,1,250000,,2888032;3294050;3676419;3729999;4262522,2,,8,,2,
linux,gather-8.csv,,2378161,gather,,4,,,,,4038887,,3289900,,,,,1,250000,,4038887;3717519;3289900;2378161;3016924,1,,8,,2,
linux,gather-8.csv,,2327270,gather,,4,,,,,5569929,,2393071,,,,,1,250000,,5569929;2393071;2327270;2454622;2391581,0,,8,,2,
linux,gather-8.csv,,1966112,gather,,8,,,,,3712450,,2774339,,,,,0,250000,,3712450;2165666;2893792;2774339;1966112,0,,8,,2,
linux,gather-8.csv,,1665515,gather,,8,,,,,2599846,,1891810,,,,,0,250000,,1891810;2599846;1665515;2142025;1865890,1,,8,,2,
linux,gather-8.csv,,1735137,gather,,8,,,,,2715028,,2044163,,,,,0,250000,,2131926;2715028;2030804;2044163;1735137,2,,8,,2,
linux,gather-8.csv,,1645056,gather,,8,,,,,2104215,,1938311,,,,,0,250000,,2104215;1938311;1645056;2020263;1718967,4,,8,,2,
linux,gather-8.csv,,1903301,gather,,8,,,,,2113324,,2063194,,,,,0,250000,,2113324;2102545;1903301;2063194;1982372,8,,8,,2,
linux,gather-8.csv,,1669126,gather,,8,,,,,2075304,,1733277,,,,,1,250000,,1669126;1701016;1833879;1733277;2075304,8,,8,,2,
linux,gather-8.csv,,1782668,gather,,8,,,,,2340250,,2108595,,,,,1,250000,,2340250;2108595;1782668;2002352;2234958,4,,8,,2,
linux,gather-8.csv,,2001343,gather,,8,,,,,3190798,,2184666,,,,,1,250000,,2184666;2028643;2001343;3190798;2648956,2,,8,,2,
linux,gather-8.csv,,1643155,gather,,8,,,,,2808900,,2112135,,,,,1,250000,,1643155;2808900;2129256;2112135;1972422,1,,8,,2,
linux,gather-8.csv,,2922052,gather,,8,,,,,3764511,,2989793,,,,,1,250000,,3764511;2940322;3044595;2922052;2989793,0,,8,,2,
linux,gather-8.csv,,1915960,gather,,16,,,,,2925412,,2148125,,,,,0,250000,,2925412;2658297;1915960;2007593;2148125,0,,8,,2,
linux,gather-8.csv,,1719347,gather,,16,,,,,2093944,,1902190,,,,,0,250000,,1902190;2093944;1719347;1757818;1961552,1,,8,,2,
linux,gather-8.csv,,1313218,gather,,16,,,,,2205986,,1428470,,,,,0,250000,,1355259;1313218;2205986;1428470;1522143,2,,8,,2,
linux,gather-8.csv,,1484521,gather,,16,,,,,2599965,,1647015,,,,,0,250000,,1647015;2599965;1654375;1484521;1501552,4,,8,,2,
linux,gather-8.csv,,1221436,gather,,16,,,,,1900400,,1379959,,,,,0,250000,,1900400;1270586;1379959;1221436;1500612,8,,8,,2,
linux,gather-8.csv,,1329878,gather,,16,,,,,1556523,,1478101,,,,,1,250000,,1515682;1478101;1329878;1556523;1429910,8,,8,,2,
linux,gather-8.csv,,1212096,gather,,16,,,,,1649455,,1366779,,,,,1,250000,,1649455;1366779;1248886;1485271;1212096,4,,8,,2,
linux,gather-8.csv,,1268207,gather,,16,,,,,2223577,,1592094,,,,,1,250000,,1411640;1592094;2223577;1795508;1268207,2,,8,,2,
linux,gather-8.csv,,1720766,gather,,16,,,,,1944362,,1815489,,,,,1,250000,,1944362;1778537;1815489;1720766;1835079,1,,8,,2,
linux,gather-8.csv,,2199657,gather,,16,,,,,3449983,,2309939,,,,,1,250000,,3449983;2494113;2309939;2199657;2279678,0,,8,,2,
linux,gather-8.csv,,1984571,gather,,32,,,,,3350241,,2046704,,,,,0,250000,,3350241;2094584;2041234;1984571;2046704,0,,8,,2,
linux,gather-8.csv,,1687366,gather,,32,,,,,1917571,,1748857,,,,,0,250000,,1746577;1917571;1748857;1910760;1687366,1,,8,,2,
linux,gather-8.csv,,1144164,gather,,32,,,,,1333789,,1249766,,,,,0,250000,,1231456;1333789;1319368;1249766;1144164,2,,8,,2,
linux,gather-8.csv,,1073572,gather,,32,,,,,1418390,,1087663,,,,,0,250000,,1418390;1349049;1073572;1077613;1087663,4,,8,,2,
linux,gather-8.csv,,1144514,gather,,32,,,,,2201676,,1428470,,,,,0,250000,,1341878;1428470;2201676;1589313;1144514,8,,8,,2,
linux,gather-8.csv,,1193815,gather,,32,,,,,2109504,,1324928,,,,,1,250000,,1193815;2109504;1346058;1319567;1324928,8,,8,,2,
linux,gather-8.csv,,1010322,gather,,32,,,,,1437230,,1133964,,,,,1,250000,,1437230;1133964;1317048;1045982;1010322,4,,8,,2,
linux,gather-8.csv,,1225936,gather,,32,,,,,1385309,,1259147,,,,,1,250000,,1385309;1234186;1225936;1288127;1259147,2,,8,,2,
linux,gather-8.csv,,1672715,gather,,32,,,,,1869250,,1808818,,,,,1,250000,,1808818;1869250;1683946;1811148;1672715,1,,8,,2,
linux,gather-8.csv,,1892560,gather,,32,,,,,3068615,,2137715,,,,,1,250000,,3068615;2137715;2211307;2126085;1892560,0,,8,,2,
linux,gather-8.csv,,7912226,gather,,4,,,,,12718048,,8536229,,,,,0,250000,,12718048;10369147;8206462;8536229;7912226,0,,8,,8,
linux,gather-8.csv,,6276601,gather,,4,,,,,7793013,,7228412,,,,,0,250000,,7228412;6276601;7427236;7793013;7138700,1,,8,,8,
linux,gather-8.csv,,5831752,gather,,4,,,,,8096670,,6482626,,,,,0,250000,,8096670;6238611;6485316;5831752;6482626,2,,8,,8,
linux,gather-8.csv,,5903983,gather,,4,,,,,7124960,,6735711,,,,,0,250000,,5903983;7036288;7124960;6298493;6735711,4,,8,,8,
linux,gather-8.csv,,6195120,gather,,4,,,,,7441226,,7112789,,,,,0,250000,,7441226;6195120;6581708;7176020;7112789,8,,8,,8,
linux,gather-8.csv,,6566747,gather,,4,,,,,8002248,,7026517,,,,,1,250000,,7026517;7981257;8002248;6879793;6566747,8,,8,,8,
linux,gather-8.csv,,6320682,gather,,4,,,,,7419745,,6898795,,,,,1,250000,,6898795;7383245;6890014;6320682;7419745,4,,8,,8,
linux,gather-8.csv,,5908183,gather,,4,,,,,8339494,,6163179,,,,,1,250000,,7078088;5908183;6163179;6114928;8339494,2,,8,,8,
linux,gather-8.csv,,6402454,gather,,4,,,,,7471146,,6604418,,,,,1,250000,,6604418;7471146;6481596;6830352;6402454,1,,8,,8,
linux,gather-8.csv,,8130870,gather,,4,,,,,12961161,,9109020,,,,,1,250000,,12961161;9109020;9389917;8547259;8130870,0,,8,,8,
linux,gather-8.csv,,7597639,gather,,8,,,,,12345527,,7826963,,,,,0,250000,,12345527;8751172;7597639;7826963;7749581,0,,8,,8,
linux,gather-8.csv,,3763748,gather,,8,,,,,4690108,,4143607,,,,,0,250000,,4690108;4360251;4143607;4066835;3763748,1,,8,,8,
linux,gather-8.csv,,3920722,gather,,8,,,,,5916473,,4501764,,,,,0,250000,,5916473;4501764;4188418;5099566;3920722,2,,8,,8,
linux,gather-8.csv,,3436401,gather,,8,,,,,4594385,,4249519,,,,,0,250000,,4594385;4249519;4107016;4355621;3436401,4,,8,,8,
linux,gather-8.csv,,3878891,gather,,8,,,,,6156388,,4602616,,,,,0,250000,,4602616;4444363;4607356;6156388;3878891,8,,8,,8,
linux,gather-8.csv,,4061445,gather,,8,,,,,4880092,,4457613,,,,,1,250000,,4880092;4811871;4457613;4061445;4072815,8,,8,,8,
linux,gather-8.csv,,4262578,gather,,8,,,,,5301860,,5024295,,,,,1,250000,,5024295;5184398;4962003;4262578;5301860,4,,8,,8,
linux,gather-8.csv,,3817920,gather,,8,,,,,5136967,,4236038,,,,,1,250000,,3817920;4236038;4214267;5050055;5136967,2,,8,,8,
linux,gather-8.csv,,3649616,gather,,8,,,,,4961213,,4844171,,,,,1,250000,,4844171;4915272;3649616;4463303;4961213,1,,8,,8,
linux,gather-8.csv,,7578627,gather,,8,,,,,13121212,,7595648,,,,,1,250000,,13121212;9739562;7595648;7578627;7590038,0,,8,,8,
linux,gather-8.csv,,6268500,gather,,16,,,,,13647013,,6581347,,,,,0,250000,,13647013;9953987;6268500;6581347;6274461,0,,8,,8,
linux,gather-8.csv,,2560313,gather,,16,,,,,3583494,,3333289,,,,,0,250000,,3583494;3361079;2560313;2978661;3333289,1,,8,,8,
linux,gather-8.csv,,2586694,gather,,16,,,,,3372049,,2797818,,,,,0,250000,,2797818;2586694;3372049;2616774;2875099,2,,8,,8,
linux,gather-8.csv,,2770257,gather,,16,,,,,4540324,,3422181,,,,,0,250000,,4540324;3422181;3335899;3685096;2770257,4,,8,,8,
linux,gather-8.csv,,2505962,gather,,16,,,,,3219326,,2734167,,,,,0,250000,,3219326;2738507;2734167;2598484;2505962,8,,8,,8,
linux,gather-8.csv,,2568092,gather,,16,,,,,3616305,,3381270,,,,,1,250000,,3393430;3616305;3381270;2568092;2836209,8,,8,,8,
linux,gather-8.csv,,2685815,gather,,16,,,,,3851949,,3250987,,,,,1,250000,,3851949;3102604;3250987;2685815;3386900,4,,8,,8,
linux,gather-8.csv,,2282587,gather,,16,,,,,3292688,,2912160,,,,,1,250000,,3292688;2282587;2912160;2533812;2962671,2,,8,,8,
linux,gather-8.csv,,2451820,gather,,16,,,,,3570473,,2821029,,,,,1,250000,,3570473;2576963;2451820;2821029;3091203,1,,8,,8,
linux,gather-8.csv,,6205388,gather,,16,,,,,12958257,,6322120,,,,,1,250000,,12958257;9600378;6205388;6276910;6322120,0,,8,,8,
linux,gather-8.csv,,6110186,gather,,32,,,,,12882966,,6320011,,,,,0,250000,,12882966;7723299;6320011;6110186;6216378,0,,8,,8,
linux,gather-8.csv,,2348038,gather,,32,,,,,3534973,,2493781,,,,,0,250000,,2645094;2348038;3534973;2493781;2381059,1,,8,,8,
linux,gather-8.csv,,2481340,gather,,32,,,,,3331528,,3082193,,,,,0,250000,,2845238;3331528;3237377;3082193;2481340,2,,8,,8,
linux,gather-8.csv,,2604494,gather,,32,,,,,2817558,,2667034,,,,,0,250000,,2667034;2817558;2782787;2604494;2609664,4,,8,,8,
linux,gather-8.csv,,3269677,gather,,32,,,,,3846029,,3419450,,,,,0,250000,,3419030;3269677;3846029;3419450;3447531,8,,8,,8,
linux,gather-8.csv,,2356278,gather,,32,,,,,2770457,,2531672,,,,,1,250000,,2746967;2770457;2531672;2356278;2521981,8,,8,,8,
linux,gather-8.csv,,2431320,gather,,32,,,,,3379810,,2896239,,,,,1,250000,,2896239;3379810;2431320;3078743;2474801,4,,8,,8,
linux,gather-8.csv,,2441150,gather,,32,,,,,3093623,,2487831,,,,,1,250000,,3093623;2725316;2487831;2481691;2441150,2,,8,,8,
linux,gather-8.csv,,2320738,gather,,32,,,,,3397269,,2889999,,,,,1,250000,,2889999;3020081;3397269;2415390;2320738,1,,8,,8,
linux,gather-8.csv,,5829279,gather,,32,,,,,13446025,,6211347,,,,,1,250000,,13446025;6211347;6226557;6199507;5829279,0,,8,,8,
linux,gather-8.csv,,8823900,gather,,4,,,,,26849529,,8866181,,,,,0,1000000,,26849529;8866181;8883082;8862381;8823900,0,,8,,2,
linux,gather-8.csv,,14545158,gather,,4,,,,,22670613,,15832884,,,,,0,1000000,,22670613;19969688;14717781;15832884;14545158,1,,8,,2,
linux,gather-8.csv,,13418383,gather,,4,,,,,16977108,,15164089,,,,,0,1000000,,16977108;14391754;13418383;16012266;15164089,2,,8,,2,
linux,gather-8.csv,,10086475,gather,,4,,,,,11444483,,10988454,,,,,0,1000000,,10086475;10988454;10732279;11444483;11362341,4,,8,,2,
linux,gather-8.csv,,8882161,gather,,4,,,,,11364892,,10768559,,,,,0,1000000,,8882161;11113887;10218808;10768559;11364892,8,,8,,2,
linux,gather-8.csv,,9375381,gather,,4,,,,,11786180,,11010585,,,,,1,1000000,,11786180;11227199;10668508;9375381;11010585,8,,8,,2,
linux,gather-8.csv,,9351551,gather,,4,,,,,11075566,,10564815,,,,,1,1000000,,9743148;11075566;10564815;10941753;9351551,4,,8,,2,
linux,gather-8.csv,,11644066,gather,,4,,,,,19820522,,15188208,,,,,1,1000000,,13513564;15188208;17046526;19820522;11644066,2,,8,,2,
linux,gather-8.csv,,14948754,gather,,4,,,,,21094338,,17207930,,,,,1,1000000,,21094338;18436454;16841232;14948754;17207930,1,,8,,2,
linux,gather-8.csv,,8719547,gather,,4,,,,,26015718,,8896050,,,,,1,1000000,,26015718;8896050;8968012;8719547;8813019,0,,8,,2,
linux,gather-8.csv,,8373790,gather,,8,,,,,23490597,,8991273,,,,,0,1000000,,23490597;12088145;8991273;8711397;8373790,0,,8,,2,
linux,gather-8.csv,,13806780,gather,,8,,,,,16242258,,15332150,,,,,0,1000000,,15619685;16242258;15332150;13806780;14953812,1,,8,,2,
linux,gather-8.csv,,11462942,gather,,8,,,,,15083446,,12175366,,,,,0,1000000,,14823670;15083446;12175366;12144436;11462942,2,,8,,2,
linux,gather-8.csv,,8803738,gather,,8,,,,,11049513,,10024563,,,,,0,1000000,,10610305;9302439;10024563;8803738;11049513,4,,8,,2,
linux,gather-8.csv,,8298837,gather,,8,,,,,9960082,,9912781,,,,,0,1000000,,8298837;9960082;9912781;9574184;9957521,8,,8,,2,
linux,gather-8.csv,,8831738,gather,,8,,,,,10137854,,9359279,,,,,1,1000000,,8831738;9174895;9359279;9806478;10137854,8,,8,,2,
linux,gather-8.csv,,8640784,gather,,8,,,,,10309627,,9824538,,,,,1,1000000,,9938630;8640784;9824538;9019992;10309627,4,,8,,2,
linux,gather-8.csv,,11922050,gather,,8,,,,,14688185,,13862649,,,,,1,1000000,,14641796;12897910;14688185;11922050;13862649,2,,8,,2,
linux,gather-8.csv,,13642805,gather,,8,,,,,17319190,,15465312,,,,,1,1000000,,15465312;16228828;17319190;13642805;14452522,1,,8,,2,
linux,gather-8.csv,,8067102,gather,,8,,,,,23458061,,8349147,,,,,1,1000000,,23458061;11092333;8349147;8067102;8307807,0,,8,,2,
linux,gather-8.csv,,7711905,gather,,16,,,,,20977541,,8169544,,,,,0,1000000,,20977541;11236396;8169544;7977030;7711905,0,,8,,2,
linux,gather-8.csv,,10470480,gather,,16,,,,,15966461,,12021191,,,,,0,1000000,,12849247;15966461;11573552;12021191;10470480,1,,8,,2,
linux,gather-8.csv,,8385218,gather,,16,,,,,12257066,,9530751,,,,,0,1000000,,12257066;11179304;9216006;9530751;8385218,2,,8,,2,
linux,gather-8.csv,,8346547,gather,,16,,,,,8756686,,8586592,,,,,0,1000000,,8428279;8586592;8700794;8346547;8756686,4,,8,,2,
linux,gather-8.csv,,7625032,gather,,16,,,,,8757605,,8054211,,,,,0,1000000,,8757605;8512311;7713424;7625032;8054211,8,,8,,2,
linux,gather-8.csv,,7896989,gather,,16,,,,,9916218,,8818967,,,,,1,1000000,,9916218;9765795;8814967;8818967;7896989,8,,8,,2,
linux,gather-8.csv,,7181483,gather,,16,,,,,11025520,,8144493,,,,,1,1000000,,11025520;8085392;8281516;7181483;8144493,4,,8,,2,
linux,gather-8.csv,,9721015,gather,,16,,,,,11496380,,10274276,,,,,1,1000000,,10213825;11042271;11496380;9721015;10274276,2,,8,,2,
linux,gather-8.csv,,9945399,gather,,16,,,,,13081521,,11407168,,,,,1,1000000,,13081521;12142572;11407168;10411188;9945399,1,,8,,2,
linux,gather-8.csv,,7803106,gather,,16,,,,,21385236,,8187723,,,,,1,1000000,,21385236;10817596;8187723;7803106;8174673,0,,8,,2,
linux,gather-8.csv,,7863947,gather,,32,,,,,19379026,,8024650,,,,,0,1000000,,19379026;11101162;7899387;8024650;7863947,0,,8,,2,
linux,gather-8.csv,,7261755,gather,,32,,,,,8653063,,7698973,,,,,0,1000000,,8067810;7499080;7698973;7261755;8653063,1,,8,,2,
linux,gather-8.csv,,5554401,gather,,32,,,,,10445888,,5780845,,,,,0,1000000,,10445888;7295546;5554401;5670713;5780845,2,,8,,2,
linux,gather-8.csv,,4903177,gather,,32,,,,,8661221,,5545381,,,,,0,1000000,,8661221;6037359;5545381;5246704;4903177,4,,8,,2,
linux,gather-8.csv,,5210324,gather,,32,,,,,8812135,,6297845,,,,,0,1000000,,8812135;6297845;6503909;5210324;5739814,8,,8,,2,
linux,gather-8.csv,,5107502,gather,,32,,,,,7887777,,5589771,,,,,1,1000000,,7887777;6344146;5476189;5589771;5107502,8,,8,,2,
linux,gather-8.csv,,4445378,gather,,32,,,,,5756915,,5317716,,,,,1,1000000,,5756915;4445378;5317716;5578281;5058591,4,,8,,2,
linux,gather-8.csv,,5313456,gather,,32,,,,,10446397,,6015119,,,,,1,1000000,,10446397;5313456;5673873;6325186;6015119,2,,8,,2,
linux,gather-8.csv,,10349315,gather,,32,,,,,13499587,,10684481,,,,,1,1000000,,10349315;10805154;10684481;13499587;10583380,1,,8,,2,
linux,gather-8.csv,,7853085,gather,,32,,,,,19537476,,8048349,,,,,1,1000000,,19537476;12154691;8042369;7853085;8048349,0,,8,,2,
linux,gather-8.csv,,21888894,gather,,4,,,,,47212434,,22102568,,,,,0,1000000,,47212434;22906883;22102568;21995985;21888894,0,,8,,8,
linux,gather-8.csv,,29014852,gather,,4,,,,,33143854,,32016641,,,,,0,1000000,,32016641;33143854;32946109;29014852;29100224,1,,8,,8,
linux,gather-8.csv,,26906551,gather,,4,,,,,33536462,,31030482,,,,,0,1000000,,33536462;26906551;31030482;31045002;30047632,2,,8,,8,
linux,gather-8.csv,,29966839,gather,,4,,,,,34562189,,32568149,,,,,0,1000000,,29966839;32568149;34562189;30509029;33947937,4,,8,,8,
linux,gather-8.csv,,29984369,gather,,4,,,,,31643571,,31338206,,,,,0,1000000,,31643571;30712073;31338206;29984369;31485129,8,,8,,8,
linux,gather-8.csv,,25599803,gather,,4,,,,,35756022,,29269224,,,,,1,1000000,,35756022;32227673;28835686;29269224;25599803,8,,8,,8,
linux,gather-8.csv,,31539387,gather,,4,,,,,35116947,,34382392,,,,,1,1000000,,34806701;31539387;32444585;34382392;35116947,4,,8,,8,
linux,gather-8.csv,,32641779,gather,,4,,,,,35040056,,33675049,,,,,1,1000000,,33697020;35040056;32641779;33675049;33311822,2,,8,,8,
linux,gather-8.csv,,29621827,gather,,4,,,,,35165046,,31791960,,,,,1,1000000,,33070785;30615176;31791960;35165046;29621827,1,,8,,8,
linux,gather-8.csv,,22570310,gather,,4,,,,,45094929,,23338525,,,,,1,1000000,,45094929;22570310;23715193;23093880;23338525,0,,8,,8,
linux,gather-8.csv,,20980608,gather,,8,,,,,51263506,,22366795,,,,,0,1000000,,51263506;22366795;21459717;22434896;20980608,0,,8,,8,
linux,gather-8.csv,,22321533,gather,,8,,,,,28815090,,23598088,,,,,0,1000000,,28815090;23378174;22321533;23598088;24284161,1,,8,,8,
linux,gather-8.csv,,23944175,gather,,8,,,,,28278859,,27103796,,,,,0,1000000,,28278859;23944175;27286620;25086917;27103796,2,,8,,8,
linux,gather-8.csv,,26202627,gather,,8,,,,,30162434,,26995422,,,,,0,1000000,,26995422;26202627;30162434;26839080;29007311,4,,8,,8,
linux,gather-8.csv,,23095577,gather,,8,,,,,28535702,,25811309,,,,,0,1000000,,28535702;23095577;24811731;26702497;25811309,8,,8,,8,
linux,gather-8.csv,,25216406,gather,,8,,,,,29526069,,27184784,,,,,1,1000000,,29526069;27093962;27184784;25216406;28598902,8,,8,,8,
linux,gather-8.csv,,24780218,gather,,8,,,,,27794226,,25435061,,,,,1,1000000,,25435061;26596612;24780218;25232966;27794226,4,,8,,8,
linux,gather-8.csv,,23851450,gather,,8,,,,,26487240,,25518672,,,,,1,1000000,,25518672;26038942;23867591;26487240;23851450,2,,8,,8,
linux,gather-8.csv,,22995152,gather,,8,,,,,27144801,,26687453,,,,,1,1000000,,27144801;26687453;22995152;27098761;26158222,1,,8,,8,
linux,gather-8.csv,,20359231,gather,,8,,,,,50255074,,21175516,,,,,1,1000000,,50255074;20422502;20359231;21175516;21594274,0,,8,,8,
linux,gather-8.csv,,19887601,gather,,16,,,,,49470077,,21026132,,,,,0,1000000,,49470077;21313218;20292698;21026132;19887601,0,,8,,8,
linux,gather-8.csv,,21273477,gather,,16,,,,,25488367,,22396049,,,,,0,1000000,,25488367;21273477;21396130;25152491;22396049,1,,8,,8,
linux,gather-8.csv,,21984841,gather,,16,,,,,30916801,,23935489,,,,,0,1000000,,30916801;21984841;23936078;22189505;23935489,2,,8,,8,
linux,gather-8.csv,,20764396,gather,,16,,,,,23591670,,20950659,,,,,0,1000000,,23054040;20907439;23591670;20950659;20764396,4,,8,,8,
linux,gather-8.csv,,20852988,gather,,16,,,,,26608347,,21769475,,,,,0,1000000,,26608347;21769475;21799135;20852988;21185284,8,,8,,8,
linux,gather-8.csv,,18891768,gather,,16,,,,,26254771,,19815287,,,,,1,1000000,,26254771;19815287;19563311;21750723;18891768,8,,8,,8,
linux,gather-8.csv,,20329457,gather,,16,,,,,25731489,,21807614,,,,,1,1000000,,25731489;22731801;21807614;21549989;20329457,4,,8,,8,
linux,gather-8.csv,,22262193,gather,,16,,,,,27585983,,22503477,,,,,1,1000000,,27585983;22356625;22668491;22262193;22503477,2,,8,,8,
linux,gather-8.csv,,20081030,gather,,16,,,,,24255209,,22129079,,,,,1,1000000,,24255209;20081030;21194801;22129079;23045196,1,,8,,8,
linux,gather-8.csv,,20330955,gather,,16,,,,,47230404,,21007588,,,,,1,1000000,,47230404;21569268;21007588;20330955;20974567,0,,8,,8,
linux,gather-8.csv,,19766663,gather,,32,,,,,50134638,,20777813,,,,,0,1000000,,50134638;21435176;20777813;19766663;20451205,0,,8,,8,
linux,gather-8.csv,,11905925,gather,,32,,,,,14346050,,12046927,,,,,0,1000000,,14346050;12046927;11970636;11905925;12807181,1,,8,,8,
linux,gather-8.csv,,13504055,gather,,32,,,,,19234253,,13915032,,,,,0,1000000,,19234253;13801560;13915032;13504055;14233418,2,,8,,8,
linux,gather-8.csv,,11254581,gather,,32,,,,,15124475,,12011837,,,,,0,1000000,,15124475;13486514;12011837;11254581;11684610,4,,8,,8,
linux,gather-8.csv,,13723078,gather,,32,,,,,18033238,,14365510,,,,,0,1000000,,18033238;14389820;14317139;14365510;13723078,8,,8,,8,
linux,gather-8.csv,,13134187,gather,,32,,,,,18296034,,13732737,,,,,1,1000000,,18296034;15207855;13732737;13134187;13173857,8,,8,,8,
linux,gather-8.csv,,12396873,gather,,32,,,,,18547018,,13549974,,,,,1,1000000,,18547018;13949672;12939863;13549974;12396873,4,,8,,8,
linux,gather-8.csv,,10802992,gather,,32,,,,,16222364,,13064214,,,,,1,1000000,,16222364;13442091;13064214;10802992;12018845,2,,8,,8,
linux,gather-8.csv,,10415115,gather,,32,,,,,15025491,,11498875,,,,,1,1000000,,15025491;10415115;11498875;10722920;11779180,1,,8,,8,
linux,gather-8.csv,,19782290,gather,,32,,,,,46087492,,20472973,,,,,1,1000000,,46087492;20959692;20089426;19782290;20472973,0,,8,,8,
linux,spin-16.csv,,6598664,spin,,0,,,,,7965688,,6717385,,,,,0,100000,,6992271;7965688;6598664;6717385;6644434,0,,16,,2,
linux,spin-16.csv,,6712875,spin,,0,,,,,7345876,,6803457,,,,,0,100000,,7345876;7056101;6718056;6712875;6803457,200000,,16,,2,
linux,spin-16.csv,,5707489,spin,,0,,,,,6457181,,5982263,,,,,0,100000,,6457181;5982263;5707489;6013223;5934873,1000000,,16,,2,
linux,spin-16.csv,,5132448,spin,,0,,,,,5797650,,5616547,,,,,0,100000,,5797650;5742858;5132448;5505934;5616547,2000000,,16,,2,
linux,spin-16.csv,,5156288,spin,,0,,,,,6137185,,5380552,,,,,1,100000,,6137185;5708178;5156288;5166659;5380552,2000000,,16,,2,
linux,spin-16.csv,,5150689,spin,,0,,,,,6451901,,5824750,,,,,1,100000,,6451901;5827760;5824750;5150689;5372053,1000000,,16,,2,
linux,spin-16.csv,,6531772,spin,,0,,,,,9967851,,6715946,,,,,1,100000,,9967851;6715946;6782437;6587884;6531772,200000,,16,,2,
linux,spin-16.csv,,6698005,spin,,0,,,,,8136660,,7262755,,,,,1,100000,,8136660;7262755;8126519;6698005;6732446,0,,16,,2,
linux,spin-16.csv,,6759486,spin,,0,,,,,7168683,,6880898,,,,,0,100000,,7168683;6960380;6759486;6880898;6862708,0,,16,,4,
linux,spin-16.csv,,6547782,spin,,0,,,,,7473548,,6645163,,,,,0,100000,,7473548;7170832;6645163;6547782;6608223,200000,,16,,4,
linux,spin-16.csv,,5247679,spin,,0,,,,,6293057,,5586655,,,,,0,100000,,6293057;5586655;5253989;5926012;5247679,1000000,,16,,4,
linux,spin-16.csv,,5370492,spin,,0,,,,,6378769,,5409622,,,,,0,100000,,6378769;5409622;5422043;5370492;5397393,2000000,,16,,4,
linux,spin-16.csv,,5691847,spin,,0,,,,,7390707,,6115714,,,,,1,100000,,7390707;5691847;6322259;6115714;5936691,2000000,,16,,4,
linux,spin-16.csv,,5432283,spin,,0,,,,,5945971,,5511405,,,,,1,100000,,5945971;5739518;5432283;5491204;5511405,1000000,,16,,4,
linux,spin-16.csv,,6518511,spin,,0,,,,,9708726,,6813906,,,,,1,100000,,9708726;6518511;6523431;8518665;6813906,200000,,16,,4,
linux,spin-16.csv,,6161445,spin,,0,,,,,7003629,,6718774,,,,,1,100000,,6718774;6794176;6700034;7003629;6161445,0,,16,,4,
linux,spin-16.csv,,43782026,spin,,0,,,,,63588663,,45362931,,,,,0,1000000,,63588663;57126693;43782026;44211513;45362931,0,,16,,2,
linux,spin-16.csv,,42184756,spin,,0,,,,,50673860,,44203939,,,,,0,1000000,,50673860;47130999;44203939;42184756;44169849,200000,,16,,2,
linux,spin-16.csv,,34684916,spin,,0,,,,,50576345,,42776043,,,,,0,1000000,,50576345;42776043;44490512;34684916;42157592,1000000,,16,,2,
linux,spin-16.csv,,35422466,spin,,0,,,,,50934001,,38794573,,,,,0,1000000,,50934001;47368737;38794573;35503007;35422466,2000000,,16,,2,
linux,spin-16.csv,,34692461,spin,,0,,,,,48654489,,43026541,,,,,1,1000000,,48654489;44147573;43026541;35978933;34692461,2000000,,16,,2,
linux,spin-16.csv,,35254870,spin,,0,,,,,49920077,,41944453,,,,,1,1000000,,49920077;43770144;40940696;41944453;35254870,1000000,,16,,2,
linux,spin-16.csv,,44107647,spin,,0,,,,,53101526,,45634142,,,,,1,1000000,,53101526;45513330;44107647;45729273;45634142,200000,,16,,2,
linux,spin-16.csv,,43738997,spin,,0,,,,,54757320,,47108023,,,,,1,1000000,,53688953;54757320;46106926;47108023;43738997,0,,16,,2,
linux,spin-16.csv,,48064866,spin,,0,,,,,68676068,,48934300,,,,,0,1000000,,68676068;57231118;48204798;48934300;48064866,0,,16,,4,
linux,spin-16.csv,,47657906,spin,,0,,,,,59056748,,48777774,,,,,0,1000000,,59056748;48272516;48847446;47657906;48777774,200000,,16,,4,
linux,spin-16.csv,,39481888,spin,,0,,,,,57972466,,46056660,,,,,0,1000000,,57972466;46056660;46315331;39481888;42507798,1000000,,16,,4,
linux,spin-16.csv,,37952394,spin,,0,,,,,55194347,,39214842,,,,,0,1000000,,55194347;46087167;37952394;38758577;39214842,2000000,,16,,4,
linux,spin-16.csv,,38656092,spin,,0,,,,,56619196,,39245252,,,,,1,1000000,,56619196;48174528;38984828;38656092;39245252,2000000,,16,,4,
linux,spin-16.csv,,39318941,spin,,0,,,,,57177251,,46352655,,,,,1,1000000,,57177251;46352655;48679803;43388577;39318941,1000000,,16,,4,
linux,spin-16.csv,,47721794,spin,,0,,,,,60050125,,48469976,,,,,1,1000000,,60050125;47721794;49589884;48469976;47733235,200000,,16,,4,
linux,spin-16.csv,,47980706,spin,,0,,,,,69614060,,50555167,,,,,1,1000000,,69614060;59269748;50555167;47980706;50302692,0,,16,,4,
linux,spin-4.csv,,5835961,spin,,0,,,,,7062715,,5889409,,,,,0,100000,,6249089;5835961;5889409;7062715;5843900,0,,4,,2,
linux,spin-4.csv,,5806902,spin,,0,,,,,7601290,,5840241,,,,,0,100000,,7601290;6974698;5840241;5810862;5806902,200000,,4,,2,
linux,spin-4.csv,,5865430,spin,,0,,,,,6365956,,5984007,,,,,0,100000,,6365956;5984007;5865430;6311418;5946187,1000000,,4,,2,
linux,spin-4.csv,,5733313,spin,,0,,,,,6231289,,5784482,,,,,0,100000,,6231289;5784482;5957627;5733313;5776753,2000000,,4,,2,
linux,spin-4.csv,,5833940,spin,,0,,,,,6324977,,5900359,,,,,1,100000,,6324977;5833940;5900359;5886369;5948107,2000000,,4,,2,
linux,spin-4.csv,,5796922,spin,,0,,,,,7221560,,5910348,,,,,1,100000,,7016437;5796922;5910348;7221560;5904948,1000000,,4,,2,
linux,spin-4.csv,,5909489,spin,,0,,,,,7359177,,6232179,,,,,1,100000,,6232179;7359177;5934348;6995197;5909489,200000,,4,,2,
linux,spin-4.csv,,6133421,spin,,0,,,,,6874560,,6650007,,,,,1,100000,,6167971;6766713;6874560;6133421;6650007,0,,4,,2,
linux,spin-4.csv,,5936607,spin,,0,,,,,7495432,,6045205,,,,,0,100000,,6045205;5936607;5980467;6127422;7495432,0,,4,,4,
linux,spin-4.csv,,5871400,spin,,0,,,,,6126322,,6039975,,,,,0,100000,,6054085;6126322;6039975;5871400;5968237,200000,,4,,4,
linux,spin-4.csv,,5971627,spin,,0,,,,,7293158,,6858811,,,,,0,100000,,7293158;7247540;6858811;6034335;5971627,1000000,,4,,4,
linux,spin-4.csv,,5869419,spin,,0,,,,,6199400,,5961077,,,,,0,100000,,5869419;6020125;5894789;5961077;6199400,2000000,,4,,4,
linux,spin-4.csv,,5846210,spin,,0,,,,,6544270,,6243249,,,,,1,100000,,6544270;6243249;5846210;6352195;5914109,2000000,,4,,4,
linux,spin-4.csv,,5939658,spin,,0,,,,,7042425,,6079874,,,,,1,100000,,5951687;6195170;7042425;6079874;5939658,1000000,,4,,4,
linux,spin-4.csv,,5914558,spin,,0,,,,,6780164,,6040985,,,,,1,100000,,6040985;5914558;6020986;6780164;6712435,200000,,4,,4,
linux,spin-4.csv,,5951898,spin,,0,,,,,6762253,,6614679,,,,,1,100000,,6762253;6251309;6709635;6614679;5951898,0,,4,,4,
linux,spin-4.csv,,71003401,spin,,0,,,,,96385245,,74085551,,,,,0,1000000,,96385245;74963396;71003401;73154819;74085551,0,,4,,2,
linux,spin-4.csv,,70537555,spin,,0,,,,,102924217,,71523876,,,,,0,1000000,,100080179;102924217;71156418;71523876;70537555,200000,,4,,2,
linux,spin-4.csv,,71179447,spin,,0,,,,,102331294,,83245218,,,,,0,1000000,,102331294;101666164;83245218;71179447;72018373,1000000,,4,,2,
linux,spin-4.csv,,73731404,spin,,0,,,,,101467511,,77424097,,,,,0,1000000,,101467511;98204985;73902609;73731404;77424097,2000000,,4,,2,
linux,spin-4.csv,,70726242,spin,,0,,,,,101247008,,72146571,,,,,1,1000000,,101247008;97052619;70726242;70916196;72146571,2000000,,4,,2,
linux,spin-4.csv,,70439301,spin,,0,,,,,106087168,,71533919,,,,,1,1000000,,106087168;98139438;71408093;71533919;70439301,1000000,,4,,2,
linux,spin-4.csv,,69972164,spin,,0,,,,,105360141,,71981426,,,,,1,1000000,,105360141;103252711;70903557;69972164;71981426,200000,,4,,2,
linux,spin-4.csv,,69571107,spin,,0,,,,,96390101,,71726035,,,,,1,1000000,,96390101;81506921;71042954;71726035;69571107,0,,4,,2,
linux,spin-4.csv,,70779042,spin,,0,,,,,94861995,,72230061,,,,,0,1000000,,87048132;94861995;71765363;70779042;72230061,0,,4,,4,
linux,spin-4.csv,,70125022,spin,,0,,,,,104052871,,72211741,,,,,0,1000000,,104052871;96854269;71913300;70125022;72211741,200000,,4,,4,
linux,spin-4.csv,,70190680,spin,,0,,,,,111508446,,71049765,,,,,0,1000000,,111508446;73773117;71049765;70874161;70190680,1000000,,4,,4,
linux,spin-4.csv,,70593370,spin,,0,,,,,103255706,,72193263,,,,,0,1000000,,103255706;73492995;72193263;70593370;71512554,2000000,,4,,4,
linux,spin-4.csv,,71600292,spin,,0,,,,,87041065,,76320865,,,,,1,1000000,,84684213;87041065;76320865;71600292;72016719,2000000,,4,,4,
linux,spin-4.csv,,70561252,spin,,0,,,,,106334698,,76412862,,,,,1,1000000,,106334698;77192150;75073831;76412862;70561252,1000000,,4,,4,
linux,spin-4.csv,,70299380,spin,,0,,,,,107301212,,72236994,,,,,1,1000000,,107301212;73453369;70299380;72236994;70613391,200000,,4,,4,
linux,spin-4.csv,,69987140,spin,,0,,,,,83452720,,73452269,,,,,1,1000000,,83452720;73452269;71597822;75231348;69987140,0,,4,,4,
linux,spin-8.csv,,5594103,spin,,0,,,,,6247719,,5903011,,,,,0,100000,,5873120;6247719;6049184;5594103;5903011,0,,8,,2,
linux,spin-8.csv,,5654175,spin,,0,,,,,6129306,,5685795,,,,,0,100000,,5654175;5665565;5685795;6129306;5983153,200000,,8,,2,
linux,spin-8.csv,,4388065,spin,,0,,,,,5094161,,4549388,,,,,0,100000,,4549388;4673781;5094161;4468746;4388065,1000000,,8,,2,
linux,spin-8.csv,,4594309,spin,,0,,,,,5538681,,4821094,,,,,0,100000,,4662121;4821094;4594309;4920067;5538681,2000000,,8,,2,
linux,spin-8.csv,,4634881,spin,,0,,,,,6068274,,5509921,,,,,1,100000,,5509921;5615223;5123912;6068274;4634881,2000000,,8,,2,
linux,spin-8.csv,,4562689,spin,,0,,,,,5571162,,5368928,,,,,1,100000,,5571162;4562689;5368928;4782543;5469650,1000000,,8,,2,
linux,spin-8.csv,,5470990,spin,,0,,,,,5793487,,5727926,,,,,1,100000,,5793487;5762487;5470990;5516381;5727926,200000,,8,,2,
linux,spin-8.csv,,5567042,spin,,0,,,,,7388905,,5715286,,,,,1,100000,,5715286;5567042;5603113;5986182;7388905,0,,8,,2,
linux,spin-8.csv,,5408408,spin,,0,,,,,5830688,,5633053,,,,,0,100000,,5454569;5408408;5830688;5633053;5737415,0,,8,,4,
linux,spin-8.csv,,5595752,spin,,0,,,,,5908150,,5744386,,,,,0,100000,,5738356;5908150;5826628;5595752;5744386,200000,,8,,4,
linux,spin-8.csv,,4648840,spin,,0,,,,,5241074,,5008498,,,,,0,100000,,5096181;4668170;4648840;5241074;5008498,1000000,,8,,4,
linux,spin-8.csv,,4658949,spin,,0,,,,,5020859,,4749753,,,,,0,100000,,5020859;4658949;4681481;4749753;4763942,2000000,,8,,4,
linux,spin-8.csv,,4561308,spin,,0,,,,,4989718,,4646670,,,,,1,100000,,4585358;4989718;4646670;4967947;4561308,2000000,,8,,4,
linux,spin-8.csv,,4527157,spin,,0,,,,,4971278,,4727542,,,,,1,100000,,4971278;4727542;4527157;4557438;4752192,1000000,,8,,4,
linux,spin-8.csv,,4735852,spin,,0,,,,,5853918,,5794726,,,,,1,100000,,5427047;5823317;5853918;5794726;4735852,200000,,8,,4,
linux,spin-8.csv,,5472429,spin,,0,,,,,6074523,,5773146,,,,,1,100000,,6074523;5608262;5773146;5472429;5853878,0,,8,,4,
linux,spin-8.csv,,47568036,spin,,0,,,,,68527124,,61318710,,,,,0,1000000,,68527124;52306772;62877941;61318710;47568036,0,,8,,2,
linux,spin-8.csv,,50068075,spin,,0,,,,,72070512,,53471896,,,,,0,1000000,,72070512;69679316;53471896;50068075;51767854,200000,,8,,2,
linux,spin-8.csv,,54899795,spin,,0,,,,,74260458,,63867965,,,,,0,1000000,,74260458;72140918;63867965;60559068;54899795,1000000,,8,,2,
linux,spin-8.csv,,51238915,spin,,0,,,,,69247515,,60361297,,,,,0,1000000,,68025776;69247515;60361297;53683223;51238915,2000000,,8,,2,
linux,spin-8.csv,,49588523,spin,,0,,,,,72749241,,66593828,,,,,1,1000000,,72749241;70173151;66593828;61101950;49588523,2000000,,8,,2,
linux,spin-8.csv,,47774296,spin,,0,,,,,69028698,,50049019,,,,,1,1000000,,68977018;69028698;49329533;50049019;47774296,1000000,,8,,2,
linux,spin-8.csv,,50691330,spin,,0,,,,,72607072,,68045102,,,,,1,1000000,,72607072;68045102;63759402;68074371;50691330,200000,,8,,2,
linux,spin-8.csv,,54917223,spin,,0,,,,,75163374,,63488810,,,,,1,1000000,,75163374;71491561;63387118;54917223;63488810,0,,8,,2,
linux,spin-8.csv,,51959571,spin,,0,,,,,80700226,,67267652,,,,,0,1000000,,80700226;71563906;53322134;51959571;67267652,0,,8,,4,
linux,spin-8.csv,,53339539,spin,,0,,,,,80228409,,66626142,,,,,0,1000000,,80228409;70184159;55481412;53339539;66626142,200000,,8,,4,
linux,spin-8.csv,,51609969,spin,,0,,,,,80978920,,55490454,,,,,0,1000000,,80978920;71312379;53981313;51609969;55490454,1000000,,8,,4,
linux,spin-8.csv,,50430978,spin,,0,,,,,79419498,,54739026,,,,,0,1000000,,79419498;68860218;52364232;50430978;54739026,2000000,,8,,4,
linux,spin-8.csv,,53025713,spin,,0,,,,,82243986,,60996714,,,,,1,1000000,,82243986;67378278;60996714;53025713;57857402,2000000,,8,,4,
linux,spin-8.csv,,58099353,spin,,0,,,,,91956059,,69487810,,,,,1,1000000,,91956059;69487810;71102648;58099353;67687231,1000000,,8,,4,
linux,spin-8.csv,,53731470,spin,,0,,,,,80582905,,74174401,,,,,1,1000000,,80582905;77812073;63294426;53731470;74174401,200000,,8,,4,
linux,spin-8.csv,,54282199,spin,,0,,,,,82094892,,68916947,,,,,1,1000000,,82094892;75096055;54282199;68916947;66304148,0,,8,,4,
mac,builders-16.csv,,11742000,builders,,0,,,,,11774000,,11764000,,,,,0,1000000,,11742000;11764000;11774000;11758000;11773000,4,,16,,1,
mac,builders-16.csv,,12576000,builders,,0,,,,,12685000,,12637000,,,,,0,1000000,,12659000;12685000;12637000;12637000;12576000,8,,16,,1,
mac,builders-16.csv,,15074000,builders,,0,,,,,15182000,,15094000,,,,,0,1000000,,15182000;15094000;15101000;15091000;15074000,16,,16,,1,
mac,builders-16.csv,,15109000,builders,,0,,,,,15343000,,15195000,,,,,1,1000000,,15109000;15343000;15195000;15113000;15201000,16,,16,,1,
mac,builders-16.csv,,12550000,builders,,0,,,,,12703000,,12589000,,,,,1,1000000,,12572000;12550000;12703000;12589000;12639000,8,,16,,1,
mac,builders-16.csv,,11699000,builders,,0,,,,,11914000,,11840000,,,,,1,1000000,,11699000;11914000;11842000;11840000;11785000,4,,16,,1,
mac,builders-16.csv,,72049000,builders,,0,,,,,75312000,,72402000,,,,,0,4000000,,75312000;72402000;73496000;72049000;72115000,4,,16,,1,
mac,builders-16.csv,,71302000,builders,,0,,,,,74470000,,72513000,,,,,0,4000000,,71769000;71302000;74209000;72513000;74470000,8,,16,,1,
mac,builders-16.csv,,74237000,builders,,0,,,,,84326000,,80959000,,,,,0,4000000,,80959000;84326000;74237000;78201000;82828000,16,,16,,1,
mac,builders-16.csv,,73145000,builders,,0,,,,,81430000,,74676000,,,,,1,4000000,,74676000;73145000;74327000;81430000;78935000,16,,16,,1,
mac,builders-16.csv,,72466000,builders,,0,,,,,76522000,,75956000,,,,,1,4000000,,76522000;75956000;76020000;74363000;72466000,8,,16,,1,
mac,builders-16.csv,,72111000,builders,,0,,,,,74368000,,73023000,,,,,1,4000000,,74368000;73262000;73023000;72111000;72945000,4,,16,,1,
mac,builders-4.csv,,11521000,builders,,0,,,,,11579000,,11553000,,,,,0,1000000,,11521000;11535000;11559000;11579000;11553000,4,,4,,1,
mac,builders-4.csv,,11490000,builders,,0,,,,,11784000,,11551000,,,,,0,1000000,,11490000;11551000;11784000;11591000;11551000,8,,4,,1,
mac,builders-4.csv,,11514000,builders,,0,,,,,11742000,,11543000,,,,,0,1000000,,11514000;11543000;11742000;11550000;11543000,16,,4,,1,
mac,builders-4.csv,,11543000,builders,,0,,,,,11773000,,11610000,,,,,1,1000000,,11633000;11543000;11773000;11610000;11597000,16,,4,,1,
mac,builders-4.csv,,11544000,builders,,0,,,,,11793000,,11562000,,,,,1,1000000,,11562000;11544000;11793000;11570000;11557000,8,,4,,1,
mac,builders-4.csv,,11554000,builders,,0,,,,,11848000,,11571000,,,,,1,1000000,,11571000;11554000;11564000;11776000;11848000,4,,4,,1,
mac,builders-4.csv,,74992000,builders,,0,,,,,75414000,,75051000,,,,,0,4000000,,75414000;75175000;74992000;75004000;75051000,4,,4,,1,
mac,builders-4.csv,,74988000,builders,,0,,,,,75494000,,75042000,,,,,0,4000000,,75494000;74988000;75042000;75039000;75277000,8,,4,,1,
mac,builders-4.csv,,74942000,builders,,0,,,,,77274000,,75118000,,,,,0,4000000,,77274000;76261000;75118000;74942000;74958000,16,,4,,1,
mac,builders-4.csv,,75023000,builders,,0,,,,,75523000,,75235000,,,,,1,4000000,,75523000;75023000;75372000;75235000;75044000,16,,4,,1,
mac,builders-4.csv,,74916000,builders,,0,,,,,75604000,,75182000,,,,,1,4000000,,75248000;74916000;75604000;75182000;75061000,8,,4,,1,
mac,builders-4.csv,,74955000,builders,,0,,,,,75740000,,75066000,,,,,1,4000000,,75740000;75000000;75066000;74955000;75100000,4,,4,,1,
mac,builders-8.csv,,11727000,builders,,0,,,,,15918000,,15671000,,,,,0,1000000,,15918000;15671000;15903000;11727000;12695000,4,,8,,1,
mac,builders-8.csv,,12554000,builders,,0,,,,,13426000,,12736000,,,,,0,1000000,,13426000;12709000;12554000;12736000;13076000,8,,8,,1,
mac,builders-8.csv,,12363000,builders,,0,,,,,13504000,,12621000,,,,,0,1000000,,12546000;13504000;12363000;12621000;12664000,16,,8,,1,
mac,builders-8.csv,,12535000,builders,,0,,,,,13703000,,12708000,,,,,1,1000000,,12898000;12535000;13703000;12577000;12708000,16,,8,,1,
mac,builders-8.csv,,12493000,builders,,0,,,,,13433000,,12523000,,,,,1,1000000,,12493000;12523000;12665000;13433000;12517000,8,,8,,1,
mac,builders-8.csv,,11674000,builders,,0,,,,,11750000,,11689000,,,,,1,1000000,,11674000;11750000;11689000;11750000;11683000,4,,8,,1,
mac,builders-8.csv,,73296000,builders,,0,,,,,74462000,,74030000,,,,,0,4000000,,73839000;74030000;74462000;73296000;74293000,4,,8,,1,
mac,builders-8.csv,,70851000,builders,,0,,,,,76159000,,73046000,,,,,0,4000000,,73046000;76159000;71733000;73239000;70851000,8,,8,,1,
mac,builders-8.csv,,72898000,builders,,0,,,,,75970000,,73137000,,,,,0,4000000,,73072000;73309000;72898000;75970000;73137000,16,,8,,1,
mac,builders-8.csv,,71751000,builders,,0,,,,,76447000,,72608000,,,,,1,4000000,,72582000;71751000;76447000;72608000;73842000,16,,8,,1,
mac,builders-8.csv,,71884000,builders,,0,,,,,78614000,,73748000,,,,,1,4000000,,71884000;78614000;74776000;72401000;73748000,8,,8,,1,
mac,builders-8.csv,,73874000,builders,,0,,,,,74164000,,73978000,,,,,1,4000000,,74164000;73874000;74131000;73948000;73978000,4,,8,,1,
mac,gather-16.csv,,905000,gather,,4,,,,,1006000,,926000,,,,,0,250000,,1006000;956000;926000;905000;913000,0,,16,,2,
mac,gather-16.csv,,813000,gather,,4,,,,,915000,,815000,,,,,0,250000,,915000;813000;815000;814000;815000,1,,16,,2,
mac,gather-16.csv,,529000,gather,,4,,,,,657000,,542000,,,,,0,250000,,657000;530000;542000;529000;583000,2,,16,,2,
mac,gather-16.csv,,556000,gather,,4,,,,,1192000,,624000,,,,,0,250000,,998000;624000;575000;556000;1192000,4,,16,,2,
mac,gather-16.csv,,1004000,gather,,4,,,,,1782000,,1210000,,,,,0,250000,,1004000;1169000;1210000;1782000;1344000,8,,16,,2,
mac,gather-16.csv,,841000,gather,,4,,,,,2005000,,977000,,,,,1,250000,,854000;2005000;977000;841000;1692000,8,,16,,2,
mac,gather-16.csv,,529000,gather,,4,,,,,2107000,,1187000,,,,,1,250000,,1153000;1187000;1650000;2107000;529000,4,,16,,2,
mac,gather-16.csv,,538000,gather,,4,,,,,609000,,550000,,,,,1,250000,,609000;550000;554000;541000;538000,2,,16,,2,
mac,gather-16.csv,,805000,gather,,4,,,,,968000,,812000,,,,,1,250000,,968000;845000;812000;810000;805000,1,,16,,2,
mac,gather-16.csv,,885000,gather,,4,,,,,1185000,,942000,,,,,1,250000,,1185000;1006000;942000;885000;887000,0,,16,,2,
mac,gather-16.csv,,851000,gather,,8,,,,,955000,,863000,,,,,0,250000,,955000;859000;851000;863000;865000,0,,16,,2,
mac,gather-16.csv,,810000,gather,,8,,,,,890000,,825000,,,,,0,250000,,890000;828000;819000;810000;825000,1,,16,,2,
mac,gather-16.csv,,510000,gather,,8,,,,,625000,,516000,,,,,0,250000,,625000;533000;516000;510000;515000,2,,16,,2,
mac,gather-16.csv,,738000,gather,,8,,,,,1814000,,1109000,,,,,0,250000,,738000;913000;1109000;1193000;1814000,4,,16,,2,
mac,gather-16.csv,,743000,gather,,8,,,,,2010000,,1753000,,,,,0,250000,,743000;1696000;1866000;1753000;2010000,8,,16,,2,
mac,gather-16.csv,,1042000,gather,,8,,,,,1915000,,1753000,,,,,1,250000,,1042000;1915000;1473000;1782000;1753000,8,,16,,2,
mac,gather-16.csv,,1165000,gather,,8,,,,,2557000,,1228000,,,,,1,250000,,1165000;1228000;2557000;1201000;1560000,4,,16,,2,
mac,gather-16.csv,,510000,gather,,8,,,,,554000,,516000,,,,,1,250000,,554000;518000;516000;512000;510000,2,,16,,2,
mac,gather-16.csv,,815000,gather,,8,,,,,878000,,827000,,,,,1,250000,,878000;827000;815000;817000;831000,1,,16,,2,
mac,gather-16.csv,,835000,gather,,8,,,,,927000,,856000,,,,,1,250000,,927000;860000;856000;835000;842000,0,,16,,2,
mac,gather-16.csv,,799000,gather,,16,,,,,936000,,817000,,,,,0,250000,,936000;889000;799000;817000;816000,0,,16,,2,
mac,gather-16.csv,,817000,gather,,16,,,,,857000,,832000,,,,,0,250000,,857000;849000;817000;832000;826000,1,,16,,2,
mac,gather-16.csv,,508000,gather,,16,,,,,545000,,525000,,,,,0,250000,,545000;532000;508000;522000;525000,2,,16,,2,
mac,gather-16.csv,,561000,gather,,16,,,,,1645000,,903000,,,,,0,250000,,613000;903000;561000;1153000;1645000,4,,16,,2,
mac,gather-16.csv,,618000,gather,,16,,,,,2012000,,1823000,,,,,0,250000,,1852000;1706000;1823000;2012000;618000,8,,16,,2,
mac,gather-16.csv,,1484000,gather,,16,,,,,1820000,,1785000,,,,,1,250000,,1820000;1727000;1785000;1799000;1484000,8,,16,,2,
mac,gather-16.csv,,1095000,gather,,16,,,,,1814000,,1212000,,,,,1,250000,,1101000;1095000;1630000;1814000;1212000,4,,16,,2,
mac,gather-16.csv,,505000,gather,,16,,,,,615000,,509000,,,,,1,250000,,615000;528000;505000;507000;509000,2,,16,,2,
mac,gather-16.csv,,818000,gather,,16,,,,,917000,,834000,,,,,1,250000,,917000;848000;818000;834000;821000,1,,16,,2,
mac,gather-16.csv,,807000,gather,,16,,,,,926000,,812000,,,,,1,250000,,926000;873000;812000;807000;812000,0,,16,,2,
mac,gather-16.csv,,783000,gather,,32,,,,,930000,,822000,,,,,0,250000,,930000;815000;827000;822000;783000,0,,16,,2,
mac,gather-16.csv,,855000,gather,,32,,,,,952000,,869000,,,,,0,250000,,952000;891000;869000;865000;855000,1,,16,,2,
mac,gather-16.csv,,514000,gather,,32,,,,,539000,,524000,,,,,0,250000,,539000;529000;524000;523000;514000,2,,16,,2,
mac,gather-16.csv,,609000,gather,,32,,,,,1672000,,1160000,,,,,0,250000,,609000;1160000;1217000;1052000;1672000,4,,16,,2,
mac,gather-16.csv,,1554000,gather,,32,,,,,1893000,,1689000,,,,,0,250000,,1821000;1624000;1893000;1554000;1689000,8,,16,,2,
mac,gather-16.csv,,1281000,gather,,32,,,,,2268000,,1999000,,,,,1,250000,,1281000;2001000;2268000;1999000;1807000,8,,16,,2,
mac,gather-16.csv,,914000,gather,,32,,,,,1812000,,1211000,,,,,1,250000,,914000;1166000;1211000;1812000;1265000,4,,16,,2,
mac,gather-16.csv,,498000,gather,,32,,,,,537000,,518000,,,,,1,250000,,537000;518000;504000;521000;498000,2,,16,,2,
mac,gather-16.csv,,852000,gather,,32,,,,,874000,,860000,,,,,1,250000,,874000;868000;855000;852000;860000,1,,16,,2,
mac,gather-16.csv,,806000,gather,,32,,,,,940000,,840000,,,,,1,250000,,940000;840000;846000;824000;806000,0,,16,,2,
mac,gather-16.csv,,3572000,gather,,4,,,,,3789000,,3703000,,,,,0,250000,,3572000;3789000;3600000;3741000;3703000,0,,16,,8,
mac,gather-16.csv,,2005000,gather,,4,,,,,2134000,,2038000,,,,,0,250000,,2038000;2036000;2039000;2134000;2005000,1,,16,,8,
mac,gather-16.csv,,1919000,gather,,4,,,,,2781000,,2410000,,,,,0,250000,,2781000;1919000;2044000;2410000;2774000,2,,16,,8,
mac,gather-16.csv,,2173000,gather,,4,,,,,2783000,,2258000,,,,,0,250000,,2173000;2783000;2258000;2228000;2640000,4,,16,,8,
mac,gather-16.csv,,1997000,gather,,4,,,,,3030000,,2215000,,,,,0,250000,,2861000;2134000;3030000;1997000;2215000,8,,16,,8,
mac,gather-16.csv,,2014000,gather,,4,,,,,2313000,,2264000,,,,,1,250000,,2082000;2274000;2313000;2264000;2014000,8,,16,,8,
mac,gather-16.csv,,2071000,gather,,4,,,,,2673000,,2166000,,,,,1,250000,,2112000;2166000;2673000;2517000;2071000,4,,16,,8,
mac,gather-16.csv,,2076000,gather,,4,,,,,2341000,,2099000,,,,,1,250000,,2076000;2209000;2341000;2086000;2099000,2,,16,,8,
mac,gather-16.csv,,1938000,gather,,4,,,,,2719000,,2200000,,,,,1,250000,,2144000;1938000;2719000;2200000;2356000,1,,16,,8,
mac,gather-16.csv,,3574000,gather,,4,,,,,3719000,,3667000,,,,,1,250000,,3574000;3719000;3704000;3649000;3667000,0,,16,,8,
mac,gather-16.csv,,3601000,gather,,8,,,,,3627000,,3618000,,,,,0,250000,,3627000;3601000;3618000;3622000;3617000,0,,16,,8,
mac,gather-16.csv,,1961000,gather,,8,,,,,3270000,,1993000,,,,,0,250000,,1970000;1993000;3270000;1961000;2245000,1,,16,,8,
mac,gather-16.csv,,2173000,gather,,8,,,,,3202000,,2877000,,,,,0,250000,,2184000;2173000;3052000;2877000;3202000,2,,16,,8,
mac,gather-16.csv,,2434000,gather,,8,,,,,3094000,,2712000,,,,,0,250000,,2641000;2712000;3094000;2434000;3074000,4,,16,,8,
mac,gather-16.csv,,2057000,gather,,8,,,,,3239000,,2208000,,,,,0,250000,,2208000;2143000;2452000;2057000;3239000,8,,16,,8,
mac,gather-16.csv,,2185000,gather,,8,,,,,3130000,,2509000,,,,,1,250000,,2509000;2359000;2737000;2185000;3130000,8,,16,,8,
mac,gather-16.csv,,2194000,gather,,8,,,,,3052000,,2528000,,,,,1,250000,,2194000;2528000;3052000;2634000;2348000,4,,16,,8,
mac,gather-16.csv,,1949000,gather,,8,,,,,3396000,,2717000,,,,,1,250000,,2717000;2323000;2745000;1949000;3396000,2,,16,,8,
mac,gather-16.csv,,1897000,gather,,8,,,,,2564000,,2087000,,,,,1,250000,,1897000;2008000;2564000;2087000;2315000,1,,16,,8,
mac,gather-16.csv,,3544000,gather,,8,,,,,3851000,,3595000,,,,,1,250000,,3851000;3544000;3631000;3595000;3579000,0,,16,,8,
mac,gather-16.csv,,3566000,gather,,16,,,,,3627000,,3611000,,,,,0,250000,,3627000;3611000;3618000;3585000;3566000,0,,16,,8,
mac,gather-16.csv,,1849000,gather,,16,,,,,2466000,,2370000,,,,,0,250000,,2230000;2466000;2414000;1849000;2370000,1,,16,,8,
mac,gather-16.csv,,1871000,gather,,16,,,,,2298000,,1905000,,,,,0,250000,,1905000;2298000;1871000;1897000;1917000,2,,16,,8,
mac,gather-16.csv,,1944000,gather,,16,,,,,2450000,,2141000,,,,,0,250000,,2450000;2141000;1991000;1944000;2245000,4,,16,,8,
mac,gather-16.csv,,1979000,gather,,16,,,,,2588000,,2012000,,,,,0,250000,,2012000;1994000;2119000;1979000;2588000,8,,16,,8,
mac,gather-16.csv,,1891000,gather,,16,,,,,3154000,,2134000,,,,,1,250000,,2009000;1891000;3154000;2172000;2134000,8,,16,,8,
mac,gather-16.csv,,1920000,gather,,16,,,,,2433000,,2209000,,,,,1,250000,,1920000;2407000;2433000;2088000;2209000,4,,16,,8,
mac,gather-16.csv,,1956000,gather,,16,,,,,2960000,,2087000,,,,,1,250000,,2960000;1956000;2872000;2053000;2087000,2,,16,,8,
mac,gather-16.csv,,1825000,gather,,16,,,,,2510000,,1975000,,,,,1,250000,,1880000;1825000;2510000;2509000;1975000,1,,16,,8,
mac,gather-16.csv,,3590000,gather,,16,,,,,3649000,,3597000,,,,,1,250000,,3649000;3590000;3595000;3622000;3597000,0,,16,,8,
mac,gather-16.csv,,3504000,gather,,32,,,,,4067000,,3606000,,,,,0,250000,,3669000;3504000;3606000;3505000;4067000,0,,16,,8,
mac,gather-16.csv,,1820000,gather,,32,,,,,3085000,,2518000,,,,,0,250000,,1820000;2423000;2729000;2518000;3085000,1,,16,,8,
mac,gather-16.csv,,1979000,gather,,32,,,,,2490000,,2150000,,,,,0,250000,,2150000;2203000;1979000;2490000;2145000,2,,16,,8,
mac,gather-16.csv,,1854000,gather,,32,,,,,3117000,,2527000,,,,,0,250000,,2036000;3117000;2938000;2527000;1854000,4,,16,,8,
mac,gather-16.csv,,1970000,gather,,32,,,,,2815000,,2248000,,,,,0,250000,,2067000;2815000;2470000;1970000;2248000,8,,16,,8,
mac,gather-16.csv,,2071000,gather,,32,,,,,2639000,,2198000,,,,,1,250000,,2198000;2071000;2639000;2545000;2082000,8,,16,,8,
mac,gather-16.csv,,2152000,gather,,32,,,,,3063000,,2348000,,,,,1,250000,,2376000;2152000;2238000;3063000;2348000,4,,16,,8,
mac,gather-16.csv,,1969000,gather,,32,,,,,3804000,,2321000,,,,,1,250000,,2459000;1969000;2321000;2052000;3804000,2,,16,,8,
mac,gather-16.csv,,2139000,gather,,32,,,,,3307000,,2988000,,,,,1,250000,,2280000;3307000;3133000;2139000;2988000,1,,16,,8,
mac,gather-16.csv,,3555000,gather,,32,,,,,3638000,,3572000,,,,,1,250000,,3638000;3555000;3568000;3572000;3573000,0,,16,,8,
mac,gather-16.csv,,4052000,gather,,4,,,,,4169000,,4071000,,,,,0,1000000,,4169000;4096000;4052000;4063000;4071000,0,,16,,2,
mac,gather-16.csv,,3307000,gather,,4,,,,,3517000,,3405000,,,,,0,1000000,,3517000;3429000;3405000;3307000;3325000,1,,16,,2,
mac,gather-16.csv,,2597000,gather,,4,,,,,2841000,,2621000,,,,,0,1000000,,2841000;2726000;2597000;2621000;2611000,2,,16,,2,
mac,gather-16.csv,,2802000,gather,,4,,,,,3508000,,2812000,,,,,0,1000000,,2884000;2812000;2810000;3508000;2802000,4,,16,,2,
mac,gather-16.csv,,2820000,gather,,4,,,,,3156000,,3012000,,,,,0,1000000,,3156000;3130000;3012000;2940000;2820000,8,,16,,2,
mac,gather-16.csv,,2879000,gather,,4,,,,,3999000,,3125000,,,,,1,1000000,,3179000;2879000;3999000;3055000;3125000,8,,16,,2,
mac,gather-16.csv,,2748000,gather,,4,,,,,3702000,,2830000,,,,,1,1000000,,3702000;2748000;2830000;2988000;2780000,4,,16,,2,
mac,gather-16.csv,,2590000,gather,,4,,,,,2797000,,2610000,,,,,1,1000000,,2797000;2602000;2610000;2590000;2701000,2,,16,,2,
mac,gather-16.csv,,3336000,gather,,4,,,,,3437000,,3392000,,,,,1,1000000,,3437000;3337000;3424000;3392000;3336000,1,,16,,2,
mac,gather-16.csv,,4059000,gather,,4,,,,,4202000,,4083000,,,,,1,1000000,,4202000;4083000;4060000;4059000;4090000,0,,16,,2,
mac,gather-16.csv,,3801000,gather,,8,,,,,3939000,,3846000,,,,,0,1000000,,3939000;3820000;3846000;3876000;3801000,0,,16,,2,
mac,gather-16.csv,,3214000,gather,,8,,,,,3416000,,3271000,,,,,0,1000000,,3416000;3271000;3240000;3294000;3214000,1,,16,,2,
mac,gather-16.csv,,2263000,gather,,8,,,,,2400000,,2325000,,,,,0,1000000,,2400000;2301000;2263000;2392000;2325000,2,,16,,2,
mac,gather-16.csv,,2379000,gather,,8,,,,,3930000,,2490000,,,,,0,1000000,,2663000;2490000;3930000;2379000;2415000,4,,16,,2,
mac,gather-16.csv,,2478000,gather,,8,,,,,3252000,,2567000,,,,,0,1000000,,2567000;3070000;3252000;2478000;2490000,8,,16,,2,
mac,gather-16.csv,,2530000,gather,,8,,,,,3074000,,2622000,,,,,1,1000000,,2622000;3074000;2555000;2530000;2686000,8,,16,,2,
mac,gather-16.csv,,2406000,gather,,8,,,,,3659000,,2675000,,,,,1,1000000,,2675000;2449000;3274000;2406000;3659000,4,,16,,2,
mac,gather-16.csv,,2275000,gather,,8,,,,,2450000,,2316000,,,,,1,1000000,,2450000;2316000;2312000;2275000;2330000,2,,16,,2,
mac,gather-16.csv,,3242000,gather,,8,,,,,3517000,,3266000,,,,,1,1000000,,3517000;3266000;3265000;3278000;3242000,1,,16,,2,
mac,gather-16.csv,,3819000,gather,,8,,,,,4002000,,3862000,,,,,1,1000000,,4002000;3834000;3862000;3866000;3819000,0,,16,,2,
mac,gather-16.csv,,3746000,gather,,16,,,,,3859000,,3775000,,,,,0,1000000,,3859000;3746000;3775000;3767000;3779000,0,,16,,2,
mac,gather-16.csv,,3205000,gather,,16,,,,,3395000,,3223000,,,,,0,1000000,,3395000;3234000;3206000;3223000;3205000,1,,16,,2,
mac,gather-16.csv,,2146000,gather,,16,,,,,2272000,,2170000,,,,,0,1000000,,2272000;2169000;2170000;2146000;2197000,2,,16,,2,
mac,gather-16.csv,,2274000,gather,,16,,,,,3446000,,2577000,,,,,0,1000000,,2338000;2637000;2577000;2274000;3446000,4,,16,,2,
mac,gather-16.csv,,2346000,gather,,16,,,,,3546000,,3134000,,,,,0,1000000,,3258000;3134000;3546000;2346000;2435000,8,,16,,2,
mac,gather-16.csv,,2350000,gather,,16,,,,,2908000,,2736000,,,,,1,1000000,,2454000;2736000;2908000;2872000;2350000,8,,16,,2,
mac,gather-16.csv,,2322000,gather,,16,,,,,2674000,,2543000,,,,,1,1000000,,2600000;2322000;2674000;2505000;2543000,4,,16,,2,
mac,gather-16.csv,,2137000,gather,,16,,,,,2231000,,2166000,,,,,1,1000000,,2231000;2220000;2162000;2137000;2166000,2,,16,,2,
mac,gather-16.csv,,3214000,gather,,16,,,,,3474000,,3221000,,,,,1,1000000,,3474000;3283000;3214000;3216000;3221000,1,,16,,2,
mac,gather-16.csv,,3744000,gather,,16,,,,,3849000,,3755000,,,,,1,1000000,,3849000;3749000;3755000;3793000;3744000,0,,16,,2,
mac,gather-16.csv,,3684000,gather,,32,,,,,3795000,,3702000,,,,,0,1000000,,3795000;3707000;3702000;3684000;3694000,0,,16,,2,
mac,gather-16.csv,,3256000,gather,,32,,,,,3416000,,3298000,,,,,0,1000000,,3416000;3298000;3288000;3298000;3256000,1,,16,,2,
mac,gather-16.csv,,2141000,gather,,32,,,,,2320000,,2188000,,,,,0,1000000,,2204000;2320000;2141000;2188000;2164000,2,,16,,2,
mac,gather-16.csv,,2319000,gather,,32,,,,,3081000,,2540000,,,,,0,1000000,,3081000;2319000;2676000;2389000;2540000,4,,16,,2,
mac,gather-16.csv,,2273000,gather,,32,,,,,3792000,,2482000,,,,,0,1000000,,2482000;2370000;3792000;2273000;3258000,8,,16,,2,
mac,gather-16.csv,,2532000,gather,,32,,,,,3800000,,2907000,,,,,1,1000000,,3102000;2774000;3800000;2532000;2907000,8,,16,,2,
mac,gather-16.csv,,2131000,gather,,32,,,,,2616000,,2405000,,,,,1,1000000,,2382000;2489000;2616000;2405000;2131000,4,,16,,2,
mac,gather-16.csv,,2164000,gather,,32,,,,,2271000,,2243000,,,,,1,1000000,,2244000;2164000;2271000;2243000;2187000,2,,16,,2,
mac,gather-16.csv,,3240000,gather,,32,,,,,3436000,,3273000,,,,,1,1000000,,3436000;3273000;3295000;3240000;3243000,1,,16,,2,
mac,gather-16.csv,,3680000,gather,,32,,,,,3767000,,3718000,,,,,1,1000000,,3767000;3718000;3711000;3680000;3730000,0,,16,,2,
mac,gather-16.csv,,15966000,gather,,4,,,,,16458000,,16032000,,,,,0,1000000,,16458000;16032000;15966000;15966000;16148000,0,,16,,8,
mac,gather-16.csv,,9741000,gather,,4,,,,,10600000,,10099000,,,,,0,1000000,,9985000;9741000;10106000;10099000;10600000,1,,16,,8,
mac,gather-16.csv,,10333000,gather,,4,,,,,11317000,,10762000,,,,,0,1000000,,10769000;10433000;10333000;11317000;10762000,2,,16,,8,
mac,gather-16.csv,,10100000,gather,,4,,,,,10948000,,10301000,,,,,0,1000000,,10948000;10301000;10383000;10200000;10100000,4,,16,,8,
mac,gather-16.csv,,10515000,gather,,4,,,,,10823000,,10591000,,,,,0,1000000,,10560000;10789000;10515000;10591000;10823000,8,,16,,8,
mac,gather-16.csv,,10367000,gather,,4,,,,,10795000,,10580000,,,,,1,1000000,,10580000;10378000;10795000;10367000;10736000,8,,16,,8,
mac,gather-16.csv,,10473000,gather,,4,,,,,11389000,,10645000,,,,,1,1000000,,11389000;10473000;10645000;10871000;10585000,4,,16,,8,
mac,gather-16.csv,,10250000,gather,,4,,,,,10733000,,10606000,,,,,1,1000000,,10323000;10606000;10733000;10250000;10667000,2,,16,,8,
mac,gather-16.csv,,9681000,gather,,4,,,,,10400000,,9924000,,,,,1,1000000,,10400000;9681000;10034000;9682000;9924000,1,,16,,8,
mac,gather-16.csv,,15867000,gather,,4,,,,,16254000,,15914000,,,,,1,1000000,,16254000;15914000;15912000;15952000;15867000,0,,16,,8,
mac,gather-16.csv,,15132000,gather,,8,,,,,15412000,,15234000,,,,,0,1000000,,15412000;15174000;15234000;15132000;15387000,0,,16,,8,
mac,gather-16.csv,,7910000,gather,,8,,,,,8534000,,8226000,,,,,0,1000000,,7910000;8303000;8534000;8153000;8226000,1,,16,,8,
mac,gather-16.csv,,8559000,gather,,8,,,,,8763000,,8612000,,,,,0,1000000,,8686000;8612000;8763000;8559000;8605000,2,,16,,8,
mac,gather-16.csv,,8607000,gather,,8,,,,,8890000,,8731000,,,,,0,1000000,,8731000;8801000;8649000;8890000;8607000,4,,16,,8,
mac,gather-16.csv,,8329000,gather,,8,,,,,9281000,,8480000,,,,,0,1000000,,8480000;8611000;8430000;8329000;9281000,8,,16,,8,
mac,gather-16.csv,,8232000,gather,,8,,,,,8761000,,8648000,,,,,1,1000000,,8648000;8761000;8232000;8748000;8523000,8,,16,,8,
mac,gather-16.csv,,8292000,gather,,8,,,,,8838000,,8720000,,,,,1,1000000,,8838000;8761000;8720000;8547000;8292000,4,,16,,8,
mac,gather-16.csv,,8352000,gather,,8,,,,,9191000,,8781000,,,,,1,1000000,,9191000;9141000;8352000;8552000;8781000,2,,16,,8,
mac,gather-16.csv,,8085000,gather,,8,,,,,8992000,,8622000,,,,,1,1000000,,8950000;8622000;8992000;8085000;8245000,1,,16,,8,
mac,gather-16.csv,,15062000,gather,,8,,,,,15396000,,15203000,,,,,1,1000000,,15203000;15207000;15166000;15062000;15396000,0,,16,,8,
mac,gather-16.csv,,14736000,gather,,16,,,,,15492000,,14932000,,,,,0,1000000,,15492000;14736000;14932000;15193000;14908000,0,,16,,8,
mac,gather-16.csv,,7314000,gather,,16,,,,,7826000,,7429000,,,,,0,1000000,,7826000;7675000;7429000;7314000;7423000,1,,16,,8,
mac,gather-16.csv,,7623000,gather,,16,,,,,8800000,,8010000,,,,,0,1000000,,8010000;8800000;7800000;7623000;8546000,2,,16,,8,
mac,gather-16.csv,,7536000,gather,,16,,,,,7931000,,7808000,,,,,0,1000000,,7922000;7592000;7536000;7931000;7808000,4,,16,,8,
mac,gather-16.csv,,7647000,gather,,16,,,,,8225000,,7950000,,,,,0,1000000,,8118000;7850000;8225000;7647000;7950000,8,,16,,8,
mac,gather-16.csv,,7587000,gather,,16,,,,,7934000,,7878000,,,,,1,1000000,,7878000;7829000;7587000;7934000;7891000,8,,16,,8,
mac,gather-16.csv,,7429000,gather,,16,,,,,7881000,,7820000,,,,,1,1000000,,7820000;7881000;7838000;7533000;7429000,4,,16,,8,
mac,gather-16.csv,,7629000,gather,,16,,,,,7843000,,7736000,,,,,1,1000000,,7629000;7736000;7767000;7712000;7843000,2,,16,,8,
mac,gather-16.csv,,7235000,gather,,16,,,,,7917000,,7572000,,,,,1,1000000,,7572000;7235000;7917000;7385000;7719000,1,,16,,8,
mac,gather-16.csv,,14907000,gather,,16,,,,,15361000,,14939000,,,,,1,1000000,,15361000;14928000;14907000;14939000;15005000,0,,16,,8,
mac,gather-16.csv,,14767000,gather,,32,,,,,15006000,,14818000,,,,,0,1000000,,15006000;14946000;14767000;14818000;14791000,0,,16,,8,
mac,gather-16.csv,,6942000,gather,,32,,,,,7606000,,7383000,,,,,0,1000000,,7606000;7386000;6942000;7277000;7383000,1,,16,,8,
mac,gather-16.csv,,7017000,gather,,32,,,,,7683000,,7497000,,,,,0,1000000,,7683000;7017000;7319000;7531000;7497000,2,,16,,8,
mac,gather-16.csv,,7028000,gather,,32,,,,,7644000,,7354000,,,,,0,1000000,,7644000;7208000;7028000;7354000;7533000,4,,16,,8,
mac,gather-16.csv,,7279000,gather,,32,,,,,7744000,,7411000,,,,,0,1000000,,7289000;7481000;7744000;7411000;7279000,8,,16,,8,
mac,gather-16.csv,,7086000,gather,,32,,,,,7535000,,7322000,,,,,1,1000000,,7484000;7216000;7535000;7086000;7322000,8,,16,,8,
mac,gather-16.csv,,7150000,gather,,32,,,,,7641000,,7337000,,,,,1,1000000,,7246000;7150000;7337000;7637000;7641000,4,,16,,8,
mac,gather-16.csv,,7104000,gather,,32,,,,,7628000,,7552000,,,,,1,1000000,,7628000;7104000;7151000;7560000;7552000,2,,16,,8,
mac,gather-16.csv,,6996000,gather,,32,,,,,8159000,,7305000,,,,,1,1000000,,8159000;6996000;7544000;7248000;7305000,1,,16,,8,
mac,gather-16.csv,,14775000,gather,,32,,,,,15013000,,14826000,,,,,1,1000000,,15013000;14798000;14775000;14826000;14896000,0,,16,,8,
mac,gather-4.csv,,878000,gather,,4,,,,,1215000,,907000,,,,,0,250000,,1215000;907000;932000;906000;878000,0,,4,,2,
mac,gather-4.csv,,806000,gather,,4,,,,,883000,,810000,,,,,0,250000,,883000;857000;810000;808000;806000,1,,4,,2,
mac,gather-4.csv,,537000,gather,,4,,,,,648000,,539000,,,,,0,250000,,648000;541000;537000;539000;538000,2,,4,,2,
mac,gather-4.csv,,532000,gather,,4,,,,,594000,,537000,,,,,0,250000,,594000;532000;537000;561000;534000,4,,4,,2,
mac,gather-4.csv,,522000,gather,,4,,,,,579000,,537000,,,,,0,250000,,579000;537000;529000;522000;567000,8,,4,,2,
mac,gather-4.csv,,529000,gather,,4,,,,,613000,,539000,,,,,1,250000,,613000;530000;539000;562000;529000,8,,4,,2,
mac,gather-4.csv,,536000,gather,,4,,,,,564000,,542000,,,,,1,250000,,542000;564000;542000;536000;540000,4,,4,,2,
mac,gather-4.csv,,534000,gather,,4,,,,,670000,,535000,,,,,1,250000,,670000;575000;535000;534000;535000,2,,4,,2,
mac,gather-4.csv,,809000,gather,,4,,,,,881000,,811000,,,,,1,250000,,881000;816000;809000;811000;809000,1,,4,,2,
mac,gather-4.csv,,889000,gather,,4,,,,,1109000,,896000,,,,,1,250000,,1109000;896000;896000;893000;889000,0,,4,,2,
mac,gather-4.csv,,827000,gather,,8,,,,,902000,,831000,,,,,0,250000,,902000;831000;827000;830000;839000,0,,4,,2,
mac,gather-4.csv,,811000,gather,,8,,,,,948000,,825000,,,,,0,250000,,948000;825000;819000;811000;831000,1,,4,,2,
mac,gather-4.csv,,515000,gather,,8,,,,,562000,,522000,,,,,0,250000,,562000;538000;517000;515000;522000,2,,4,,2,
mac,gather-4.csv,,510000,gather,,8,,,,,546000,,526000,,,,,0,250000,,546000;526000;514000;510000;531000,4,,4,,2,
mac,gather-4.csv,,516000,gather,,8,,,,,583000,,525000,,,,,0,250000,,536000;523000;525000;583000;516000,8,,4,,2,
mac,gather-4.csv,,517000,gather,,8,,,,,545000,,522000,,,,,1,250000,,545000;517000;517000;538000;522000,8,,4,,2,
mac,gather-4.csv,,520000,gather,,8,,,,,545000,,530000,,,,,1,250000,,545000;530000;521000;520000;530000,4,,4,,2,
mac,gather-4.csv,,513000,gather,,8,,,,,542000,,523000,,,,,1,250000,,542000;515000;523000;513000;525000,2,,4,,2,
mac,gather-4.csv,,807000,gather,,8,,,,,879000,,827000,,,,,1,250000,,879000;827000;809000;807000;829000,1,,4,,2,
mac,gather-4.csv,,836000,gather,,8,,,,,907000,,838000,,,,,1,250000,,907000;838000;840000;837000;836000,0,,4,,2,
mac,gather-4.csv,,811000,gather,,16,,,,,893000,,813000,,,,,0,250000,,893000;816000;813000;812000;811000,0,,4,,2,
mac,gather-4.csv,,817000,gather,,16,,,,,931000,,832000,,,,,0,250000,,931000;825000;817000;832000;847000,1,,4,,2,
mac,gather-4.csv,,502000,gather,,16,,,,,531000,,512000,,,,,0,250000,,531000;512000;502000;526000;509000,2,,4,,2,
mac,gather-4.csv,,504000,gather,,16,,,,,546000,,521000,,,,,0,250000,,546000;521000;527000;515000;504000,4,,4,,2,
mac,gather-4.csv,,505000,gather,,16,,,,,561000,,514000,,,,,0,250000,,561000;507000;505000;528000;514000,8,,4,,2,
mac,gather-4.csv,,504000,gather,,16,,,,,549000,,512000,,,,,1,250000,,549000;512000;508000;513000;504000,8,,4,,2,
mac,gather-4.csv,,504000,gather,,16,,,,,543000,,513000,,,,,1,250000,,543000;524000;504000;513000;505000,4,,4,,2,
mac,gather-4.csv,,507000,gather,,16,,,,,544000,,511000,,,,,1,250000,,544000;518000;510000;507000;511000,2,,4,,2,
mac,gather-4.csv,,815000,gather,,16,,,,,855000,,831000,,,,,1,250000,,855000;845000;815000;831000;818000,1,,4,,2,
mac,gather-4.csv,,803000,gather,,16,,,,,929000,,808000,,,,,1,250000,,929000;836000;808000;804000;803000,0,,4,,2,
mac,gather-4.csv,,799000,gather,,32,,,,,869000,,807000,,,,,0,250000,,869000;812000;799000;807000;802000,0,,4,,2,
mac,gather-4.csv,,841000,gather,,32,,,,,886000,,847000,,,,,0,250000,,886000;877000;847000;841000;846000,1,,4,,2,
mac,gather-4.csv,,505000,gather,,32,,,,,546000,,523000,,,,,0,250000,,546000;529000;505000;522000;523000,2,,4,,2,
mac,gather-4.csv,,504000,gather,,32,,,,,588000,,522000,,,,,0,250000,,588000;522000;526000;518000;504000,4,,4,,2,
mac,gather-4.csv,,515000,gather,,32,,,,,542000,,527000,,,,,0,250000,,542000;528000;515000;527000;515000,8,,4,,2,
mac,gather-4.csv,,507000,gather,,32,,,,,549000,,531000,,,,,1,250000,,549000;531000;507000;533000;509000,8,,4,,2,
mac,gather-4.csv,,516000,gather,,32,,,,,545000,,527000,,,,,1,250000,,545000;528000;526000;527000;516000,4,,4,,2,
mac,gather-4.csv,,507000,gather,,32,,,,,543000,,513000,,,,,1,250000,,543000;521000;513000;511000;507000,2,,4,,2,
mac,gather-4.csv,,847000,gather,,32,,,,,880000,,863000,,,,,1,250000,,876000;880000;847000;855000;863000,1,,4,,2,
mac,gather-4.csv,,786000,gather,,32,,,,,863000,,791000,,,,,1,250000,,863000;795000;791000;786000;787000,0,,4,,2,
mac,gather-4.csv,,3540000,gather,,4,,,,,3815000,,3668000,,,,,0,250000,,3540000;3792000;3815000;3668000;3607000,0,,4,,8,
mac,gather-4.csv,,1962000,gather,,4,,,,,2501000,,2204000,,,,,0,250000,,2501000;1962000;2467000;2204000;2072000,1,,4,,8,
mac,gather-4.csv,,2004000,gather,,4,,,,,2425000,,2224000,,,,,0,250000,,2004000;2070000;2262000;2425000;2224000,2,,4,,8,
mac,gather-4.csv,,1964000,gather,,4,,,,,2467000,,2086000,,,,,0,250000,,2086000;1993000;1964000;2467000;2256000,4,,4,,8,
mac,gather-4.csv,,2089000,gather,,4,,,,,2812000,,2240000,,,,,0,250000,,2132000;2089000;2399000;2240000;2812000,8,,4,,8,
mac,gather-4.csv,,1976000,gather,,4,,,,,2498000,,2081000,,,,,1,250000,,1976000;2498000;2447000;2018000;2081000,8,,4,,8,
mac,gather-4.csv,,2004000,gather,,4,,,,,2450000,,2277000,,,,,1,250000,,2011000;2293000;2004000;2450000;2277000,4,,4,,8,
mac,gather-4.csv,,2010000,gather,,4,,,,,3215000,,2262000,,,,,1,250000,,2010000;2262000;2016000;3215000;2377000,2,,4,,8,
mac,gather-4.csv,,2026000,gather,,4,,,,,3082000,,2081000,,,,,1,250000,,2048000;2081000;2026000;2336000;3082000,1,,4,,8,
mac,gather-4.csv,,3574000,gather,,4,,,,,3835000,,3708000,,,,,1,250000,,3763000;3835000;3574000;3609000;3708000,0,,4,,8,
mac,gather-4.csv,,3577000,gather,,8,,,,,3634000,,3604000,,,,,0,250000,,3577000;3582000;3608000;3604000;3634000,0,,4,,8,
mac,gather-4.csv,,1930000,gather,,8,,,,,2500000,,2204000,,,,,0,250000,,2117000;1930000;2500000;2204000;2366000,1,,4,,8,
mac,gather-4.csv,,2227000,gather,,8,,,,,2455000,,2325000,,,,,0,250000,,2455000;2278000;2452000;2227000;2325000,2,,4,,8,
mac,gather-4.csv,,1903000,gather,,8,,,,,3141000,,1997000,,,,,0,250000,,1931000;1903000;3141000;2285000;1997000,4,,4,,8,
mac,gather-4.csv,,1872000,gather,,8,,,,,2560000,,2209000,,,,,0,250000,,1991000;2560000;2378000;2209000;1872000,8,,4,,8,
mac,gather-4.csv,,1906000,gather,,8,,,,,2435000,,2191000,,,,,1,250000,,1906000;1961000;2302000;2435000;2191000,8,,4,,8,
mac,gather-4.csv,,1904000,gather,,8,,,,,2470000,,2218000,,,,,1,250000,,1904000;2470000;2432000;1989000;2218000,4,,4,,8,
mac,gather-4.csv,,2165000,gather,,8,,,,,2817000,,2268000,,,,,1,250000,,2165000;2285000;2268000;2221000;2817000,2,,4,,8,
mac,gather-4.csv,,1979000,gather,,8,,,,,3725000,,2336000,,,,,1,250000,,1979000;2375000;3725000;1981000;2336000,1,,4,,8,
mac,gather-4.csv,,3589000,gather,,8,,,,,3654000,,3629000,,,,,1,250000,,3589000;3634000;3654000;3610000;3629000,0,,4,,8,
mac,gather-4.csv,,3581000,gather,,16,,,,,3683000,,3602000,,,,,0,250000,,3653000;3581000;3598000;3602000;3683000,0,,4,,8,
mac,gather-4.csv,,1953000,gather,,16,,,,,3167000,,1955000,,,,,0,250000,,1953000;1955000;2613000;3167000;1955000,1,,4,,8,
mac,gather-4.csv,,1816000,gather,,16,,,,,2441000,,1874000,,,,,0,250000,,1816000;1852000;1874000;2305000;2441000,2,,4,,8,
mac,gather-4.csv,,1911000,gather,,16,,,,,2533000,,1974000,,,,,0,250000,,1911000;1974000;1922000;2533000;2063000,4,,4,,8,
mac,gather-4.csv,,1885000,gather,,16,,,,,2814000,,2173000,,,,,0,250000,,1885000;1960000;2814000;2465000;2173000,8,,4,,8,
mac,gather-4.csv,,1914000,gather,,16,,,,,2525000,,2166000,,,,,1,250000,,1914000;2525000;2413000;1935000;2166000,8,,4,,8,
mac,gather-4.csv,,1841000,gather,,16,,,,,2307000,,1916000,,,,,1,250000,,1860000;1929000;1916000;1841000;2307000,4,,4,,8,
mac,gather-4.csv,,1815000,gather,,16,,,,,1974000,,1863000,,,,,1,250000,,1815000;1828000;1889000;1974000;1863000,2,,4,,8,
mac,gather-4.csv,,1880000,gather,,16,,,,,3139000,,2200000,,,,,1,250000,,1880000;1986000;3139000;2459000;2200000,1,,4,,8,
mac,gather-4.csv,,3490000,gather,,16,,,,,3724000,,3614000,,,,,1,250000,,3672000;3724000;3614000;3490000;3499000,0,,4,,8,
mac,gather-4.csv,,3441000,gather,,32,,,,,3850000,,3584000,,,,,0,250000,,3691000;3544000;3441000;3584000;3850000,0,,4,,8,
mac,gather-4.csv,,1901000,gather,,32,,,,,2814000,,2233000,,,,,0,250000,,1930000;1901000;2233000;2814000;2428000,1,,4,,8,
mac,gather-4.csv,,1983000,gather,,32,,,,,2636000,,2452000,,,,,0,250000,,2452000;2368000;2527000;1983000;2636000,2,,4,,8,
mac,gather-4.csv,,1807000,gather,,32,,,,,3096000,,2270000,,,,,0,250000,,2051000;1807000;2610000;3096000;2270000,4,,4,,8,
mac,gather-4.csv,,2018000,gather,,32,,,,,2694000,,2104000,,,,,0,250000,,2528000;2104000;2694000;2076000;2018000,8,,4,,8,
mac,gather-4.csv,,1960000,gather,,32,,,,,2563000,,2251000,,,,,1,250000,,2076000;1960000;2444000;2563000;2251000,8,,4,,8,
mac,gather-4.csv,,1997000,gather,,32,,,,,2591000,,2099000,,,,,1,250000,,1997000;2099000;2361000;2591000;2034000,4,,4,,8,
mac,gather-4.csv,,1997000,gather,,32,,,,,3791000,,2455000,,,,,1,250000,,2178000;1997000;3791000;2455000;2996000,2,,4,,8,
mac,gather-4.csv,,1915000,gather,,32,,,,,2574000,,2420000,,,,,1,250000,,2574000;2292000;2459000;2420000;1915000,1,,4,,8,
mac,gather-4.csv,,3502000,gather,,32,,,,,3664000,,3582000,,,,,1,250000,,3664000;3502000;3639000;3575000;3582000,0,,4,,8,
mac,gather-4.csv,,3817000,gather,,4,,,,,3895000,,3863000,,,,,0,1000000,,3895000;3879000;3860000;3863000;3817000,0,,4,,2,
mac,gather-4.csv,,3291000,gather,,4,,,,,3555000,,3355000,,,,,0,1000000,,3555000;3499000;3291000;3299000;3355000,1,,4,,2,
mac,gather-4.csv,,2588000,gather,,4,,,,,2766000,,2628000,,,,,0,1000000,,2766000;2628000;2588000;2708000;2616000,2,,4,,2,
mac,gather-4.csv,,2603000,gather,,4,,,,,2757000,,2614000,,,,,0,1000000,,2757000;2603000;2616000;2614000;2606000,4,,4,,2,
mac,gather-4.csv,,2592000,gather,,4,,,,,2756000,,2618000,,,,,0,1000000,,2756000;2603000;2618000;2592000;2741000,8,,4,,2,
mac,gather-4.csv,,2570000,gather,,4,,,,,2835000,,2661000,,,,,1,1000000,,2835000;2616000;2686000;2570000;2661000,8,,4,,2,
mac,gather-4.csv,,2650000,gather,,4,,,,,2743000,,2681000,,,,,1,1000000,,2681000;2743000;2650000;2681000;2654000,4,,4,,2,
mac,gather-4.csv,,2591000,gather,,4,,,,,2859000,,2717000,,,,,1,1000000,,2859000;2605000;2721000;2591000;2717000,2,,4,,2,
mac,gather-4.csv,,3334000,gather,,4,,,,,3653000,,3410000,,,,,1,1000000,,3653000;3540000;3410000;3338000;3334000,1,,4,,2,
mac,gather-4.csv,,3846000,gather,,4,,,,,3877000,,3865000,,,,,1,1000000,,3873000;3877000;3851000;3846000;3865000,0,,4,,2,
mac,gather-4.csv,,3555000,gather,,8,,,,,3728000,,3599000,,,,,0,1000000,,3728000;3555000;3578000;3616000;3599000,0,,4,,2,
mac,gather-4.csv,,3229000,gather,,8,,,,,3456000,,3280000,,,,,0,1000000,,3456000;3302000;3232000;3280000;3229000,1,,4,,2,
mac,gather-4.csv,,2269000,gather,,8,,,,,2642000,,2363000,,,,,0,1000000,,2524000;2642000;2269000;2363000;2356000,2,,4,,2,
mac,gather-4.csv,,2255000,gather,,8,,,,,2495000,,2393000,,,,,0,1000000,,2393000;2305000;2437000;2255000;2495000,4,,4,,2,
mac,gather-4.csv,,2292000,gather,,8,,,,,2571000,,2295000,,,,,0,1000000,,2571000;2348000;2292000;2295000;2292000,8,,4,,2,
mac,gather-4.csv,,2271000,gather,,8,,,,,2393000,,2308000,,,,,1,1000000,,2393000;2308000;2284000;2271000;2360000,8,,4,,2,
mac,gather-4.csv,,2350000,gather,,8,,,,,2433000,,2377000,,,,,1,1000000,,2380000;2433000;2363000;2377000;2350000,4,,4,,2,
mac,gather-4.csv,,2278000,gather,,8,,,,,2377000,,2329000,,,,,1,1000000,,2377000;2334000;2296000;2329000;2278000,2,,4,,2,
mac,gather-4.csv,,3241000,gather,,8,,,,,3511000,,3254000,,,,,1,1000000,,3511000;3241000;3254000;3274000;3245000,1,,4,,2,
mac,gather-4.csv,,3570000,gather,,8,,,,,3699000,,3608000,,,,,1,1000000,,3679000;3599000;3608000;3699000;3570000,0,,4,,2,
mac,gather-4.csv,,3499000,gather,,16,,,,,3595000,,3529000,,,,,0,1000000,,3595000;3520000;3566000;3499000;3529000,0,,4,,2,
mac,gather-4.csv,,3188000,gather,,16,,,,,3509000,,3262000,,,,,0,1000000,,3509000;3262000;3188000;3272000;3231000,1,,4,,2,
mac,gather-4.csv,,2090000,gather,,16,,,,,2207000,,2151000,,,,,0,1000000,,2207000;2201000;2090000;2146000;2151000,2,,4,,2,
mac,gather-4.csv,,2121000,gather,,16,,,,,2190000,,2148000,,,,,0,1000000,,2148000;2121000;2135000;2151000;2190000,4,,4,,2,
mac,gather-4.csv,,2058000,gather,,16,,,,,2265000,,2139000,,,,,0,1000000,,2265000;2139000;2058000;2171000;2105000,8,,4,,2,
mac,gather-4.csv,,2117000,gather,,16,,,,,2355000,,2150000,,,,,1,1000000,,2355000;2158000;2150000;2117000;2144000,8,,4,,2,
mac,gather-4.csv,,2122000,gather,,16,,,,,2240000,,2225000,,,,,1,1000000,,2228000;2225000;2240000;2122000;2201000,4,,4,,2,
mac,gather-4.csv,,2072000,gather,,16,,,,,2334000,,2132000,,,,,1,1000000,,2334000;2157000;2072000;2132000;2097000,2,,4,,2,
mac,gather-4.csv,,3194000,gather,,16,,,,,3515000,,3209000,,,,,1,1000000,,3515000;3306000;3207000;3209000;3194000,1,,4,,2,
mac,gather-4.csv,,3497000,gather,,16,,,,,3633000,,3501000,,,,,1,1000000,,3633000;3501000;3497000;3523000;3497000,0,,4,,2,
mac,gather-4.csv,,3448000,gather,,32,,,,,3611000,,3500000,,,,,0,1000000,,3611000;3500000;3455000;3578000;3448000,0,,4,,2,
mac,gather-4.csv,,3221000,gather,,32,,,,,3408000,,3290000,,,,,0,1000000,,3408000;3290000;3304000;3221000;3249000,1,,4,,2,
mac,gather-4.csv,,2131000,gather,,32,,,,,2220000,,2171000,,,,,0,1000000,,2220000;2139000;2131000;2171000;2214000,2,,4,,2,
mac,gather-4.csv,,2140000,gather,,32,,,,,2283000,,2194000,,,,,0,1000000,,2140000;2283000;2222000;2144000;2194000,4,,4,,2,
mac,gather-4.csv,,2121000,gather,,32,,,,,2233000,,2169000,,,,,0,1000000,,2148000;2196000;2121000;2233000;2169000,8,,4,,2,
mac,gather-4.csv,,2129000,gather,,32,,,,,2250000,,2214000,,,,,1,1000000,,2250000;2129000;2214000;2160000;2220000,8,,4,,2,
mac,gather-4.csv,,2149000,gather,,32,,,,,2219000,,2178000,,,,,1,1000000,,2219000;2169000;2191000;2149000;2178000,4,,4,,2,
mac,gather-4.csv,,2087000,gather,,32,,,,,2235000,,2172000,,,,,1,1000000,,2235000;2131000;2087000;2177000;2172000,2,,4,,2,
mac,gather-4.csv,,3241000,gather,,32,,,,,3430000,,3302000,,,,,1,1000000,,3430000;3302000;3302000;3252000;3241000,1,,4,,2,
mac,gather-4.csv,,3451000,gather,,32,,,,,3575000,,3466000,,,,,1,1000000,,3575000;3451000;3484000;3466000;3464000,0,,4,,2,
mac,gather-4.csv,,15201000,gather,,4,,,,,15598000,,15368000,,,,,0,1000000,,15368000;15238000;15598000;15201000;15474000,0,,4,,8,
mac,gather-4.csv,,9597000,gather,,4,,,,,9918000,,9834000,,,,,0,1000000,,9918000;9915000;9726000;9834000;9597000,1,,4,,8,
mac,gather-4.csv,,9930000,gather,,4,,,,,10996000,,10163000,,,,,0,1000000,,9930000;10163000;10996000;10387000;10124000,2,,4,,8,
mac,gather-4.csv,,10137000,gather,,4,,,,,10409000,,10391000,,,,,0,1000000,,10391000;10288000;10137000;10409000;10397000,4,,4,,8,
mac,gather-4.csv,,9837000,gather,,4,,,,,10296000,,10041000,,,,,0,1000000,,9837000;9931000;10129000;10041000;10296000,8,,4,,8,
mac,gather-4.csv,,10012000,gather,,4,,,,,10361000,,10079000,,,,,1,1000000,,10111000;10012000;10066000;10079000;10361000,8,,4,,8,
mac,gather-4.csv,,9957000,gather,,4,,,,,10232000,,10147000,,,,,1,1000000,,10147000;10158000;10050000;9957000;10232000,4,,4,,8,
mac,gather-4.csv,,10005000,gather,,4,,,,,10587000,,10150000,,,,,1,1000000,,10587000;10164000;10005000;10033000;10150000,2,,4,,8,
mac,gather-4.csv,,9805000,gather,,4,,,,,10161000,,9931000,,,,,1,1000000,,10161000;9912000;9805000;9931000;10030000,1,,4,,8,
mac,gather-4.csv,,15184000,gather,,4,,,,,15361000,,15310000,,,,,1,1000000,,15361000;15332000;15310000;15239000;15184000,0,,4,,8,
mac,gather-4.csv,,14396000,gather,,8,,,,,14922000,,14673000,,,,,0,1000000,,14673000;14681000;14922000;14534000;14396000,0,,4,,8,
mac,gather-4.csv,,8013000,gather,,8,,,,,8381000,,8279000,,,,,0,1000000,,8201000;8279000;8013000;8381000;8352000,1,,4,,8,
mac,gather-4.csv,,8032000,gather,,8,,,,,8498000,,8251000,,,,,0,1000000,,8032000;8077000;8251000;8498000;8391000,2,,4,,8,
mac,gather-4.csv,,8127000,gather,,8,,,,,8477000,,8229000,,,,,0,1000000,,8129000;8477000;8127000;8351000;8229000,4,,4,,8,
mac,gather-4.csv,,7971000,gather,,8,,,,,8359000,,8211000,,,,,0,1000000,,8211000;8359000;8270000;8034000;7971000,8,,4,,8,
mac,gather-4.csv,,8257000,gather,,8,,,,,8500000,,8438000,,,,,1,1000000,,8438000;8322000;8500000;8257000;8480000,8,,4,,8,
mac,gather-4.csv,,7998000,gather,,8,,,,,8567000,,8347000,,,,,1,1000000,,8538000;7998000;8088000;8347000;8567000,4,,4,,8,
mac,gather-4.csv,,8110000,gather,,8,,,,,8622000,,8404000,,,,,1,1000000,,8404000;8110000;8234000;8488000;8622000,2,,4,,8,
mac,gather-4.csv,,8020000,gather,,8,,,,,8486000,,8301000,,,,,1,1000000,,8301000;8125000;8486000;8424000;8020000,1,,4,,8,
mac,gather-4.csv,,14484000,gather,,8,,,,,14666000,,14533000,,,,,1,1000000,,14484000;14494000;14555000;14666000;14533000,0,,4,,8,
mac,gather-4.csv,,14195000,gather,,16,,,,,14421000,,14335000,,,,,0,1000000,,14421000;14355000;14335000;14195000;14298000,0,,4,,8,
mac,gather-4.csv,,7157000,gather,,16,,,,,7547000,,7222000,,,,,0,1000000,,7222000;7547000;7385000;7219000;7157000,1,,4,,8,
mac,gather-4.csv,,7159000,gather,,16,,,,,7778000,,7550000,,,,,0,1000000,,7338000;7550000;7778000;7159000;7722000,2,,4,,8,
mac,gather-4.csv,,7226000,gather,,16,,,,,7496000,,7321000,,,,,0,1000000,,7369000;7226000;7496000;7321000;7302000,4,,4,,8,
mac,gather-4.csv,,7266000,gather,,16,,,,,7609000,,7415000,,,,,0,1000000,,7592000;7321000;7609000;7266000;7415000,8,,4,,8,
mac,gather-4.csv,,7187000,gather,,16,,,,,8095000,,7510000,,,,,1,1000000,,7256000;7782000;7187000;8095000;7510000,8,,4,,8,
mac,gather-4.csv,,7316000,gather,,16,,,,,7680000,,7590000,,,,,1,1000000,,7447000;7590000;7680000;7316000;7618000,4,,4,,8,
mac,gather-4.csv,,7205000,gather,,16,,,,,7721000,,7400000,,,,,1,1000000,,7400000;7307000;7405000;7721000;7205000,2,,4,,8,
mac,gather-4.csv,,7057000,gather,,16,,,,,8061000,,7269000,,,,,1,1000000,,7057000;7599000;7269000;8061000;7131000,1,,4,,8,
mac,gather-4.csv,,14262000,gather,,16,,,,,14889000,,14333000,,,,,1,1000000,,14463000;14286000;14333000;14889000;14262000,0,,4,,8,
mac,gather-4.csv,,14067000,gather,,32,,,,,14203000,,14180000,,,,,0,1000000,,14203000;14180000;14067000;14097000;14195000,0,,4,,8,
mac,gather-4.csv,,7085000,gather,,32,,,,,7350000,,7137000,,,,,0,1000000,,7085000;7137000;7185000;7121000;7350000,1,,4,,8,
mac,gather-4.csv,,6710000,gather,,32,,,,,7576000,,7183000,,,,,0,1000000,,7153000;6710000;7183000;7576000;7558000,2,,4,,8,
mac,gather-4.csv,,6750000,gather,,32,,,,,7777000,,7224000,,,,,0,1000000,,7224000;7716000;6750000;7777000;6944000,4,,4,,8,
mac,gather-4.csv,,6884000,gather,,32,,,,,7470000,,7014000,,,,,0,1000000,,7014000;6997000;6884000;7470000;7118000,8,,4,,8,
mac,gather-4.csv,,6695000,gather,,32,,,,,7488000,,6956000,,,,,1,1000000,,6695000;6956000;7488000;6764000;7009000,8,,4,,8,
mac,gather-4.csv,,6867000,gather,,32,,,,,7535000,,7234000,,,,,1,1000000,,6867000;7117000;7535000;7234000;7387000,4,,4,,8,
mac,gather-4.csv,,7045000,gather,,32,,,,,7361000,,7063000,,,,,1,1000000,,7051000;7045000;7063000;7361000;7303000,2,,4,,8,
mac,gather-4.csv,,6942000,gather,,32,,,,,7352000,,7189000,,,,,1,1000000,,7286000;7352000;7189000;6942000;6957000,1,,4,,8,
mac,gather-4.csv,,14062000,gather,,32,,,,,14337000,,14213000,,,,,1,1000000,,14337000;14178000;14266000;14213000;14062000,0,,4,,8,
mac,gather-8.csv,,874000,gather,,4,,,,,1087000,,883000,,,,,0,250000,,1087000;895000;883000;874000;876000,0,,8,,2,
mac,gather-8.csv,,809000,gather,,4,,,,,886000,,812000,,,,,0,250000,,886000;812000;819000;811000;809000,1,,8,,2,
mac,gather-8.csv,,537000,gather,,4,,,,,651000,,543000,,,,,0,250000,,651000;543000;552000;538000;537000,2,,8,,2,
mac,gather-8.csv,,648000,gather,,4,,,,,1785000,,1525000,,,,,0,250000,,648000;1092000;1622000;1785000;1525000,4,,8,,2,
mac,gather-8.csv,,1149000,gather,,4,,,,,1804000,,1556000,,,,,0,250000,,1322000;1149000;1706000;1804000;1556000,8,,8,,2,
mac,gather-8.csv,,990000,gather,,4,,,,,1796000,,1202000,,,,,1,250000,,990000;1119000;1202000;1796000;1592000,8,,8,,2,
mac,gather-8.csv,,592000,gather,,4,,,,,1717000,,924000,,,,,1,250000,,808000;924000;1158000;1717000;592000,4,,8,,2,
mac,gather-8.csv,,557000,gather,,4,,,,,639000,,583000,,,,,1,250000,,639000;575000;615000;583000;557000,2,,8,,2,
mac,gather-8.csv,,806000,gather,,4,,,,,860000,,811000,,,,,1,250000,,860000;815000;811000;811000;806000,1,,8,,2,
mac,gather-8.csv,,915000,gather,,4,,,,,1055000,,929000,,,,,1,250000,,1055000;929000;926000;930000;915000,0,,8,,2,
mac,gather-8.csv,,861000,gather,,8,,,,,977000,,880000,,,,,0,250000,,977000;866000;861000;929000;880000,0,,8,,2,
mac,gather-8.csv,,802000,gather,,8,,,,,902000,,822000,,,,,0,250000,,902000;832000;809000;802000;822000,1,,8,,2,
mac,gather-8.csv,,509000,gather,,8,,,,,539000,,514000,,,,,0,250000,,539000;509000;515000;514000;514000,2,,8,,2,
mac,gather-8.csv,,1179000,gather,,8,,,,,2344000,,1563000,,,,,0,250000,,1179000;2344000;1827000;1180000;1563000,4,,8,,2,
mac,gather-8.csv,,660000,gather,,8,,,,,1796000,,1554000,,,,,0,250000,,660000;1290000;1648000;1796000;1554000,8,,8,,2,
mac,gather-8.csv,,1209000,gather,,8,,,,,1649000,,1256000,,,,,1,250000,,1228000;1209000;1649000;1256000;1615000,8,,8,,2,
mac,gather-8.csv,,803000,gather,,8,,,,,1817000,,1198000,,,,,1,250000,,1153000;1198000;1817000;1644000;803000,4,,8,,2,
mac,gather-8.csv,,511000,gather,,8,,,,,541000,,515000,,,,,1,250000,,541000;516000;515000;511000;512000,2,,8,,2,
mac,gather-8.csv,,817000,gather,,8,,,,,878000,,819000,,,,,1,250000,,878000;819000;818000;817000;823000,1,,8,,2,
mac,gather-8.csv,,835000,gather,,8,,,,,981000,,839000,,,,,1,250000,,981000;841000;839000;839000;835000,0,,8,,2,
mac,gather-8.csv,,806000,gather,,16,,,,,865000,,813000,,,,,0,250000,,865000;813000;819000;806000;811000,0,,8,,2,
mac,gather-8.csv,,821000,gather,,16,,,,,922000,,842000,,,,,0,250000,,922000;852000;821000;836000;842000,1,,8,,2,
mac,gather-8.csv,,507000,gather,,16,,,,,525000,,510000,,,,,0,250000,,525000;509000;510000;511000;507000,2,,8,,2,
mac,gather-8.csv,,584000,gather,,16,,,,,1805000,,1079000,,,,,0,250000,,898000;584000;1196000;1079000;1805000,4,,8,,2,
mac,gather-8.csv,,659000,gather,,16,,,,,1802000,,1222000,,,,,0,250000,,659000;909000;1222000;1675000;1802000,8,,8,,2,
mac,gather-8.csv,,539000,gather,,16,,,,,1818000,,1177000,,,,,1,250000,,1171000;1177000;1818000;1243000;539000,8,,8,,2,
mac,gather-8.csv,,584000,gather,,16,,,,,1831000,,1214000,,,,,1,250000,,996000;584000;1215000;1831000;1214000,4,,8,,2,
mac,gather-8.csv,,510000,gather,,16,,,,,615000,,521000,,,,,1,250000,,615000;521000;517000;524000;510000,2,,8,,2,
mac,gather-8.csv,,816000,gather,,16,,,,,862000,,832000,,,,,1,250000,,862000;832000;816000;834000;821000,1,,8,,2,
mac,gather-8.csv,,794000,gather,,16,,,,,918000,,803000,,,,,1,250000,,918000;805000;803000;798000;794000,0,,8,,2,
mac,gather-8.csv,,792000,gather,,32,,,,,907000,,801000,,,,,0,250000,,907000;801000;804000;792000;792000,0,,8,,2,
mac,gather-8.csv,,858000,gather,,32,,,,,918000,,865000,,,,,0,250000,,918000;865000;858000;866000;860000,1,,8,,2,
mac,gather-8.csv,,501000,gather,,32,,,,,530000,,518000,,,,,0,250000,,530000;518000;501000;530000;509000,2,,8,,2,
mac,gather-8.csv,,1032000,gather,,32,,,,,1836000,,1226000,,,,,0,250000,,1032000;1168000;1226000;1836000;1252000,4,,8,,2,
mac,gather-8.csv,,629000,gather,,32,,,,,1833000,,1201000,,,,,0,250000,,629000;1201000;1070000;1708000;1833000,8,,8,,2,
mac,gather-8.csv,,900000,gather,,32,,,,,2568000,,1156000,,,,,1,250000,,900000;1156000;1203000;1048000;2568000,8,,8,,2,
mac,gather-8.csv,,554000,gather,,32,,,,,1261000,,1039000,,,,,1,250000,,1039000;635000;1261000;1112000;554000,4,,8,,2,
mac,gather-8.csv,,528000,gather,,32,,,,,564000,,540000,,,,,1,250000,,564000;545000;540000;528000;533000,2,,8,,2,
mac,gather-8.csv,,848000,gather,,32,,,,,931000,,859000,,,,,1,250000,,931000;875000;848000;859000;855000,1,,8,,2,
mac,gather-8.csv,,790000,gather,,32,,,,,937000,,846000,,,,,1,250000,,937000;850000;846000;830000;790000,0,,8,,2,
mac,gather-8.csv,,3617000,gather,,4,,,,,3800000,,3779000,,,,,0,250000,,3779000;3787000;3617000;3753000;3800000,0,,8,,8,
mac,gather-8.csv,,2257000,gather,,4,,,,,2388000,,2302000,,,,,0,250000,,2271000;2365000;2388000;2257000;2302000,1,,8,,8,
mac,gather-8.csv,,2035000,gather,,4,,,,,2407000,,2222000,,,,,0,250000,,2035000;2050000;2407000;2222000;2350000,2,,8,,8,
mac,gather-8.csv,,2009000,gather,,4,,,,,2495000,,2025000,,,,,0,250000,,2025000;2085000;2495000;2023000;2009000,4,,8,,8,
mac,gather-8.csv,,1940000,gather,,4,,,,,2585000,,2338000,,,,,0,250000,,2585000;1940000;2049000;2455000;2338000,8,,8,,8,
mac,gather-8.csv,,1877000,gather,,4,,,,,3335000,,2094000,,,,,1,250000,,1962000;1877000;2094000;3335000;2723000,8,,8,,8,
mac,gather-8.csv,,2017000,gather,,4,,,,,3223000,,2414000,,,,,1,250000,,2017000;2277000;2414000;2606000;3223000,4,,8,,8,
mac,gather-8.csv,,2165000,gather,,4,,,,,2815000,,2378000,,,,,1,250000,,2604000;2361000;2165000;2815000;2378000,2,,8,,8,
mac,gather-8.csv,,1871000,gather,,4,,,,,2582000,,2464000,,,,,1,250000,,2092000;1871000;2483000;2464000;2582000,1,,8,,8,
mac,gather-8.csv,,3626000,gather,,4,,,,,3751000,,3663000,,,,,1,250000,,3751000;3706000;3626000;3634000;3663000,0,,8,,8,
mac,gather-8.csv,,3561000,gather,,8,,,,,3815000,,3585000,,,,,0,250000,,3815000;3561000;3611000;3585000;3564000,0,,8,,8,
mac,gather-8.csv,,1923000,gather,,8,,,,,2406000,,2011000,,,,,0,250000,,1923000;1945000;2406000;2011000;2210000,1,,8,,8,
mac,gather-8.csv,,1912000,gather,,8,,,,,2832000,,2430000,,,,,0,250000,,1912000;2430000;1968000;2832000;2441000,2,,8,,8,
mac,gather-8.csv,,1925000,gather,,8,,,,,2456000,,2011000,,,,,0,250000,,2011000;1925000;1955000;2456000;2280000,4,,8,,8,
mac,gather-8.csv,,1958000,gather,,8,,,,,3230000,,2179000,,,,,0,250000,,1958000;3230000;1990000;2179000;2676000,8,,8,,8,
mac,gather-8.csv,,1891000,gather,,8,,,,,2762000,,2173000,,,,,1,250000,,2101000;1891000;2298000;2762000;2173000,8,,8,,8,
mac,gather-8.csv,,1960000,gather,,8,,,,,2412000,,2156000,,,,,1,250000,,2038000;2156000;2412000;1960000;2175000,4,,8,,8,
mac,gather-8.csv,,1821000,gather,,8,,,,,2461000,,2018000,,,,,1,250000,,2018000;1821000;2461000;2196000;2010000,2,,8,,8,
mac,gather-8.csv,,1944000,gather,,8,,,,,2472000,,2005000,,,,,1,250000,,1950000;2005000;2472000;2247000;1944000,1,,8,,8,
mac,gather-8.csv,,3539000,gather,,8,,,,,3619000,,3592000,,,,,1,250000,,3593000;3619000;3583000;3539000;3592000,0,,8,,8,
mac,gather-8.csv,,3583000,gather,,16,,,,,3640000,,3599000,,,,,0,250000,,3640000;3603000;3595000;3583000;3599000,0,,8,,8,
mac,gather-8.csv,,1780000,gather,,16,,,,,2910000,,2097000,,,,,0,250000,,1780000;2097000;2069000;2910000;2405000,1,,8,,8,
mac,gather-8.csv,,1869000,gather,,16,,,,,2489000,,1936000,,,,,0,250000,,1958000;1877000;1869000;2489000;1936000,2,,8,,8,
mac,gather-8.csv,,1800000,gather,,16,,,,,3087000,,2057000,,,,,0,250000,,1800000;1943000;2057000;3087000;2463000,4,,8,,8,
mac,gather-8.csv,,1856000,gather,,16,,,,,3106000,,2006000,,,,,0,250000,,1916000;2006000;1856000;2443000;3106000,8,,8,,8,
mac,gather-8.csv,,1952000,gather,,16,,,,,2428000,,2054000,,,,,1,250000,,2054000;1952000;2020000;2285000;2428000,8,,8,,8,
mac,gather-8.csv,,1900000,gather,,16,,,,,2429000,,2230000,,,,,1,250000,,1900000;2246000;2429000;1994000;2230000,4,,8,,8,
mac,gather-8.csv,,1877000,gather,,16,,,,,2440000,,2195000,,,,,1,250000,,1877000;1974000;2308000;2440000;2195000,2,,8,,8,
mac,gather-8.csv,,1930000,gather,,16,,,,,2487000,,1979000,,,,,1,250000,,1979000;1970000;1930000;2487000;2007000,1,,8,,8,
mac,gather-8.csv,,3526000,gather,,16,,,,,3654000,,3608000,,,,,1,250000,,3654000;3526000;3608000;3596000;3654000,0,,8,,8,
mac,gather-8.csv,,3556000,gather,,32,,,,,3757000,,3580000,,,,,0,250000,,3757000;3597000;3580000;3558000;3556000,0,,8,,8,
mac,gather-8.csv,,2020000,gather,,32,,,,,2633000,,2273000,,,,,0,250000,,2633000;2273000;2555000;2020000;2228000,1,,8,,8,
mac,gather-8.csv,,2130000,gather,,32,,,,,3005000,,2422000,,,,,0,250000,,2130000;2422000;2498000;2323000;3005000,2,,8,,8,
mac,gather-8.csv,,1968000,gather,,32,,,,,3615000,,2077000,,,,,0,250000,,2077000;1968000;3615000;2033000;2275000,4,,8,,8,
mac,gather-8.csv,,1945000,gather,,32,,,,,2812000,,2463000,,,,,0,250000,,2463000;1945000;2812000;2300000;2482000,8,,8,,8,
mac,gather-8.csv,,2123000,gather,,32,,,,,2515000,,2278000,,,,,1,250000,,2265000;2382000;2515000;2123000;2278000,8,,8,,8,
mac,gather-8.csv,,2059000,gather,,32,,,,,2520000,,2282000,,,,,1,250000,,2076000;2494000;2059000;2282000;2520000,4,,8,,8,
mac,gather-8.csv,,2047000,gather,,32,,,,,2501000,,2067000,,,,,1,250000,,2052000;2047000;2501000;2067000;2286000,2,,8,,8,
mac,gather-8.csv,,1961000,gather,,32,,,,,2823000,,2447000,,,,,1,250000,,1961000;2521000;2447000;2823000;2346000,1,,8,,8,
mac,gather-8.csv,,3513000,gather,,32,,,,,3691000,,3585000,,,,,1,250000,,3691000;3595000;3585000;3573000;3513000,0,,8,,8,
mac,gather-8.csv,,4010000,gather,,4,,,,,4070000,,4038000,,,,,0,1000000,,4070000;4050000;4038000;4017000;4010000,0,,8,,2,
mac,gather-8.csv,,3325000,gather,,4,,,,,3533000,,3343000,,,,,0,1000000,,3533000;3325000;3376000;3343000;3338000,1,,8,,2,
mac,gather-8.csv,,2603000,gather,,4,,,,,2767000,,2621000,,,,,0,1000000,,2767000;2670000;2603000;2603000;2621000,2,,8,,2,
mac,gather-8.csv,,2713000,gather,,4,,,,,3001000,,2870000,,,,,0,1000000,,3001000;2967000;2713000;2870000;2802000,4,,8,,2,
mac,gather-8.csv,,2778000,gather,,4,,,,,3725000,,2980000,,,,,0,1000000,,2943000;3069000;2980000;3725000;2778000,8,,8,,2,
mac,gather-8.csv,,2807000,gather,,4,,,,,2972000,,2941000,,,,,1,1000000,,2972000;2807000;2848000;2941000;2943000,8,,8,,2,
mac,gather-8.csv,,2793000,gather,,4,,,,,3191000,,2882000,,,,,1,1000000,,3191000;2793000;2834000;2882000;3080000,4,,8,,2,
mac,gather-8.csv,,2650000,gather,,4,,,,,2740000,,2674000,,,,,1,1000000,,2674000;2650000;2683000;2740000;2658000,2,,8,,2,
mac,gather-8.csv,,3304000,gather,,4,,,,,3545000,,3410000,,,,,1,1000000,,3545000;3524000;3410000;3304000;3324000,1,,8,,2,
mac,gather-8.csv,,4019000,gather,,4,,,,,4102000,,4056000,,,,,1,1000000,,4072000;4056000;4019000;4030000;4102000,0,,8,,2,
mac,gather-8.csv,,3833000,gather,,8,,,,,4029000,,3853000,,,,,0,1000000,,4029000;3853000;3868000;3846000;3833000,0,,8,,2,
mac,gather-8.csv,,3259000,gather,,8,,,,,3527000,,3351000,,,,,0,1000000,,3527000;3424000;3290000;3351000;3259000,1,,8,,2,
mac,gather-8.csv,,2275000,gather,,8,,,,,2415000,,2368000,,,,,0,1000000,,2336000;2374000;2415000;2368000;2275000,2,,8,,2,
mac,gather-8.csv,,2554000,gather,,8,,,,,3055000,,2695000,,,,,0,1000000,,2695000;2973000;2554000;3055000;2559000,4,,8,,2,
mac,gather-8.csv,,2445000,gather,,8,,,,,3384000,,2584000,,,,,0,1000000,,2532000;3384000;2445000;3036000;2584000,8,,8,,2,
mac,gather-8.csv,,2502000,gather,,8,,,,,2695000,,2597000,,,,,1,1000000,,2689000;2577000;2695000;2502000;2597000,8,,8,,2,
mac,gather-8.csv,,2401000,gather,,8,,,,,2651000,,2538000,,,,,1,1000000,,2527000;2401000;2643000;2538000;2651000,4,,8,,2,
mac,gather-8.csv,,2256000,gather,,8,,,,,2530000,,2303000,,,,,1,1000000,,2530000;2333000;2256000;2303000;2264000,2,,8,,2,
mac,gather-8.csv,,3230000,gather,,8,,,,,3479000,,3283000,,,,,1,1000000,,3479000;3342000;3239000;3283000;3230000,1,,8,,2,
mac,gather-8.csv,,3787000,gather,,8,,,,,3930000,,3794000,,,,,1,1000000,,3930000;3794000;3787000;3793000;3817000,0,,8,,2,
mac,gather-8.csv,,3668000,gather,,16,,,,,3799000,,3688000,,,,,0,1000000,,3799000;3700000;3668000;3668000;3688000,0,,8,,2,
mac,gather-8.csv,,3196000,gather,,16,,,,,3426000,,3219000,,,,,0,1000000,,3426000;3296000;3196000;3201000;3219000,1,,8,,2,
mac,gather-8.csv,,2065000,gather,,16,,,,,2340000,,2168000,,,,,0,1000000,,2172000;2168000;2065000;2159000;2340000,2,,8,,2,
mac,gather-8.csv,,2402000,gather,,16,,,,,3369000,,2437000,,,,,0,1000000,,2402000;3369000;2415000;2437000;2512000,4,,8,,2,
mac,gather-8.csv,,2259000,gather,,16,,,,,2614000,,2410000,,,,,0,1000000,,2530000;2363000;2259000;2614000;2410000,8,,8,,2,
mac,gather-8.csv,,2440000,gather,,16,,,,,2850000,,2585000,,,,,1,1000000,,2850000;2624000;2440000;2585000;2559000,8,,8,,2,
mac,gather-8.csv,,2509000,gather,,16,,,,,3271000,,2831000,,,,,1,1000000,,2831000;2509000;3271000;2967000;2582000,4,,8,,2,
mac,gather-8.csv,,2077000,gather,,16,,,,,2247000,,2170000,,,,,1,1000000,,2247000;2208000;2077000;2170000;2119000,2,,8,,2,
mac,gather-8.csv,,3264000,gather,,16,,,,,3395000,,3348000,,,,,1,1000000,,3348000;3280000;3264000;3394000;3395000,1,,8,,2,
mac,gather-8.csv,,3705000,gather,,16,,,,,3950000,,3839000,,,,,1,1000000,,3950000;3729000;3839000;3891000;3705000,0,,8,,2,
mac,gather-8.csv,,3629000,gather,,32,,,,,3830000,,3669000,,,,,0,1000000,,3830000;3717000;3669000;3629000;3667000,0,,8,,2,
mac,gather-8.csv,,3246000,gather,,32,,,,,3422000,,3321000,,,,,0,1000000,,3422000;3321000;3334000;3306000;3246000,1,,8,,2,
mac,gather-8.csv,,2132000,gather,,32,,,,,2242000,,2158000,,,,,0,1000000,,2206000;2242000;2158000;2140000;2132000,2,,8,,2,
mac,gather-8.csv,,2234000,gather,,32,,,,,2951000,,2465000,,,,,0,1000000,,2286000;2234000;2671000;2465000;2951000,4,,8,,2,
mac,gather-8.csv,,2280000,gather,,32,,,,,2520000,,2385000,,,,,0,1000000,,2435000;2280000;2520000;2286000;2385000,8,,8,,2,
mac,gather-8.csv,,2236000,gather,,32,,,,,3241000,,2567000,,,,,1,1000000,,2420000;2236000;2662000;3241000;2567000,8,,8,,2,
mac,gather-8.csv,,2326000,gather,,32,,,,,3510000,,2456000,,,,,1,1000000,,2326000;2361000;2648000;2456000;3510000,4,,8,,2,
mac,gather-8.csv,,2090000,gather,,32,,,,,2301000,,2147000,,,,,1,1000000,,2301000;2237000;2112000;2090000;2147000,2,,8,,2,
mac,gather-8.csv,,3248000,gather,,32,,,,,3455000,,3325000,,,,,1,1000000,,3455000;3325000;3329000;3312000;3248000,1,,8,,2,
mac,gather-8.csv,,3617000,gather,,32,,,,,3821000,,3648000,,,,,1,1000000,,3821000;3617000;3648000;3658000;3623000,0,,8,,2,
mac,gather-8.csv,,15601000,gather,,4,,,,,16387000,,15735000,,,,,0,1000000,,16387000;15735000;15744000;15601000;15670000,0,,8,,8,
mac,gather-8.csv,,10025000,gather,,4,,,,,10626000,,10172000,,,,,0,1000000,,10626000;10060000;10240000;10172000;10025000,1,,8,,8,
mac,gather-8.csv,,9483000,gather,,4,,,,,10356000,,10159000,,,,,0,1000000,,10159000;10356000;9974000;10309000;9483000,2,,8,,8,
mac,gather-8.csv,,9859000,gather,,4,,,,,10215000,,10062000,,,,,0,1000000,,9859000;10062000;10061000;10101000;10215000,4,,8,,8,
mac,gather-8.csv,,9690000,gather,,4,,,,,10317000,,10036000,,,,,0,1000000,,9964000;10036000;10229000;10317000;9690000,8,,8,,8,
mac,gather-8.csv,,9692000,gather,,4,,,,,10376000,,9968000,,,,,1,1000000,,9909000;10376000;9692000;10102000;9968000,8,,8,,8,
mac,gather-8.csv,,9770000,gather,,4,,,,,10279000,,10225000,,,,,1,1000000,,10177000;10233000;10279000;9770000;10225000,4,,8,,8,
mac,gather-8.csv,,9930000,gather,,4,,,,,10281000,,10080000,,,,,1,1000000,,9930000;10080000;10117000;9952000;10281000,2,,8,,8,
mac,gather-8.csv,,9603000,gather,,4,,,,,10255000,,10118000,,,,,1,1000000,,10214000;9603000;10255000;9926000;10118000,1,,8,,8,
mac,gather-8.csv,,15673000,gather,,4,,,,,16155000,,15850000,,,,,1,1000000,,15850000;15673000;15702000;15921000;16155000,0,,8,,8,
mac,gather-8.csv,,14783000,gather,,8,,,,,14963000,,14869000,,,,,0,1000000,,14963000;14783000;14869000;14839000;14941000,0,,8,,8,
mac,gather-8.csv,,8108000,gather,,8,,,,,8672000,,8194000,,,,,0,1000000,,8194000;8672000;8124000;8108000;8539000,1,,8,,8,
mac,gather-8.csv,,8086000,gather,,8,,,,,8264000,,8233000,,,,,0,1000000,,8233000;8261000;8264000;8127000;8086000,2,,8,,8,
mac,gather-8.csv,,7680000,gather,,8,,,,,8359000,,7889000,,,,,0,1000000,,8359000;7680000;7889000;8067000;7813000,4,,8,,8,
mac,gather-8.csv,,7933000,gather,,8,,,,,8304000,,8178000,,,,,0,1000000,,8013000;7933000;8229000;8304000;8178000,8,,8,,8,
mac,gather-8.csv,,7968000,gather,,8,,,,,8279000,,8092000,,,,,1,1000000,,8022000;7968000;8279000;8140000;8092000,8,,8,,8,
mac,gather-8.csv,,8089000,gather,,8,,,,,8457000,,8348000,,,,,1,1000000,,8089000;8277000;8457000;8445000;8348000,4,,8,,8,
mac,gather-8.csv,,7958000,gather,,8,,,,,8543000,,8292000,,,,,1,1000000,,8543000;8292000;8293000;7958000;8178000,2,,8,,8,
mac,gather-8.csv,,8173000,gather,,8,,,,,8952000,,8248000,,,,,1,1000000,,8173000;8247000;8328000;8952000;8248000,1,,8,,8,
mac,gather-8.csv,,14867000,gather,,8,,,,,14934000,,14923000,,,,,1,1000000,,14921000;14934000;14924000;14867000;14923000,0,,8,,8,
mac,gather-8.csv,,14562000,gather,,16,,,,,15249000,,14755000,,,,,0,1000000,,15249000;15020000;14755000;14562000;14590000,0,,8,,8,
mac,gather-8.csv,,7276000,gather,,16,,,,,7744000,,7558000,,,,,0,1000000,,7575000;7305000;7744000;7276000;7558000,1,,8,,8,
mac,gather-8.csv,,7102000,gather,,16,,,,,7760000,,7452000,,,,,0,1000000,,7760000;7247000;7472000;7102000;7452000,2,,8,,8,
mac,gather-8.csv,,7336000,gather,,16,,,,,7740000,,7553000,,,,,0,1000000,,7740000;7706000;7553000;7336000;7510000,4,,8,,8,
mac,gather-8.csv,,7334000,gather,,16,,,,,8240000,,7644000,,,,,0,1000000,,7532000;8022000;7644000;8240000;7334000,8,,8,,8,
mac,gather-8.csv,,7219000,gather,,16,,,,,7472000,,7274000,,,,,1,1000000,,7251000;7219000;7446000;7274000;7472000,8,,8,,8,
mac,gather-8.csv,,7363000,gather,,16,,,,,7614000,,7510000,,,,,1,1000000,,7435000;7614000;7510000;7363000;7569000,4,,8,,8,
mac,gather-8.csv,,7214000,gather,,16,,,,,7697000,,7599000,,,,,1,1000000,,7697000;7599000;7528000;7214000;7623000,2,,8,,8,
mac,gather-8.csv,,7003000,gather,,16,,,,,7469000,,7462000,,,,,1,1000000,,7469000;7465000;7462000;7316000;7003000,1,,8,,8,
mac,gather-8.csv,,14603000,gather,,16,,,,,14775000,,14721000,,,,,1,1000000,,14775000;14735000;14603000;14641000;14721000,0,,8,,8,
mac,gather-8.csv,,14578000,gather,,32,,,,,14748000,,14598000,,,,,0,1000000,,14748000;14583000;14614000;14578000;14598000,0,,8,,8,
mac,gather-8.csv,,7032000,gather,,32,,,,,7612000,,7230000,,,,,0,1000000,,7230000;7032000;7237000;7612000;7159000,1,,8,,8,
mac,gather-8.csv,,6765000,gather,,32,,,,,7280000,,7067000,,,,,0,1000000,,7270000;6997000;6765000;7280000;7067000,2,,8,,8,
mac,gather-8.csv,,6939000,gather,,32,,,,,7207000,,7076000,,,,,0,1000000,,6939000;7076000;7166000;6996000;7207000,4,,8,,8,
mac,gather-8.csv,,6922000,gather,,32,,,,,7421000,,7051000,,,,,0,1000000,,7421000;7413000;7051000;6922000;7036000,8,,8,,8,
mac,gather-8.csv,,6939000,gather,,32,,,,,7824000,,7138000,,,,,1,1000000,,7824000;7138000;6939000;6939000;7793000,8,,8,,8,
mac,gather-8.csv,,6975000,gather,,32,,,,,7756000,,7375000,,,,,1,1000000,,7756000;7387000;7375000;6975000;7116000,4,,8,,8,
mac,gather-8.csv,,7411000,gather,,32,,,,,8243000,,7675000,,,,,1,1000000,,7411000;7512000;7675000;8243000;8086000,2,,8,,8,
mac,gather-8.csv,,7024000,gather,,32,,,,,7333000,,7125000,,,,,1,1000000,,7166000;7078000;7024000;7333000;7125000,1,,8,,8,
mac,gather-8.csv,,14498000,gather,,32,,,,,14769000,,14648000,,,,,1,1000000,,14730000;14769000;14578000;14498000;14648000,0,,8,,8,
mac,sort-policy.csv,,4168000,,,,,,,,7473000,,5207000,,,,,0,100000,,7473000;6218000;5207000;4715000;4168000,,,4,baseline,2,
mac,sort-policy.csv,,4266000,,,,,,,,7265000,,5294000,,,,,0,100000,,7265000;6194000;5294000;4789000;4266000,,,4,candidate,2,
mac,sort-policy.csv,,3084000,,,,,,,,3155000,,3108000,,,,,1,100000,,3093000;3140000;3155000;3108000;3084000,,,4,candidate,2,
mac,sort-policy.csv,,3089000,,,,,,,,3161000,,3101000,,,,,1,100000,,3089000;3099000;3161000;3104000;3101000,,,4,baseline,2,
mac,sort-policy.csv,,3117000,,,,,,,,3169000,,3137000,,,,,0,100000,,3137000;3169000;3142000;3120000;3117000,,,4,baseline,4,
mac,sort-policy.csv,,3133000,,,,,,,,3180000,,3139000,,,,,0,100000,,3139000;3180000;3148000;3133000;3133000,,,4,candidate,4,
mac,sort-policy.csv,,3131000,,,,,,,,3182000,,3144000,,,,,1,100000,,3157000;3182000;3144000;3133000;3131000,,,4,candidate,4,
mac,sort-policy.csv,,3111000,,,,,,,,3167000,,3142000,,,,,1,100000,,3155000;3167000;3142000;3140000;3111000,,,4,baseline,4,
mac,sort-policy.csv,,50698000,,,,,,,,51210000,,50774000,,,,,0,1000000,,51210000;51200000;50704000;50774000;50698000,,,4,baseline,2,
mac,sort-policy.csv,,50494000,,,,,,,,51743000,,50730000,,,,,0,1000000,,51195000;50666000;51743000;50730000;50494000,,,4,candidate,2,
mac,sort-policy.csv,,50609000,,,,,,,,51052000,,50709000,,,,,1,1000000,,51003000;51052000;50656000;50709000;50609000,,,4,candidate,2,
mac,sort-policy.csv,,50546000,,,,,,,,51388000,,50615000,,,,,1,1000000,,51388000;50615000;50546000;50683000;50551000,,,4,baseline,2,
mac,sort-policy.csv,,50619000,,,,,,,,51137000,,50874000,,,,,0,1000000,,50874000;50685000;50967000;50619000;51137000,,,4,baseline,4,
mac,sort-policy.csv,,50238000,,,,,,,,51200000,,50358000,,,,,0,1000000,,51200000;50539000;50358000;50345000;50238000,,,4,candidate,4,
mac,sort-policy.csv,,50605000,,,,,,,,51005000,,50753000,,,,,1,1000000,,51005000;50605000;50695000;50914000;50753000,,,4,candidate,4,
mac,sort-policy.csv,,50108000,,,,,,,,50851000,,50224000,,,,,1,1000000,,50851000;50187000;50108000;50245000;50224000,,,4,baseline,4,
mac,sort-policy.csv,,3893000,,,,,,,,5972000,,4694000,,,,,0,100000,,4694000;5972000;4738000;3965000;3893000,,,8,baseline,2,
mac,sort-policy.csv,,2774000,,,,,,,,3288000,,2905000,,,,,0,100000,,3288000;3153000;2905000;2880000;2774000,,,8,candidate,2,
mac,sort-policy.csv,,2804000,,,,,,,,3224000,,2824000,,,,,1,100000,,3066000;2804000;2824000;3224000;2818000,,,8,candidate,2,
mac,sort-policy.csv,,3818000,,,,,,,,6324000,,4361000,,,,,1,100000,,4907000;4361000;4271000;6324000;3818000,,,8,baseline,2,
mac,sort-policy.csv,,3791000,,,,,,,,5676000,,4206000,,,,,0,100000,,4206000;4198000;4966000;5676000;3791000,,,8,baseline,4,
mac,sort-policy.csv,,2878000,,,,,,,,3089000,,3068000,,,,,0,100000,,3087000;3089000;2878000;3068000;2938000,,,8,candidate,4,
mac,sort-policy.csv,,2908000,,,,,,,,3238000,,3134000,,,,,1,100000,,2908000;3134000;3238000;3142000;3134000,,,8,candidate,4,
mac,sort-policy.csv,,3709000,,,,,,,,5525000,,4657000,,,,,1,100000,,3709000;4913000;4657000;4189000;5525000,,,8,baseline,4,
mac,sort-policy.csv,,47880000,,,,,,,,49623000,,49239000,,,,,0,1000000,,49239000;49623000;47880000;48167000;49561000,,,8,baseline,2,
mac,sort-policy.csv,,41436000,,,,,,,,46713000,,44100000,,,,,0,1000000,,46713000;45305000;44100000;43822000;41436000,,,8,candidate,2,
mac,sort-policy.csv,,41761000,,,,,,,,46236000,,43592000,,,,,1,1000000,,46236000;43533000;45110000;41761000;43592000,,,8,candidate,2,
mac,sort-policy.csv,,47237000,,,,,,,,53386000,,49040000,,,,,1,1000000,,48621000;49040000;53386000;52132000;47237000,,,8,baseline,2,
mac,sort-policy.csv,,48438000,,,,,,,,51657000,,49033000,,,,,0,1000000,,49820000;49033000;51657000;48438000;48886000,,,8,baseline,4,
mac,sort-policy.csv,,43163000,,,,,,,,46277000,,44545000,,,,,0,1000000,,46277000;44545000;45865000;43163000;43457000,,,8,candidate,4,
mac,sort-policy.csv,,42546000,,,,,,,,46943000,,43149000,,,,,1,1000000,,42546000;43411000;43149000;42907000;46943000,,,8,candidate,4,
mac,sort-policy.csv,,49667000,,,,,,,,51361000,,50663000,,,,,1,1000000,,50663000;51197000;51361000;50362000;49667000,,,8,baseline,4,
mac,sort-policy.csv,,26578000,,,,,,,,32094000,,27895000,,,,,0,100000,,27895000;26687000;26578000;32094000;31265000,,,16,baseline,2,
mac,sort-policy.csv,,3203000,,,,,,,,3582000,,3280000,,,,,0,100000,,3329000;3582000;3214000;3280000;3203000,,,16,candidate,2,
mac,sort-policy.csv,,3103000,,,,,,,,3288000,,3197000,,,,,1,100000,,3186000;3288000;3197000;3103000;3285000,,,16,candidate,2,
mac,sort-policy.csv,,26514000,,,,,,,,27888000,,27020000,,,,,1,100000,,27888000;26813000;27303000;26514000;27020000,,,16,baseline,2,
mac,sort-policy.csv,,27093000,,,,,,,,32053000,,29562000,,,,,0,100000,,27093000;29562000;29212000;31773000;32053000,,,16,baseline,4,
mac,sort-policy.csv,,3246000,,,,,,,,3615000,,3444000,,,,,0,100000,,3416000;3615000;3246000;3444000;3514000,,,16,candidate,4,
mac,sort-policy.csv,,3112000,,,,,,,,3416000,,3322000,,,,,1,100000,,3311000;3416000;3368000;3112000;3322000,,,16,candidate,4,
mac,sort-policy.csv,,29924000,,,,,,,,32190000,,31307000,,,,,1,100000,,32005000;32190000;29924000;31282000;31307000,,,16,baseline,4,
mac,sort-policy.csv,,69236000,,,,,,,,71994000,,69792000,,,,,0,1000000,,69460000;69792000;69236000;71921000;71994000,,,16,baseline,2,
mac,sort-policy.csv,,47640000,,,,,,,,49949000,,48430000,,,,,0,1000000,,47913000;49424000;47640000;48430000;49949000,,,16,candidate,2,
mac,sort-policy.csv,,46177000,,,,,,,,49095000,,47743000,,,,,1,1000000,,46177000;49095000;47845000;47743000;47460000,,,16,candidate,2,
mac,sort-policy.csv,,65499000,,,,,,,,73030000,,69750000,,,,,1,1000000,,69750000;65499000;70232000;73030000;69439000,,,16,baseline,2,
mac,sort-policy.csv,,69136000,,,,,,,,72715000,,69958000,,,,,0,1000000,,72715000;69958000;69289000;71260000;69136000,,,16,baseline,4,
mac,sort-policy.csv,,47283000,,,,,,,,48770000,,48561000,,,,,0,1000000,,47801000;48770000;47283000;48700000;48561000,,,16,candidate,4,
mac,sort-policy.csv,,46741000,,,,,,,,49036000,,47905000,,,,,1,1000000,,48257000;46741000;49036000;46825000;47905000,,,16,candidate,4,
mac,sort-policy.csv,,67450000,,,,,,,,69546000,,68592000,,,,,1,1000000,,68265000;69546000;69362000;68592000;67450000,,,16,baseline,4,
mac,spin-16.csv,,3340000,spin,,0,,,,,3569000,,3412000,,,,,0,100000,,3470000;3569000;3412000;3385000;3340000,0,,16,,2,
mac,spin-16.csv,,5679000,spin,,0,,,,,6289000,,5907000,,,,,0,100000,,5679000;5907000;6289000;6284000;5819000,200000,,16,,2,
mac,spin-16.csv,,15217000,spin,,0,,,,,17624000,,17544000,,,,,0,100000,,15431000;17607000;17544000;17624000;15217000,1000000,,16,,2,
mac,spin-16.csv,,26492000,spin,,0,,,,,31893000,,30995000,,,,,0,100000,,27047000;30995000;31554000;26492000;31893000,2000000,,16,,2,
mac,spin-16.csv,,26540000,spin,,0,,,,,27993000,,27543000,,,,,1,100000,,26540000;27965000;27993000;27253000;27543000,2000000,,16,,2,
mac,spin-16.csv,,15632000,spin,,0,,,,,17977000,,16989000,,,,,1,100000,,17883000;16909000;15632000;16989000;17977000,1000000,,16,,2,
mac,spin-16.csv,,5614000,spin,,0,,,,,5906000,,5724000,,,,,1,100000,,5863000;5724000;5906000;5692000;5614000,200000,,16,,2,
mac,spin-16.csv,,3154000,spin,,0,,,,,3483000,,3343000,,,,,1,100000,,3224000;3462000;3343000;3154000;3483000,0,,16,,2,
mac,spin-16.csv,,3110000,spin,,0,,,,,3598000,,3371000,,,,,0,100000,,3371000;3209000;3578000;3598000;3110000,0,,16,,4,
mac,spin-16.csv,,5402000,spin,,0,,,,,6120000,,5567000,,,,,0,100000,,6120000;5567000;5717000;5539000;5402000,200000,,16,,4,
mac,spin-16.csv,,15355000,spin,,0,,,,,17589000,,17145000,,,,,0,100000,,15714000;17145000;17268000;15355000;17589000,1000000,,16,,4,
mac,spin-16.csv,,26634000,spin,,0,,,,,31799000,,26955000,,,,,0,100000,,26955000;26878000;31799000;26634000;31461000,2000000,,16,,4,
mac,spin-16.csv,,26591000,spin,,0,,,,,32229000,,31392000,,,,,1,100000,,32229000;32035000;26591000;29022000;31392000,2000000,,16,,4,
mac,spin-16.csv,,14924000,spin,,0,,,,,18291000,,17664000,,,,,1,100000,,14924000;17803000;15778000;17664000;18291000,1000000,,16,,4,
mac,spin-16.csv,,5775000,spin,,0,,,,,6285000,,5870000,,,,,1,100000,,5817000;5910000;6285000;5870000;5775000,200000,,16,,4,
mac,spin-16.csv,,3300000,spin,,0,,,,,3528000,,3403000,,,,,1,100000,,3403000;3334000;3300000;3528000;3505000,0,,16,,4,
mac,spin-16.csv,,46146000,spin,,0,,,,,49086000,,48505000,,,,,0,1000000,,49086000;48980000;47105000;48505000;46146000,0,,16,,2,
mac,spin-16.csv,,50113000,spin,,0,,,,,51363000,,50756000,,,,,0,1000000,,50948000;50342000;50756000;51363000;50113000,200000,,16,,2,
mac,spin-16.csv,,55358000,spin,,0,,,,,60392000,,57701000,,,,,0,1000000,,60392000;55358000;58444000;57701000;57693000,1000000,,16,,2,
mac,spin-16.csv,,69212000,spin,,0,,,,,77788000,,72550000,,,,,0,1000000,,77788000;69212000;72550000;72483000;73553000,2000000,,16,,2,
mac,spin-16.csv,,68435000,spin,,0,,,,,73152000,,70113000,,,,,1,1000000,,68435000;68884000;70113000;70783000;73152000,2000000,,16,,2,
mac,spin-16.csv,,56046000,spin,,0,,,,,60374000,,58844000,,,,,1,1000000,,59513000;56046000;58369000;58844000;60374000,1000000,,16,,2,
mac,spin-16.csv,,48078000,spin,,0,,,,,49967000,,49188000,,,,,1,1000000,,49967000;48078000;49033000;49188000;49572000,200000,,16,,2,
mac,spin-16.csv,,45209000,spin,,0,,,,,48832000,,46707000,,,,,1,1000000,,46707000;47344000;48832000;46262000;45209000,0,,16,,2,
mac,spin-16.csv,,46664000,spin,,0,,,,,49200000,,47511000,,,,,0,1000000,,47981000;47340000;47511000;49200000;46664000,0,,16,,4,
mac,spin-16.csv,,48832000,spin,,0,,,,,51468000,,48956000,,,,,0,1000000,,48956000;48884000;48832000;49171000;51468000,200000,,16,,4,
mac,spin-16.csv,,55893000,spin,,0,,,,,62462000,,58621000,,,,,0,1000000,,58621000;57268000;59236000;62462000;55893000,1000000,,16,,4,
mac,spin-16.csv,,66341000,spin,,0,,,,,72421000,,70386000,,,,,0,1000000,,66341000;70702000;69113000;70386000;72421000,2000000,,16,,4,
mac,spin-16.csv,,67475000,spin,,0,,,,,69994000,,69557000,,,,,1,1000000,,67859000;69557000;69994000;67475000;69704000,2000000,,16,,4,
mac,spin-16.csv,,58103000,spin,,0,,,,,61540000,,58664000,,,,,1,1000000,,58664000;61540000;60465000;58397000;58103000,1000000,,16,,4,
mac,spin-16.csv,,45804000,spin,,0,,,,,51424000,,49008000,,,,,1,1000000,,48347000;51236000;51424000;45804000;49008000,200000,,16,,4,
mac,spin-16.csv,,47408000,spin,,0,,,,,49801000,,48614000,,,,,1,1000000,,48614000;48071000;49801000;49026000;47408000,0,,16,,4,
mac,spin-4.csv,,4271000,spin,,0,,,,,7413000,,5434000,,,,,0,100000,,7413000;6254000;5434000;4796000;4271000,0,,4,,2,
mac,spin-4.csv,,3132000,spin,,0,,,,,3189000,,3143000,,,,,0,100000,,3143000;3186000;3189000;3134000;3132000,200000,,4,,2,
mac,spin-4.csv,,3096000,spin,,0,,,,,3168000,,3130000,,,,,0,100000,,3130000;3134000;3168000;3104000;3096000,1000000,,4,,2,
mac,spin-4.csv,,3102000,spin,,0,,,,,3170000,,3120000,,,,,0,100000,,3120000;3122000;3170000;3102000;3120000,2000000,,4,,2,
mac,spin-4.csv,,3076000,spin,,0,,,,,3151000,,3107000,,,,,1,100000,,3107000;3108000;3151000;3076000;3080000,2000000,,4,,2,
mac,spin-4.csv,,3109000,spin,,0,,,,,3164000,,3114000,,,,,1,100000,,3114000;3110000;3164000;3109000;3124000,1000000,,4,,2,
mac,spin-4.csv,,3128000,spin,,0,,,,,3224000,,3162000,,,,,1,100000,,3128000;3195000;3224000;3148000;3162000,200000,,4,,2,
mac,spin-4.csv,,3163000,spin,,0,,,,,3295000,,3186000,,,,,1,100000,,3163000;3229000;3295000;3171000;3186000,0,,4,,2,
mac,spin-4.csv,,3198000,spin,,0,,,,,3308000,,3220000,,,,,0,100000,,3198000;3308000;3220000;3288000;3198000,0,,4,,4,
mac,spin-4.csv,,3174000,spin,,0,,,,,3246000,,3177000,,,,,0,100000,,3177000;3238000;3246000;3174000;3174000,200000,,4,,4,
mac,spin-4.csv,,3123000,spin,,0,,,,,3184000,,3161000,,,,,0,100000,,3173000;3184000;3123000;3152000;3161000,1000000,,4,,4,
mac,spin-4.csv,,3151000,spin,,0,,,,,3733000,,3197000,,,,,0,100000,,3733000;3205000;3197000;3157000;3151000,2000000,,4,,4,
mac,spin-4.csv,,3143000,spin,,0,,,,,3201000,,3168000,,,,,1,100000,,3168000;3191000;3201000;3143000;3154000,2000000,,4,,4,
mac,spin-4.csv,,3129000,spin,,0,,,,,3198000,,3161000,,,,,1,100000,,3161000;3198000;3193000;3136000;3129000,1000000,,4,,4,
mac,spin-4.csv,,3159000,spin,,0,,,,,3263000,,3183000,,,,,1,100000,,3159000;3251000;3263000;3173000;3183000,200000,,4,,4,
mac,spin-4.csv,,3205000,spin,,0,,,,,3303000,,3261000,,,,,1,100000,,3246000;3275000;3303000;3261000;3205000,0,,4,,4,
mac,spin-4.csv,,50820000,spin,,0,,,,,51628000,,51048000,,,,,0,1000000,,51628000;50985000;50820000;51048000;51053000,0,,4,,2,
mac,spin-4.csv,,50477000,spin,,0,,,,,51020000,,50573000,,,,,0,1000000,,51020000;50657000;50542000;50573000;50477000,200000,,4,,2,
mac,spin-4.csv,,50672000,spin,,0,,,,,51225000,,50872000,,,,,0,1000000,,50934000;50756000;51225000;50872000;50672000,1000000,,4,,2,
mac,spin-4.csv,,50386000,spin,,0,,,,,51320000,,50617000,,,,,0,1000000,,51320000;50687000;50590000;50617000;50386000,2000000,,4,,2,
mac,spin-4.csv,,50417000,spin,,0,,,,,50976000,,50575000,,,,,1,1000000,,50976000;50575000;50417000;50459000;50588000,2000000,,4,,2,
mac,spin-4.csv,,50925000,spin,,0,,,,,51526000,,51197000,,,,,1,1000000,,51526000;51034000;51197000;51286000;50925000,1000000,,4,,2,
mac,spin-4.csv,,50490000,spin,,0,,,,,51542000,,50591000,,,,,1,1000000,,51542000;50591000;50490000;50631000;50561000,200000,,4,,2,
mac,spin-4.csv,,50503000,spin,,0,,,,,51971000,,50886000,,,,,1,1000000,,51971000;50886000;50503000;50919000;50520000,0,,4,,2,
mac,spin-4.csv,,50284000,spin,,0,,,,,50946000,,50302000,,,,,0,1000000,,50946000;50302000;50321000;50297000;50284000,0,,4,,4,
mac,spin-4.csv,,50315000,spin,,0,,,,,50881000,,50475000,,,,,0,1000000,,50881000;50315000;50475000;50318000;50619000,200000,,4,,4,
mac,spin-4.csv,,50241000,spin,,0,,,,,51027000,,50296000,,,,,0,1000000,,51027000;50296000;50241000;50247000;50377000,1000000,,4,,4,
mac,spin-4.csv,,50475000,spin,,0,,,,,51190000,,50902000,,,,,0,1000000,,51167000;50476000;51190000;50902000;50475000,2000000,,4,,4,
mac,spin-4.csv,,50358000,spin,,0,,,,,51266000,,50526000,,,,,1,1000000,,51266000;50526000;50469000;50754000;50358000,2000000,,4,,4,
mac,spin-4.csv,,50184000,spin,,0,,,,,51274000,,50217000,,,,,1,1000000,,51274000;50203000;50217000;50184000;50261000,1000000,,4,,4,
mac,spin-4.csv,,50501000,spin,,0,,,,,51458000,,50752000,,,,,1,1000000,,51458000;50752000;50606000;50770000;50501000,200000,,4,,4,
mac,spin-4.csv,,50292000,spin,,0,,,,,51092000,,50334000,,,,,1,1000000,,51092000;50292000;50314000;50386000;50334000,0,,4,,4,
mac,spin-8.csv,,2838000,spin,,0,,,,,3179000,,2943000,,,,,0,100000,,3179000;2943000;2838000;2900000;3093000,0,,8,,2,
mac,spin-8.csv,,3309000,spin,,0,,,,,5355000,,3705000,,,,,0,100000,,3465000;3309000;3705000;4193000;5355000,200000,,8,,2,
mac,spin-8.csv,,3609000,spin,,0,,,,,5588000,,4115000,,,,,0,100000,,4819000;3609000;4115000;3814000;5588000,1000000,,8,,2,
mac,spin-8.csv,,4710000,spin,,0,,,,,5813000,,5133000,,,,,0,100000,,5133000;5348000;5813000;4755000;4710000,2000000,,8,,2,
mac,spin-8.csv,,3502000,spin,,0,,,,,5440000,,4729000,,,,,1,100000,,3673000;4729000;5440000;5272000;3502000,2000000,,8,,2,
mac,spin-8.csv,,3408000,spin,,0,,,,,5664000,,4605000,,,,,1,100000,,4285000;4888000;3408000;4605000;5664000,1000000,,8,,2,
mac,spin-8.csv,,3343000,spin,,0,,,,,4104000,,3552000,,,,,1,100000,,3552000;3343000;3774000;3473000;4104000,200000,,8,,2,
mac,spin-8.csv,,2783000,spin,,0,,,,,2931000,,2893000,,,,,1,100000,,2894000;2931000;2783000;2893000;2830000,0,,8,,2,
mac,spin-8.csv,,2854000,spin,,0,,,,,3152000,,2900000,,,,,0,100000,,3152000;2900000;2886000;2906000;2854000,0,,8,,4,
mac,spin-8.csv,,3231000,spin,,0,,,,,3995000,,3784000,,,,,0,100000,,3231000;3980000;3709000;3784000;3995000,200000,,8,,4,
mac,spin-8.csv,,4263000,spin,,0,,,,,5431000,,4445000,,,,,0,100000,,4263000;5431000;4376000;4445000;5383000,1000000,,8,,4,
mac,spin-8.csv,,4207000,spin,,0,,,,,4997000,,4489000,,,,,0,100000,,4489000;4997000;4207000;4321000;4737000,2000000,,8,,4,
mac,spin-8.csv,,3806000,spin,,0,,,,,5902000,,5224000,,,,,1,100000,,4745000;5224000;3806000;5902000;5325000,2000000,,8,,4,
mac,spin-8.csv,,3999000,spin,,0,,,,,5373000,,4253000,,,,,1,100000,,4130000;3999000;4610000;4253000;5373000,1000000,,8,,4,
mac,spin-8.csv,,3479000,spin,,0,,,,,4155000,,3734000,,,,,1,100000,,3960000;4155000;3479000;3625000;3734000,200000,,8,,4,
mac,spin-8.csv,,2846000,spin,,0,,,,,3037000,,2913000,,,,,1,100000,,3037000;2917000;2846000;2876000;2913000,0,,8,,4,
mac,spin-8.csv,,44050000,spin,,0,,,,,47977000,,45890000,,,,,0,1000000,,47157000;45890000;47977000;44050000;44378000,0,,8,,2,
mac,spin-8.csv,,43958000,spin,,0,,,,,50878000,,45292000,,,,,0,1000000,,43958000;45156000;45292000;50878000;46592000,200000,,8,,2,
mac,spin-8.csv,,45700000,spin,,0,,,,,49121000,,46432000,,,,,0,1000000,,45700000;46193000;46432000;49121000;47529000,1000000,,8,,2,
mac,spin-8.csv,,49011000,spin,,0,,,,,51746000,,50040000,,,,,0,1000000,,50249000;49621000;51746000;50040000;49011000,2000000,,8,,2,
mac,spin-8.csv,,48339000,spin,,0,,,,,52845000,,49433000,,,,,1,1000000,,52439000;52845000;49433000;48367000;48339000,2000000,,8,,2,
mac,spin-8.csv,,46126000,spin,,0,,,,,50396000,,47555000,,,,,1,1000000,,47555000;50396000;46729000;46126000;48258000,1000000,,8,,2,
mac,spin-8.csv,,44131000,spin,,0,,,,,55732000,,48012000,,,,,1,1000000,,44360000;48012000;44131000;55732000;48178000,200000,,8,,2,
mac,spin-8.csv,,42553000,spin,,0,,,,,48225000,,44362000,,,,,1,1000000,,48225000;42553000;43705000;44362000;44678000,0,,8,,2,
mac,spin-8.csv,,42735000,spin,,0,,,,,46776000,,45526000,,,,,0,1000000,,46028000;42735000;46776000;44682000;45526000,0,,8,,4,
mac,spin-8.csv,,43641000,spin,,0,,,,,49643000,,45608000,,,,,0,1000000,,44691000;45608000;43641000;45945000;49643000,200000,,8,,4,
mac,spin-8.csv,,46867000,spin,,0,,,,,49338000,,47321000,,,,,0,1000000,,49338000;47224000;48552000;46867000;47321000,1000000,,8,,4,
mac,spin-8.csv,,46850000,spin,,0,,,,,54311000,,49248000,,,,,0,1000000,,52073000;48202000;49248000;46850000;54311000,2000000,,8,,4,
mac,spin-8.csv,,48843000,spin,,0,,,,,52973000,,49622000,,,,,1,1000000,,49815000;52973000;49622000;49455000;48843000,2000000,,8,,4,
mac,spin-8.csv,,46732000,spin,,0,,,,,53839000,,48778000,,,,,1,1000000,,46732000;53839000;48778000;46830000;52424000,1000000,,8,,4,
mac,spin-8.csv,,42960000,spin,,0,,,,,49745000,,48293000,,,,,1,1000000,,45746000;49617000;48293000;42960000;49745000,200000,,8,,4,
mac,spin-8.csv,,43237000,spin,,0,,,,,45858000,,44271000,,,,,1,1000000,,43809000;43237000;44271000;45858000;45808000,0,,8,,4,
